task,suite,method,seed,n_evals,best_loss,acceptance_rate,kernel_fraction_dream,n_rescues,n_reseeds,n_bw_refits,time_total,time_objective,time_overhead,frac_exploit,acc_exploit,frac_explore,acc_explore,frac_trapped,acc_trapped
cat__ackley_10d,cat,CTRL_HMM,0,500,9.750141921129245,0.32548179871520344,0.0,10,0,57,3.093524999974761,0.023271700949408114,3.070253299025353,0.430406852248394,0.2835820895522388,0.569593147751606,0.35714285714285715,0.0,
cat__ackley_10d,cat,CTRL_HMM,1,500,7.388928060691992,0.2918454935622318,0.0,10,1,55,3.0213518000091426,0.02225199999520555,2.999099800013937,0.4613733905579399,0.16744186046511628,0.5386266094420601,0.398406374501992,0.0,
cat__ackley_10d,cat,CTRL_HMM,2,500,11.102725956836279,0.2903225806451613,0.0,8,4,52,2.996761800022796,0.022781999257858843,2.973979800764937,0.5032258064516129,0.24358974358974358,0.49032258064516127,0.33771929824561403,0.0064516129032258064,0.3333333333333333
cat__ackley_10d,cat,CTRL_HMM,3,500,7.438710881445813,0.29273504273504275,0.0,9,0,59,2.8876759000122547,0.02131229918450117,2.8663636008277535,0.4252136752136752,0.18090452261306533,0.5747863247863247,0.3754646840148699,0.0,
cat__ackley_10d,cat,CTRL_HMM,4,500,8.592451778775448,0.2446351931330472,0.0,11,0,51,3.02370040002279,0.023072700831107795,3.000627699191682,0.4656652360515021,0.15207373271889402,0.5321888412017167,0.3225806451612903,0.002145922746781116,1.0
cat__ackley_10d,cat,CTRL_HMM,5,500,10.648755553960243,0.2951167728237792,0.0,6,0,66,3.0203034000005573,0.022397500288207084,2.99790589971235,0.386411889596603,0.23076923076923078,0.5966029723991507,0.3309608540925267,0.016985138004246284,0.5
cat__ackley_10d,cat,CTRL_HMM,6,500,7.231431708487142,0.3170212765957447,0.0,6,1,66,2.7573617000016384,0.020168299961369485,2.737193400040269,0.4085106382978723,0.203125,0.5574468085106383,0.3969465648854962,0.03404255319148936,0.375
cat__ackley_10d,cat,CTRL_HMM,7,500,8.268661660828318,0.29914529914529914,0.0,9,0,59,2.6646625000284985,0.020759500504937023,2.6439029995235614,0.3782051282051282,0.192090395480226,0.6111111111111112,0.36013986013986016,0.010683760683760684,0.6
cat__ackley_10d,cat,CTRL_HMM,8,500,8.956755408641431,0.2606837606837607,0.0,9,0,58,2.1763609999907203,0.0174858994432725,2.158875100547448,0.44871794871794873,0.16666666666666666,0.5491452991452992,0.3346303501945525,0.002136752136752137,1.0
cat__ackley_10d,cat,CTRL_HMM,9,500,10.566238633651865,0.31263383297644537,0.0,8,2,55,2.0963065999676473,0.01721809949958697,2.0790885004680604,0.47109207708779444,0.2545454545454545,0.5053533190578159,0.3686440677966102,0.023554603854389723,0.2727272727272727
cat__levy_10d,cat,CTRL_HMM,0,500,3.478966366063725,0.24892703862660945,0.0,11,0,53,3.102494499995373,0.02942029997939244,3.0730742000159808,0.5772532188841202,0.21561338289962825,0.41416309012875535,0.29015544041450775,0.008583690987124463,0.5
cat__levy_10d,cat,CTRL_HMM,1,500,2.7893730401497034,0.27564102564102566,0.0,9,0,58,3.156299299967941,0.029098799801431596,3.1272005001665093,0.5811965811965812,0.23897058823529413,0.4081196581196581,0.3298429319371728,0.010683760683760684,0.2
cat__levy_10d,cat,CTRL_HMM,2,500,2.7174804006837396,0.24786324786324787,0.0,9,0,57,3.002941800048575,0.028382800344843417,2.9745589997037314,0.5,0.23931623931623933,0.4636752136752137,0.25806451612903225,0.03632478632478633,0.23529411764705882
cat__levy_10d,cat,CTRL_HMM,3,500,2.451838856553973,0.291220556745182,0.0,10,0,55,2.8502757000387646,0.028262200125027448,2.822013499913737,0.5952890792291221,0.22302158273381295,0.4025695931477516,0.3882978723404255,0.0021413276231263384,1.0
cat__levy_10d,cat,CTRL_HMM,4,500,3.1145147899442445,0.284796573875803,0.0,10,0,54,2.9416036999900825,0.02795929939020425,2.9136444005998783,0.5802997858672377,0.25830258302583026,0.41541755888650966,0.31958762886597936,0.004282655246252677,0.5
cat__levy_10d,cat,CTRL_HMM,5,500,1.8412448948045987,0.274468085106383,0.0,7,0,65,3.091503699950408,0.02829470013966784,3.0632089998107404,0.5702127659574469,0.23134328358208955,0.41702127659574467,0.32653061224489793,0.01276595744680851,0.5
cat__levy_10d,cat,CTRL_HMM,6,500,1.3945078514887834,0.28846153846153844,0.0,9,0,57,3.02873019996332,0.028268599591683596,3.0004616003716365,0.5470085470085471,0.21875,0.452991452991453,0.37264150943396224,0.0,
cat__levy_10d,cat,CTRL_HMM,7,500,3.9379574389946903,0.24520255863539445,0.0,8,0,60,3.08907280000858,0.02819650061428547,3.0608762993942946,0.5842217484008528,0.2116788321167883,0.4115138592750533,0.29015544041450775,0.0042643923240938165,0.5
cat__levy_10d,cat,CTRL_HMM,8,500,0.8439993188913784,0.25854700854700857,0.0,9,0,59,3.1226704999571666,0.02875979896634817,3.0939107009908184,0.5961538461538461,0.2222222222222222,0.3974358974358974,0.3118279569892473,0.00641025641025641,0.3333333333333333
cat__levy_10d,cat,CTRL_HMM,9,500,4.468330069543924,0.2955032119914347,0.0,10,0,53,2.954643999983091,0.028827499714680016,2.925816500268411,0.5802997858672377,0.25461254612546125,0.3961456102783726,0.3567567567567568,0.023554603854389723,0.2727272727272727
cat__rastrigin_10d,cat,CTRL_HMM,0,500,63.49345996710255,0.2678185745140389,0.0,14,0,41,2.8975328000378795,0.022067500685807317,2.875465299352072,0.4924406047516199,0.27631578947368424,0.4838012958963283,0.25892857142857145,0.023758099352051837,0.2727272727272727
cat__rastrigin_10d,cat,CTRL_HMM,1,500,71.31212818491433,0.2607758620689655,0.0,13,0,42,2.7930871000280604,0.021161399723496288,2.771925700304564,0.47844827586206895,0.25225225225225223,0.5043103448275862,0.26495726495726496,0.017241379310344827,0.375
cat__rastrigin_10d,cat,CTRL_HMM,2,500,57.37707401577168,0.27682403433476394,0.0,11,0,51,3.1913823999930173,0.022874799731653184,3.168507600261364,0.44420600858369097,0.2222222222222222,0.5407725321888412,0.3253968253968254,0.015021459227467811,0.14285714285714285
cat__rastrigin_10d,cat,CTRL_HMM,3,500,45.95418921422576,0.2672413793103448,0.0,13,0,46,2.816606199950911,0.020880199735984206,2.795726000214927,0.4849137931034483,0.2222222222222222,0.5086206896551724,0.3093220338983051,0.00646551724137931,0.3333333333333333
cat__rastrigin_10d,cat,CTRL_HMM,4,500,51.34442616376298,0.25,0.0,13,0,46,2.6658710000338033,0.0206557996571064,2.645215200376697,0.41163793103448276,0.2094240837696335,0.5711206896551724,0.27547169811320754,0.017241379310344827,0.375
cat__rastrigin_10d,cat,CTRL_HMM,5,500,69.97402573990614,0.21814254859611232,0.0,14,0,39,2.9784563000430353,0.022407398850191385,2.956048901192844,0.4190064794816415,0.20618556701030927,0.5550755939524838,0.22178988326848248,0.02591792656587473,0.3333333333333333
cat__rastrigin_10d,cat,CTRL_HMM,6,500,85.15701544027522,0.2801724137931034,0.0,13,0,48,2.9895152000244707,0.021318399638403207,2.9681968003860675,0.4504310344827586,0.27751196172248804,0.540948275862069,0.28286852589641437,0.008620689655172414,0.25
cat__rastrigin_10d,cat,CTRL_HMM,7,500,72.34312280487812,0.22317596566523606,0.0,11,0,49,2.9619483000133187,0.021126899169757962,2.9408214008435607,0.4206008583690987,0.23469387755102042,0.5622317596566524,0.21374045801526717,0.017167381974248927,0.25
cat__rastrigin_10d,cat,CTRL_HMM,8,500,73.20822443486222,0.2678185745140389,0.0,14,0,42,2.945481300004758,0.02151269931346178,2.923968600691296,0.43844492440604754,0.270935960591133,0.5529157667386609,0.26171875,0.008639308855291577,0.5
cat__rastrigin_10d,cat,CTRL_HMM,9,500,37.89761583764057,0.2537634408602151,0.0,12,0,49,2.7973957000067458,0.020718300191219896,2.776677399815526,0.42795698924731185,0.21105527638190955,0.5720430107526882,0.2857142857142857,0.0,
cat__schwefel_10d,cat,CTRL_HMM,0,500,1825.2890767716713,0.26180257510729615,0.0,11,0,53,3.091388200002257,0.020882400800473988,3.070505799201783,0.5,0.24892703862660945,0.49141630901287553,0.27510917030567683,0.008583690987124463,0.25
cat__schwefel_10d,cat,CTRL_HMM,1,500,1624.1946586360077,0.25690021231422505,0.0,6,0,66,3.1314620999619365,0.02065720019163564,3.110804899770301,0.4140127388535032,0.2205128205128205,0.5796178343949044,0.28205128205128205,0.006369426751592357,0.3333333333333333
cat__schwefel_10d,cat,CTRL_HMM,2,500,1621.114202297988,0.2645161290322581,0.0,12,0,52,3.0823942000279203,0.021515799744520336,3.0608784002834,0.4731182795698925,0.2636363636363636,0.5161290322580645,0.2625,0.010752688172043012,0.4
cat__schwefel_10d,cat,CTRL_HMM,3,500,1858.1537361323935,0.27564102564102566,0.0,9,0,57,3.0867833999800496,0.02128940011607483,3.0654939998639748,0.49145299145299143,0.25217391304347825,0.5021367521367521,0.2978723404255319,0.00641025641025641,0.3333333333333333
cat__schwefel_10d,cat,CTRL_HMM,4,500,1449.6673848572482,0.2532188841201717,0.0,11,0,50,2.7909348999965005,0.01935459952801466,2.771580300468486,0.4699570815450644,0.2511415525114155,0.5214592274678111,0.2551440329218107,0.008583690987124463,0.25
cat__schwefel_10d,cat,CTRL_HMM,5,500,1715.6571885007975,0.30406852248394006,0.0,10,0,53,3.0400475000496954,0.019700899720191956,3.0203466003295034,0.4689507494646681,0.2785388127853881,0.5289079229122056,0.32793522267206476,0.0021413276231263384,0.0
cat__schwefel_10d,cat,CTRL_HMM,6,500,1525.4746558700072,0.29273504273504275,0.0,9,0,58,3.15300120000029,0.019828299584332854,3.133172900415957,0.4444444444444444,0.2692307692307692,0.5555555555555556,0.31153846153846154,0.0,
cat__schwefel_10d,cat,CTRL_HMM,7,500,1781.3221408641984,0.2854077253218884,0.0,11,0,53,3.0452230000519194,0.019878300023265183,3.025344700028654,0.4592274678111588,0.2616822429906542,0.5300429184549357,0.3117408906882591,0.01072961373390558,0.0
cat__schwefel_10d,cat,CTRL_HMM,8,500,730.4524116169841,0.27292110874200426,0.0,8,0,62,3.151069900020957,0.019832100835628808,3.131237799185328,0.464818763326226,0.22018348623853212,0.5223880597014925,0.3183673469387755,0.01279317697228145,0.3333333333333333
cat__schwefel_10d,cat,CTRL_HMM,9,500,1518.200816487878,0.2645161290322581,0.0,12,0,50,2.8610602999688126,0.01995390054071322,2.8411063994280994,0.5311827956989247,0.22672064777327935,0.4645161290322581,0.3055555555555556,0.004301075268817204,0.5
cat__sphere_10d,cat,CTRL_HMM,0,500,1.0409907054664753,0.26609442060085836,0.0,11,0,53,2.9370882000075653,0.01786820002598688,2.9192199999815784,0.592274678111588,0.2536231884057971,0.39914163090128757,0.27956989247311825,0.008583690987124463,0.5
cat__sphere_10d,cat,CTRL_HMM,1,500,0.7298772567532766,0.2564102564102564,0.0,9,0,59,3.3263520000036806,0.019326599256601185,3.3070254007470794,0.5641025641025641,0.22727272727272727,0.41452991452991456,0.29896907216494845,0.021367521367521368,0.2
cat__sphere_10d,cat,CTRL_HMM,2,500,1.4695988831858604,0.27136752136752135,0.0,9,0,59,3.0814244000357576,0.018186300119850785,3.063238099915907,0.5256410256410257,0.23983739837398374,0.46794871794871795,0.2968036529680365,0.00641025641025641,1.0
cat__sphere_10d,cat,CTRL_HMM,3,500,1.4894192720158332,0.2762312633832976,0.0,10,0,53,3.038537600019481,0.01832500088494271,3.0202125991345383,0.5867237687366167,0.24817518248175183,0.4068522483940043,0.32105263157894737,0.006423982869379015,0.0
cat__sphere_10d,cat,CTRL_HMM,4,500,1.2262833610313306,0.22435897435897437,0.0,9,0,58,3.0507063000113703,0.01822109951172024,3.03248520049965,0.5769230769230769,0.13703703703703704,0.3952991452991453,0.35135135135135137,0.027777777777777776,0.23076923076923078
cat__sphere_10d,cat,CTRL_HMM,5,500,2.220458349408053,0.2703862660944206,0.0,11,0,50,3.001130100048613,0.018522100697737187,2.9826079993508756,0.555793991416309,0.20077220077220076,0.43991416309012876,0.36097560975609755,0.004291845493562232,0.0
cat__sphere_10d,cat,CTRL_HMM,6,500,2.466555173981479,0.24086021505376345,0.0,12,0,54,3.0902371000265703,0.018686599389184266,3.071550500637386,0.6021505376344086,0.24642857142857144,0.3956989247311828,0.22826086956521738,0.002150537634408602,1.0
cat__sphere_10d,cat,CTRL_HMM,7,500,2.2907794137652076,0.3204301075268817,0.0,12,0,49,2.9688139999634586,0.018252199923153967,2.9505618000403047,0.6021505376344086,0.25357142857142856,0.38924731182795697,0.4198895027624309,0.008602150537634409,0.5
cat__sphere_10d,cat,CTRL_HMM,8,500,0.8396704019320678,0.2537634408602151,0.0,12,0,49,2.8833585000247695,0.018335499451495707,2.8650230005732737,0.5763440860215053,0.19776119402985073,0.410752688172043,0.32460732984293195,0.012903225806451613,0.5
cat__sphere_10d,cat,CTRL_HMM,9,500,2.130677281315048,0.2799145299145299,0.0,9,0,58,3.3170764000387862,0.01996549963951111,3.297110900399275,0.5256410256410257,0.24796747967479674,0.44871794871794873,0.3238095238095238,0.02564102564102564,0.16666666666666666
cont__ackley_10d,cont,CTRL_HMM,0,500,7.1197235251745585,0.18025751072961374,0.0,11,0,51,1.8904740000143647,0.01905519946012646,1.8714188005542383,0.19313304721030042,0.1,0.778969957081545,0.18181818181818182,0.027896995708154508,0.6923076923076923
cont__ackley_10d,cont,CTRL_HMM,1,500,6.559105806941098,0.13118279569892474,0.0,12,0,50,1.7475151999969967,0.017728000122588128,1.7297871998744085,0.18064516129032257,0.05952380952380952,0.7591397849462366,0.1359773371104816,0.060215053763440864,0.2857142857142857
cont__ackley_10d,cont,CTRL_HMM,2,500,8.014892706611839,0.16382978723404254,0.0,7,0,65,1.9607604999910109,0.01876940007787198,1.941991099913139,0.13829787234042554,0.09230769230769231,0.8404255319148937,0.16455696202531644,0.02127659574468085,0.6
cont__ackley_10d,cont,CTRL_HMM,3,500,5.7995825491548345,0.1452991452991453,0.0,9,0,57,2.062281400023494,0.019076300086453557,2.0432050999370404,0.14743589743589744,0.07246376811594203,0.7948717948717948,0.1586021505376344,0.057692307692307696,0.14814814814814814
cont__ackley_10d,cont,CTRL_HMM,4,500,5.44979538666788,0.18376068376068377,0.0,9,0,59,1.963744799955748,0.018568500119727105,1.945176299836021,0.1388888888888889,0.06153846153846154,0.844017094017094,0.19240506329113924,0.017094017094017096,0.75
cont__ackley_10d,cont,CTRL_HMM,5,500,6.808274160882176,0.18376068376068377,0.0,8,1,60,2.066044499981217,0.019064599415287375,2.0469799005659297,0.13675213675213677,0.09375,0.8482905982905983,0.1889168765743073,0.014957264957264958,0.7142857142857143
cont__ackley_10d,cont,CTRL_HMM,6,500,6.845374829252984,0.1388888888888889,0.0,8,1,58,1.8829359999508597,0.017984799458645284,1.8649512004922144,0.17307692307692307,0.1111111111111111,0.7777777777777778,0.14560439560439561,0.049145299145299144,0.13043478260869565
cont__ackley_10d,cont,CTRL_HMM,7,500,6.909402425731868,0.19700214132762311,0.0,10,0,54,1.7298440000158735,0.017741700634360313,1.7121022993815131,0.20342612419700215,0.06315789473684211,0.7858672376873662,0.22343324250681199,0.010706638115631691,0.8
cont__ackley_10d,cont,CTRL_HMM,8,500,6.298527514452282,0.17057569296375266,0.0,8,0,61,1.9909657000098377,0.017934500239789486,1.9730311997700483,0.13646055437100213,0.109375,0.8251599147121536,0.16795865633074936,0.03837953091684435,0.4444444444444444
cont__ackley_10d,cont,CTRL_HMM,9,500,6.284651566500809,0.1781115879828326,0.0,10,1,55,1.8166726999916136,0.018449500610586256,1.7982231993810274,0.14377682403433475,0.11940298507462686,0.8347639484978541,0.17223650385604114,0.02145922746781116,0.8
cont__griewank_10d,cont,CTRL_HMM,0,500,3.148754434156304,0.14254859611231102,0.0,14,0,40,1.69509829999879,0.02026140014640987,1.6748368998523802,0.43412526997840173,0.04975124378109453,0.4924406047516199,0.2324561403508772,0.0734341252699784,0.08823529411764706
cont__griewank_10d,cont,CTRL_HMM,1,500,3.391994469921837,0.09267241379310345,0.0,13,0,44,1.7734747999929823,0.02102909976383671,1.7524457002291456,0.41379310344827586,0.036458333333333336,0.4698275862068966,0.13761467889908258,0.11637931034482758,0.1111111111111111
cont__griewank_10d,cont,CTRL_HMM,2,500,4.071883592249016,0.12742980561555076,0.0,14,0,39,1.6380626000463963,0.0190759000252001,1.6189867000211962,0.4427645788336933,0.03414634146341464,0.4816414686825054,0.21076233183856502,0.0755939524838013,0.14285714285714285
cont__griewank_10d,cont,CTRL_HMM,3,500,4.217811226132785,0.1101511879049676,0.0,14,0,38,1.7282438999973238,0.02164010045817122,1.7066037995391525,0.44924406047516197,0.0625,0.4449244060475162,0.15048543689320387,0.10583153347732181,0.14285714285714285
cont__griewank_10d,cont,CTRL_HMM,4,500,3.6758069560877824,0.10173160173160173,0.0,15,0,39,1.7276126999640837,0.020415299921296537,1.7071974000427872,0.47619047619047616,0.05454545454545454,0.4329004329004329,0.16,0.09090909090909091,0.07142857142857142
cont__griewank_10d,cont,CTRL_HMM,5,500,3.258451445344129,0.10606060606060606,0.0,15,0,38,1.8157246999908239,0.022167300048749894,1.793557399942074,0.3961038961038961,0.06557377049180328,0.5021645021645021,0.1336206896551724,0.10173160173160173,0.1276595744680851
cont__griewank_10d,cont,CTRL_HMM,6,500,3.726474825909037,0.11397849462365592,0.0,12,0,47,1.8038759999908507,0.02041820011800155,1.7834577998728491,0.4021505376344086,0.058823529411764705,0.5118279569892473,0.15966386554621848,0.08602150537634409,0.1
cont__griewank_10d,cont,CTRL_HMM,7,500,2.1452929575946156,0.09956709956709957,0.0,15,0,40,1.6875215000472963,0.020823799655772746,1.6666977003915235,0.44155844155844154,0.058823529411764705,0.487012987012987,0.11555555555555555,0.07142857142857142,0.24242424242424243
cont__griewank_10d,cont,CTRL_HMM,8,500,2.6155802402992934,0.12931034482758622,0.0,13,0,44,1.6349013000144623,0.01935110049089417,1.6155501995235682,0.4418103448275862,0.05853658536585366,0.47413793103448276,0.18181818181818182,0.08405172413793104,0.20512820512820512
cont__griewank_10d,cont,CTRL_HMM,9,500,4.120450138350192,0.11422413793103449,0.0,13,0,43,1.59586230001878,0.019803599978331476,1.5760587000404485,0.4375,0.03940886699507389,0.4956896551724138,0.16956521739130434,0.0668103448275862,0.1935483870967742
cont__levy_10d,cont,CTRL_HMM,0,500,0.8974462928906547,0.1079913606911447,0.0,14,0,42,1.7972218000213616,0.02560410025762394,1.7716176997637376,0.4406047516198704,0.08333333333333333,0.47300215982721383,0.1324200913242009,0.08639308855291576,0.1
cont__levy_10d,cont,CTRL_HMM,1,500,0.8150523496276801,0.1271551724137931,0.0,13,0,45,1.7454554000287317,0.025135100178886205,1.7203202998498455,0.4547413793103448,0.07582938388625593,0.4698275862068966,0.1834862385321101,0.07543103448275862,0.08571428571428572
cont__levy_10d,cont,CTRL_HMM,2,500,0.4683008114719432,0.10367170626349892,0.0,14,0,38,1.832410000031814,0.025996801094152033,1.806413198937662,0.42764578833693306,0.05555555555555555,0.47300215982721383,0.1506849315068493,0.09935205183585313,0.08695652173913043
cont__levy_10d,cont,CTRL_HMM,3,500,0.9528466947923097,0.15301724137931033,0.0,13,0,43,1.8742131000035442,0.026038799493107945,1.8481743005104363,0.4525862068965517,0.10476190476190476,0.4827586206896552,0.20535714285714285,0.06465517241379311,0.1
cont__levy_10d,cont,CTRL_HMM,4,500,0.7801220098836206,0.10583153347732181,0.0,14,0,43,1.6984693999984302,0.02317090006545186,1.6752984999329783,0.4060475161987041,0.0851063829787234,0.5248380129589633,0.13168724279835392,0.06911447084233262,0.03125
cont__levy_10d,cont,CTRL_HMM,5,500,0.708579184566452,0.09740259740259741,0.0,15,0,38,1.7015881999977864,0.024340299598407,1.6772479003993794,0.4329004329004329,0.06,0.4696969696969697,0.11981566820276497,0.09740259740259741,0.15555555555555556
cont__levy_10d,cont,CTRL_HMM,6,500,2.746516685333075,0.11182795698924732,0.0,12,0,45,1.6821263000019826,0.023709799454081804,1.6584165005479008,0.421505376344086,0.11224489795918367,0.4838709677419355,0.12,0.09462365591397849,0.06818181818181818
cont__levy_10d,cont,CTRL_HMM,7,500,1.5936435551585062,0.12311015118790497,0.0,14,0,41,1.7484713000012562,0.02515830035554245,1.7233129996457137,0.490280777537797,0.1277533039647577,0.43628509719222464,0.12376237623762376,0.0734341252699784,0.08823529411764706
cont__levy_10d,cont,CTRL_HMM,8,500,2.7596146046513583,0.11038961038961038,0.0,15,0,38,1.6863884000340477,0.023588799696881324,1.6627996003371663,0.43506493506493504,0.07462686567164178,0.4935064935064935,0.14473684210526316,0.07142857142857142,0.09090909090909091
cont__levy_10d,cont,CTRL_HMM,9,500,1.1955352864705302,0.11904761904761904,0.0,15,0,37,1.6022915999637917,0.02239640016341582,1.5798951998003758,0.4696969696969697,0.07373271889400922,0.45021645021645024,0.15865384615384615,0.08008658008658008,0.16216216216216217
cont__michalewicz_10d,cont,CTRL_HMM,0,500,-4.9410048915520015,0.1206896551724138,0.0,13,0,42,1.6752092000097036,0.019520699861459434,1.6556885001482442,0.16379310344827586,0.27631578947368424,0.7521551724137931,0.08595988538681948,0.08405172413793104,0.1282051282051282
cont__michalewicz_10d,cont,CTRL_HMM,1,500,-6.165672320934689,0.11422413793103449,0.0,13,0,41,1.7221325999707915,0.020543600199744105,1.7015889997710474,0.21120689655172414,0.1836734693877551,0.7112068965517241,0.09393939393939393,0.07758620689655173,0.1111111111111111
cont__michalewicz_10d,cont,CTRL_HMM,2,500,-4.800869428020394,0.09913793103448276,0.0,13,0,42,1.772125200019218,0.019928199355490506,1.7521970006637275,0.1961206896551724,0.21978021978021978,0.6508620689655172,0.076158940397351,0.15301724137931033,0.04225352112676056
cont__michalewicz_10d,cont,CTRL_HMM,3,500,-5.068986707618147,0.09347826086956522,0.0,17,0,31,1.5874757000128739,0.018963500682730228,1.5685121993301436,0.20869565217391303,0.17708333333333334,0.6760869565217391,0.07717041800643087,0.11521739130434783,0.03773584905660377
cont__michalewicz_10d,cont,CTRL_HMM,4,500,-4.4229492828022225,0.09935205183585313,0.0,14,0,41,1.7551588999922387,0.019787200319115072,1.7353716996731237,0.1771058315334773,0.25609756097560976,0.6803455723542117,0.06666666666666667,0.14254859611231102,0.06060606060606061
cont__michalewicz_10d,cont,CTRL_HMM,5,500,-4.853656020296721,0.12688172043010754,0.0,12,0,45,1.7337086999905296,0.019414099515415728,1.7142946004751138,0.2,0.27956989247311825,0.7225806451612903,0.08035714285714286,0.07741935483870968,0.16666666666666666
cont__michalewicz_10d,cont,CTRL_HMM,6,500,-4.290713688402241,0.10606060606060606,0.0,15,0,38,1.7105947000090964,0.020707799529191107,1.6898869004799053,0.19264069264069264,0.2808988764044944,0.6731601731601732,0.06430868167202572,0.1341991341991342,0.06451612903225806
cont__michalewicz_10d,cont,CTRL_HMM,7,500,-4.683519965608071,0.1038961038961039,0.0,15,0,39,1.7484512000228278,0.02027480088872835,1.7281763991340995,0.16666666666666666,0.24675324675324675,0.70995670995671,0.06707317073170732,0.12337662337662338,0.12280701754385964
cont__michalewicz_10d,cont,CTRL_HMM,8,500,-5.155872838477208,0.10151187904967603,0.0,14,0,42,1.7198005000245757,0.019768300582654774,1.700032199441921,0.2224622030237581,0.18446601941747573,0.673866090712743,0.07051282051282051,0.10367170626349892,0.125
cont__michalewicz_10d,cont,CTRL_HMM,9,500,-5.584163931745643,0.1032258064516129,0.0,12,0,45,1.666286299994681,0.01827669993508607,1.648009600059595,0.17849462365591398,0.1686746987951807,0.7225806451612903,0.08630952380952381,0.0989247311827957,0.10869565217391304
cont__rastrigin_10d,cont,CTRL_HMM,0,500,45.28203664549264,0.10583153347732181,0.0,14,0,41,1.762139800004661,0.03289490030147135,1.7292448997031897,0.2224622030237581,0.11650485436893204,0.6673866090712743,0.11003236245954692,0.1101511879049676,0.058823529411764705
cont__rastrigin_10d,cont,CTRL_HMM,1,500,45.490557464468026,0.1079913606911447,0.0,14,0,43,1.7053632999886759,0.016667900257743895,1.688695399730932,0.24622030237580994,0.09649122807017543,0.6328293736501079,0.11262798634812286,0.12095032397408208,0.10714285714285714
cont__rastrigin_10d,cont,CTRL_HMM,2,500,43.92971594421455,0.10129310344827586,0.0,13,0,43,1.7890206999727525,0.017912200069986284,1.7711084999027662,0.2025862068965517,0.1702127659574468,0.7047413793103449,0.07339449541284404,0.09267241379310345,0.16279069767441862
cont__rastrigin_10d,cont,CTRL_HMM,3,500,37.328361046214,0.09051724137931035,0.0,13,0,42,1.9249001999851316,0.018000700511038303,1.9068994994740933,0.20689655172413793,0.13541666666666666,0.6788793103448276,0.06666666666666667,0.11422413793103449,0.1509433962264151
cont__rastrigin_10d,cont,CTRL_HMM,4,500,74.39806814649769,0.10434782608695652,0.0,17,0,32,1.5919746999861673,0.0164358007023111,1.5755388992838562,0.2608695652173913,0.2,0.5978260869565217,0.07272727272727272,0.14130434782608695,0.06153846153846154
cont__rastrigin_10d,cont,CTRL_HMM,5,500,60.3628815219223,0.1038961038961039,0.0,15,0,40,1.6144280000007711,0.015898100682534277,1.5985298993182369,0.22077922077922077,0.1568627450980392,0.6493506493506493,0.09333333333333334,0.12987012987012986,0.06666666666666667
cont__rastrigin_10d,cont,CTRL_HMM,6,500,61.35044753976399,0.0989247311827957,0.0,12,0,51,2.001536499999929,0.01893920003203675,1.9825972999678925,0.16989247311827957,0.189873417721519,0.7118279569892473,0.07250755287009064,0.11827956989247312,0.12727272727272726
cont__rastrigin_10d,cont,CTRL_HMM,7,500,64.02761905061718,0.07758620689655173,0.0,13,0,42,1.8141427999944426,0.018732800555881113,1.7954099994385615,0.17456896551724138,0.19753086419753085,0.665948275862069,0.042071197411003236,0.15948275862068967,0.0945945945945946
cont__rastrigin_10d,cont,CTRL_HMM,8,500,61.98486297271393,0.1079913606911447,0.0,14,0,43,1.8692710000323132,0.018639800022356212,1.850631200009957,0.20950323974082075,0.24742268041237114,0.6781857451403888,0.06369426751592357,0.11231101511879049,0.11538461538461539
cont__rastrigin_10d,cont,CTRL_HMM,9,500,38.843401446888564,0.08189655172413793,0.0,13,0,41,1.7647326999576762,0.017833900346886367,1.7468987996107899,0.21120689655172414,0.09183673469387756,0.7025862068965517,0.0705521472392638,0.08620689655172414,0.15
cont__rosenbrock_10d,cont,CTRL_HMM,0,500,14.68772446780405,0.1010752688172043,0.0,12,0,45,1.7516706000315025,0.018735500460024923,1.7329350995714776,0.4924731182795699,0.08733624454148471,0.4172043010752688,0.12371134020618557,0.09032258064516129,0.07142857142857142
cont__rosenbrock_10d,cont,CTRL_HMM,1,500,14.291952343761874,0.12742980561555076,0.0,14,0,43,1.6974780000164174,0.01799709995975718,1.6794809000566602,0.46436285097192226,0.06511627906976744,0.43628509719222464,0.19306930693069307,0.09935205183585313,0.13043478260869565
cont__rosenbrock_10d,cont,CTRL_HMM,2,500,7.873807196461319,0.12095032397408208,0.0,14,0,43,1.6240588999935426,0.01726379949832335,1.6067951004952192,0.4449244060475162,0.07281553398058252,0.45788336933045354,0.16981132075471697,0.09719222462203024,0.1111111111111111
cont__rosenbrock_10d,cont,CTRL_HMM,3,500,9.426237106579897,0.1079913606911447,0.0,14,0,42,1.7797202999936417,0.01877950015477836,1.7609407998388633,0.43844492440604754,0.09359605911330049,0.4773218142548596,0.11764705882352941,0.08423326133909287,0.1282051282051282
cont__rosenbrock_10d,cont,CTRL_HMM,4,500,15.255094646958558,0.07741935483870968,0.0,12,0,49,1.7896138000069186,0.018140500062145293,1.7714732999447733,0.45161290322580644,0.0761904761904762,0.421505376344086,0.0663265306122449,0.12688172043010754,0.11864406779661017
cont__rosenbrock_10d,cont,CTRL_HMM,5,500,9.955685373712921,0.12688172043010754,0.0,12,0,47,1.8736445999820717,0.019401899946387857,1.8542427000356838,0.43655913978494626,0.09359605911330049,0.4666666666666667,0.16589861751152074,0.0967741935483871,0.08888888888888889
cont__rosenbrock_10d,cont,CTRL_HMM,6,500,9.469186012147087,0.11853448275862069,0.0,13,0,44,1.708809600037057,0.017983799683861434,1.6908258003531955,0.4331896551724138,0.06965174129353234,0.4827586206896552,0.16964285714285715,0.08405172413793104,0.07692307692307693
cont__rosenbrock_10d,cont,CTRL_HMM,7,500,10.518975737291862,0.09719222462203024,0.0,14,0,40,1.617584399995394,0.0174774001352489,1.6001069998601452,0.47516198704103674,0.08181818181818182,0.43844492440604754,0.10344827586206896,0.08639308855291576,0.15
cont__rosenbrock_10d,cont,CTRL_HMM,8,500,11.88795138552021,0.11853448275862069,0.0,13,0,41,1.6406436000252143,0.017510200093965977,1.6231333999312483,0.44612068965517243,0.0821256038647343,0.46551724137931033,0.16203703703703703,0.08836206896551724,0.07317073170731707
cont__rosenbrock_10d,cont,CTRL_HMM,9,500,11.033081461702016,0.10367170626349892,0.0,14,0,41,1.7545972000225447,0.018442400789353997,1.7361547992331907,0.4557235421166307,0.06635071090047394,0.4535637149028078,0.1380952380952381,0.09071274298056156,0.11904761904761904
cont__schwefel_10d,cont,CTRL_HMM,0,500,635.3079514219739,0.13733905579399142,0.0,11,0,53,1.8765484999748878,0.016506599611602724,1.860041900363285,0.15021459227467812,0.2,0.8197424892703863,0.112565445026178,0.030042918454935622,0.5
cont__schwefel_10d,cont,CTRL_HMM,1,500,1294.1004096901465,0.11713665943600868,0.0,16,0,35,1.5786184000317007,0.01576590130571276,1.562852498725988,0.24295010845986983,0.10714285714285714,0.6507592190889371,0.12666666666666668,0.10629067245119306,0.08163265306122448
cont__schwefel_10d,cont,CTRL_HMM,2,500,1054.7988866439978,0.13793103448275862,0.0,13,0,41,1.6869102999917232,0.016168199945241213,1.670742100046482,0.2435344827586207,0.25663716814159293,0.6788793103448276,0.10476190476190476,0.07758620689655173,0.05555555555555555
cont__schwefel_10d,cont,CTRL_HMM,3,500,1405.2023408787318,0.12688172043010754,0.0,12,0,46,1.9249792000046,0.0178045000648126,1.9071746999397874,0.210752688172043,0.2755102040816326,0.7161290322580646,0.08408408408408409,0.07311827956989247,0.11764705882352941
cont__schwefel_10d,cont,CTRL_HMM,4,500,1110.8717966428494,0.13636363636363635,0.0,15,0,38,1.6176088000065647,0.0157789004733786,1.601829899533186,0.26406926406926406,0.1721311475409836,0.6536796536796536,0.12251655629139073,0.08225108225108226,0.13157894736842105
cont__schwefel_10d,cont,CTRL_HMM,5,500,1562.4439237349143,0.13606911447084233,0.0,14,0,43,1.663612300006207,0.01488020014949143,1.6487320998567156,0.23974082073434125,0.24324324324324326,0.7019438444924406,0.09230769230769231,0.058315334773218146,0.2222222222222222
cont__schwefel_10d,cont,CTRL_HMM,6,500,1008.082648817875,0.09719222462203024,0.0,14,0,38,1.7368041999870911,0.015765798976644874,1.7210384010104463,0.22894168466522677,0.16037735849056603,0.6652267818574514,0.08116883116883117,0.10583153347732181,0.061224489795918366
cont__schwefel_10d,cont,CTRL_HMM,7,500,1324.9199792272639,0.1314655172413793,0.0,13,0,45,1.6034163999720477,0.014735600678250194,1.5886807992937975,0.2413793103448276,0.11607142857142858,0.6831896551724138,0.12618296529968454,0.07543103448275862,0.22857142857142856
cont__schwefel_10d,cont,CTRL_HMM,8,500,1566.1019518625444,0.14038876889848811,0.0,14,0,40,1.7120145999942906,0.01510180113837123,1.6969127988559194,0.19438444924406048,0.17777777777777778,0.7235421166306696,0.13134328358208955,0.08207343412526998,0.13157894736842105
cont__schwefel_10d,cont,CTRL_HMM,9,500,1766.850967856023,0.09482758620689655,0.0,13,0,45,1.8062833999865688,0.015483399736694992,1.7908000002498738,0.20905172413793102,0.15463917525773196,0.6271551724137931,0.07903780068728522,0.16379310344827586,0.07894736842105263
cont__sphere_10d,cont,CTRL_HMM,0,500,0.7368444751346658,0.14439655172413793,0.0,13,0,43,1.8015339000266977,0.0146399000659585,1.7868939999607392,0.43103448275862066,0.05,0.49137931034482757,0.2324561403508772,0.07758620689655173,0.1111111111111111
cont__sphere_10d,cont,CTRL_HMM,1,500,0.9234245896858206,0.13606911447084233,0.0,14,0,44,1.6289615000132471,0.013430200866423547,1.6155312991468236,0.42548596112311016,0.050761421319796954,0.5053995680345572,0.2094017094017094,0.06911447084233262,0.125
cont__sphere_10d,cont,CTRL_HMM,2,500,0.5563904578820722,0.1079913606911447,0.0,14,0,42,1.7862972000148147,0.014363499183673412,1.7719337008311413,0.43412526997840173,0.05472636815920398,0.490280777537797,0.14537444933920704,0.0755939524838013,0.17142857142857143
cont__sphere_10d,cont,CTRL_HMM,3,500,0.7541847687961291,0.09698275862068965,0.0,13,0,42,1.7987396999960765,0.015200999449007213,1.7835387005470693,0.4525862068965517,0.05238095238095238,0.46120689655172414,0.12149532710280374,0.08620689655172414,0.2
cont__sphere_10d,cont,CTRL_HMM,4,500,0.3546582644685797,0.08225108225108226,0.0,15,0,44,1.6208679000264965,0.013678500487003475,1.607189399539493,0.4675324675324675,0.046296296296296294,0.4458874458874459,0.10194174757281553,0.08658008658008658,0.175
cont__sphere_10d,cont,CTRL_HMM,5,500,0.9341659411898371,0.10991379310344827,0.0,13,0,48,1.8785726000205614,0.014323900686576962,1.8642486993339844,0.41810344827586204,0.06701030927835051,0.5129310344827587,0.13865546218487396,0.06896551724137931,0.15625
cont__sphere_10d,cont,CTRL_HMM,6,500,0.5985927719030728,0.11663066954643629,0.0,14,0,42,1.8310806000372395,0.01559490041108802,1.8154856996261515,0.39092872570194387,0.06629834254143646,0.5248380129589633,0.14814814814814814,0.08423326133909287,0.15384615384615385
cont__sphere_10d,cont,CTRL_HMM,7,500,0.8733491249276298,0.10173160173160173,0.0,15,0,40,1.7752259999979287,0.01441799954045564,1.760808000457473,0.44805194805194803,0.057971014492753624,0.5,0.12554112554112554,0.05194805194805195,0.25
cont__sphere_10d,cont,CTRL_HMM,8,500,0.5605212345455298,0.09482758620689655,0.0,13,0,47,1.761883500032127,0.014394599827937782,1.7474889002041891,0.4202586206896552,0.05128205128205128,0.45905172413793105,0.13145539906103287,0.1206896551724138,0.10714285714285714
cont__sphere_10d,cont,CTRL_HMM,9,500,0.41437024520102544,0.11904761904761904,0.0,15,0,40,1.6739019999513403,0.013866299821529537,1.6600357001298107,0.4588744588744589,0.018867924528301886,0.4523809523809524,0.22009569377990432,0.08874458874458875,0.12195121951219512
cont__styblinski_tang_10d,cont,CTRL_HMM,0,500,-369.99308054479593,0.11496746203904555,0.0,16,0,38,1.5730127000133507,0.01664000004529953,1.5563726999680512,0.3557483731019523,0.0975609756097561,0.527114967462039,0.13168724279835392,0.11713665943600868,0.09259259259259259
cont__styblinski_tang_10d,cont,CTRL_HMM,1,500,-357.83963219633944,0.10752688172043011,0.0,12,0,47,1.9316438999958336,0.019528800388798118,1.9121150996070355,0.3548387096774194,0.06666666666666667,0.4881720430107527,0.14977973568281938,0.15698924731182795,0.0684931506849315
cont__styblinski_tang_10d,cont,CTRL_HMM,2,500,-384.11649135783404,0.09935205183585313,0.0,14,0,40,1.634542000014335,0.016846299695316702,1.6176957003190182,0.4060475161987041,0.06914893617021277,0.49892008639308855,0.12554112554112554,0.09503239740820735,0.09090909090909091
cont__styblinski_tang_10d,cont,CTRL_HMM,3,500,-367.0717487270295,0.11471861471861472,0.0,15,0,37,1.5551802000263706,0.016932900354731828,1.5382472996716388,0.3961038961038961,0.10382513661202186,0.525974025974026,0.12345679012345678,0.07792207792207792,0.1111111111111111
cont__styblinski_tang_10d,cont,CTRL_HMM,4,500,-383.44959522393043,0.13276231263383298,0.0,10,0,55,1.8854953999980353,0.01779250067193061,1.8677028993261047,0.3533190578158458,0.08484848484848485,0.5995717344753747,0.15714285714285714,0.047109207708779445,0.18181818181818182
cont__styblinski_tang_10d,cont,CTRL_HMM,5,500,-381.0731166193081,0.09719222462203024,0.0,13,1,43,1.7585273000295274,0.01860950019909069,1.7399177998304367,0.34773218142548595,0.09937888198757763,0.5658747300215983,0.08778625954198473,0.08639308855291576,0.15
cont__styblinski_tang_10d,cont,CTRL_HMM,6,500,-360.4707705237423,0.1101511879049676,0.0,13,1,43,1.7232212999952026,0.0177187995868735,1.705502500408329,0.3542116630669546,0.0975609756097561,0.5291576673866091,0.1306122448979592,0.11663066954643629,0.05555555555555555
cont__styblinski_tang_10d,cont,CTRL_HMM,7,500,-364.6190630275503,0.10897435897435898,0.0,9,0,57,1.8494085000129417,0.017800099914893508,1.8316084000980482,0.391025641025641,0.10382513661202186,0.5534188034188035,0.11196911196911197,0.05555555555555555,0.11538461538461539
cont__styblinski_tang_10d,cont,CTRL_HMM,8,500,-372.77423037537335,0.12284482758620689,0.0,13,0,46,1.7918621000135317,0.0185302005847916,1.7733318994287401,0.40086206896551724,0.08064516129032258,0.5431034482758621,0.1349206349206349,0.05603448275862069,0.3076923076923077
cont__styblinski_tang_10d,cont,CTRL_HMM,9,500,-382.33529224327685,0.13333333333333333,0.0,12,0,47,1.7734683000016958,0.018081299436744303,1.7553870005649514,0.4043010752688172,0.07446808510638298,0.5225806451612903,0.18518518518518517,0.07311827956989247,0.08823529411764706
lcbench_126025,lcbench,CTRL_HMM,0,200,-92.2138900756836,0.1896551724137931,0.0,2,1,17,0.659135400026571,0.1052120000240393,0.5539234000025317,0.2413793103448276,0.2619047619047619,0.7528735632183908,0.16793893129770993,0.005747126436781609,0.0
lcbench_126025,lcbench,CTRL_HMM,1,200,-91.70243835449219,0.1781609195402299,0.0,1,2,18,0.5976125000161119,0.09471469937125221,0.5028978006448597,0.23563218390804597,0.36585365853658536,0.7241379310344828,0.11904761904761904,0.040229885057471264,0.14285714285714285
lcbench_126025,lcbench,CTRL_HMM,2,200,-98.02833557128906,0.16666666666666666,0.0,2,1,17,0.6367843999760225,0.10305449937004596,0.5337299006059766,0.28735632183908044,0.1,0.6724137931034483,0.18803418803418803,0.040229885057471264,0.2857142857142857
lcbench_126025,lcbench,CTRL_HMM,3,200,-90.83932495117188,0.1724137931034483,0.0,2,1,17,0.5071137999766506,0.08189149969257414,0.4252223002840765,0.20114942528735633,0.2,0.7528735632183908,0.16793893129770993,0.04597701149425287,0.125
lcbench_126025,lcbench,CTRL_HMM,4,200,-92.02342987060547,0.1676300578034682,0.0,4,0,13,0.6170513999531977,0.10695099987788126,0.5101004000753164,0.27167630057803466,0.10638297872340426,0.653179190751445,0.21238938053097345,0.07514450867052024,0.0
lcbench_126025,lcbench,CTRL_HMM,5,200,-97.72515869140625,0.16184971098265896,0.0,3,1,15,0.6145090999780223,0.10307749989442527,0.511431600083597,0.2543352601156069,0.13636363636363635,0.6936416184971098,0.175,0.05202312138728324,0.1111111111111111
lcbench_126025,lcbench,CTRL_HMM,6,200,-97.60891723632812,0.18857142857142858,0.0,2,0,22,0.6526454999693669,0.10046769969630986,0.5521778002730571,0.13714285714285715,0.08333333333333333,0.8571428571428571,0.2,0.005714285714285714,1.0
lcbench_126025,lcbench,CTRL_HMM,7,200,-91.04261779785156,0.15028901734104047,0.0,4,0,15,0.5497193000046536,0.09240120026515797,0.45731809973949566,0.2832369942196532,0.10204081632653061,0.6416184971098265,0.18018018018018017,0.07514450867052024,0.07692307692307693
lcbench_126025,lcbench,CTRL_HMM,8,200,-95.61004638671875,0.12716763005780346,0.0,3,1,14,0.6085851000389084,0.10201490006875247,0.506570199970156,0.24277456647398843,0.23809523809523808,0.6589595375722543,0.08771929824561403,0.09826589595375723,0.11764705882352941
lcbench_126025,lcbench,CTRL_HMM,9,200,-97.74566650390625,0.12643678160919541,0.0,3,0,15,0.6124913999810815,0.10139840049669147,0.51109299948439,0.25862068965517243,0.2,0.6091954022988506,0.12264150943396226,0.13218390804597702,0.0
lcbench_126026,lcbench,CTRL_HMM,0,200,-99.51699829101562,0.20809248554913296,0.0,2,2,16,0.591991399996914,0.09793109982274473,0.49406030017416924,0.4046242774566474,0.22857142857142856,0.5317919075144508,0.1956521739130435,0.06358381502890173,0.18181818181818182
lcbench_126026,lcbench,CTRL_HMM,1,200,-99.57585144042969,0.26011560693641617,0.0,1,3,17,0.6182283000089228,0.10067459993297234,0.5175537000759505,0.42196531791907516,0.2054794520547945,0.5780346820809249,0.3,0.0,
lcbench_126026,lcbench,CTRL_HMM,2,200,-99.38269805908203,0.2138728323699422,0.0,1,3,16,0.6037398999906145,0.10074729938060045,0.502992600610014,0.4624277456647399,0.1875,0.5202312138728323,0.24444444444444444,0.017341040462427744,0.0
lcbench_126026,lcbench,CTRL_HMM,3,200,-99.06513214111328,0.2571428571428571,0.0,0,2,20,0.6246981000294909,0.10019930003909394,0.524498799990397,0.32,0.14285714285714285,0.68,0.31092436974789917,0.0,
lcbench_126026,lcbench,CTRL_HMM,4,200,-99.29743194580078,0.23699421965317918,0.0,1,3,18,0.6232388999778777,0.10226010018959641,0.5209787997882813,0.49710982658959535,0.19767441860465115,0.44508670520231214,0.2857142857142857,0.057803468208092484,0.2
lcbench_126026,lcbench,CTRL_HMM,5,200,-99.60054779052734,0.1286549707602339,0.0,4,2,9,0.5013360999873839,0.08907820034073666,0.4122578996466473,0.4152046783625731,0.11267605633802817,0.5263157894736842,0.14444444444444443,0.05847953216374269,0.1
lcbench_126026,lcbench,CTRL_HMM,6,200,-99.3724594116211,0.21839080459770116,0.0,2,1,16,0.6444252000073902,0.10197149991290644,0.5424537000944838,0.46551724137931033,0.1728395061728395,0.5172413793103449,0.25555555555555554,0.017241379310344827,0.3333333333333333
lcbench_126026,lcbench,CTRL_HMM,7,200,-99.61384582519531,0.26744186046511625,0.0,2,3,14,0.6367206999566406,0.1062227999791503,0.5304978999774903,0.4476744186046512,0.23376623376623376,0.5465116279069767,0.2872340425531915,0.005813953488372093,1.0
lcbench_126026,lcbench,CTRL_HMM,8,200,-98.20911407470703,0.14201183431952663,0.0,5,3,8,0.5483586000045761,0.1013238996383734,0.44703470036620274,0.4260355029585799,0.125,0.5029585798816568,0.17647058823529413,0.07100591715976332,0.0
lcbench_126026,lcbench,CTRL_HMM,9,200,-99.54015350341797,0.19653179190751446,0.0,2,2,15,0.6368337000021711,0.10012789984466508,0.536705800157506,0.5028901734104047,0.1839080459770115,0.47398843930635837,0.18292682926829268,0.023121387283236993,0.75
lcbench_126029,lcbench,CTRL_HMM,0,200,-95.11421966552734,0.18285714285714286,0.0,1,1,19,0.6533097000210546,0.09985240013338625,0.5534572998876683,0.24571428571428572,0.20930232558139536,0.7257142857142858,0.18110236220472442,0.02857142857142857,0.0
lcbench_126029,lcbench,CTRL_HMM,1,200,-94.76039123535156,0.20809248554913296,0.0,2,2,17,0.6752113999682479,0.1105773996678181,0.5646340003004298,0.3352601156069364,0.22413793103448276,0.6011560693641619,0.22115384615384615,0.06358381502890173,0.0
lcbench_126029,lcbench,CTRL_HMM,2,200,-94.9858627319336,0.13714285714285715,0.0,2,0,18,0.6120524000143632,0.09635930001968518,0.515693099994678,0.35428571428571426,0.20967741935483872,0.5771428571428572,0.09900990099009901,0.06857142857142857,0.08333333333333333
lcbench_126029,lcbench,CTRL_HMM,3,200,-95.08846282958984,0.20809248554913296,0.0,2,2,14,0.5518804999883287,0.09586379973916337,0.4560167002491653,0.32947976878612717,0.21052631578947367,0.6127167630057804,0.22641509433962265,0.057803468208092484,0.0
lcbench_126029,lcbench,CTRL_HMM,4,200,-95.00615692138672,0.26744186046511625,0.0,3,2,14,0.5433585999999195,0.09335780009860173,0.4500007999013178,0.4476744186046512,0.24675324675324675,0.5406976744186046,0.2903225806451613,0.011627906976744186,0.0
lcbench_126029,lcbench,CTRL_HMM,5,200,-94.65814971923828,0.1724137931034483,0.0,3,0,15,0.5891253000008874,0.10104779928224161,0.48807750071864575,0.40804597701149425,0.14084507042253522,0.5344827586206896,0.20430107526881722,0.05747126436781609,0.1
lcbench_126029,lcbench,CTRL_HMM,6,200,-98.31594848632812,0.1791907514450867,0.0,2,2,15,0.5738578999880701,0.09147959970869124,0.4823783002793789,0.31213872832369943,0.2037037037037037,0.630057803468208,0.1834862385321101,0.057803468208092484,0.0
lcbench_126029,lcbench,CTRL_HMM,7,200,-95.56884765625,0.1896551724137931,0.0,2,1,18,0.6516964999609627,0.09678850002819672,0.554907999932766,0.25287356321839083,0.22727272727272727,0.735632183908046,0.1796875,0.011494252873563218,0.0
lcbench_126029,lcbench,CTRL_HMM,8,200,-95.45552825927734,0.15028901734104047,0.0,2,2,14,0.5899656999972649,0.09427909972146153,0.49568660027580336,0.3988439306358382,0.17391304347826086,0.5375722543352601,0.13978494623655913,0.06358381502890173,0.09090909090909091
lcbench_126029,lcbench,CTRL_HMM,9,200,-94.1176986694336,0.21264367816091953,0.0,1,2,16,0.596956399967894,0.09682629932649434,0.5001301006413996,0.22988505747126436,0.3,0.7183908045977011,0.176,0.05172413793103448,0.3333333333333333
lcbench_146212,lcbench,CTRL_HMM,0,200,-98.9057846069336,0.2222222222222222,0.0,3,3,12,0.5414657000219449,0.09443040058249608,0.44703529943944886,0.6432748538011696,0.23636363636363636,0.3216374269005848,0.21818181818181817,0.03508771929824561,0.0
lcbench_146212,lcbench,CTRL_HMM,1,200,-98.97183227539062,0.3216374269005848,0.0,3,3,12,0.5283897999906912,0.0925109998206608,0.43587880017003044,0.7485380116959064,0.3203125,0.25146198830409355,0.32558139534883723,0.0,
lcbench_146212,lcbench,CTRL_HMM,2,200,-98.98316192626953,0.21176470588235294,0.0,4,3,9,0.5198600000003353,0.09460479975678027,0.425255200243555,0.7,0.23529411764705882,0.27058823529411763,0.15217391304347827,0.029411764705882353,0.2
lcbench_146212,lcbench,CTRL_HMM,3,200,-98.98580169677734,0.3275862068965517,0.0,1,2,20,0.5794611999881454,0.09474029950797558,0.4847209004801698,0.7816091954022989,0.3235294117647059,0.20689655172413793,0.3611111111111111,0.011494252873563218,0.0
lcbench_146212,lcbench,CTRL_HMM,4,200,-98.95672607421875,0.2982456140350877,0.0,4,2,12,0.47903490002499893,0.08905780001077801,0.3899771000142209,0.7953216374269005,0.3088235294117647,0.2046783625730994,0.2571428571428571,0.0,
lcbench_146212,lcbench,CTRL_HMM,5,200,-99.13922882080078,0.21052631578947367,0.0,4,2,13,0.5540819000452757,0.09998919971985742,0.45409270032541826,0.6666666666666666,0.22807017543859648,0.2982456140350877,0.19607843137254902,0.03508771929824561,0.0
lcbench_146212,lcbench,CTRL_HMM,6,200,-99.02356719970703,0.3216374269005848,0.0,3,3,13,0.5902292999671772,0.10553080000681803,0.4846984999603592,0.7017543859649122,0.36666666666666664,0.28654970760233917,0.20408163265306123,0.011695906432748537,0.5
lcbench_146212,lcbench,CTRL_HMM,7,200,-98.99864196777344,0.2832369942196532,0.0,2,2,15,0.5924057999509387,0.10086230019805953,0.49154349975287914,0.6820809248554913,0.2966101694915254,0.3179190751445087,0.2545454545454545,0.0,
lcbench_146212,lcbench,CTRL_HMM,8,200,-98.87371826171875,0.32748538011695905,0.0,3,3,12,0.5408343999879435,0.09909659973345697,0.4417378002544865,0.7660818713450293,0.3511450381679389,0.23391812865497075,0.25,0.0,
lcbench_146212,lcbench,CTRL_HMM,9,200,-98.97598266601562,0.29069767441860467,0.0,3,2,15,0.5328576999600045,0.09032159979688004,0.4425361001631245,0.7674418604651163,0.29545454545454547,0.23255813953488372,0.275,0.0,
lcbench_167104,lcbench,CTRL_HMM,0,200,-93.56391143798828,0.28901734104046245,0.0,1,3,18,0.6882327999919653,0.11508989974390715,0.5731429002480581,0.7456647398843931,0.31007751937984496,0.2543352601156069,0.22727272727272727,0.0,
lcbench_167104,lcbench,CTRL_HMM,1,200,-94.31249237060547,0.22674418604651161,0.0,4,1,13,0.5908703000168316,0.10906060016714036,0.48180969984969124,0.7151162790697675,0.3008130081300813,0.20930232558139536,0.05555555555555555,0.0755813953488372,0.0
lcbench_167104,lcbench,CTRL_HMM,2,200,-94.67079162597656,0.19298245614035087,0.0,4,2,11,0.6016631000093184,0.1114079998806119,0.49025510012870654,0.695906432748538,0.24369747899159663,0.26900584795321636,0.06521739130434782,0.03508771929824561,0.16666666666666666
lcbench_167104,lcbench,CTRL_HMM,3,200,-94.03336334228516,0.25287356321839083,0.0,2,1,16,0.693846800015308,0.11668840039055794,0.57715839962475,0.6896551724137931,0.31666666666666665,0.27011494252873564,0.1276595744680851,0.040229885057471264,0.0
lcbench_167104,lcbench,CTRL_HMM,4,200,-93.73860931396484,0.1871345029239766,0.0,3,3,11,0.5830890000215732,0.10934029991040006,0.4737487001111731,0.7309941520467836,0.208,0.2631578947368421,0.13333333333333333,0.005847953216374269,0.0
lcbench_167104,lcbench,CTRL_HMM,5,200,-94.21612548828125,0.1907514450867052,0.0,2,2,15,0.6233792999992147,0.10941179934889078,0.5139675006503239,0.5953757225433526,0.24271844660194175,0.4046242774566474,0.11428571428571428,0.0,
lcbench_167104,lcbench,CTRL_HMM,6,200,-94.03372192382812,0.2046783625730994,0.0,5,1,11,0.5608663000166416,0.10686459962744266,0.45400170038919896,0.7719298245614035,0.24242424242424243,0.15204678362573099,0.11538461538461539,0.07602339181286549,0.0
lcbench_167104,lcbench,CTRL_HMM,7,200,-94.7806396484375,0.2057142857142857,0.0,1,1,19,0.6013761999784037,0.09990740020293742,0.5014687997754663,0.6685714285714286,0.26495726495726496,0.3314285714285714,0.08620689655172414,0.0,
lcbench_167104,lcbench,CTRL_HMM,8,200,-94.31753540039062,0.16091954022988506,0.0,2,1,16,0.5692677000188269,0.09838060033507645,0.4708870996837504,0.7298850574712644,0.1968503937007874,0.27011494252873564,0.06382978723404255,0.0,
lcbench_167104,lcbench,CTRL_HMM,9,200,-94.36611938476562,0.16374269005847952,0.0,4,2,12,0.5160933999577537,0.08972010022262111,0.4263732997351326,0.7134502923976608,0.19672131147540983,0.21637426900584794,0.08108108108108109,0.07017543859649122,0.08333333333333333
lcbench_167149,lcbench,CTRL_HMM,0,200,-98.79039764404297,0.24561403508771928,0.0,3,3,14,0.553427400009241,0.09793200017884374,0.4554953998303972,0.7602339181286549,0.25384615384615383,0.23976608187134502,0.21951219512195122,0.0,
lcbench_167149,lcbench,CTRL_HMM,1,200,-98.79642486572266,0.28654970760233917,0.0,3,3,12,0.6042505000368692,0.10710839950479567,0.4971421005320735,0.7660818713450293,0.35877862595419846,0.23391812865497075,0.05,0.0,
lcbench_167149,lcbench,CTRL_HMM,2,200,-98.92314147949219,0.26627218934911245,0.0,5,3,11,0.5810501999803819,0.10466389980865642,0.47638630017172545,0.7988165680473372,0.32592592592592595,0.20118343195266272,0.029411764705882353,0.0,
lcbench_167149,lcbench,CTRL_HMM,3,200,-98.71844482421875,0.31976744186046513,0.0,2,3,12,0.520213000010699,0.09283190005226061,0.4273810999584384,0.7209302325581395,0.3548387096774194,0.27906976744186046,0.22916666666666666,0.0,
lcbench_167149,lcbench,CTRL_HMM,4,200,-98.96012878417969,0.22674418604651161,0.0,2,3,16,0.6292728999978863,0.10223079973366112,0.5270421002642252,0.6569767441860465,0.22123893805309736,0.3430232558139535,0.23728813559322035,0.0,
lcbench_167149,lcbench,CTRL_HMM,5,200,-99.11729431152344,0.2823529411764706,0.0,4,3,12,0.5409788999822922,0.10185929946601391,0.4391196005162783,0.7470588235294118,0.3543307086614173,0.2411764705882353,0.07317073170731707,0.011764705882352941,0.0
lcbench_167149,lcbench,CTRL_HMM,6,200,-99.00354766845703,0.28823529411764703,0.0,5,2,10,0.5171588999801315,0.09355520008830354,0.423603699891828,0.7352941176470589,0.384,0.2647058823529412,0.022222222222222223,0.0,
lcbench_167149,lcbench,CTRL_HMM,7,200,-98.27770233154297,0.3333333333333333,0.0,3,3,12,0.514504799968563,0.09379150014137849,0.42071329982718453,0.695906432748538,0.3865546218487395,0.2982456140350877,0.19607843137254902,0.005847953216374269,1.0
lcbench_167149,lcbench,CTRL_HMM,8,200,-99.10254669189453,0.29310344827586204,0.0,1,2,18,0.5988004000391811,0.10350180044770241,0.4952985995914787,0.7758620689655172,0.34814814814814815,0.22413793103448276,0.10256410256410256,0.0,
lcbench_167149,lcbench,CTRL_HMM,9,200,-98.84957885742188,0.31976744186046513,0.0,2,3,16,0.578380000020843,0.0958334996830672,0.4825465003377758,0.7558139534883721,0.3923076923076923,0.23837209302325582,0.07317073170731707,0.005813953488372093,1.0
lcbench_167152,lcbench,CTRL_HMM,0,200,-97.48574829101562,0.45614035087719296,0.0,3,3,13,0.5924119999981485,0.10778290021698922,0.4846290997811593,0.8245614035087719,0.5035460992907801,0.17543859649122806,0.23333333333333334,0.0,
lcbench_167152,lcbench,CTRL_HMM,1,200,-97.41213989257812,0.4269005847953216,0.0,3,3,11,0.5337192000006326,0.10298540018266067,0.4307337998179719,0.8070175438596491,0.4855072463768116,0.19298245614035087,0.18181818181818182,0.0,
lcbench_167152,lcbench,CTRL_HMM,2,200,-98.1933822631836,0.38011695906432746,0.0,4,2,10,0.5187400000286289,0.0965183000662364,0.42222169996239245,0.783625730994152,0.4552238805970149,0.18128654970760233,0.12903225806451613,0.03508771929824561,0.0
lcbench_167152,lcbench,CTRL_HMM,3,200,-97.90052795410156,0.37790697674418605,0.0,2,3,15,0.6024077999754809,0.10210819996427745,0.5002996000112034,0.7906976744186046,0.40441176470588236,0.19767441860465115,0.2647058823529412,0.011627906976744186,0.5
lcbench_167152,lcbench,CTRL_HMM,4,200,-97.43555450439453,0.52046783625731,0.0,3,3,11,0.5677344999858178,0.10046919976593927,0.46726530021987855,0.847953216374269,0.5241379310344828,0.15204678362573099,0.5,0.0,
lcbench_167152,lcbench,CTRL_HMM,5,200,-97.69459533691406,0.34705882352941175,0.0,4,3,11,0.5318729999708012,0.10027789953164756,0.4315951004391536,0.8176470588235294,0.39568345323741005,0.17647058823529413,0.13333333333333333,0.0058823529411764705,0.0
lcbench_167152,lcbench,CTRL_HMM,6,200,-97.33711242675781,0.5117647058823529,0.0,4,3,11,0.49446480005281046,0.09006420004880056,0.4044006000040099,0.8352941176470589,0.528169014084507,0.16470588235294117,0.42857142857142855,0.0,
lcbench_167152,lcbench,CTRL_HMM,7,200,-97.2376480102539,0.43859649122807015,0.0,3,3,14,0.5192396999918856,0.09188789967447519,0.4273518003174104,0.8128654970760234,0.4676258992805755,0.1871345029239766,0.3125,0.0,
lcbench_167152,lcbench,CTRL_HMM,8,200,-97.76505279541016,0.47368421052631576,0.0,3,3,13,0.5003086000215262,0.09261419996619225,0.40769440005533397,0.8187134502923976,0.4928571428571429,0.18128654970760233,0.3870967741935484,0.0,
lcbench_167152,lcbench,CTRL_HMM,9,200,-97.11087036132812,0.4941860465116279,0.0,2,3,12,0.5701791999745183,0.10067179967882112,0.46950740029569715,0.813953488372093,0.5285714285714286,0.18604651162790697,0.34375,0.0,
lcbench_167168,lcbench,CTRL_HMM,0,200,-87.66545104980469,0.1686046511627907,0.0,5,0,13,0.5827374000218697,0.10780810046708211,0.4749292995547876,0.5116279069767442,0.17045454545454544,0.3953488372093023,0.20588235294117646,0.09302325581395349,0.0
lcbench_167168,lcbench,CTRL_HMM,1,200,-88.3857192993164,0.15428571428571428,0.0,2,0,20,0.6167751000029966,0.09819989948300645,0.5185752005199902,0.5085714285714286,0.16853932584269662,0.46285714285714286,0.14814814814814814,0.02857142857142857,0.0
lcbench_167168,lcbench,CTRL_HMM,2,200,-86.64015197753906,0.13872832369942195,0.0,3,1,17,0.6046850000275299,0.09749919967725873,0.5071858003502712,0.5144508670520231,0.1348314606741573,0.3988439306358382,0.14492753623188406,0.08670520231213873,0.13333333333333333
lcbench_167168,lcbench,CTRL_HMM,3,200,-88.46026611328125,0.18497109826589594,0.0,3,1,14,0.5232554000103846,0.09149740025168285,0.43175799975870177,0.5375722543352601,0.13978494623655913,0.43352601156069365,0.25333333333333335,0.028901734104046242,0.0
lcbench_167168,lcbench,CTRL_HMM,4,200,-88.94990539550781,0.12138728323699421,0.0,4,0,14,0.6055457000038587,0.10653130011633039,0.49901439988752827,0.47398843930635837,0.10975609756097561,0.3988439306358382,0.15942028985507245,0.12716763005780346,0.045454545454545456
lcbench_167168,lcbench,CTRL_HMM,5,200,-88.0300521850586,0.17142857142857143,0.0,2,0,20,0.6723041000077501,0.10079679981572554,0.5715073001920246,0.5485714285714286,0.20833333333333334,0.4057142857142857,0.1267605633802817,0.045714285714285714,0.125
lcbench_167168,lcbench,CTRL_HMM,6,200,-86.08700561523438,0.1896551724137931,0.0,2,1,15,0.5761302000028081,0.09811469947453588,0.47801550052827224,0.5919540229885057,0.22330097087378642,0.3793103448275862,0.13636363636363635,0.028735632183908046,0.2
lcbench_167168,lcbench,CTRL_HMM,7,200,-86.74597930908203,0.1569767441860465,0.0,5,0,12,0.5455117000383325,0.09524829994188622,0.4502634000964463,0.5465116279069767,0.13829787234042554,0.3546511627906977,0.22950819672131148,0.09883720930232558,0.0
lcbench_167168,lcbench,CTRL_HMM,8,200,-87.54914855957031,0.16279069767441862,0.0,4,1,11,0.49962560000130907,0.08919889997923747,0.4104267000220716,0.5465116279069767,0.1702127659574468,0.37209302325581395,0.1875,0.08139534883720931,0.0
lcbench_167168,lcbench,CTRL_HMM,9,200,-86.80522918701172,0.1569767441860465,0.0,3,2,14,0.6196446999674663,0.10332830029074103,0.5163163996767253,0.5232558139534884,0.13333333333333333,0.46511627906976744,0.1875,0.011627906976744186,0.0
lcbench_167181,lcbench,CTRL_HMM,0,200,-93.50361633300781,0.16279069767441862,0.0,3,2,14,0.5976166000473313,0.10389640036737546,0.49372019967995584,0.3372093023255814,0.2413793103448276,0.6162790697674418,0.1320754716981132,0.046511627906976744,0.0
lcbench_167181,lcbench,CTRL_HMM,1,200,-93.19380950927734,0.16374269005847952,0.0,5,1,12,0.6037148000323214,0.10783920006360859,0.4958755999687128,0.4152046783625731,0.1267605633802817,0.5146198830409356,0.2159090909090909,0.07017543859649122,0.0
lcbench_167181,lcbench,CTRL_HMM,2,200,-93.27632141113281,0.1896551724137931,0.0,2,1,15,0.6084044000017457,0.10489149985369295,0.5035129001480527,0.28160919540229884,0.22448979591836735,0.6609195402298851,0.1826086956521739,0.05747126436781609,0.1
lcbench_167181,lcbench,CTRL_HMM,3,200,-93.00877380371094,0.09941520467836257,0.0,5,1,11,0.5178503000061028,0.09513749979669228,0.4227128002094105,0.29239766081871343,0.14,0.6023391812865497,0.0970873786407767,0.10526315789473684,0.0
lcbench_167181,lcbench,CTRL_HMM,4,200,-93.68106079101562,0.2254335260115607,0.0,2,2,17,0.5997740000020713,0.09429169981740415,0.5054823001846671,0.42196531791907516,0.2465753424657534,0.5433526011560693,0.2127659574468085,0.03468208092485549,0.16666666666666666
lcbench_167181,lcbench,CTRL_HMM,5,200,-93.28842163085938,0.15789473684210525,0.0,4,2,8,0.5998374000191689,0.11153479991480708,0.4883026001043618,0.4093567251461988,0.2,0.5555555555555556,0.1368421052631579,0.03508771929824561,0.0
lcbench_167181,lcbench,CTRL_HMM,6,200,-93.89679718017578,0.1676300578034682,0.0,3,1,15,0.5974829000188038,0.10430630017071962,0.49317659984808415,0.3930635838150289,0.22058823529411764,0.5838150289017341,0.13861386138613863,0.023121387283236993,0.0
lcbench_167181,lcbench,CTRL_HMM,7,200,-93.33612060546875,0.17543859649122806,0.0,4,2,11,0.5423148999689147,0.09791309997672215,0.44440179999219254,0.391812865497076,0.19402985074626866,0.5847953216374269,0.16,0.023391812865497075,0.25
lcbench_167181,lcbench,CTRL_HMM,8,200,-93.4422836303711,0.19767441860465115,0.0,3,2,14,0.47744149999925867,0.08810550021007657,0.3893359997891821,0.3953488372093023,0.25,0.563953488372093,0.17525773195876287,0.040697674418604654,0.0
lcbench_167181,lcbench,CTRL_HMM,9,200,-92.96975708007812,0.16,0.0,0,2,19,0.5195531999925151,0.09639339987188578,0.42315980012062937,0.3028571428571429,0.24528301886792453,0.68,0.11764705882352941,0.017142857142857144,0.3333333333333333
lcbench_167185,lcbench,CTRL_HMM,0,200,-96.97982025146484,0.3588235294117647,0.0,4,3,13,0.5289536999771371,0.09888999961549416,0.430063700361643,0.7352941176470589,0.408,0.21176470588235294,0.2222222222222222,0.052941176470588235,0.2222222222222222
lcbench_167185,lcbench,CTRL_HMM,1,200,-96.88664245605469,0.40350877192982454,0.0,3,3,11,0.5821455999976024,0.10439590021269396,0.47774969978490844,0.7426900584795322,0.4251968503937008,0.2573099415204678,0.3409090909090909,0.0,
lcbench_167185,lcbench,CTRL_HMM,2,200,-96.93506622314453,0.36470588235294116,0.0,4,3,10,0.5407746999990195,0.098692299623508,0.4420824003755115,0.711764705882353,0.4462809917355372,0.2823529411764706,0.16666666666666666,0.0058823529411764705,0.0
lcbench_167185,lcbench,CTRL_HMM,3,200,-96.98870086669922,0.37790697674418605,0.0,3,2,15,0.6061824999633245,0.09759499970823526,0.5085875002550893,0.7383720930232558,0.4251968503937008,0.25,0.23255813953488372,0.011627906976744186,0.5
lcbench_167185,lcbench,CTRL_HMM,4,200,-97.18610382080078,0.3313953488372093,0.0,2,3,15,0.589236699976027,0.09512220008764416,0.49411449988838285,0.7674418604651163,0.3787878787878788,0.23255813953488372,0.175,0.0,
lcbench_167185,lcbench,CTRL_HMM,5,200,-97.1275405883789,0.3815028901734104,0.0,1,3,16,0.5545970999519341,0.09334030043100938,0.4612567995209247,0.7514450867052023,0.4461538461538462,0.24855491329479767,0.18604651162790697,0.0,
lcbench_167185,lcbench,CTRL_HMM,6,200,-96.9813003540039,0.3905325443786982,0.0,5,3,10,0.515855300007388,0.09553679951932281,0.4203185004880652,0.7455621301775148,0.42857142857142855,0.25443786982248523,0.27906976744186046,0.0,
lcbench_167185,lcbench,CTRL_HMM,7,200,-97.2083511352539,0.38372093023255816,0.0,2,3,15,0.6739280999754556,0.11072859982959926,0.5631995001458563,0.6976744186046512,0.39166666666666666,0.3023255813953488,0.36538461538461536,0.0,
lcbench_167185,lcbench,CTRL_HMM,8,200,-97.1375503540039,0.26900584795321636,0.0,4,2,15,0.5196771000046283,0.09947660041507334,0.42020049958955497,0.6842105263157895,0.3162393162393162,0.27485380116959063,0.19148936170212766,0.04093567251461988,0.0
lcbench_167185,lcbench,CTRL_HMM,9,200,-96.84635925292969,0.37790697674418605,0.0,2,3,15,0.5560524999746121,0.0980161995976232,0.45803630037698895,0.75,0.3875968992248062,0.25,0.3488372093023256,0.0,
lcbench_167190,lcbench,CTRL_HMM,0,200,-88.85392761230469,0.1907514450867052,0.0,2,2,13,0.5570747999590822,0.09598009975161403,0.4610947002074681,0.3063583815028902,0.32075471698113206,0.6820809248554913,0.1271186440677966,0.011560693641618497,0.5
lcbench_167190,lcbench,CTRL_HMM,1,200,-87.86063385009766,0.2023121387283237,0.0,3,1,15,0.6077077999943867,0.10139389988034964,0.5063139001140371,0.4161849710982659,0.1527777777777778,0.5838150289017341,0.2376237623762376,0.0,
lcbench_167190,lcbench,CTRL_HMM,2,200,-89.07757568359375,0.16184971098265896,0.0,4,0,14,0.6044254000298679,0.10139530070591718,0.5030300993239507,0.4508670520231214,0.23076923076923078,0.48554913294797686,0.09523809523809523,0.06358381502890173,0.18181818181818182
lcbench_167190,lcbench,CTRL_HMM,3,200,-88.2950668334961,0.12941176470588237,0.0,4,3,11,0.5517234000144526,0.09614849981153384,0.4555749002029188,0.3235294117647059,0.21818181818181817,0.6058823529411764,0.08737864077669903,0.07058823529411765,0.08333333333333333
lcbench_167190,lcbench,CTRL_HMM,4,200,-87.74842834472656,0.14367816091954022,0.0,1,2,18,0.6244329999899492,0.09534739912487566,0.5290856008650735,0.21839080459770116,0.15789473684210525,0.7701149425287356,0.1417910447761194,0.011494252873563218,0.0
lcbench_167190,lcbench,CTRL_HMM,5,200,-89.07825469970703,0.20348837209302326,0.0,3,2,12,0.5816511000157334,0.10079640027834103,0.48085469973739237,0.4418604651162791,0.19736842105263158,0.5,0.22093023255813954,0.05813953488372093,0.1
lcbench_167190,lcbench,CTRL_HMM,6,200,-90.49380493164062,0.08092485549132948,0.0,4,0,13,0.5092722999979742,0.09023410006193444,0.41903819993603975,0.2947976878612717,0.058823529411764705,0.6242774566473989,0.09259259259259259,0.08092485549132948,0.07142857142857142
lcbench_167190,lcbench,CTRL_HMM,7,200,-88.07439422607422,0.1511627906976744,0.0,4,1,11,0.5468011999619193,0.09693580016028136,0.449865399801638,0.3546511627906977,0.16393442622950818,0.5697674418604651,0.16326530612244897,0.0755813953488372,0.0
lcbench_167190,lcbench,CTRL_HMM,8,200,-88.68799591064453,0.16666666666666666,0.0,1,2,16,0.6081993000116199,0.09910499991383404,0.5090943000977859,0.19540229885057472,0.35294117647058826,0.764367816091954,0.11278195488721804,0.040229885057471264,0.2857142857142857
lcbench_167190,lcbench,CTRL_HMM,9,200,-88.55040740966797,0.22413793103448276,0.0,2,1,15,0.5974354000063613,0.10400139953708276,0.49343400046927854,0.3218390804597701,0.23214285714285715,0.6724137931034483,0.21367521367521367,0.005747126436781609,1.0
lcbench_168329,lcbench,CTRL_HMM,0,200,-43.49665832519531,0.12643678160919541,0.0,3,0,15,0.5545526000205427,0.09501729957992211,0.45953530044062063,0.3103448275862069,0.09259259259259259,0.6494252873563219,0.1415929203539823,0.040229885057471264,0.14285714285714285
lcbench_168329,lcbench,CTRL_HMM,1,200,-43.153141021728516,0.12643678160919541,0.0,3,0,18,0.658403699984774,0.10431530029745772,0.5540883996873163,0.3735632183908046,0.1076923076923077,0.5402298850574713,0.14893617021276595,0.08620689655172414,0.06666666666666667
lcbench_168329,lcbench,CTRL_HMM,2,200,-49.40968704223633,0.12643678160919541,0.0,3,0,15,0.5417899999883957,0.09175719990162179,0.45003280008677393,0.28735632183908044,0.08,0.6264367816091954,0.14678899082568808,0.08620689655172414,0.13333333333333333
lcbench_168329,lcbench,CTRL_HMM,3,200,-43.09959411621094,0.16477272727272727,0.0,1,0,21,0.5715885999961756,0.0913167999824509,0.4802718000137247,0.26704545454545453,0.2127659574468085,0.6988636363636364,0.15447154471544716,0.03409090909090909,0.0
lcbench_168329,lcbench,CTRL_HMM,4,200,-41.234073638916016,0.12571428571428572,0.0,2,0,18,0.6966052000061609,0.1122579001239501,0.5843472998822108,0.2742857142857143,0.14583333333333334,0.6114285714285714,0.12149532710280374,0.11428571428571428,0.1
lcbench_168329,lcbench,CTRL_HMM,5,200,-44.40135955810547,0.11560693641618497,0.0,4,0,15,0.5534412999986671,0.09040100045967847,0.4630402995389886,0.24855491329479767,0.11627906976744186,0.6936416184971098,0.10833333333333334,0.057803468208092484,0.2
lcbench_168329,lcbench,CTRL_HMM,6,200,-52.83372497558594,0.1657142857142857,0.0,2,0,20,0.6686519999639131,0.10300660034408793,0.5656453996198252,0.22285714285714286,0.20512820512820512,0.7314285714285714,0.15625,0.045714285714285714,0.125
lcbench_168329,lcbench,CTRL_HMM,7,200,-48.61453628540039,0.14857142857142858,0.0,2,0,20,0.6962493000319228,0.10433190054027364,0.5919173994916491,0.2914285714285714,0.23529411764705882,0.6971428571428572,0.09836065573770492,0.011428571428571429,1.0
lcbench_168329,lcbench,CTRL_HMM,8,200,-52.40687561035156,0.13872832369942195,0.0,4,0,14,0.6327787999762222,0.10468340007355437,0.5280953999026679,0.24277456647398843,0.09523809523809523,0.6647398843930635,0.16521739130434782,0.09248554913294797,0.0625
lcbench_168329,lcbench,CTRL_HMM,9,200,-42.70191955566406,0.10982658959537572,0.0,4,0,14,0.6288733999826945,0.10295900021446869,0.5259143997682258,0.2774566473988439,0.125,0.6589595375722543,0.10526315789473684,0.06358381502890173,0.09090909090909091
lcbench_168330,lcbench,CTRL_HMM,0,200,-75.9971694946289,0.17714285714285713,0.0,2,0,19,0.5022218999802135,0.0829358997871168,0.4192860001930967,0.15428571428571428,0.18518518518518517,0.7885714285714286,0.18840579710144928,0.05714285714285714,0.0
lcbench_168330,lcbench,CTRL_HMM,1,200,-73.28076934814453,0.12716763005780346,0.0,4,0,16,0.6642976000439376,0.100484500057064,0.5638130999868736,0.2832369942196532,0.16326530612244897,0.6184971098265896,0.12149532710280374,0.09826589595375723,0.058823529411764705
lcbench_168330,lcbench,CTRL_HMM,2,200,-75.22633361816406,0.12280701754385964,0.0,5,1,11,0.5605704000336118,0.0969278002739884,0.4636425997596234,0.34502923976608185,0.13559322033898305,0.6081871345029239,0.10576923076923077,0.04678362573099415,0.25
lcbench_168330,lcbench,CTRL_HMM,3,200,-72.23084259033203,0.16666666666666666,0.0,3,0,16,0.5813068000134081,0.09389839979121462,0.48740840022219345,0.3333333333333333,0.1896551724137931,0.5977011494252874,0.16346153846153846,0.06896551724137931,0.08333333333333333
lcbench_168330,lcbench,CTRL_HMM,4,200,-75.98426818847656,0.16091954022988506,0.0,3,0,16,0.6510638000327162,0.10337080014869571,0.5476929998840205,0.3103448275862069,0.14814814814814814,0.6609195402298851,0.17391304347826086,0.028735632183908046,0.0
lcbench_168330,lcbench,CTRL_HMM,5,200,-74.31490325927734,0.1791907514450867,0.0,3,1,12,0.6152278999798,0.10539749980671331,0.5098304001730867,0.3236994219653179,0.14285714285714285,0.5953757225433526,0.22330097087378642,0.08092485549132948,0.0
lcbench_168330,lcbench,CTRL_HMM,6,200,-73.6504135131836,0.17045454545454544,0.0,1,0,23,0.728555400040932,0.10291540023172274,0.6256399998092093,0.1590909090909091,0.17857142857142858,0.7840909090909091,0.15942028985507245,0.056818181818181816,0.3
lcbench_168330,lcbench,CTRL_HMM,7,200,-74.02404022216797,0.1657142857142857,0.0,2,0,18,0.6449341999832541,0.10276990046259016,0.5421642995206639,0.2914285714285714,0.11764705882352941,0.6514285714285715,0.17543859649122806,0.05714285714285714,0.3
lcbench_168330,lcbench,CTRL_HMM,8,200,-75.54064178466797,0.1206896551724138,0.0,3,0,16,0.6318676000228152,0.10199139954056591,0.5298762004822493,0.20689655172413793,0.027777777777777776,0.7011494252873564,0.16393442622950818,0.09195402298850575,0.0
lcbench_168330,lcbench,CTRL_HMM,9,200,-73.86509704589844,0.15428571428571428,0.0,2,0,19,0.6094901000033133,0.10127669997746125,0.508213400025852,0.26857142857142857,0.10638297872340426,0.6971428571428572,0.18032786885245902,0.03428571428571429,0.0
lcbench_168331,lcbench,CTRL_HMM,0,200,-80.22508239746094,0.1839080459770115,0.0,3,0,18,0.73787720000837,0.11538420035503805,0.6224929996533319,0.2988505747126437,0.17307692307692307,0.6666666666666666,0.1810344827586207,0.034482758620689655,0.3333333333333333
lcbench_168331,lcbench,CTRL_HMM,1,200,-80.25324249267578,0.10919540229885058,0.0,3,0,17,0.6585889999987558,0.10457500000484288,0.5540139999939129,0.3160919540229885,0.12727272727272726,0.6609195402298851,0.09565217391304348,0.022988505747126436,0.25
lcbench_168331,lcbench,CTRL_HMM,2,200,-78.04179382324219,0.14285714285714285,0.0,2,0,18,0.6799930999986827,0.11201349971815944,0.5679796002805233,0.22857142857142856,0.275,0.7428571428571429,0.1076923076923077,0.02857142857142857,0.0
lcbench_168331,lcbench,CTRL_HMM,3,200,-78.40254974365234,0.11494252873563218,0.0,3,0,16,0.689108699967619,0.11284269957104698,0.576266000396572,0.25862068965517243,0.17777777777777778,0.6609195402298851,0.09565217391304348,0.08045977011494253,0.07142857142857142
lcbench_168331,lcbench,CTRL_HMM,4,200,-77.60894012451172,0.06936416184971098,0.0,4,0,12,0.6172623000456952,0.11541489942464978,0.5018474006210454,0.26011560693641617,0.044444444444444446,0.5780346820809249,0.09,0.16184971098265896,0.03571428571428571
lcbench_168331,lcbench,CTRL_HMM,5,200,-72.72380828857422,0.15428571428571428,0.0,2,0,18,0.6699846999836154,0.11049430014099926,0.5594903998426162,0.22857142857142856,0.1,0.6342857142857142,0.1891891891891892,0.13714285714285715,0.08333333333333333
lcbench_168331,lcbench,CTRL_HMM,6,200,-80.27957153320312,0.12716763005780346,0.0,4,0,14,0.6180736999958754,0.1061924003297463,0.511881299666129,0.31213872832369943,0.1111111111111111,0.653179190751445,0.1415929203539823,0.03468208092485549,0.0
lcbench_168331,lcbench,CTRL_HMM,7,200,-74.65899658203125,0.14285714285714285,0.0,2,0,18,0.7485587999690324,0.1145614002016373,0.6339973997673951,0.21714285714285714,0.15789473684210525,0.7714285714285715,0.14074074074074075,0.011428571428571429,0.0
lcbench_168331,lcbench,CTRL_HMM,8,200,-77.48751068115234,0.10919540229885058,0.0,3,0,17,0.6359738999744877,0.10911249963101,0.5268614003434777,0.21839080459770116,0.05263157894736842,0.7471264367816092,0.11538461538461539,0.034482758620689655,0.3333333333333333
lcbench_168331,lcbench,CTRL_HMM,9,200,-76.75350189208984,0.11428571428571428,0.0,2,0,18,0.6600877000018954,0.11124269990250468,0.5488450000993907,0.2742857142857143,0.125,0.64,0.10714285714285714,0.08571428571428572,0.13333333333333333
lcbench_168335,lcbench,CTRL_HMM,0,200,-95.25001525878906,0.13872832369942195,0.0,2,2,17,0.5971621000207961,0.10323170013725758,0.4939303998835385,0.2947976878612717,0.1568627450980392,0.653179190751445,0.13274336283185842,0.05202312138728324,0.1111111111111111
lcbench_168335,lcbench,CTRL_HMM,1,200,-95.75897216796875,0.11560693641618497,0.0,4,0,14,0.6022279000026174,0.10520190000534058,0.4970259999972768,0.3699421965317919,0.140625,0.5202312138728323,0.12222222222222222,0.10982658959537572,0.0
lcbench_168335,lcbench,CTRL_HMM,2,200,-95.83937072753906,0.16091954022988506,0.0,1,2,16,0.6448141999426298,0.11688619991764426,0.5279280000249855,0.3850574712643678,0.16417910447761194,0.5747126436781609,0.16,0.040229885057471264,0.14285714285714285
lcbench_168335,lcbench,CTRL_HMM,3,200,-98.56792449951172,0.14450867052023122,0.0,3,1,15,0.6310967999743298,0.11462289991322905,0.5164739000611007,0.23699421965317918,0.24390243902439024,0.7052023121387283,0.12295081967213115,0.057803468208092484,0.0
lcbench_168335,lcbench,CTRL_HMM,4,200,-94.6274642944336,0.17543859649122806,0.0,5,1,12,0.497604499978479,0.08440439961850643,0.41320010035997257,0.391812865497076,0.16417910447761194,0.5321637426900585,0.2087912087912088,0.07602339181286549,0.0
lcbench_168335,lcbench,CTRL_HMM,5,200,-99.1823501586914,0.1206896551724138,0.0,3,0,15,0.5049003000021912,0.08805350004695356,0.41684679995523766,0.3333333333333333,0.1206896551724138,0.5862068965517241,0.12745098039215685,0.08045977011494253,0.07142857142857142
lcbench_168335,lcbench,CTRL_HMM,6,200,-98.37146759033203,0.19883040935672514,0.0,4,2,13,0.6114518999820575,0.10634380066767335,0.5051080993143842,0.42105263157894735,0.2777777777777778,0.5789473684210527,0.1414141414141414,0.0,
lcbench_168335,lcbench,CTRL_HMM,7,200,-99.3428955078125,0.2138728323699422,0.0,1,3,17,0.5502924000029452,0.09240320010576397,0.45788919989718124,0.3179190751445087,0.23636363636363636,0.630057803468208,0.21100917431192662,0.05202312138728324,0.1111111111111111
lcbench_168335,lcbench,CTRL_HMM,8,200,-95.60275268554688,0.23563218390804597,0.0,1,2,19,0.6493447999819182,0.10075659985886887,0.5485882001230493,0.39655172413793105,0.2753623188405797,0.603448275862069,0.20952380952380953,0.0,
lcbench_168335,lcbench,CTRL_HMM,9,200,-95.8624038696289,0.1791907514450867,0.0,3,1,14,0.540104900021106,0.09831530024530366,0.44178959977580234,0.32947976878612717,0.19298245614035087,0.5780346820809249,0.18,0.09248554913294797,0.125
lcbench_168868,lcbench,CTRL_HMM,0,200,-99.67961120605469,0.21176470588235294,0.0,4,3,10,0.5915587999625131,0.10265059949597344,0.4889082004665397,0.4235294117647059,0.25,0.48823529411764705,0.21686746987951808,0.08823529411764706,0.0
lcbench_168868,lcbench,CTRL_HMM,1,200,-99.68988037109375,0.23255813953488372,0.0,2,3,19,0.5891933999955654,0.09817529917927459,0.4910181008162908,0.5755813953488372,0.29292929292929293,0.42441860465116277,0.1506849315068493,0.0,
lcbench_168868,lcbench,CTRL_HMM,2,200,-99.67961120605469,0.15789473684210525,0.0,3,3,14,0.5764925999683328,0.09742430015467107,0.4790682998136617,0.5497076023391813,0.22340425531914893,0.391812865497076,0.08955223880597014,0.05847953216374269,0.0
lcbench_168868,lcbench,CTRL_HMM,3,200,-99.71498107910156,0.1411764705882353,0.0,4,3,9,0.5352098000003025,0.09902020002482459,0.4361895999754779,0.3941176470588235,0.22388059701492538,0.4647058823529412,0.11392405063291139,0.1411764705882353,0.0
lcbench_168868,lcbench,CTRL_HMM,4,200,-99.69025421142578,0.27011494252873564,0.0,1,2,19,0.5818051999667659,0.09227919991826639,0.48952600004849955,0.5287356321839081,0.31521739130434784,0.4367816091954023,0.23684210526315788,0.034482758620689655,0.0
lcbench_168868,lcbench,CTRL_HMM,5,200,-99.66326141357422,0.20348837209302326,0.0,2,3,13,0.6924249000148848,0.12412930018035695,0.5682955998345278,0.4941860465116279,0.27058823529411763,0.47674418604651164,0.13414634146341464,0.029069767441860465,0.2
lcbench_168868,lcbench,CTRL_HMM,6,200,-99.67314147949219,0.1569767441860465,0.0,2,3,15,0.5370950999786146,0.09326449973741546,0.44383060024119914,0.47093023255813954,0.2345679012345679,0.4883720930232558,0.09523809523809523,0.040697674418604654,0.0
lcbench_168868,lcbench,CTRL_HMM,7,200,-99.67504119873047,0.2832369942196532,0.0,1,3,18,0.6127974999835715,0.10078080033417791,0.5120166996493936,0.4682080924855491,0.38271604938271603,0.5202312138728323,0.2,0.011560693641618497,0.0
lcbench_168868,lcbench,CTRL_HMM,8,200,-99.65869903564453,0.19883040935672514,0.0,3,3,14,0.5591329999733716,0.101199499622453,0.4579335003509186,0.47368421052631576,0.2716049382716049,0.49122807017543857,0.13095238095238096,0.03508771929824561,0.16666666666666666
lcbench_168868,lcbench,CTRL_HMM,9,200,-99.70509338378906,0.20809248554913296,0.0,1,3,18,0.5605643999879248,0.09675539977615699,0.46380900021176785,0.4682080924855491,0.2222222222222222,0.5086705202312138,0.18181818181818182,0.023121387283236993,0.5
lcbench_168908,lcbench,CTRL_HMM,0,200,-85.69448852539062,0.14534883720930233,0.0,3,2,14,0.5913579000043683,0.10713359952205792,0.48422430048231035,0.3081395348837209,0.20754716981132076,0.622093023255814,0.11214953271028037,0.06976744186046512,0.16666666666666666
lcbench_168908,lcbench,CTRL_HMM,1,200,-85.9386978149414,0.1329479768786127,0.0,4,0,14,0.6053909999900497,0.10065499978372827,0.5047360002063215,0.24855491329479767,0.046511627906976744,0.6358381502890174,0.19090909090909092,0.11560693641618497,0.0
lcbench_168908,lcbench,CTRL_HMM,2,200,-85.9780502319336,0.2057142857142857,0.0,1,1,21,0.6953254999825731,0.10608129925094545,0.5892442007316276,0.2057142857142857,0.2222222222222222,0.7485714285714286,0.20610687022900764,0.045714285714285714,0.125
lcbench_168908,lcbench,CTRL_HMM,3,200,-84.4947509765625,0.13793103448275862,0.0,3,0,15,0.6173829999752343,0.10264910024125129,0.514733899733983,0.3045977011494253,0.20754716981132076,0.6149425287356322,0.12149532710280374,0.08045977011494253,0.0
lcbench_168908,lcbench,CTRL_HMM,4,200,-88.17625427246094,0.09142857142857143,0.0,2,0,18,0.6114757999894209,0.10015400015981868,0.5113217998296022,0.17714285714285713,0.06451612903225806,0.6742857142857143,0.11016949152542373,0.14857142857142858,0.038461538461538464
lcbench_168908,lcbench,CTRL_HMM,5,200,-86.20958709716797,0.13372093023255813,0.0,4,1,15,0.5580415999866091,0.09432299970649183,0.46371860028011724,0.23837209302325582,0.1951219512195122,0.6744186046511628,0.12931034482758622,0.0872093023255814,0.0
lcbench_168908,lcbench,CTRL_HMM,6,200,-86.60347747802734,0.0935672514619883,0.0,5,1,9,0.5192438999656588,0.09708820033119991,0.42215569963445887,0.2807017543859649,0.125,0.6023391812865497,0.0970873786407767,0.11695906432748537,0.0
lcbench_168908,lcbench,CTRL_HMM,7,200,-86.14383697509766,0.18497109826589594,0.0,3,1,15,0.6291190999909304,0.10102090041618794,0.5280981995747425,0.2832369942196532,0.1836734693877551,0.6589595375722543,0.19298245614035087,0.057803468208092484,0.1
lcbench_168908,lcbench,CTRL_HMM,8,200,-85.3021240234375,0.12209302325581395,0.0,4,1,12,0.4996110000065528,0.09396230016136542,0.40564869984518737,0.3023255813953488,0.25,0.5348837209302325,0.08695652173913043,0.16279069767441862,0.0
lcbench_168908,lcbench,CTRL_HMM,9,200,-84.77336883544922,0.09195402298850575,0.0,2,1,17,0.5651595999952406,0.09079100022790954,0.47436859976733103,0.22413793103448276,0.1282051282051282,0.6896551724137931,0.075,0.08620689655172414,0.13333333333333333
lcbench_168910,lcbench,CTRL_HMM,0,200,-84.1524887084961,0.1839080459770115,0.0,3,0,18,0.6823456999845803,0.10586610005702823,0.576479599927552,0.6551724137931034,0.23684210526315788,0.3045977011494253,0.09433962264150944,0.040229885057471264,0.0
lcbench_168910,lcbench,CTRL_HMM,1,200,-80.51818084716797,0.12138728323699421,0.0,4,0,14,0.640268900024239,0.11093120061559603,0.529337699408643,0.48554913294797686,0.09523809523809523,0.3815028901734104,0.16666666666666666,0.1329479768786127,0.08695652173913043
lcbench_168910,lcbench,CTRL_HMM,2,200,-81.61474609375,0.20114942528735633,0.0,1,2,17,0.5253737000166439,0.08784579974599183,0.437527900270652,0.5689655172413793,0.23232323232323232,0.40229885057471265,0.17142857142857143,0.028735632183908046,0.0
lcbench_168910,lcbench,CTRL_HMM,3,200,-78.63903045654297,0.17341040462427745,0.0,2,2,16,0.5443960000411607,0.09346380032366142,0.4509321997174993,0.6589595375722543,0.24561403508771928,0.3179190751445087,0.03636363636363636,0.023121387283236993,0.0
lcbench_168910,lcbench,CTRL_HMM,4,200,-71.72535705566406,0.15517241379310345,0.0,2,1,16,0.6222082999884151,0.10188789997482672,0.5203204000135884,0.6724137931034483,0.20512820512820512,0.27586206896551724,0.041666666666666664,0.05172413793103448,0.1111111111111111
lcbench_168910,lcbench,CTRL_HMM,5,200,-72.35867309570312,0.2543352601156069,0.0,2,2,19,0.6151015000068583,0.09540900000138208,0.5196925000054762,0.6473988439306358,0.3392857142857143,0.35260115606936415,0.09836065573770492,0.0,
lcbench_168910,lcbench,CTRL_HMM,6,200,-81.34526062011719,0.10919540229885058,0.0,3,0,16,0.6403080000309274,0.10826940002152696,0.5320386000094004,0.5517241379310345,0.13541666666666666,0.3735632183908046,0.07692307692307693,0.07471264367816093,0.07692307692307693
lcbench_168910,lcbench,CTRL_HMM,7,200,-71.33379364013672,0.1907514450867052,0.0,3,1,17,0.5043000000296161,0.08608350000577047,0.4182165000238456,0.6878612716763006,0.226890756302521,0.28901734104046245,0.1,0.023121387283236993,0.25
lcbench_168910,lcbench,CTRL_HMM,8,200,-69.7787094116211,0.1791907514450867,0.0,2,2,14,0.48009269998874515,0.08625270001357421,0.39383999997517094,0.5895953757225434,0.24509803921568626,0.3468208092485549,0.06666666666666667,0.06358381502890173,0.18181818181818182
lcbench_168910,lcbench,CTRL_HMM,9,200,-77.17201232910156,0.21176470588235294,0.0,5,2,7,0.5186157999560237,0.10282409971114248,0.4157917002448812,0.6176470588235294,0.2761904761904762,0.32941176470588235,0.125,0.052941176470588235,0.0
lcbench_189862,lcbench,CTRL_HMM,0,200,-90.34859466552734,0.13953488372093023,0.0,4,1,14,0.5363465999835171,0.09832600055960938,0.4380205994239077,0.46511627906976744,0.175,0.46511627906976744,0.1125,0.06976744186046512,0.08333333333333333
lcbench_189862,lcbench,CTRL_HMM,1,200,-89.19420623779297,0.14857142857142858,0.0,2,0,20,0.5995563000324182,0.09374840027885512,0.5058078997535631,0.36,0.1746031746031746,0.5942857142857143,0.125,0.045714285714285714,0.25
lcbench_189862,lcbench,CTRL_HMM,2,200,-90.61332702636719,0.25142857142857145,0.0,1,1,20,0.5658763999817893,0.08971560013014823,0.47616079985164106,0.4342857142857143,0.25,0.5428571428571428,0.2631578947368421,0.022857142857142857,0.0
lcbench_189862,lcbench,CTRL_HMM,3,200,-90.59950256347656,0.12716763005780346,0.0,3,1,13,0.5626637000241317,0.09386670007370412,0.46879699995042756,0.36416184971098264,0.15873015873015872,0.5838150289017341,0.09900990099009901,0.05202312138728324,0.2222222222222222
lcbench_189862,lcbench,CTRL_HMM,4,200,-94.02655029296875,0.18181818181818182,0.0,1,0,21,0.6780617000185885,0.10832479974487796,0.5697369002737105,0.26704545454545453,0.1702127659574468,0.6818181818181818,0.19166666666666668,0.05113636363636364,0.1111111111111111
lcbench_189862,lcbench,CTRL_HMM,5,200,-92.67479705810547,0.11046511627906977,0.0,5,0,13,0.6269060000195168,0.10599250020459294,0.5209134998149239,0.48255813953488375,0.1566265060240964,0.436046511627907,0.08,0.08139534883720931,0.0
lcbench_189862,lcbench,CTRL_HMM,6,200,-94.54339599609375,0.14450867052023122,0.0,3,1,13,0.5688403999665752,0.0978205002611503,0.4710198997054249,0.4393063583815029,0.17105263157894737,0.4913294797687861,0.12941176470588237,0.06936416184971098,0.08333333333333333
lcbench_189862,lcbench,CTRL_HMM,7,200,-90.07569885253906,0.21714285714285714,0.0,1,1,19,0.749280699994415,0.121987400110811,0.627293299883604,0.3942857142857143,0.2463768115942029,0.5771428571428572,0.19801980198019803,0.02857142857142857,0.2
lcbench_189862,lcbench,CTRL_HMM,8,200,-94.04520416259766,0.16666666666666666,0.0,3,0,17,0.6429181999992579,0.10091720015043393,0.542000999848824,0.3793103448275862,0.16666666666666666,0.5517241379310345,0.1875,0.06896551724137931,0.0
lcbench_189862,lcbench,CTRL_HMM,9,200,-90.55320739746094,0.14772727272727273,0.0,1,0,21,0.6411978999967687,0.10183489980408922,0.5393630001926795,0.32954545454545453,0.15517241379310345,0.5965909090909091,0.13333333333333333,0.07386363636363637,0.23076923076923078
lcbench_189865,lcbench,CTRL_HMM,0,200,-96.52179718017578,0.27325581395348836,0.0,3,2,15,0.5540283999871463,0.09818860027007759,0.45583979971706867,0.7325581395348837,0.3333333333333333,0.2441860465116279,0.11904761904761904,0.023255813953488372,0.0
lcbench_189865,lcbench,CTRL_HMM,1,200,-98.46683502197266,0.27167630057803466,0.0,1,3,17,0.6003718999563716,0.1042041999171488,0.49616770003922284,0.7225433526011561,0.296,0.27167630057803466,0.2127659574468085,0.005780346820809248,0.0
lcbench_189865,lcbench,CTRL_HMM,2,200,-98.51229095458984,0.2573099415204678,0.0,3,3,13,0.601734799973201,0.10637529962696135,0.49535950034623966,0.7309941520467836,0.28,0.26900584795321636,0.1956521739130435,0.0,
lcbench_189865,lcbench,CTRL_HMM,3,200,-98.09679412841797,0.1569767441860465,0.0,2,3,14,0.6071780999773182,0.1071225002524443,0.5000555997248739,0.6395348837209303,0.18181818181818182,0.3313953488372093,0.12280701754385964,0.029069767441860465,0.0
lcbench_189865,lcbench,CTRL_HMM,4,200,-97.28884887695312,0.19883040935672514,0.0,3,3,10,0.6272101000067778,0.11458609980763867,0.5126240001991391,0.6783625730994152,0.1896551724137931,0.2982456140350877,0.21568627450980393,0.023391812865497075,0.25
lcbench_189865,lcbench,CTRL_HMM,5,200,-97.8818588256836,0.2471264367816092,0.0,2,1,18,0.5844107000157237,0.10123519995249808,0.4831755000632256,0.7183908045977011,0.296,0.2471264367816092,0.13953488372093023,0.034482758620689655,0.0
lcbench_189865,lcbench,CTRL_HMM,6,200,-98.53108215332031,0.1781609195402299,0.0,3,0,17,0.5955028000171296,0.09705400024540722,0.4984487997717224,0.6781609195402298,0.17796610169491525,0.28735632183908044,0.18,0.034482758620689655,0.16666666666666666
lcbench_189865,lcbench,CTRL_HMM,7,200,-96.93692016601562,0.29651162790697677,0.0,3,2,15,0.5404799999669194,0.09741390007548034,0.4430660998914391,0.7383720930232558,0.31496062992125984,0.2616279069767442,0.24444444444444444,0.0,
lcbench_189865,lcbench,CTRL_HMM,8,200,-98.68342590332031,0.17341040462427745,0.0,3,1,14,0.5861338999820873,0.10633200022857636,0.47980189975351095,0.6011560693641619,0.20192307692307693,0.3468208092485549,0.11666666666666667,0.05202312138728324,0.2222222222222222
lcbench_189865,lcbench,CTRL_HMM,9,200,-98.32232666015625,0.15606936416184972,0.0,2,2,14,0.5217641000053845,0.09063330007484183,0.4311307999305427,0.6705202312138728,0.1896551724137931,0.28901734104046245,0.1,0.04046242774566474,0.0
lcbench_189873,lcbench,CTRL_HMM,0,200,-93.79226684570312,0.12138728323699421,0.0,4,0,17,0.6565421000123024,0.10602199996355921,0.5505201000487432,0.42196531791907516,0.136986301369863,0.5086705202312138,0.125,0.06936416184971098,0.0
lcbench_189873,lcbench,CTRL_HMM,1,200,-93.45404815673828,0.14367816091954022,0.0,3,0,15,0.5165865999879315,0.08701859973371029,0.42956800025422126,0.4885057471264368,0.17647058823529413,0.43103448275862066,0.12,0.08045977011494253,0.07142857142857142
lcbench_189873,lcbench,CTRL_HMM,2,200,-90.17298889160156,0.10919540229885058,0.0,3,0,15,0.6827546999556944,0.1102112001972273,0.5725434997584671,0.4425287356321839,0.16883116883116883,0.43103448275862066,0.08,0.12643678160919541,0.0
lcbench_189873,lcbench,CTRL_HMM,3,200,-90.05508422851562,0.15028901734104047,0.0,4,0,13,0.6033129999996163,0.09890939953038469,0.5044036004692316,0.5549132947976878,0.1875,0.43352601156069365,0.10666666666666667,0.011560693641618497,0.0
lcbench_189873,lcbench,CTRL_HMM,4,200,-94.06780242919922,0.12716763005780346,0.0,4,0,13,0.5830559000023641,0.10313509992556646,0.4799208000767976,0.4393063583815029,0.19736842105263158,0.47398843930635837,0.07317073170731707,0.08670520231213873,0.06666666666666667
lcbench_189873,lcbench,CTRL_HMM,5,200,-94.43778228759766,0.12138728323699421,0.0,4,0,13,0.6442498000105843,0.10821159998886287,0.5360382000217214,0.4277456647398844,0.0945945945945946,0.5086705202312138,0.13636363636363635,0.06358381502890173,0.18181818181818182
lcbench_189873,lcbench,CTRL_HMM,6,200,-93.4918441772461,0.09941520467836257,0.0,6,0,10,0.6030632000183687,0.10861730005126446,0.4944458999671042,0.4152046783625731,0.09859154929577464,0.5146198830409356,0.10227272727272728,0.07017543859649122,0.08333333333333333
lcbench_189873,lcbench,CTRL_HMM,7,200,-91.75142669677734,0.1511627906976744,0.0,5,0,12,0.5005088999751024,0.0883940996718593,0.4121148003032431,0.46511627906976744,0.125,0.47093023255813954,0.18518518518518517,0.06395348837209303,0.09090909090909091
lcbench_189873,lcbench,CTRL_HMM,8,200,-95.50980377197266,0.08092485549132948,0.0,4,0,13,0.6392749999649823,0.11760650016367435,0.5216684998013079,0.3699421965317919,0.09375,0.5433526011560693,0.06382978723404255,0.08670520231213873,0.13333333333333333
lcbench_189873,lcbench,CTRL_HMM,9,200,-93.12024688720703,0.09826589595375723,0.0,4,0,13,0.5957614000071771,0.10737820027861744,0.4883831997285597,0.49710982658959535,0.13953488372093023,0.44508670520231214,0.06493506493506493,0.057803468208092484,0.0
lcbench_189906,lcbench,CTRL_HMM,0,200,-93.6371078491211,0.10982658959537572,0.0,4,0,15,0.539768600021489,0.09169069997733459,0.4480779000441544,0.5317919075144508,0.16304347826086957,0.37572254335260113,0.06153846153846154,0.09248554913294797,0.0
lcbench_189906,lcbench,CTRL_HMM,1,200,-93.88282775878906,0.17341040462427745,0.0,1,3,18,0.6361287999898195,0.10373719985364005,0.5323916001361795,0.630057803468208,0.1926605504587156,0.3583815028901734,0.12903225806451613,0.011560693641618497,0.5
lcbench_189906,lcbench,CTRL_HMM,2,200,-93.22296905517578,0.14619883040935672,0.0,4,2,14,0.6463012999738567,0.11497839982621372,0.5313229001476429,0.6549707602339181,0.1875,0.3333333333333333,0.07017543859649122,0.011695906432748537,0.0
lcbench_189906,lcbench,CTRL_HMM,3,200,-92.21881866455078,0.18128654970760233,0.0,5,1,9,0.5365838999859989,0.10194970021257177,0.4346341997734271,0.631578947368421,0.23148148148148148,0.30994152046783624,0.11320754716981132,0.05847953216374269,0.0
lcbench_189906,lcbench,CTRL_HMM,4,200,-94.1622314453125,0.1907514450867052,0.0,3,1,14,0.6079333000234328,0.10382199991727248,0.5041113001061603,0.6358381502890174,0.23636363636363636,0.36416184971098264,0.1111111111111111,0.0,
lcbench_189906,lcbench,CTRL_HMM,5,200,-93.69999694824219,0.16184971098265896,0.0,3,1,13,0.5417483000201173,0.09776399983093143,0.4439843001891859,0.6416184971098265,0.12612612612612611,0.24855491329479767,0.3023255813953488,0.10982658959537572,0.05263157894736842
lcbench_189906,lcbench,CTRL_HMM,6,200,-93.86062622070312,0.22674418604651161,0.0,5,0,13,0.5734671999816783,0.09885330020915717,0.4746138997725211,0.6686046511627907,0.20869565217391303,0.3023255813953488,0.28846153846153844,0.029069767441860465,0.0
lcbench_189906,lcbench,CTRL_HMM,7,200,-93.82017517089844,0.29545454545454547,0.0,1,0,21,0.5884059999953024,0.09537469974020496,0.49303130025509745,0.7045454545454546,0.31451612903225806,0.2784090909090909,0.2653061224489796,0.017045454545454544,0.0
lcbench_189906,lcbench,CTRL_HMM,8,200,-90.3534164428711,0.23255813953488372,0.0,4,1,11,0.5875341999926604,0.10269859968684614,0.4848356003058143,0.6976744186046512,0.275,0.27906976744186046,0.14583333333333334,0.023255813953488372,0.0
lcbench_189906,lcbench,CTRL_HMM,9,200,-92.93748474121094,0.12790697674418605,0.0,5,0,12,0.515755900007207,0.09106590005103499,0.42468999995617196,0.5988372093023255,0.1553398058252427,0.3313953488372093,0.07017543859649122,0.06976744186046512,0.16666666666666666
lcbench_189908,lcbench,CTRL_HMM,0,200,-92.15938568115234,0.2471264367816092,0.0,2,1,17,0.6125641000107862,0.1035880001145415,0.5089760998962447,0.47126436781609193,0.21951219512195122,0.5172413793103449,0.2777777777777778,0.011494252873563218,0.0
lcbench_189908,lcbench,CTRL_HMM,1,200,-91.81549835205078,0.1839080459770115,0.0,2,1,17,0.5682595999678597,0.09838670026510954,0.46987289970275015,0.5862068965517241,0.17647058823529413,0.40229885057471265,0.18571428571428572,0.011494252873563218,0.5
lcbench_189908,lcbench,CTRL_HMM,2,200,-92.12809753417969,0.13372093023255813,0.0,2,3,14,0.5621978000272065,0.09882880060467869,0.46336899942252785,0.5174418604651163,0.2247191011235955,0.436046511627907,0.013333333333333334,0.046511627906976744,0.25
lcbench_189908,lcbench,CTRL_HMM,3,200,-92.0824203491211,0.21142857142857144,0.0,1,1,21,0.5564417999703437,0.0828912002616562,0.4735505997086875,0.33714285714285713,0.22033898305084745,0.6514285714285715,0.20175438596491227,0.011428571428571429,0.5
lcbench_189908,lcbench,CTRL_HMM,4,200,-91.76472473144531,0.20930232558139536,0.0,3,2,15,0.551537899998948,0.09065559977898374,0.46088230021996424,0.48255813953488375,0.1566265060240964,0.47093023255813954,0.2716049382716049,0.046511627906976744,0.125
lcbench_189908,lcbench,CTRL_HMM,5,200,-91.86699676513672,0.17341040462427745,0.0,2,2,17,0.6207591000129469,0.10533080017194152,0.5154282998410054,0.41040462427745666,0.2535211267605634,0.5375722543352601,0.12903225806451613,0.05202312138728324,0.0
lcbench_189908,lcbench,CTRL_HMM,6,200,-90.54733276367188,0.21839080459770116,0.0,1,2,18,0.583559500053525,0.09362549998331815,0.4899340000702068,0.5919540229885057,0.21359223300970873,0.40229885057471265,0.21428571428571427,0.005747126436781609,1.0
lcbench_189908,lcbench,CTRL_HMM,7,200,-91.58148193359375,0.21142857142857144,0.0,1,1,18,0.5601900999899954,0.09210250055184588,0.4680875994381495,0.5771428571428572,0.2376237623762376,0.4114285714285714,0.1527777777777778,0.011428571428571429,1.0
lcbench_189908,lcbench,CTRL_HMM,8,200,-91.29754638671875,0.1657142857142857,0.0,1,1,20,0.5802519000135362,0.09233879984822124,0.487913100165315,0.4228571428571429,0.21621621621621623,0.5714285714285714,0.12,0.005714285714285714,1.0
lcbench_189908,lcbench,CTRL_HMM,9,200,-90.76312255859375,0.1329479768786127,0.0,2,2,15,0.6639968999661505,0.10422839969396591,0.5597685002721846,0.45664739884393063,0.16455696202531644,0.5028901734104047,0.11494252873563218,0.04046242774566474,0.0
lcbench_34539,lcbench,CTRL_HMM,0,200,-98.87183380126953,0.24277456647398843,0.0,3,1,15,0.5194284000317566,0.09081280004465953,0.4286155999870971,0.6647398843930635,0.2956521739130435,0.2658959537572254,0.15217391304347827,0.06936416184971098,0.08333333333333333
lcbench_34539,lcbench,CTRL_HMM,1,200,-98.97296142578125,0.2832369942196532,0.0,2,2,14,0.5740270000533201,0.0990334993111901,0.47499350074213,0.7456647398843931,0.29457364341085274,0.2543352601156069,0.25,0.0,
lcbench_34539,lcbench,CTRL_HMM,2,200,-99.03376770019531,0.26436781609195403,0.0,1,2,18,0.681867599952966,0.1102086998289451,0.5716589001240209,0.6839080459770115,0.2773109243697479,0.3160919540229885,0.23636363636363636,0.0,
lcbench_34539,lcbench,CTRL_HMM,3,200,-98.93559265136719,0.2947976878612717,0.0,1,3,15,0.5894235000014305,0.09526119951624423,0.4941623004851863,0.7456647398843931,0.34108527131782945,0.2543352601156069,0.1590909090909091,0.0,
lcbench_34539,lcbench,CTRL_HMM,4,200,-99.02507781982422,0.28901734104046245,0.0,2,2,17,0.623304900014773,0.09930699953110889,0.5239979004836641,0.6358381502890174,0.3181818181818182,0.3352601156069364,0.25862068965517243,0.028901734104046242,0.0
lcbench_34539,lcbench,CTRL_HMM,5,200,-98.97787475585938,0.26900584795321636,0.0,4,2,11,0.5502099000150338,0.10009590029949322,0.45011399971554056,0.7660818713450293,0.3053435114503817,0.2222222222222222,0.15789473684210525,0.011695906432748537,0.0
lcbench_34539,lcbench,CTRL_HMM,6,200,-99.0896987915039,0.3081395348837209,0.0,2,3,14,0.5153977000154555,0.09025680023478344,0.42514089978067204,0.7267441860465116,0.336,0.27325581395348836,0.23404255319148937,0.0,
lcbench_34539,lcbench,CTRL_HMM,7,200,-99.00997161865234,0.22093023255813954,0.0,3,2,14,0.5253871000022627,0.08883259928552434,0.4365545007167384,0.6802325581395349,0.27350427350427353,0.31976744186046513,0.10909090909090909,0.0,
lcbench_34539,lcbench,CTRL_HMM,8,200,-98.9167251586914,0.30409356725146197,0.0,3,3,14,0.5706231000367552,0.10408130014548078,0.4665417998912744,0.7309941520467836,0.352,0.26900584795321636,0.17391304347826086,0.0,
lcbench_34539,lcbench,CTRL_HMM,9,200,-98.95899200439453,0.3352941176470588,0.0,4,3,9,0.500420700001996,0.09273739974014461,0.4076833002618514,0.7705882352941177,0.366412213740458,0.22941176470588234,0.23076923076923078,0.0,
lcbench_3945,lcbench,CTRL_HMM,0,200,-99.59066772460938,0.24277456647398843,0.0,2,2,15,0.5955974999815226,0.09885960025712848,0.4967378997243941,0.7109826589595376,0.25203252032520324,0.2774566473988439,0.1875,0.011560693641618497,1.0
lcbench_3945,lcbench,CTRL_HMM,1,200,-99.61004638671875,0.3430232558139535,0.0,2,3,14,0.5812799999839626,0.1041602001641877,0.4771197998197749,0.7383720930232558,0.3858267716535433,0.2616279069767442,0.2222222222222222,0.0,
lcbench_3945,lcbench,CTRL_HMM,2,200,-99.60244750976562,0.3411764705882353,0.0,4,3,9,0.5507138000102714,0.10408100014319643,0.44663279986707494,0.7294117647058823,0.3709677419354839,0.27058823529411763,0.2608695652173913,0.0,
lcbench_3945,lcbench,CTRL_HMM,3,200,-99.59371185302734,0.3352601156069364,0.0,1,3,16,0.5705345000023954,0.09753879986237735,0.472995700140018,0.7341040462427746,0.3858267716535433,0.2658959537572254,0.1956521739130435,0.0,
lcbench_3945,lcbench,CTRL_HMM,4,200,-99.59636688232422,0.32941176470588235,0.0,4,3,13,0.537429100018926,0.09703959967009723,0.44038950034882873,0.6823529411764706,0.29310344827586204,0.3176470588235294,0.4074074074074074,0.0,
lcbench_3945,lcbench,CTRL_HMM,5,200,-99.5162353515625,0.36627906976744184,0.0,2,3,17,0.5266975000267848,0.09148139978060499,0.43521610024617985,0.6976744186046512,0.375,0.3023255813953488,0.34615384615384615,0.0,
lcbench_3945,lcbench,CTRL_HMM,6,200,-99.5914306640625,0.3236994219653179,0.0,1,3,17,0.6065254000131972,0.10296780051430687,0.5035575994988903,0.6994219653179191,0.33884297520661155,0.30057803468208094,0.28846153846153844,0.0,
lcbench_3945,lcbench,CTRL_HMM,7,200,-99.59028625488281,0.29651162790697677,0.0,2,3,14,0.5983987000072375,0.10367649944964796,0.49472220055758953,0.7151162790697675,0.37398373983739835,0.28488372093023256,0.10204081632653061,0.0,
lcbench_3945,lcbench,CTRL_HMM,8,200,-99.56977844238281,0.3023255813953488,0.0,2,3,13,0.5569761999649927,0.09877659939229488,0.4581996005726978,0.7616279069767442,0.33587786259541985,0.23837209302325582,0.1951219512195122,0.0,
lcbench_3945,lcbench,CTRL_HMM,9,200,-99.56864166259766,0.26011560693641617,0.0,1,3,17,0.662505499960389,0.10410549963125959,0.5584000003291294,0.6473988439306358,0.2857142857142857,0.3236994219653179,0.23214285714285715,0.028901734104046242,0.0
lcbench_7593,lcbench,CTRL_HMM,0,200,-86.13825225830078,0.18023255813953487,0.0,4,1,14,0.5873498999862932,0.09534969966625795,0.4920002003200352,0.47093023255813954,0.16049382716049382,0.46511627906976744,0.225,0.06395348837209303,0.0
lcbench_7593,lcbench,CTRL_HMM,1,200,-86.11196899414062,0.26136363636363635,0.0,0,1,22,0.6732605999568477,0.0955299002234824,0.5777306997333653,0.4431818181818182,0.21794871794871795,0.5511363636363636,0.28865979381443296,0.005681818181818182,1.0
lcbench_7593,lcbench,CTRL_HMM,2,200,-86.82278442382812,0.17714285714285713,0.0,2,0,20,0.6239997000084259,0.1011301998514682,0.5228695001569577,0.3485714285714286,0.16393442622950818,0.64,0.1875,0.011428571428571429,0.0
lcbench_7593,lcbench,CTRL_HMM,3,200,-85.36430358886719,0.14450867052023122,0.0,4,0,14,0.6199737999704666,0.10570029995869845,0.5142735000117682,0.3872832369942196,0.14925373134328357,0.49710982658959535,0.1744186046511628,0.11560693641618497,0.0
lcbench_7593,lcbench,CTRL_HMM,4,200,-88.00521087646484,0.09826589595375723,0.0,4,0,15,0.5364004999864846,0.10073849983746186,0.4356620001490228,0.36416184971098264,0.047619047619047616,0.5606936416184971,0.13402061855670103,0.07514450867052024,0.07692307692307693
lcbench_7593,lcbench,CTRL_HMM,5,200,-86.38932800292969,0.11560693641618497,0.0,4,0,15,0.5992557999561541,0.10105660016415641,0.49819919979199767,0.3583815028901734,0.12903225806451613,0.5953757225433526,0.0970873786407767,0.046242774566473986,0.25
lcbench_7593,lcbench,CTRL_HMM,6,200,-85.417724609375,0.10344827586206896,0.0,3,0,15,0.5889943999936804,0.1044388004229404,0.48455559957074,0.40804597701149425,0.056338028169014086,0.5114942528735632,0.15730337078651685,0.08045977011494253,0.0
lcbench_7593,lcbench,CTRL_HMM,7,200,-88.23480224609375,0.10919540229885058,0.0,3,0,18,0.6224230999941938,0.09857170056784526,0.5238513994263485,0.25862068965517243,0.1111111111111111,0.6781609195402298,0.11864406779661017,0.06321839080459771,0.0
lcbench_7593,lcbench,CTRL_HMM,8,200,-86.9931869506836,0.14772727272727273,0.0,1,0,21,0.7739091999828815,0.12572669971268624,0.6481825002701953,0.24431818181818182,0.16279069767441862,0.6818181818181818,0.13333333333333333,0.07386363636363637,0.23076923076923078
lcbench_7593,lcbench,CTRL_HMM,9,200,-84.00495147705078,0.11627906976744186,0.0,4,1,11,0.5735939999576658,0.1055723003228195,0.4680216996348463,0.36627906976744184,0.15873015873015872,0.6162790697674418,0.09433962264150944,0.01744186046511628,0.0
noisy__ackley_10d,noisy,CTRL_HMM,0,500,12.720443692573005,0.09761388286334056,0.0,16,0,36,1.6575372000224888,0.13569220021599904,1.5218449998064898,0.19956616052060738,0.21739130434782608,0.720173535791757,0.06325301204819277,0.08026030368763558,0.10810810810810811
noisy__ackley_10d,noisy,CTRL_HMM,1,500,15.299323880381358,0.06739130434782609,0.0,17,0,33,1.8653558000223711,0.14801629999419674,1.7173395000281744,0.2,0.2391304347826087,0.5608695652173913,0.027131782945736434,0.2391304347826087,0.01818181818181818
noisy__ackley_10d,noisy,CTRL_HMM,2,500,15.128816058383972,0.08026030368763558,0.0,16,0,37,1.8677224999992177,0.1448419998632744,1.7228805001359433,0.1561822125813449,0.2361111111111111,0.6529284164859002,0.04983388704318937,0.19088937093275488,0.056818181818181816
noisy__ackley_10d,noisy,CTRL_HMM,3,500,15.155213509601161,0.06086956521739131,0.0,17,0,34,1.8884407000150532,0.14952050003921613,1.738920199975837,0.15434782608695652,0.30985915492957744,0.5978260869565217,0.02181818181818182,0.24782608695652175,0.0
noisy__ackley_10d,noisy,CTRL_HMM,4,500,14.297305713465711,0.08893709327548807,0.0,16,0,34,1.678103199985344,0.13625969999702647,1.5418434999883175,0.18655097613882862,0.3023255813953488,0.6030368763557483,0.04316546762589928,0.210412147505423,0.030927835051546393
noisy__ackley_10d,noisy,CTRL_HMM,5,500,14.747142101550352,0.1108695652173913,0.0,17,0,32,1.706944299978204,0.13748250133357942,1.5694617986446247,0.20434782608695654,0.3829787234042553,0.6760869565217391,0.04180064308681672,0.11956521739130435,0.03636363636363636
noisy__ackley_10d,noisy,CTRL_HMM,6,500,15.294351520467245,0.08676789587852494,0.0,16,0,37,1.8563571999548003,0.147233999799937,1.7091232001548633,0.18004338394793926,0.3493975903614458,0.5878524945770065,0.04059040590405904,0.23210412147505424,0.0
noisy__ackley_10d,noisy,CTRL_HMM,7,500,7.123819648712461,0.11397849462365592,0.0,12,0,48,1.977375500020571,0.14905519998865202,1.828320300031919,0.15698924731182795,0.1780821917808219,0.7376344086021506,0.10495626822157435,0.1053763440860215,0.08163265306122448
noisy__ackley_10d,noisy,CTRL_HMM,8,500,13.576455715395904,0.09956709956709957,0.0,15,0,36,1.9772143000154756,0.1551515996688977,1.822062700346578,0.17532467532467533,0.37037037037037035,0.6731601731601732,0.03858520900321544,0.15151515151515152,0.05714285714285714
noisy__ackley_10d,noisy,CTRL_HMM,9,500,15.185474402976302,0.08478260869565217,0.0,17,0,31,1.8531389000127092,0.15535409963922575,1.6977848003734834,0.16956521739130434,0.358974358974359,0.6195652173913043,0.031578947368421054,0.2108695652173913,0.020618556701030927
noisy__levy_10d,noisy,CTRL_HMM,0,500,0.19228436943526583,0.09935205183585313,0.0,14,0,44,2.042354199977126,0.1812198007828556,1.8611343991942704,0.4319654427645788,0.105,0.49676025917926564,0.08695652173913043,0.07127429805615551,0.15151515151515152
noisy__levy_10d,noisy,CTRL_HMM,1,500,3.096711829533274,0.09071274298056156,0.0,14,0,42,1.8401516999583691,0.15495250013191253,1.6851991998264566,0.4168466522678186,0.07772020725388601,0.468682505399568,0.11981566820276497,0.11447084233261338,0.018867924528301886
noisy__levy_10d,noisy,CTRL_HMM,2,500,-0.3422272227812817,0.09307359307359307,0.0,15,0,40,1.7505227000219747,0.15391630004160106,1.5966063999803737,0.4458874458874459,0.10194174757281553,0.44155844155844154,0.08333333333333333,0.11255411255411256,0.09615384615384616
noisy__levy_10d,noisy,CTRL_HMM,3,500,1.8952098781004039,0.08855291576673865,0.0,14,0,42,1.774434500024654,0.14707619865657762,1.6273583013680764,0.4146868250539957,0.078125,0.47300215982721383,0.0821917808219178,0.11231101511879049,0.15384615384615385
noisy__levy_10d,noisy,CTRL_HMM,4,500,-1.594250380519829,0.08441558441558442,0.0,15,0,40,1.6450459000188857,0.1393100005807355,1.5057358994381502,0.4025974025974026,0.05913978494623656,0.474025974025974,0.1050228310502283,0.12337662337662338,0.08771929824561403
noisy__levy_10d,noisy,CTRL_HMM,5,500,0.6878583414515718,0.13636363636363635,0.0,15,0,38,1.7271986000123434,0.14876919996459037,1.578429400047753,0.47619047619047616,0.10909090909090909,0.46320346320346323,0.17289719626168223,0.06060606060606061,0.07142857142857142
noisy__levy_10d,noisy,CTRL_HMM,6,500,7.148273269020832,0.07974137931034483,0.0,13,0,43,1.932854100014083,0.16181919997325167,1.7710349000408314,0.4547413793103448,0.10426540284360189,0.4396551724137931,0.04411764705882353,0.10560344827586207,0.12244897959183673
noisy__levy_10d,noisy,CTRL_HMM,7,500,0.11029354193846697,0.10822510822510822,0.0,15,0,39,1.7841959000215866,0.15467260091099888,1.6295232991105877,0.43506493506493504,0.08955223880597014,0.4588744588744589,0.14150943396226415,0.10606060606060606,0.04081632653061224
noisy__levy_10d,noisy,CTRL_HMM,8,500,3.4220855030083497,0.10173160173160173,0.0,15,0,39,1.955340199987404,0.16508309968048707,1.790257100306917,0.3787878787878788,0.06857142857142857,0.5173160173160173,0.11715481171548117,0.1038961038961039,0.14583333333333334
noisy__levy_10d,noisy,CTRL_HMM,9,500,-0.4829431110626037,0.07608695652173914,0.0,17,0,37,1.8159791000070982,0.15445139998337254,1.6615277000237256,0.4108695652173913,0.07407407407407407,0.4217391304347826,0.06701030927835051,0.1673913043478261,0.1038961038961039
noisy__rastrigin_10d,noisy,CTRL_HMM,0,500,56.30910933866135,0.1193058568329718,0.0,16,0,37,1.7815211999695748,0.14364809944527224,1.6378731005243026,0.31453362255965295,0.21379310344827587,0.579175704989154,0.06367041198501873,0.10629067245119306,0.14285714285714285
noisy__rastrigin_10d,noisy,CTRL_HMM,1,500,45.14521668581326,0.09935205183585313,0.0,14,0,40,2.0037660999805667,0.15322180010844022,1.8505442998721264,0.2267818574514039,0.19047619047619047,0.6695464362850972,0.07741935483870968,0.10367170626349892,0.041666666666666664
noisy__rastrigin_10d,noisy,CTRL_HMM,2,500,59.2949962108177,0.09523809523809523,0.0,15,0,37,1.8296663000364788,0.14249970013042912,1.6871665999060497,0.20562770562770563,0.24210526315789474,0.6255411255411255,0.04844290657439446,0.16883116883116883,0.08974358974358974
noisy__rastrigin_10d,noisy,CTRL_HMM,3,500,39.908184250728965,0.12258064516129032,0.0,12,0,45,2.061396099976264,0.15339830046286806,1.9079977995133959,0.2129032258064516,0.1919191919191919,0.7182795698924731,0.09281437125748503,0.06881720430107527,0.21875
noisy__rastrigin_10d,noisy,CTRL_HMM,4,500,41.24770123570399,0.11397849462365592,0.0,12,0,45,1.848850800015498,0.1416409001685679,1.70720989984693,0.2086021505376344,0.15463917525773196,0.6946236559139785,0.1021671826625387,0.0967741935483871,0.1111111111111111
noisy__rastrigin_10d,noisy,CTRL_HMM,5,500,51.44291525347789,0.0989247311827957,0.0,12,0,47,2.0377979000331834,0.14960369933396578,1.8881942006992176,0.24946236559139784,0.16379310344827586,0.6666666666666666,0.08064516129032258,0.08387096774193549,0.05128205128205128
noisy__rastrigin_10d,noisy,CTRL_HMM,6,500,83.66075729445492,0.08639308855291576,0.0,14,0,41,2.0846862999605946,0.15589020028710365,1.928796099673491,0.15982721382289417,0.25675675675675674,0.6069114470842333,0.05338078291814947,0.23326133909287258,0.05555555555555555
noisy__rastrigin_10d,noisy,CTRL_HMM,7,500,66.36056540306498,0.08225108225108226,0.0,15,0,35,1.7594924000441097,0.14018300018506125,1.6193093998590484,0.22510822510822512,0.19230769230769232,0.6341991341991342,0.05460750853242321,0.1406926406926407,0.03076923076923077
noisy__rastrigin_10d,noisy,CTRL_HMM,8,500,44.146369385071175,0.09740259740259741,0.0,15,0,39,1.9938072999939322,0.1573732988908887,1.8364340011030436,0.24675324675324675,0.17543859649122806,0.6341991341991342,0.06825938566552901,0.11904761904761904,0.09090909090909091
noisy__rastrigin_10d,noisy,CTRL_HMM,9,500,45.40546459252811,0.12958963282937366,0.0,14,0,42,1.8975378000177443,0.14729679946321994,1.7502410005545244,0.21382289416846653,0.18181818181818182,0.7062634989200864,0.11314984709480122,0.07991360691144708,0.13513513513513514
noisy__schwefel_10d,noisy,CTRL_HMM,0,500,1339.6770711915433,0.1101511879049676,0.0,14,0,44,1.8823789999587461,0.14080999977886677,1.7415690001798794,0.21166306695464362,0.17346938775510204,0.6781857451403888,0.09235668789808917,0.1101511879049676,0.09803921568627451
noisy__schwefel_10d,noisy,CTRL_HMM,1,500,1281.2282797937842,0.10367170626349892,0.0,14,0,39,1.7708221000502817,0.13782370008993894,1.6329983999603428,0.20950323974082075,0.20618556701030927,0.6328293736501079,0.08191126279863481,0.15766738660907129,0.0547945205479452
noisy__schwefel_10d,noisy,CTRL_HMM,2,500,1123.919960516806,0.0967741935483871,0.0,12,0,46,1.8392439000308514,0.13456880021840334,1.704675099812448,0.15483870967741936,0.19444444444444445,0.632258064516129,0.09183673469387756,0.2129032258064516,0.04040404040404041
noisy__schwefel_10d,noisy,CTRL_HMM,3,500,958.1460467878621,0.10822510822510822,0.0,15,0,38,1.7994241999695078,0.14023449993692338,1.6591897000325844,0.24891774891774893,0.1391304347826087,0.6601731601731602,0.09836065573770492,0.09090909090909091,0.09523809523809523
noisy__schwefel_10d,noisy,CTRL_HMM,4,500,1461.4000710104579,0.10845986984815618,0.0,16,0,35,1.96731830004137,0.15082449902547523,1.8164938010158949,0.23644251626898047,0.1926605504587156,0.6290672451193059,0.08620689655172414,0.13449023861171366,0.06451612903225806
noisy__schwefel_10d,noisy,CTRL_HMM,5,500,1664.9464319293206,0.12554112554112554,0.0,15,0,37,1.8724023000104353,0.16710010037058964,1.7053021996398456,0.22943722943722944,0.2830188679245283,0.6688311688311688,0.07766990291262135,0.10173160173160173,0.0851063829787234
noisy__schwefel_10d,noisy,CTRL_HMM,6,500,1014.394388809588,0.10151187904967603,0.0,14,0,41,1.9822113999980502,0.14678779896348715,1.835423601034563,0.24838012958963282,0.1826086956521739,0.67170626349892,0.07717041800643087,0.07991360691144708,0.05405405405405406
noisy__schwefel_10d,noisy,CTRL_HMM,7,500,1619.680393735854,0.14655172413793102,0.0,13,0,44,1.9700081999762915,0.15190270025050268,1.8181054997257888,0.28879310344827586,0.30597014925373134,0.6336206896551724,0.09183673469387756,0.07758620689655173,0.0
noisy__schwefel_10d,noisy,CTRL_HMM,8,500,1425.8276538610976,0.10173160173160173,0.0,15,0,41,2.1495752000482753,0.1605682999943383,1.989006900053937,0.23376623376623376,0.23148148148148148,0.6298701298701299,0.06872852233676977,0.13636363636363635,0.031746031746031744
noisy__schwefel_10d,noisy,CTRL_HMM,9,500,1110.6770597457703,0.13763440860215054,0.0,12,0,51,2.157943499973044,0.15391430008457974,2.004029199888464,0.15483870967741936,0.20833333333333334,0.7634408602150538,0.12112676056338029,0.08172043010752689,0.15789473684210525
noisy__sphere_10d,noisy,CTRL_HMM,0,500,0.4494395723954186,0.09071274298056156,0.0,14,0,42,1.8558313000248745,0.1408518991083838,1.7149794009164907,0.4060475161987041,0.05319148936170213,0.4924406047516199,0.11403508771929824,0.10151187904967603,0.1276595744680851
noisy__sphere_10d,noisy,CTRL_HMM,1,500,0.43688110569722294,0.09071274298056156,0.0,14,0,40,1.7299286000197753,0.12979119969531894,1.6001374003244564,0.41252699784017277,0.06806282722513089,0.509719222462203,0.1016949152542373,0.07775377969762419,0.1388888888888889
noisy__sphere_10d,noisy,CTRL_HMM,2,500,0.2774152582838592,0.11853448275862069,0.0,13,0,42,1.8258382999920286,0.13323580066207796,1.6926024993299507,0.4418103448275862,0.04878048780487805,0.46120689655172414,0.17289719626168223,0.09698275862068965,0.17777777777777778
noisy__sphere_10d,noisy,CTRL_HMM,3,500,0.41263577417427744,0.09247311827956989,0.0,12,0,45,1.9274128000251949,0.14268329937476665,1.7847295006504282,0.4064516129032258,0.06349206349206349,0.4924731182795699,0.10043668122270742,0.1010752688172043,0.1702127659574468
noisy__sphere_10d,noisy,CTRL_HMM,4,500,-0.29405686883483706,0.0989247311827957,0.0,12,0,47,1.830306899966672,0.1309080003411509,1.6993988996255212,0.40860215053763443,0.042105263157894736,0.4924731182795699,0.15283842794759825,0.0989247311827957,0.06521739130434782
noisy__sphere_10d,noisy,CTRL_HMM,5,500,0.08214427796328239,0.12688172043010754,0.0,12,0,48,1.9985749999759719,0.1460107997409068,1.852564200235065,0.41935483870967744,0.07179487179487179,0.5161290322580645,0.1625,0.06451612903225806,0.2
noisy__sphere_10d,noisy,CTRL_HMM,6,500,-0.5114550184871932,0.12958963282937366,0.0,14,0,42,1.749759600032121,0.13475490035489202,1.615004699677229,0.3930885529157667,0.07142857142857142,0.531317494600432,0.17479674796747968,0.0755939524838013,0.11428571428571428
noisy__sphere_10d,noisy,CTRL_HMM,7,500,1.0108724062441647,0.09327548806941431,0.0,16,0,37,1.752920200000517,0.13210590038215742,1.6208142996183597,0.42516268980477223,0.02040816326530612,0.44685466377440347,0.1650485436893204,0.1279826464208243,0.0847457627118644
noisy__sphere_10d,noisy,CTRL_HMM,8,500,0.23639074527944737,0.11637931034482758,0.0,13,0,44,1.9491438999539241,0.15273979934863746,1.7964041006052867,0.4331896551724138,0.05472636815920398,0.4676724137931034,0.17511520737327188,0.09913793103448276,0.10869565217391304
noisy__sphere_10d,noisy,CTRL_HMM,9,500,0.5056301667815163,0.10151187904967603,0.0,14,0,40,1.8732516000163741,0.1368102995911613,1.7364413004252128,0.4190064794816415,0.02577319587628866,0.5053995680345572,0.13675213675213677,0.0755939524838013,0.2857142857142857
