task,suite,method,seed,n_evals,best_loss,acceptance_rate,kernel_fraction_dream,n_rescues,n_reseeds,n_bw_refits,time_total,time_objective,time_overhead,frac_exploit,acc_exploit,frac_explore,acc_explore,frac_trapped,acc_trapped
cat__ackley_10d,cat,FMP_DREAM,0,500,8.975614274181952,0.14634146341463414,0.7215447154471545,0,0,96,2.989203000004636,0.03329219993611332,2.955910800068523,0.4613821138211382,0.13215859030837004,0.5264227642276422,0.15444015444015444,0.012195121951219513,0.3333333333333333
cat__ackley_10d,cat,FMP_DREAM,1,500,8.37903911833263,0.11991869918699187,0.7520325203252033,0,0,96,2.9277932999975746,0.03298589990299661,2.894807400094578,0.20934959349593496,0.05825242718446602,0.7703252032520326,0.13192612137203166,0.02032520325203252,0.3
cat__ackley_10d,cat,FMP_DREAM,2,500,8.185401315180481,0.1443089430894309,0.75,0,0,96,2.9712747000012314,0.035242099955212325,2.936032600046019,0.23983739837398374,0.17796610169491525,0.7601626016260162,0.13368983957219252,0.0,
cat__ackley_10d,cat,FMP_DREAM,3,500,11.21046663660663,0.14227642276422764,0.7398373983739838,0,0,96,2.88053619999846,0.033345799703965895,2.847190400294494,0.1951219512195122,0.17708333333333334,0.7967479674796748,0.1326530612244898,0.008130081300813009,0.25
cat__ackley_10d,cat,FMP_DREAM,4,500,7.4597287544006186,0.11178861788617886,0.733739837398374,0,0,96,2.9032145000091987,0.0347858002060093,2.8684286998031894,0.1402439024390244,0.08695652173913043,0.8455284552845529,0.11057692307692307,0.014227642276422764,0.42857142857142855
cat__ackley_10d,cat,FMP_DREAM,5,500,8.673722945678575,0.13821138211382114,0.7540650406504065,0,0,96,3.0259992000064813,0.03747900007874705,2.988520199927734,0.2886178861788618,0.09154929577464789,0.7032520325203252,0.15606936416184972,0.008130081300813009,0.25
cat__ackley_10d,cat,FMP_DREAM,6,500,7.925018622076944,0.13211382113821138,0.741869918699187,0,0,96,2.9216367000044556,0.035044199888943695,2.886592500115512,0.18495934959349594,0.12087912087912088,0.7967479674796748,0.12755102040816327,0.018292682926829267,0.4444444444444444
cat__ackley_10d,cat,FMP_DREAM,7,500,10.398838414925466,0.13008130081300814,0.7296747967479674,0,0,96,3.0170024999970337,0.036011099902680144,2.9809914000943536,0.2703252032520325,0.12781954887218044,0.7195121951219512,0.1271186440677966,0.01016260162601626,0.4
cat__ackley_10d,cat,FMP_DREAM,8,500,9.608511759781482,0.16666666666666666,0.717479674796748,0,0,96,2.821541699988302,0.03229350005858578,2.789248199929716,0.20528455284552846,0.2079207920792079,0.7804878048780488,0.15104166666666666,0.014227642276422764,0.42857142857142855
cat__ackley_10d,cat,FMP_DREAM,9,500,8.865031482242905,0.17276422764227642,0.7459349593495935,0,0,96,2.6952482999913627,0.03217550026602112,2.6630727997253416,0.34146341463414637,0.16071428571428573,0.6402439024390244,0.1746031746031746,0.018292682926829267,0.3333333333333333
cat__ackley_10d,cat,FMP_DREAM,10,500,9.427177077954688,0.1483739837398374,0.7621951219512195,0,0,96,2.7775679000042146,0.03327950013044756,2.744288399873767,0.2459349593495935,0.1322314049586777,0.741869918699187,0.14794520547945206,0.012195121951219513,0.5
cat__ackley_10d,cat,FMP_DREAM,11,500,10.154191864114408,0.15853658536585366,0.7296747967479674,0,0,96,2.8440185000072233,0.033018700167303905,2.8109997998399194,0.23373983739837398,0.21739130434782608,0.7378048780487805,0.1349862258953168,0.028455284552845527,0.2857142857142857
cat__ackley_10d,cat,FMP_DREAM,12,500,7.896387099790939,0.17479674796747968,0.7398373983739838,0,0,96,2.5994024999963585,0.030100100091658533,2.5693023999047,0.22357723577235772,0.16363636363636364,0.75,0.17615176151761516,0.026422764227642278,0.23076923076923078
cat__ackley_10d,cat,FMP_DREAM,13,500,8.863298879935087,0.12398373983739837,0.7642276422764228,0,0,96,2.608719600000768,0.03182310002739541,2.5768964999733726,0.266260162601626,0.11450381679389313,0.7317073170731707,0.125,0.0020325203252032522,1.0
cat__ackley_10d,cat,FMP_DREAM,14,500,10.440106619839595,0.11585365853658537,0.7621951219512195,0,0,96,2.576964300009422,0.031118799903197214,2.545845500106225,0.32113821138211385,0.13291139240506328,0.6422764227642277,0.0981012658227848,0.036585365853658534,0.2777777777777778
cat__ackley_10d,cat,FMP_DREAM,15,500,9.212952207394563,0.16463414634146342,0.7357723577235772,0,0,96,2.739672800002154,0.032137600137502886,2.707535199864651,0.1951219512195122,0.21875,0.7967479674796748,0.14540816326530612,0.008130081300813009,0.75
cat__ackley_10d,cat,FMP_DREAM,16,500,8.30977505083789,0.13414634146341464,0.7378048780487805,0,0,96,2.6833721000002697,0.0315726002008887,2.651799499799381,0.4491869918699187,0.08144796380090498,0.5386178861788617,0.17358490566037735,0.012195121951219513,0.3333333333333333
cat__ackley_10d,cat,FMP_DREAM,17,500,10.278238849046364,0.16260162601626016,0.7479674796747967,0,0,96,2.799377100003767,0.032938500080490485,2.7664385999232763,0.2845528455284553,0.2,0.709349593495935,0.14326647564469913,0.006097560975609756,0.6666666666666666
cat__ackley_10d,cat,FMP_DREAM,18,500,7.907571381615922,0.13414634146341464,0.7540650406504065,0,0,96,2.6585828000097536,0.03147529982379638,2.627107500185957,0.2784552845528455,0.10948905109489052,0.7052845528455285,0.13544668587896252,0.016260162601626018,0.5
cat__ackley_10d,cat,FMP_DREAM,19,500,8.927196343456533,0.1402439024390244,0.7540650406504065,0,0,96,2.753332299995236,0.03231219988083467,2.7210201001144014,0.18902439024390244,0.13978494623655913,0.7601626016260162,0.13636363636363635,0.0508130081300813,0.2
cat__levy_10d,cat,FMP_DREAM,0,500,5.345011995175991,0.14227642276422764,0.758130081300813,0,0,96,2.64214089998859,0.038517400025739335,2.6036234999628505,0.25609756097560976,0.12698412698412698,0.7378048780487805,0.14049586776859505,0.006097560975609756,1.0
cat__levy_10d,cat,FMP_DREAM,1,500,3.096592611655269,0.14227642276422764,0.7235772357723578,0,0,96,2.6119324000028428,0.037748600050690584,2.574183799952152,0.2865853658536585,0.09929078014184398,0.6890243902439024,0.15339233038348082,0.024390243902439025,0.3333333333333333
cat__levy_10d,cat,FMP_DREAM,2,500,1.251330675690039,0.14227642276422764,0.7479674796747967,0,0,96,2.816158000001451,0.03973169990058523,2.7764263001008658,0.2703252032520325,0.20300751879699247,0.7235772357723578,0.1151685393258427,0.006097560975609756,0.6666666666666666
cat__levy_10d,cat,FMP_DREAM,3,500,7.736200060497623,0.13008130081300814,0.7479674796747967,0,0,96,2.7281741999904625,0.039275800008908845,2.6888983999815537,0.23373983739837398,0.19130434782608696,0.7296747967479674,0.10584958217270195,0.036585365853658534,0.2222222222222222
cat__levy_10d,cat,FMP_DREAM,4,500,3.2694574957863494,0.16666666666666666,0.7113821138211383,0,0,96,3.1255939999973634,0.04632610005501192,3.0792678999423515,0.3130081300813008,0.16883116883116883,0.6788617886178862,0.16167664670658682,0.008130081300813009,0.5
cat__levy_10d,cat,FMP_DREAM,5,500,6.986219226887997,0.1443089430894309,0.7642276422764228,0,0,96,2.8989501999894856,0.04389799990167376,2.855052200087812,0.24796747967479674,0.20491803278688525,0.7235772357723578,0.11797752808988764,0.028455284552845527,0.2857142857142857
cat__levy_10d,cat,FMP_DREAM,6,500,7.159200759369611,0.1483739837398374,0.7459349593495935,0,0,96,2.959094699996058,0.042981899896403775,2.916112800099654,0.25609756097560976,0.1349206349206349,0.7276422764227642,0.14804469273743018,0.016260162601626018,0.375
cat__levy_10d,cat,FMP_DREAM,7,500,2.45172151654516,0.17682926829268292,0.7357723577235772,0,0,96,3.0598626999999397,0.04309199999261182,3.016770700007328,0.3048780487804878,0.18,0.6808943089430894,0.1701492537313433,0.014227642276422764,0.42857142857142855
cat__levy_10d,cat,FMP_DREAM,8,500,3.932494552152861,0.13414634146341464,0.7439024390243902,0,0,96,2.8487423000042327,0.04271600009815302,2.8060262999060797,0.21544715447154472,0.19811320754716982,0.758130081300813,0.10991957104557641,0.026422764227642278,0.3076923076923077
cat__levy_10d,cat,FMP_DREAM,9,500,5.49387047072203,0.1910569105691057,0.6971544715447154,0,0,96,3.049501000001328,0.04247429998940788,3.00702670001192,0.39227642276422764,0.19170984455958548,0.6036585365853658,0.18518518518518517,0.0040650406504065045,1.0
cat__levy_10d,cat,FMP_DREAM,10,500,3.6582250296499628,0.15447154471544716,0.733739837398374,0,0,96,2.750673899994581,0.04101400007493794,2.709659899919643,0.25203252032520324,0.18548387096774194,0.7215447154471545,0.13802816901408452,0.026422764227642278,0.3076923076923077
cat__levy_10d,cat,FMP_DREAM,11,500,2.7575199136228274,0.17682926829268292,0.7276422764227642,0,0,96,2.7163239999936195,0.04563599987886846,2.670688000114751,0.28252032520325204,0.15827338129496402,0.7012195121951219,0.17971014492753623,0.016260162601626018,0.375
cat__levy_10d,cat,FMP_DREAM,12,500,2.825518057024953,0.18292682926829268,0.6971544715447154,0,0,96,2.940223400000832,0.04289670000434853,2.8973266999964835,0.3150406504065041,0.2129032258064516,0.6849593495934959,0.16913946587537093,0.0,
cat__levy_10d,cat,FMP_DREAM,13,500,3.8224445448179574,0.15040650406504066,0.7601626016260162,0,0,96,2.585331300011603,0.0393868999381084,2.5459444000734948,0.3089430894308943,0.125,0.6890243902439024,0.1592920353982301,0.0020325203252032522,1.0
cat__levy_10d,cat,FMP_DREAM,14,500,7.370856084080738,0.1565040650406504,0.7398373983739838,0,0,96,2.7903088000020944,0.04130519997852389,2.7490036000235705,0.2804878048780488,0.17391304347826086,0.7073170731707317,0.14655172413793102,0.012195121951219513,0.3333333333333333
cat__levy_10d,cat,FMP_DREAM,15,500,0.76594748032711,0.18699186991869918,0.717479674796748,0,0,96,2.7687199000065448,0.039786300039850175,2.7289335999666946,0.3150406504065041,0.21935483870967742,0.6727642276422764,0.1691842900302115,0.012195121951219513,0.3333333333333333
cat__levy_10d,cat,FMP_DREAM,16,500,5.697458030700604,0.16869918699186992,0.717479674796748,0,0,96,2.671192699999665,0.038321299784001894,2.632871400215663,0.2967479674796748,0.18493150684931506,0.6910569105691057,0.1588235294117647,0.012195121951219513,0.3333333333333333
cat__levy_10d,cat,FMP_DREAM,17,500,8.835249110976145,0.14634146341463414,0.7398373983739838,0,0,96,2.507664199991268,0.037636499968357384,2.4700277000229107,0.2459349593495935,0.1322314049586777,0.7357723577235772,0.143646408839779,0.018292682926829267,0.4444444444444444
cat__levy_10d,cat,FMP_DREAM,18,500,3.8739373754056774,0.15040650406504066,0.7764227642276422,0,0,96,2.4870654999976978,0.03760709990456235,2.4494584000931354,0.25203252032520324,0.16129032258064516,0.7296747967479674,0.14206128133704735,0.018292682926829267,0.3333333333333333
cat__levy_10d,cat,FMP_DREAM,19,500,2.236328771883581,0.1483739837398374,0.717479674796748,0,0,96,2.459537700007786,0.03693290015507955,2.4226047998527065,0.28252032520325204,0.1223021582733813,0.7073170731707317,0.15804597701149425,0.01016260162601626,0.2
cat__rastrigin_10d,cat,FMP_DREAM,0,500,71.95473171735617,0.13211382113821138,0.7398373983739838,0,0,96,2.6544679000071483,0.02847459985059686,2.6259933001565514,0.17886178861788618,0.18181818181818182,0.8089430894308943,0.11557788944723618,0.012195121951219513,0.5
cat__rastrigin_10d,cat,FMP_DREAM,1,500,65.85916714222728,0.11991869918699187,0.7601626016260162,0,0,96,2.673061299996334,0.02881889983837027,2.644242400157964,0.13008130081300814,0.171875,0.8252032520325203,0.10344827586206896,0.044715447154471545,0.2727272727272727
cat__rastrigin_10d,cat,FMP_DREAM,2,500,66.41531509161209,0.11178861788617886,0.7296747967479674,0,0,96,2.789503499996499,0.02918449987191707,2.760319000124582,0.13617886178861788,0.1791044776119403,0.8373983739837398,0.09223300970873786,0.026422764227642278,0.38461538461538464
cat__rastrigin_10d,cat,FMP_DREAM,3,500,60.66259948689283,0.12804878048780488,0.717479674796748,0,0,96,2.6768996000027983,0.027858299974468537,2.6490413000283297,0.15040650406504066,0.13513513513513514,0.8252032520325203,0.1206896551724138,0.024390243902439025,0.3333333333333333
cat__rastrigin_10d,cat,FMP_DREAM,4,500,58.568731634942736,0.10365853658536585,0.717479674796748,0,0,96,2.7081514000019524,0.02760260016657412,2.6805487998353783,0.12804878048780488,0.09523809523809523,0.8556910569105691,0.0997624703087886,0.016260162601626018,0.375
cat__rastrigin_10d,cat,FMP_DREAM,5,500,70.40295304623797,0.1524390243902439,0.766260162601626,0,0,96,2.5403197999985423,0.027689500071574003,2.5126302999269683,0.1443089430894309,0.15492957746478872,0.8394308943089431,0.15012106537530268,0.016260162601626018,0.25
cat__rastrigin_10d,cat,FMP_DREAM,6,500,47.7137953082251,0.10569105691056911,0.7439024390243902,0,0,96,2.743329700009781,0.029448400091496296,2.7138812999182846,0.12804878048780488,0.1111111111111111,0.8414634146341463,0.09420289855072464,0.03048780487804878,0.4
cat__rastrigin_10d,cat,FMP_DREAM,7,500,56.83570378904267,0.15040650406504066,0.7296747967479674,0,0,96,2.706872900002054,0.0294199998897966,2.6774529001122573,0.15447154471544716,0.14473684210526316,0.8333333333333334,0.14634146341463414,0.012195121951219513,0.5
cat__rastrigin_10d,cat,FMP_DREAM,8,500,64.29502862724699,0.13211382113821138,0.7215447154471545,0,0,96,2.941619700010051,0.02931979986897204,2.912299900141079,0.10569105691056911,0.2692307692307692,0.8495934959349594,0.11004784688995216,0.044715447154471545,0.22727272727272727
cat__rastrigin_10d,cat,FMP_DREAM,9,500,62.51311679918841,0.12804878048780488,0.758130081300813,0,0,96,2.6396207999932813,0.028763000009348616,2.6108577999839326,0.13617886178861788,0.1791044776119403,0.8495934959349594,0.11004784688995216,0.014227642276422764,0.7142857142857143
cat__rastrigin_10d,cat,FMP_DREAM,10,500,57.59887704883357,0.12804878048780488,0.7459349593495935,0,0,96,2.6394789000041783,0.02839230003883131,2.611086599965347,0.14227642276422764,0.12857142857142856,0.8414634146341463,0.12560386473429952,0.016260162601626018,0.25
cat__rastrigin_10d,cat,FMP_DREAM,11,500,69.47730587224622,0.15040650406504066,0.7296747967479674,0,0,96,2.9245223000034457,0.03199790017970372,2.892524399823742,0.17682926829268292,0.14942528735632185,0.7987804878048781,0.1475826972010178,0.024390243902439025,0.25
cat__rastrigin_10d,cat,FMP_DREAM,12,500,54.33322925194167,0.11991869918699187,0.7479674796747967,0,0,96,2.839246400006232,0.03176670007815119,2.8074796999280807,0.1483739837398374,0.0821917808219178,0.8414634146341463,0.12318840579710146,0.01016260162601626,0.4
cat__rastrigin_10d,cat,FMP_DREAM,13,500,58.40072132087089,0.10772357723577236,0.7520325203252033,0,0,96,2.9734935999877052,0.029724600273766555,2.9437689997139387,0.11991869918699187,0.15254237288135594,0.8638211382113821,0.09411764705882353,0.016260162601626018,0.5
cat__rastrigin_10d,cat,FMP_DREAM,14,500,65.49113505317047,0.1016260162601626,0.7642276422764228,0,0,96,2.8231360999925528,0.030331699963426217,2.7928044000291266,0.13008130081300814,0.078125,0.8475609756097561,0.09832134292565947,0.022357723577235773,0.36363636363636365
cat__rastrigin_10d,cat,FMP_DREAM,15,500,68.80561597343996,0.1402439024390244,0.7520325203252033,0,0,96,2.9241517999907956,0.03167259994370397,2.8924792000470916,0.1402439024390244,0.17391304347826086,0.8373983739837398,0.1262135922330097,0.022357723577235773,0.45454545454545453
cat__rastrigin_10d,cat,FMP_DREAM,16,500,70.24503364183391,0.16869918699186992,0.7398373983739838,0,0,96,3.020606999998563,0.03409830007876735,2.9865086999197956,0.1565040650406504,0.2857142857142857,0.823170731707317,0.14074074074074075,0.02032520325203252,0.4
cat__rastrigin_10d,cat,FMP_DREAM,17,500,47.76073147473723,0.13008130081300814,0.7357723577235772,0,0,96,2.957859300004202,0.03207649997784756,2.9257828000263544,0.10569105691056911,0.17307692307692307,0.8475609756097561,0.1223021582733813,0.046747967479674794,0.17391304347826086
cat__rastrigin_10d,cat,FMP_DREAM,18,500,62.8740554034309,0.12804878048780488,0.75,0,0,96,2.901594099996146,0.032043200175394304,2.8695508998207515,0.1402439024390244,0.15942028985507245,0.8211382113821138,0.11386138613861387,0.03861788617886179,0.3157894736842105
cat__rastrigin_10d,cat,FMP_DREAM,19,500,54.885293738253864,0.1402439024390244,0.7479674796747967,0,0,96,2.7594768999988446,0.029336600069655105,2.7301402999291895,0.16869918699186992,0.2289156626506024,0.8130081300813008,0.1225,0.018292682926829267,0.1111111111111111
cat__schwefel_10d,cat,FMP_DREAM,0,500,1998.7250197257395,0.11788617886178862,0.7439024390243902,0,0,96,2.7112176999944495,0.02557230023376178,2.6856453997606877,0.14634146341463414,0.20833333333333334,0.823170731707317,0.0962962962962963,0.03048780487804878,0.26666666666666666
cat__schwefel_10d,cat,FMP_DREAM,1,500,2081.181361577841,0.13821138211382114,0.741869918699187,0,0,96,2.5593488000013167,0.025730200170073658,2.533618599831243,0.14634146341463414,0.19444444444444445,0.8109756097560976,0.11779448621553884,0.042682926829268296,0.3333333333333333
cat__schwefel_10d,cat,FMP_DREAM,2,500,1839.3543518007036,0.14634146341463414,0.7378048780487805,0,0,96,2.626623100004508,0.025385000131791458,2.6012380998727167,0.15040650406504066,0.17567567567567569,0.8089430894308943,0.135678391959799,0.04065040650406504,0.25
cat__schwefel_10d,cat,FMP_DREAM,3,500,1008.3106593144789,0.12601626016260162,0.7357723577235772,0,0,96,2.8067751999915345,0.026672400068491697,2.7801027999230428,0.15447154471544716,0.15789473684210525,0.806910569105691,0.11083123425692695,0.03861788617886179,0.3157894736842105
cat__schwefel_10d,cat,FMP_DREAM,4,500,1572.2607139067118,0.11178861788617886,0.7154471544715447,0,0,96,2.6871436999936122,0.02609709996613674,2.6610466000274755,0.16260162601626016,0.15,0.8252032520325203,0.10098522167487685,0.012195121951219513,0.3333333333333333
cat__schwefel_10d,cat,FMP_DREAM,5,500,1070.6735708892547,0.13617886178861788,0.7601626016260162,0,0,96,2.5966530999867246,0.027535499990335666,2.569117599996389,0.1402439024390244,0.14492753623188406,0.8292682926829268,0.12745098039215685,0.03048780487804878,0.3333333333333333
cat__schwefel_10d,cat,FMP_DREAM,6,500,2127.885940912139,0.13414634146341464,0.725609756097561,0,0,96,2.7283055000007153,0.02666189988667611,2.701643600114039,0.14227642276422764,0.11428571428571428,0.8414634146341463,0.13285024154589373,0.016260162601626018,0.375
cat__schwefel_10d,cat,FMP_DREAM,7,500,1425.976768319244,0.10975609756097561,0.741869918699187,0,0,96,2.6715571000095224,0.025693099698401056,2.6458640003111213,0.13211382113821138,0.1076923076923077,0.8414634146341463,0.0966183574879227,0.026422764227642278,0.5384615384615384
cat__schwefel_10d,cat,FMP_DREAM,8,500,1202.9616245876496,0.1443089430894309,0.7235772357723578,0,0,96,2.7522323000011966,0.025945999921532348,2.726286300079664,0.16463414634146342,0.14814814814814814,0.8252032520325203,0.13793103448275862,0.01016260162601626,0.6
cat__schwefel_10d,cat,FMP_DREAM,9,500,1935.201485469468,0.13008130081300814,0.7459349593495935,0,0,96,2.8249367000098573,0.027574600069783628,2.7973620999400737,0.14634146341463414,0.125,0.8455284552845529,0.12740384615384615,0.008130081300813009,0.5
cat__schwefel_10d,cat,FMP_DREAM,10,500,1206.100433561127,0.13211382113821138,0.7296747967479674,0,0,96,2.7572160999989137,0.026795699988724664,2.730420400010189,0.13414634146341464,0.18181818181818182,0.8434959349593496,0.1180722891566265,0.022357723577235773,0.36363636363636365
cat__schwefel_10d,cat,FMP_DREAM,11,500,1624.0610223605645,0.12195121951219512,0.7195121951219512,0,0,96,2.8445243000023765,0.027910900054848753,2.816613399947528,0.13414634146341464,0.15151515151515152,0.8414634146341463,0.10869565217391304,0.024390243902439025,0.4166666666666667
cat__schwefel_10d,cat,FMP_DREAM,12,500,1070.1638340155673,0.1443089430894309,0.7215447154471545,0,0,96,3.1196844999940367,0.028990699851419777,3.090693800142617,0.13008130081300814,0.15625,0.8333333333333334,0.13658536585365855,0.036585365853658534,0.2777777777777778
cat__schwefel_10d,cat,FMP_DREAM,13,500,1157.1013968560665,0.12804878048780488,0.7540650406504065,0,0,96,2.874159699989832,0.028622000041650608,2.8455376999481814,0.15040650406504066,0.16216216216216217,0.8272357723577236,0.11793611793611794,0.022357723577235773,0.2727272727272727
cat__schwefel_10d,cat,FMP_DREAM,14,500,1396.6233635605422,0.14634146341463414,0.75,0,0,96,2.9702863999991678,0.03312980005284771,2.93715659994632,0.12601626016260162,0.22580645161290322,0.8556910569105691,0.12826603325415678,0.018292682926829267,0.4444444444444444
cat__schwefel_10d,cat,FMP_DREAM,15,500,1856.3039336869751,0.0975609756097561,0.7682926829268293,0,0,96,2.7833614999981364,0.030283300133305602,2.753078199864831,0.14227642276422764,0.14285714285714285,0.8211382113821138,0.08168316831683169,0.036585365853658534,0.2777777777777778
cat__schwefel_10d,cat,FMP_DREAM,16,500,1703.8490936712037,0.12601626016260162,0.6788617886178862,0,0,96,3.229726400008076,0.033977699946262874,3.195748700061813,0.1443089430894309,0.16901408450704225,0.8475609756097561,0.11510791366906475,0.008130081300813009,0.5
cat__schwefel_10d,cat,FMP_DREAM,17,500,2312.069952543714,0.13414634146341464,0.741869918699187,0,0,96,3.0604355999967083,0.02893639991816599,3.0314992000785423,0.13821138211382114,0.19117647058823528,0.8414634146341463,0.11835748792270531,0.02032520325203252,0.4
cat__schwefel_10d,cat,FMP_DREAM,18,500,1087.125328467307,0.14227642276422764,0.7560975609756098,0,0,96,3.0179651999933412,0.029613899838295765,2.9883513001550455,0.17479674796747968,0.16279069767441862,0.7926829268292683,0.13076923076923078,0.032520325203252036,0.3125
cat__schwefel_10d,cat,FMP_DREAM,19,500,1581.1953514790694,0.12804878048780488,0.7317073170731707,0,0,96,3.0727347000065492,0.028899400174850598,3.0438352998316986,0.1524390243902439,0.16,0.8313008130081301,0.11246943765281174,0.016260162601626018,0.625
cat__sphere_10d,cat,FMP_DREAM,0,500,1.0734705852317623,0.1910569105691057,0.733739837398374,0,0,96,2.940192299996852,0.0256710000539897,2.9145212999428622,0.3475609756097561,0.21637426900584794,0.6524390243902439,0.17757009345794392,0.0,
cat__sphere_10d,cat,FMP_DREAM,1,500,1.9584034937106263,0.18902439024390244,0.725609756097561,0,0,96,2.878013200010173,0.025477800067164935,2.852535399943008,0.3353658536585366,0.2606060606060606,0.6544715447154471,0.15217391304347827,0.01016260162601626,0.2
cat__sphere_10d,cat,FMP_DREAM,2,500,1.353066334150755,0.17886178861788618,0.7296747967479674,0,0,96,2.9248020999948494,0.025284300179919228,2.89951779981493,0.29471544715447157,0.2,0.6951219512195121,0.16666666666666666,0.01016260162601626,0.4
cat__sphere_10d,cat,FMP_DREAM,3,500,2.4997314325375086,0.16869918699186992,0.7276422764227642,0,0,96,2.833646900005988,0.024602199919172563,2.8090447000868153,0.25203252032520324,0.1935483870967742,0.725609756097561,0.15406162464985995,0.022357723577235773,0.36363636363636365
cat__sphere_10d,cat,FMP_DREAM,4,500,3.5057401170624423,0.1524390243902439,0.7621951219512195,0,0,96,2.926512099991669,0.028670499988947995,2.897841600002721,0.24390243902439024,0.2,0.75,0.13279132791327913,0.006097560975609756,0.6666666666666666
cat__sphere_10d,cat,FMP_DREAM,5,500,1.114183686808316,0.1524390243902439,0.774390243902439,0,0,96,2.830428100001882,0.03768810015753843,2.7927399998443434,0.2804878048780488,0.15942028985507245,0.7113821138211383,0.1457142857142857,0.008130081300813009,0.5
cat__sphere_10d,cat,FMP_DREAM,6,500,1.3864047676353382,0.18292682926829268,0.7215447154471545,0,0,96,3.0593260000023292,0.042147099899011664,3.0171789001033176,0.27439024390243905,0.2,0.7154471544715447,0.17045454545454544,0.01016260162601626,0.6
cat__sphere_10d,cat,FMP_DREAM,7,500,3.767682772431827,0.21544715447154472,0.7032520325203252,0,0,96,2.9496978999959538,0.02699919993756339,2.9226987000583904,0.3617886178861789,0.2247191011235955,0.6341463414634146,0.20833333333333334,0.0040650406504065045,0.5
cat__sphere_10d,cat,FMP_DREAM,8,500,1.0610396906996664,0.19715447154471544,0.709349593495935,0,0,96,2.8271332000003895,0.025459700234932825,2.8016734997654567,0.2926829268292683,0.1527777777777778,0.7052845528455285,0.2132564841498559,0.0020325203252032522,1.0
cat__sphere_10d,cat,FMP_DREAM,9,500,3.454963165987765,0.1910569105691057,0.7296747967479674,0,0,96,2.887138399994001,0.026309900000342168,2.8608284999936586,0.2764227642276423,0.19852941176470587,0.7215447154471545,0.18591549295774648,0.0020325203252032522,1.0
cat__sphere_10d,cat,FMP_DREAM,10,500,7.30318466977069,0.15040650406504066,0.7621951219512195,0,0,96,2.6346102000097744,0.025052100012544543,2.60955809999723,0.2540650406504065,0.184,0.725609756097561,0.13445378151260504,0.02032520325203252,0.3
cat__sphere_10d,cat,FMP_DREAM,11,500,1.5384607178778997,0.15447154471544716,0.7520325203252033,0,0,96,2.669130000009318,0.025886000134050846,2.643243999875267,0.24390243902439024,0.225,0.7378048780487805,0.12672176308539945,0.018292682926829267,0.3333333333333333
cat__sphere_10d,cat,FMP_DREAM,12,500,2.8014669913128407,0.18902439024390244,0.7317073170731707,0,0,96,2.823872899985872,0.025041899978532456,2.7988310000073398,0.3353658536585366,0.23636363636363636,0.6605691056910569,0.16,0.0040650406504065045,1.0
cat__sphere_10d,cat,FMP_DREAM,13,500,1.948834719137044,0.15853658536585366,0.790650406504065,0,0,96,2.510083199988003,0.024551599795813672,2.485531600192189,0.23373983739837398,0.16521739130434782,0.7621951219512195,0.152,0.0040650406504065045,1.0
cat__sphere_10d,cat,FMP_DREAM,14,500,4.54917777680755,0.19715447154471544,0.7560975609756098,0,0,96,2.706980399991153,0.024841200007358566,2.6821391999837942,0.2804878048780488,0.2318840579710145,0.7073170731707317,0.1752873563218391,0.012195121951219513,0.6666666666666666
cat__sphere_10d,cat,FMP_DREAM,15,500,0.7320599959476054,0.18089430894308944,0.7459349593495935,0,0,96,2.817643999995198,0.025199799842084758,2.7924442001531133,0.3008130081300813,0.19594594594594594,0.6808943089430894,0.16716417910447762,0.018292682926829267,0.4444444444444444
cat__sphere_10d,cat,FMP_DREAM,16,500,4.827140238768839,0.14634146341463414,0.7540650406504065,0,0,96,2.826384899992263,0.025305600007413886,2.801079299984849,0.2601626016260163,0.140625,0.7154471544715447,0.13920454545454544,0.024390243902439025,0.4166666666666667
cat__sphere_10d,cat,FMP_DREAM,17,500,1.556122948321967,0.16463414634146342,0.7378048780487805,0,0,96,2.74255730000732,0.024731700133997947,2.717825599873322,0.266260162601626,0.15267175572519084,0.725609756097561,0.16526610644257703,0.008130081300813009,0.5
cat__sphere_10d,cat,FMP_DREAM,18,500,1.6182290996792659,0.17073170731707318,0.7540650406504065,0,0,96,2.651110199993127,0.02464880004117731,2.6264613999519497,0.3048780487804878,0.19333333333333333,0.6951219512195121,0.1608187134502924,0.0,
cat__sphere_10d,cat,FMP_DREAM,19,500,2.116907805916816,0.18292682926829268,0.741869918699187,0,0,96,2.7174953000067035,0.024082300267764367,2.693412999738939,0.2967479674796748,0.18493150684931506,0.6951219512195121,0.1783625730994152,0.008130081300813009,0.5
cont__ackley_10d,cont,FMP_DREAM,0,500,7.768544542407065,0.16056910569105692,0.7134146341463414,0,0,96,2.4622279000031995,0.02777589990000706,2.4344520001031924,0.26422764227642276,0.16153846153846155,0.7154471544715447,0.1590909090909091,0.02032520325203252,0.2
cont__ackley_10d,cont,FMP_DREAM,1,500,11.126088592786145,0.13821138211382114,0.7276422764227642,0,0,96,2.365603700003703,0.029508100007660687,2.3360955999960424,0.17276422764227642,0.1411764705882353,0.7886178861788617,0.13659793814432988,0.03861788617886179,0.15789473684210525
cont__ackley_10d,cont,FMP_DREAM,2,500,8.339990242904783,0.1402439024390244,0.709349593495935,0,0,96,2.470523399999365,0.028233200355316512,2.4422901996440487,0.23170731707317074,0.12280701754385964,0.758130081300813,0.1447721179624665,0.01016260162601626,0.2
cont__ackley_10d,cont,FMP_DREAM,3,500,8.010459608561701,0.1565040650406504,0.7113821138211383,0,0,96,2.5214231999998447,0.03211689993622713,2.4893063000636175,0.2032520325203252,0.16,0.790650406504065,0.15424164524421594,0.006097560975609756,0.3333333333333333
cont__ackley_10d,cont,FMP_DREAM,4,500,9.41174095274866,0.16056910569105692,0.709349593495935,0,0,96,2.4732049999875017,0.029285600161529146,2.4439193998259725,0.18495934959349594,0.2087912087912088,0.8130081300813008,0.1475,0.0020325203252032522,1.0
cont__ackley_10d,cont,FMP_DREAM,5,500,10.412302023099757,0.16869918699186992,0.7378048780487805,0,0,96,2.4168757000006735,0.029434500145725906,2.3874411998549476,0.3699186991869919,0.14835164835164835,0.6097560975609756,0.17666666666666667,0.02032520325203252,0.3
cont__ackley_10d,cont,FMP_DREAM,6,500,9.78265711253386,0.13617886178861788,0.7439024390243902,0,0,96,2.3227936000039335,0.028527600225061178,2.2942659997788724,0.17682926829268292,0.11494252873563218,0.806910569105691,0.13602015113350127,0.016260162601626018,0.375
cont__ackley_10d,cont,FMP_DREAM,7,500,12.369449550963797,0.15040650406504066,0.7296747967479674,0,0,96,2.5124639999994542,0.029351200166274793,2.4831127998331795,0.2621951219512195,0.13953488372093023,0.725609756097561,0.15126050420168066,0.012195121951219513,0.3333333333333333
cont__ackley_10d,cont,FMP_DREAM,8,500,7.981547064219953,0.17073170731707318,0.7398373983739838,0,0,96,2.2341626999987056,0.0274716998974327,2.206691000101273,0.21138211382113822,0.21153846153846154,0.782520325203252,0.15584415584415584,0.006097560975609756,0.6666666666666666
cont__ackley_10d,cont,FMP_DREAM,9,500,10.63571846431412,0.1524390243902439,0.758130081300813,0,0,96,2.3360048000031384,0.029614600192871876,2.3063901998102665,0.2073170731707317,0.12745098039215685,0.7804878048780488,0.15364583333333334,0.012195121951219513,0.5
cont__ackley_10d,cont,FMP_DREAM,10,500,9.897390868048074,0.14634146341463414,0.741869918699187,0,0,96,2.383483099998557,0.029179199918871745,2.3543039000796853,0.16869918699186992,0.12048192771084337,0.8008130081300813,0.14974619289340102,0.03048780487804878,0.2
cont__ackley_10d,cont,FMP_DREAM,11,500,8.793324274188027,0.14227642276422764,0.7134146341463414,0,0,96,2.332277499997872,0.02854759991168976,2.303729900086182,0.16869918699186992,0.18072289156626506,0.8292682926829268,0.1323529411764706,0.0020325203252032522,1.0
cont__ackley_10d,cont,FMP_DREAM,12,500,11.109285357889373,0.16666666666666666,0.766260162601626,0,0,96,2.1990977999957977,0.027975800112471916,2.1711219998833258,0.2459349593495935,0.2727272727272727,0.725609756097561,0.12885154061624648,0.028455284552845527,0.21428571428571427
cont__ackley_10d,cont,FMP_DREAM,13,500,8.266437054681466,0.13211382113821138,0.7296747967479674,0,0,96,2.1765895999997156,0.02715100003115367,2.149438599968562,0.3150406504065041,0.10967741935483871,0.6707317073170732,0.14242424242424243,0.014227642276422764,0.14285714285714285
cont__ackley_10d,cont,FMP_DREAM,14,500,8.985652131632603,0.1483739837398374,0.7560975609756098,0,0,96,2.19442970000091,0.026799100058269687,2.1676305999426404,0.25,0.11382113821138211,0.733739837398374,0.15789473684210525,0.016260162601626018,0.25
cont__ackley_10d,cont,FMP_DREAM,15,500,9.166785759439898,0.16260162601626016,0.7235772357723578,0,0,96,2.2834688000002643,0.026999500259989873,2.2564692997402744,0.28252032520325204,0.15827338129496402,0.709349593495935,0.16045845272206305,0.008130081300813009,0.5
cont__ackley_10d,cont,FMP_DREAM,16,500,9.48057434148244,0.16056910569105692,0.7296747967479674,0,0,96,2.4535861000040313,0.02912219995050691,2.4244639000535244,0.3475609756097561,0.14619883040935672,0.6422764227642277,0.16772151898734178,0.01016260162601626,0.2
cont__ackley_10d,cont,FMP_DREAM,17,500,10.31298124174589,0.13821138211382114,0.7601626016260162,0,0,96,2.340871499996865,0.02896580027299933,2.311905699723866,0.35772357723577236,0.13068181818181818,0.6382113821138211,0.14012738853503184,0.0040650406504065045,0.5
cont__ackley_10d,cont,FMP_DREAM,18,500,6.799001642788609,0.1443089430894309,0.7398373983739838,0,0,96,2.3924511000077473,0.027933800156461075,2.3645172998512862,0.2459349593495935,0.14049586776859505,0.7459349593495935,0.13896457765667575,0.008130081300813009,0.75
cont__ackley_10d,cont,FMP_DREAM,19,500,9.526539990786867,0.14634146341463414,0.7235772357723578,0,0,96,2.2713236000126926,0.02789030031999573,2.243433299692697,0.25,0.15447154471544716,0.7398373983739838,0.14285714285714285,0.01016260162601626,0.2
cont__griewank_10d,cont,FMP_DREAM,0,500,6.166922031700269,0.17479674796747968,0.7357723577235772,0,0,96,2.1310801999934483,0.026808400187292136,2.104271799806156,0.2784552845528455,0.2116788321167883,0.7154471544715447,0.15625,0.006097560975609756,0.6666666666666666
cont__griewank_10d,cont,FMP_DREAM,1,500,13.310717887526948,0.1910569105691057,0.7439024390243902,0,0,96,2.2814981999981683,0.028552500065416098,2.252945699932752,0.2967479674796748,0.2191780821917808,0.7012195121951219,0.17681159420289855,0.0020325203252032522,1.0
cont__griewank_10d,cont,FMP_DREAM,2,500,7.069199285729896,0.15853658536585366,0.766260162601626,0,0,96,2.184875800012378,0.02841150006861426,2.1564642999437638,0.22967479674796748,0.20353982300884957,0.7621951219512195,0.13866666666666666,0.008130081300813009,0.75
cont__griewank_10d,cont,FMP_DREAM,3,500,8.927765777938289,0.16260162601626016,0.741869918699187,0,0,96,2.107323100004578,0.02718889998504892,2.080134200019529,0.266260162601626,0.15267175572519084,0.733739837398374,0.16620498614958448,0.0,
cont__griewank_10d,cont,FMP_DREAM,4,500,12.359694941743532,0.22154471544715448,0.7296747967479674,0,0,96,2.1172569999907864,0.026642099997843616,2.090614899992943,0.3333333333333333,0.24390243902439024,0.6585365853658537,0.20987654320987653,0.008130081300813009,0.25
cont__griewank_10d,cont,FMP_DREAM,5,500,7.252434318476436,0.1565040650406504,0.75,0,0,96,2.30425980000291,0.029665899754036218,2.274593900248874,0.2886178861788618,0.16901408450704225,0.7113821138211383,0.15142857142857144,0.0,
cont__griewank_10d,cont,FMP_DREAM,6,500,5.717384997962593,0.1910569105691057,0.7317073170731707,0,0,96,2.2313957000005757,0.02824590026284568,2.20314979973773,0.29878048780487804,0.25170068027210885,0.6991869918699187,0.16279069767441862,0.0020325203252032522,1.0
cont__griewank_10d,cont,FMP_DREAM,7,500,9.816223026742392,0.23373983739837398,0.725609756097561,0,0,96,2.2352289999980712,0.027845100092235953,2.2073838999058353,0.2804878048780488,0.30434782608695654,0.7134146341463414,0.20512820512820512,0.006097560975609756,0.3333333333333333
cont__griewank_10d,cont,FMP_DREAM,8,500,11.731284016621014,0.2073170731707317,0.7357723577235772,0,0,96,2.031740499995067,0.026201299755484797,2.005539200239582,0.27439024390243905,0.23703703703703705,0.725609756097561,0.19607843137254902,0.0,
cont__griewank_10d,cont,FMP_DREAM,9,500,11.614392025095317,0.17886178861788618,0.7296747967479674,0,0,96,2.300738599995384,0.02927479994832538,2.2714638000470586,0.30284552845528456,0.19463087248322147,0.6971544715447154,0.17201166180758018,0.0,
cont__griewank_10d,cont,FMP_DREAM,10,500,11.256191580205527,0.1951219512195122,0.75,0,0,96,2.1715156999998726,0.02807149986620061,2.143444200133672,0.29878048780487804,0.19727891156462585,0.6971544715447154,0.1924198250728863,0.0040650406504065045,0.5
cont__griewank_10d,cont,FMP_DREAM,11,500,4.390682520897144,0.2073170731707317,0.7398373983739838,0,0,96,2.1377852000005078,0.02746630003093742,2.1103188999695703,0.3150406504065041,0.22580645161290322,0.6849593495934959,0.19881305637982197,0.0,
cont__griewank_10d,cont,FMP_DREAM,12,500,5.881245472370494,0.19308943089430894,0.7439024390243902,0,0,96,2.4448625999939395,0.03044909996970091,2.4144135000242386,0.31097560975609756,0.21568627450980393,0.6849593495934959,0.18100890207715134,0.0040650406504065045,0.5
cont__griewank_10d,cont,FMP_DREAM,13,500,5.159112314004984,0.21138211382113822,0.741869918699187,0,0,96,2.42972080000618,0.031869599886704236,2.397851200119476,0.29065040650406504,0.3076923076923077,0.6971544715447154,0.1661807580174927,0.012195121951219513,0.5
cont__griewank_10d,cont,FMP_DREAM,14,500,13.981855640034967,0.16463414634146342,0.7520325203252033,0,0,96,2.3516734000004362,0.029088600276736543,2.3225847997236997,0.266260162601626,0.17557251908396945,0.7215447154471545,0.15211267605633802,0.012195121951219513,0.6666666666666666
cont__griewank_10d,cont,FMP_DREAM,15,500,12.35489499550989,0.16666666666666666,0.7560975609756098,0,0,96,2.4493872999883024,0.033849800121970475,2.415537499866332,0.2703252032520325,0.23308270676691728,0.7154471544715447,0.13636363636363635,0.014227642276422764,0.42857142857142855
cont__griewank_10d,cont,FMP_DREAM,16,500,8.190698468547573,0.18292682926829268,0.7317073170731707,0,0,96,2.4808557000069413,0.030132499960018322,2.450723200046923,0.27235772357723576,0.21641791044776118,0.725609756097561,0.16806722689075632,0.0020325203252032522,1.0
cont__griewank_10d,cont,FMP_DREAM,17,500,8.6238476895569,0.17479674796747968,0.7378048780487805,0,0,96,2.5010699999984354,0.031116300015128218,2.469953699983307,0.32723577235772355,0.19875776397515527,0.6727642276422764,0.16314199395770393,0.0,
cont__griewank_10d,cont,FMP_DREAM,18,500,7.5530533700232025,0.1524390243902439,0.7764227642276422,0,0,96,2.3561015000013867,0.03150489991821814,2.3245966000831686,0.241869918699187,0.17647058823529413,0.7459349593495935,0.13896457765667575,0.012195121951219513,0.5
cont__griewank_10d,cont,FMP_DREAM,19,500,7.342801847416738,0.17682926829268292,0.7134146341463414,0,0,96,2.4994471999962116,0.0351158001285512,2.4643313998676604,0.2540650406504065,0.2,0.7398373983739838,0.16758241758241757,0.006097560975609756,0.3333333333333333
cont__levy_10d,cont,FMP_DREAM,0,500,4.289448592852251,0.18699186991869918,0.6951219512195121,0,0,96,2.2716266000061296,0.03550000001268927,2.2361265999934403,0.2845528455284553,0.2642857142857143,0.709349593495935,0.1518624641833811,0.006097560975609756,0.6666666666666666
cont__levy_10d,cont,FMP_DREAM,1,500,5.362321389009824,0.18089430894308944,0.7479674796747967,0,0,96,2.2819413999968674,0.0364912001095945,2.245450199887273,0.3008130081300813,0.21621621621621623,0.6991869918699187,0.16569767441860464,0.0,
cont__levy_10d,cont,FMP_DREAM,2,500,2.31986627031648,0.20528455284552846,0.7276422764227642,0,0,96,2.308527100001811,0.03797520010266453,2.2705518998991465,0.25203252032520324,0.22580645161290322,0.7398373983739838,0.19505494505494506,0.008130081300813009,0.5
cont__levy_10d,cont,FMP_DREAM,3,500,5.049191818378596,0.18699186991869918,0.7378048780487805,0,0,96,2.308113500010222,0.03703789979044814,2.271075600219774,0.2601626016260163,0.25,0.7154471544715447,0.1590909090909091,0.024390243902439025,0.3333333333333333
cont__levy_10d,cont,FMP_DREAM,4,500,4.246002282381686,0.20528455284552846,0.7357723577235772,0,0,96,2.2396626000117976,0.035032099855015986,2.2046305001567816,0.31097560975609756,0.26143790849673204,0.6829268292682927,0.17559523809523808,0.006097560975609756,0.6666666666666666
cont__levy_10d,cont,FMP_DREAM,5,500,2.043433352468502,0.17073170731707318,0.7479674796747967,0,0,96,2.2659662999940338,0.03808540014142636,2.2278808998526074,0.2845528455284553,0.21428571428571427,0.7073170731707317,0.14942528735632185,0.008130081300813009,0.5
cont__levy_10d,cont,FMP_DREAM,6,500,6.201661334188849,0.1565040650406504,0.709349593495935,0,0,96,2.3113811999937752,0.037339600137784146,2.274041599855991,0.27439024390243905,0.2,0.7154471544715447,0.13636363636363635,0.01016260162601626,0.4
cont__levy_10d,cont,FMP_DREAM,7,500,3.855916239669935,0.17886178861788618,0.7703252032520326,0,0,96,2.247762500002864,0.03753079993475694,2.210231700068107,0.2073170731707317,0.2549019607843137,0.7764227642276422,0.1518324607329843,0.016260162601626018,0.5
cont__levy_10d,cont,FMP_DREAM,8,500,3.8253769098886927,0.1991869918699187,0.7520325203252033,0,0,96,2.228455699994811,0.0356474998552585,2.1928082001395524,0.29878048780487804,0.19047619047619047,0.6890243902439024,0.1976401179941003,0.012195121951219513,0.5
cont__levy_10d,cont,FMP_DREAM,9,500,1.977722231540104,0.15447154471544716,0.7357723577235772,0,0,96,2.243318000008003,0.03872099990257993,2.204597000105423,0.2601626016260163,0.2109375,0.7357723577235772,0.1298342541436464,0.0040650406504065045,1.0
cont__levy_10d,cont,FMP_DREAM,10,500,4.598339998065774,0.17276422764227642,0.6991869918699187,0,0,96,2.318628000008175,0.03586069987795781,2.2827673001302173,0.30284552845528456,0.20134228187919462,0.6707317073170732,0.15757575757575756,0.026422764227642278,0.23076923076923078
cont__levy_10d,cont,FMP_DREAM,11,500,4.971552895171876,0.19308943089430894,0.7276422764227642,0,0,96,2.195566599999438,0.03455860025133006,2.161007999748108,0.2804878048780488,0.21739130434782608,0.717479674796748,0.1813031161473088,0.0020325203252032522,1.0
cont__levy_10d,cont,FMP_DREAM,12,500,2.699225596031675,0.17682926829268292,0.7296747967479674,0,0,96,2.4751574999972945,0.041077399902860634,2.434080100094434,0.2926829268292683,0.1875,0.6808943089430894,0.1701492537313433,0.026422764227642278,0.23076923076923078
cont__levy_10d,cont,FMP_DREAM,13,500,3.4806583790662002,0.17276422764227642,0.7540650406504065,0,0,96,2.5085872000054223,0.03775769994535949,2.470829500060063,0.29878048780487804,0.23129251700680273,0.6951219512195121,0.14327485380116958,0.006097560975609756,0.6666666666666666
cont__levy_10d,cont,FMP_DREAM,14,500,6.740897011726586,0.18089430894308944,0.717479674796748,0,0,96,2.6254043000080856,0.041995000108727254,2.5834092998993583,0.2601626016260163,0.1484375,0.7296747967479674,0.1894150417827298,0.01016260162601626,0.4
cont__levy_10d,cont,FMP_DREAM,15,500,12.794150870653587,0.15040650406504066,0.7601626016260162,0,0,96,2.48446690000128,0.0430178998503834,2.4414490001508966,0.18902439024390244,0.17204301075268819,0.7845528455284553,0.13730569948186527,0.026422764227642278,0.38461538461538464
cont__levy_10d,cont,FMP_DREAM,16,500,3.0107752943113675,0.17276422764227642,0.7601626016260162,0,0,96,2.5081177999963984,0.041477899911114946,2.4666399000852834,0.2886178861788618,0.19014084507042253,0.6869918699186992,0.16272189349112426,0.024390243902439025,0.25
cont__levy_10d,cont,FMP_DREAM,17,500,3.5928630632625014,0.17682926829268292,0.7195121951219512,0,0,96,2.6580843000119785,0.04167879978194833,2.61640550023003,0.2967479674796748,0.14383561643835616,0.7032520325203252,0.1907514450867052,0.0,
cont__levy_10d,cont,FMP_DREAM,18,500,3.298099209468972,0.18902439024390244,0.75,0,0,96,2.595326800001203,0.04043439996894449,2.5548924000322586,0.29065040650406504,0.21678321678321677,0.6991869918699187,0.17732558139534885,0.01016260162601626,0.2
cont__levy_10d,cont,FMP_DREAM,19,500,2.6607830432912563,0.1565040650406504,0.7317073170731707,0,0,96,2.442966000002343,0.0419570001977263,2.401008999804617,0.2703252032520325,0.12781954887218044,0.717479674796748,0.16147308781869688,0.012195121951219513,0.5
cont__michalewicz_10d,cont,FMP_DREAM,0,500,-4.923027152188481,0.13211382113821138,0.7276422764227642,0,0,96,2.236669999998412,0.02952939987881109,2.207140600119601,0.13617886178861788,0.14925373134328357,0.8353658536585366,0.12165450121654502,0.028455284552845527,0.35714285714285715
cont__michalewicz_10d,cont,FMP_DREAM,1,500,-4.836605148783742,0.11788617886178862,0.7723577235772358,0,0,96,2.2151105999946594,0.030033300034119748,2.1850772999605397,0.13008130081300814,0.203125,0.8414634146341463,0.0966183574879227,0.028455284552845527,0.35714285714285715
cont__michalewicz_10d,cont,FMP_DREAM,2,500,-5.336112080537608,0.13617886178861788,0.7439024390243902,0,0,96,2.197332700001425,0.028526399997645058,2.16880630000378,0.12398373983739837,0.21311475409836064,0.8556910569105691,0.12114014251781473,0.02032520325203252,0.3
cont__michalewicz_10d,cont,FMP_DREAM,3,500,-5.769773132883916,0.11991869918699187,0.7459349593495935,0,0,96,2.3138123999960953,0.030012100163730793,2.2838002998323645,0.13617886178861788,0.04477611940298507,0.8394308943089431,0.1234866828087167,0.024390243902439025,0.4166666666666667
cont__michalewicz_10d,cont,FMP_DREAM,4,500,-5.35478270946558,0.1443089430894309,0.7479674796747967,0,0,96,2.422865799991996,0.03194929996971041,2.3909165000222856,0.1910569105691057,0.13829787234042554,0.7865853658536586,0.14470284237726097,0.022357723577235773,0.18181818181818182
cont__michalewicz_10d,cont,FMP_DREAM,5,500,-4.420330374846701,0.13414634146341464,0.7276422764227642,0,0,96,2.3796349999902304,0.030501600063871592,2.349133399926359,0.1483739837398374,0.1095890410958904,0.8292682926829268,0.1323529411764706,0.022357723577235773,0.36363636363636365
cont__michalewicz_10d,cont,FMP_DREAM,6,500,-4.443176284292255,0.12195121951219512,0.7682926829268293,0,0,96,2.3197389999986626,0.032923099846811965,2.2868159001518507,0.12601626016260162,0.06451612903225806,0.8577235772357723,0.12559241706161137,0.016260162601626018,0.375
cont__michalewicz_10d,cont,FMP_DREAM,7,500,-4.50518298896307,0.11382113821138211,0.7560975609756098,0,0,96,2.4764469000074314,0.03467259994067717,2.441774300066754,0.13008130081300814,0.109375,0.8414634146341463,0.10869565217391304,0.028455284552845527,0.2857142857142857
cont__michalewicz_10d,cont,FMP_DREAM,8,500,-3.8944318920118195,0.14634146341463414,0.7032520325203252,0,0,96,2.5759732000005897,0.03239090020360891,2.543582299796981,0.16463414634146342,0.2345679012345679,0.8109756097560976,0.12781954887218044,0.024390243902439025,0.16666666666666666
cont__michalewicz_10d,cont,FMP_DREAM,9,500,-4.525467468731374,0.1524390243902439,0.733739837398374,0,0,96,2.532363499994972,0.031301100010750815,2.501062399984221,0.15447154471544716,0.23684210526315788,0.8109756097560976,0.13283208020050125,0.034552845528455285,0.23529411764705882
cont__michalewicz_10d,cont,FMP_DREAM,10,500,-6.098799566293648,0.13008130081300814,0.7621951219512195,0,0,96,2.532344200008083,0.0376251000125194,2.4947190999955637,0.15040650406504066,0.10810810810810811,0.8313008130081301,0.1271393643031785,0.018292682926829267,0.4444444444444444
cont__michalewicz_10d,cont,FMP_DREAM,11,500,-4.229197910644188,0.15853658536585366,0.7540650406504065,0,0,96,2.4494242000073427,0.0361708001291845,2.4132533998781582,0.15853658536585366,0.14102564102564102,0.823170731707317,0.1580246913580247,0.018292682926829267,0.3333333333333333
cont__michalewicz_10d,cont,FMP_DREAM,12,500,-4.556678434076217,0.12804878048780488,0.7621951219512195,0,0,96,2.3606716000067536,0.03079909979715012,2.3298725002096035,0.13414634146341464,0.13636363636363635,0.8455284552845529,0.1201923076923077,0.02032520325203252,0.4
cont__michalewicz_10d,cont,FMP_DREAM,13,500,-3.9721890459314055,0.10975609756097561,0.7703252032520326,0,0,96,2.259959999995772,0.032345900108339265,2.2276140998874325,0.12804878048780488,0.09523809523809523,0.8536585365853658,0.10476190476190476,0.018292682926829267,0.4444444444444444
cont__michalewicz_10d,cont,FMP_DREAM,14,500,-5.405168796682706,0.12804878048780488,0.7459349593495935,0,0,96,2.330759299991769,0.03154590001213364,2.299213399979635,0.14634146341463414,0.09722222222222222,0.8292682926829268,0.12990196078431374,0.024390243902439025,0.25
cont__michalewicz_10d,cont,FMP_DREAM,15,500,-4.99090167898287,0.14227642276422764,0.7276422764227642,0,0,96,2.2905527999973856,0.031375299688079394,2.259177500309306,0.14227642276422764,0.2,0.8414634146341463,0.13043478260869565,0.016260162601626018,0.25
cont__michalewicz_10d,cont,FMP_DREAM,16,500,-5.439998599683247,0.13211382113821138,0.7317073170731707,0,0,96,2.267910300011863,0.030535099838743918,2.237375200173119,0.13821138211382114,0.07352941176470588,0.8597560975609756,0.13947990543735225,0.0020325203252032522,1.0
cont__michalewicz_10d,cont,FMP_DREAM,17,500,-4.014395005382984,0.1443089430894309,0.733739837398374,0,0,96,2.3545679000089876,0.030554200042388402,2.3240136999665992,0.14227642276422764,0.15714285714285714,0.8556910569105691,0.14014251781472684,0.0020325203252032522,1.0
cont__michalewicz_10d,cont,FMP_DREAM,18,500,-4.747426246156474,0.13008130081300814,0.7398373983739838,0,0,96,2.3299897000106284,0.0308558999968227,2.2991338000138057,0.1565040650406504,0.06493506493506493,0.8333333333333334,0.13902439024390245,0.01016260162601626,0.4
cont__michalewicz_10d,cont,FMP_DREAM,19,500,-4.056138919419586,0.14227642276422764,0.7723577235772358,0,0,96,2.3130550000059884,0.03116389998467639,2.281891100021312,0.17886178861788618,0.125,0.790650406504065,0.14395886889460155,0.03048780487804878,0.2
cont__rastrigin_10d,cont,FMP_DREAM,0,500,66.34604369902125,0.1402439024390244,0.7398373983739838,0,0,96,2.114575599989621,0.023988999892026186,2.090586600097595,0.1483739837398374,0.1506849315068493,0.8292682926829268,0.13480392156862744,0.022357723577235773,0.2727272727272727
cont__rastrigin_10d,cont,FMP_DREAM,1,500,48.43130181058094,0.16260162601626016,0.7520325203252033,0,0,96,2.28486499999417,0.026343299919972196,2.2585217000741977,0.12398373983739837,0.21311475409836064,0.8475609756097561,0.1486810551558753,0.028455284552845527,0.35714285714285715
cont__rastrigin_10d,cont,FMP_DREAM,2,500,50.57523989401931,0.11585365853658537,0.7520325203252033,0,0,96,2.2555681000085315,0.02656529976229649,2.229002800246235,0.10975609756097561,0.07407407407407407,0.8658536585365854,0.11971830985915492,0.024390243902439025,0.16666666666666666
cont__rastrigin_10d,cont,FMP_DREAM,3,500,70.46932994744819,0.1402439024390244,0.7540650406504065,0,0,96,2.2930701000004774,0.026623799989465624,2.2664463000110118,0.1483739837398374,0.1780821917808219,0.8373983739837398,0.13106796116504854,0.014227642276422764,0.2857142857142857
cont__rastrigin_10d,cont,FMP_DREAM,4,500,66.11567111758333,0.11991869918699187,0.7723577235772358,0,0,96,2.1272749999916414,0.02468760013289284,2.1025873998587485,0.12398373983739837,0.18032786885245902,0.8455284552845529,0.10336538461538461,0.03048780487804878,0.3333333333333333
cont__rastrigin_10d,cont,FMP_DREAM,5,500,72.84595701975661,0.1443089430894309,0.7540650406504065,0,0,96,2.215058899993892,0.025722000093082897,2.189336899900809,0.1524390243902439,0.14666666666666667,0.8353658536585366,0.1411192214111922,0.012195121951219513,0.3333333333333333
cont__rastrigin_10d,cont,FMP_DREAM,6,500,66.3033768715242,0.09959349593495935,0.7886178861788617,0,0,96,2.1452594000002136,0.02535599999828264,2.119903400001931,0.08536585365853659,0.09523809523809523,0.8882113821138211,0.09382151029748284,0.026422764227642278,0.3076923076923077
cont__rastrigin_10d,cont,FMP_DREAM,7,500,76.39145322069534,0.15040650406504066,0.7012195121951219,0,0,96,2.20431020000251,0.02621309993264731,2.178097100069863,0.16260162601626016,0.175,0.8109756097560976,0.14285714285714285,0.026422764227642278,0.23076923076923078
cont__rastrigin_10d,cont,FMP_DREAM,8,500,57.96908890276678,0.11178861788617886,0.741869918699187,0,0,96,2.240974600004847,0.02500989985128399,2.215964700153563,0.11788617886178862,0.15517241379310345,0.8638211382113821,0.09647058823529411,0.018292682926829267,0.5555555555555556
cont__rastrigin_10d,cont,FMP_DREAM,9,500,47.50320855579492,0.1524390243902439,0.7113821138211383,0,0,96,2.3427296999871032,0.02621619989804458,2.3165135000890587,0.1565040650406504,0.14285714285714285,0.8333333333333334,0.15121951219512195,0.01016260162601626,0.4
cont__rastrigin_10d,cont,FMP_DREAM,10,500,52.38839765701173,0.14227642276422764,0.7154471544715447,0,0,96,2.3481286999885924,0.02600699993490707,2.3221217000536853,0.13414634146341464,0.18181818181818182,0.8475609756097561,0.12949640287769784,0.018292682926829267,0.4444444444444444
cont__rastrigin_10d,cont,FMP_DREAM,11,500,61.34888678027942,0.17073170731707318,0.7642276422764228,0,0,96,2.2077598000032594,0.0258234999346314,2.181936300068628,0.16869918699186992,0.1927710843373494,0.8170731707317073,0.16417910447761194,0.014227642276422764,0.2857142857142857
cont__rastrigin_10d,cont,FMP_DREAM,12,500,55.88502346719645,0.12195121951219512,0.75,0,0,96,2.4135881000111112,0.029666300033568405,2.383921799977543,0.12804878048780488,0.19047619047619047,0.8475609756097561,0.10551558752997602,0.024390243902439025,0.3333333333333333
cont__rastrigin_10d,cont,FMP_DREAM,13,500,57.866941551506024,0.1483739837398374,0.7520325203252033,0,0,96,2.5284991999942577,0.029663499997695908,2.4988356999965617,0.15040650406504066,0.16216216216216217,0.8394308943089431,0.14285714285714285,0.01016260162601626,0.4
cont__rastrigin_10d,cont,FMP_DREAM,14,500,72.28711340852385,0.12195121951219512,0.7439024390243902,0,0,96,2.4747628000041004,0.028430300037143752,2.4463324999669567,0.10772357723577236,0.1320754716981132,0.8556910569105691,0.11163895486935867,0.036585365853658534,0.3333333333333333
cont__rastrigin_10d,cont,FMP_DREAM,15,500,56.19759287572632,0.16260162601626016,0.7154471544715447,0,0,96,2.4942100000043865,0.027236499940045178,2.4669735000643414,0.16056910569105692,0.21518987341772153,0.8252032520325203,0.15024630541871922,0.014227642276422764,0.2857142857142857
cont__rastrigin_10d,cont,FMP_DREAM,16,500,50.603353241293114,0.13211382113821138,0.7439024390243902,0,0,96,2.5151620999968145,0.031037000298965722,2.484125099697849,0.13821138211382114,0.19117647058823528,0.8455284552845529,0.11778846153846154,0.016260162601626018,0.375
cont__rastrigin_10d,cont,FMP_DREAM,17,500,50.12138247207305,0.12398373983739837,0.7296747967479674,0,0,96,2.5669951000018045,0.02949369981070049,2.537501400191104,0.14634146341463414,0.09722222222222222,0.8313008130081301,0.12469437652811736,0.022357723577235773,0.2727272727272727
cont__rastrigin_10d,cont,FMP_DREAM,18,500,85.29369852878753,0.15447154471544716,0.7621951219512195,0,0,96,2.4665122000005795,0.027371299918740988,2.4391409000818385,0.14634146341463414,0.16666666666666666,0.8394308943089431,0.14769975786924938,0.014227642276422764,0.42857142857142855
cont__rastrigin_10d,cont,FMP_DREAM,19,500,48.84444221615917,0.11991869918699187,0.7642276422764228,0,0,96,2.4792710000037914,0.0284557000559289,2.4508152999478625,0.10569105691056911,0.09615384615384616,0.8699186991869918,0.1191588785046729,0.024390243902439025,0.25
cont__rosenbrock_10d,cont,FMP_DREAM,0,500,13.333640348656854,0.22560975609756098,0.7398373983739838,0,0,96,2.45598610000161,0.029146599990781397,2.4268395000108285,0.34552845528455284,0.2647058823529412,0.6463414634146342,0.20440251572327045,0.008130081300813009,0.25
cont__rosenbrock_10d,cont,FMP_DREAM,1,500,19.410807232427903,0.22967479674796748,0.7113821138211383,0,0,96,2.2265374999988126,0.025330600037705153,2.2012068999611074,0.3252032520325203,0.23125,0.6646341463414634,0.22935779816513763,0.01016260162601626,0.2
cont__rosenbrock_10d,cont,FMP_DREAM,2,500,13.420145202319931,0.19308943089430894,0.7479674796747967,0,0,96,2.2582706000102917,0.026549199857981876,2.23172140015231,0.31097560975609756,0.1830065359477124,0.6849593495934959,0.19584569732937684,0.0040650406504065045,0.5
cont__rosenbrock_10d,cont,FMP_DREAM,3,500,16.649426297066302,0.20528455284552846,0.7398373983739838,0,0,96,2.2955477999930736,0.02653560029284563,2.269012199700228,0.3800813008130081,0.24064171122994651,0.6199186991869918,0.18360655737704917,0.0,
cont__rosenbrock_10d,cont,FMP_DREAM,4,500,29.953516336987946,0.17886178861788618,0.7317073170731707,0,0,96,2.206876399999601,0.02634300000499934,2.1805333999946015,0.2926829268292683,0.19444444444444445,0.6971544715447154,0.16909620991253643,0.01016260162601626,0.4
cont__rosenbrock_10d,cont,FMP_DREAM,5,500,21.459534838963492,0.16666666666666666,0.741869918699187,0,0,96,2.3282374999980675,0.027787800252554007,2.3004496997455135,0.32113821138211385,0.17088607594936708,0.6727642276422764,0.16012084592145015,0.006097560975609756,0.6666666666666666
cont__rosenbrock_10d,cont,FMP_DREAM,6,500,12.714177484443612,0.21138211382113822,0.7723577235772358,0,0,96,2.2977347999985795,0.02733480006281752,2.270399999935762,0.3353658536585366,0.19393939393939394,0.6605691056910569,0.21846153846153846,0.0040650406504065045,0.5
cont__rosenbrock_10d,cont,FMP_DREAM,7,500,19.66892668087215,0.21341463414634146,0.7459349593495935,0,0,96,2.2233009999908973,0.02675920000183396,2.1965417999890633,0.3678861788617886,0.27624309392265195,0.6321138211382114,0.17684887459807075,0.0,
cont__rosenbrock_10d,cont,FMP_DREAM,8,500,28.37924005029387,0.17276422764227642,0.7439024390243902,0,0,96,2.429104800001369,0.02704269984678831,2.4020621001545805,0.25,0.2682926829268293,0.7398373983739838,0.13736263736263737,0.01016260162601626,0.4
cont__rosenbrock_10d,cont,FMP_DREAM,9,500,19.583088933560433,0.21747967479674796,0.709349593495935,0,0,96,2.546118700003717,0.028493099875049666,2.5176256001286674,0.3475609756097561,0.2631578947368421,0.6524390243902439,0.19314641744548286,0.0,
cont__rosenbrock_10d,cont,FMP_DREAM,10,500,14.681166784928372,0.22154471544715448,0.7195121951219512,0,0,96,2.6018948999990243,0.02991369998198934,2.571981200017035,0.3638211382113821,0.24022346368715083,0.6361788617886179,0.2108626198083067,0.0,
cont__rosenbrock_10d,cont,FMP_DREAM,11,500,20.292288427106786,0.23170731707317074,0.7459349593495935,0,0,96,2.56058179998945,0.029847400030121207,2.5307343999593286,0.3089430894308943,0.2894736842105263,0.6707317073170732,0.2,0.02032520325203252,0.4
cont__rosenbrock_10d,cont,FMP_DREAM,12,500,16.439121962468896,0.23983739837398374,0.7317073170731707,0,0,96,2.4322128000058,0.028416100001777522,2.4037967000040226,0.3170731707317073,0.28205128205128205,0.6808943089430894,0.2208955223880597,0.0020325203252032522,0.0
cont__rosenbrock_10d,cont,FMP_DREAM,13,500,17.71387301049808,0.23577235772357724,0.7317073170731707,0,0,96,2.3775374999968335,0.03247179999016225,2.3450657000066712,0.3699186991869919,0.24175824175824176,0.6300813008130082,0.23225806451612904,0.0,
cont__rosenbrock_10d,cont,FMP_DREAM,14,500,15.182240908601226,0.1910569105691057,0.766260162601626,0,0,96,2.3672283999912906,0.03316349990200251,2.334064900089288,0.30284552845528456,0.26174496644295303,0.6829268292682927,0.15178571428571427,0.014227642276422764,0.5714285714285714
cont__rosenbrock_10d,cont,FMP_DREAM,15,500,22.677682979283357,0.19308943089430894,0.7845528455284553,0,0,96,2.3171144999942044,0.03366369997092988,2.2834508000232745,0.35365853658536583,0.20114942528735633,0.6382113821138211,0.18471337579617833,0.008130081300813009,0.5
cont__rosenbrock_10d,cont,FMP_DREAM,16,500,19.492904899991252,0.21747967479674796,0.7459349593495935,0,0,96,2.4366028000076767,0.028883399965707213,2.4077194000419695,0.3313008130081301,0.2331288343558282,0.6646341463414634,0.20489296636085627,0.0040650406504065045,1.0
cont__rosenbrock_10d,cont,FMP_DREAM,17,500,10.040885920598926,0.16666666666666666,0.758130081300813,0,0,96,2.314512900004047,0.027111599731142633,2.2874013002729043,0.3089430894308943,0.19736842105263158,0.6890243902439024,0.1504424778761062,0.0020325203252032522,1.0
cont__rosenbrock_10d,cont,FMP_DREAM,18,500,18.81435808527089,0.20121951219512196,0.7764227642276422,0,0,96,2.358233500010101,0.0276046000799397,2.3306288999301614,0.34552845528455284,0.24705882352941178,0.6422764227642277,0.17088607594936708,0.012195121951219513,0.5
cont__rosenbrock_10d,cont,FMP_DREAM,19,500,29.002421727483558,0.19715447154471544,0.7378048780487805,0,0,96,2.4066446000069845,0.02818290014693048,2.378461699860054,0.3719512195121951,0.16393442622950818,0.6239837398373984,0.21498371335504887,0.0040650406504065045,0.5
cont__schwefel_10d,cont,FMP_DREAM,0,500,2133.7427767990735,0.15447154471544716,0.7032520325203252,0,0,96,2.304396999999881,0.024712100042961538,2.2796848999569193,0.16056910569105692,0.11392405063291139,0.8353658536585366,0.16058394160583941,0.0040650406504065045,0.5
cont__schwefel_10d,cont,FMP_DREAM,1,500,1659.108555066614,0.13211382113821138,0.7357723577235772,0,0,96,2.270379800000228,0.023053499942761846,2.247326300057466,0.1443089430894309,0.14084507042253522,0.8394308943089431,0.12590799031476999,0.016260162601626018,0.375
cont__schwefel_10d,cont,FMP_DREAM,2,500,512.8809488376087,0.1524390243902439,0.7317073170731707,0,0,96,2.254569700002321,0.023331299977144226,2.231238400025177,0.15040650406504066,0.12162162162162163,0.8495934959349594,0.15789473684210525,0.0,
cont__schwefel_10d,cont,FMP_DREAM,3,500,1288.1397701047085,0.11991869918699187,0.7764227642276422,0,0,96,2.2415946000110125,0.024118999848724343,2.217475600162288,0.11585365853658537,0.12280701754385964,0.8821138211382114,0.1175115207373272,0.0020325203252032522,1.0
cont__schwefel_10d,cont,FMP_DREAM,4,500,1534.7622436269135,0.13414634146341464,0.7459349593495935,0,0,96,2.5412681000016164,0.02542300001368858,2.515845099987928,0.15040650406504066,0.14864864864864866,0.8313008130081301,0.1295843520782396,0.018292682926829267,0.2222222222222222
cont__schwefel_10d,cont,FMP_DREAM,5,500,1049.2656122946642,0.1565040650406504,0.7215447154471545,0,0,96,2.6261688000085996,0.029087099988828413,2.5970817000197712,0.17479674796747968,0.11627906976744186,0.8150406504065041,0.16458852867830423,0.01016260162601626,0.2
cont__schwefel_10d,cont,FMP_DREAM,6,500,1853.6308713943426,0.13821138211382114,0.7439024390243902,0,0,96,2.6014300999959232,0.02667629992356524,2.574753800072358,0.14634146341463414,0.16666666666666666,0.8495934959349594,0.1291866028708134,0.0040650406504065045,1.0
cont__schwefel_10d,cont,FMP_DREAM,7,500,1818.3168017837052,0.13008130081300814,0.75,0,0,96,2.5603217000025325,0.02616610006953124,2.534155599933001,0.12601626016260162,0.0967741935483871,0.8556910569105691,0.13064133016627077,0.018292682926829267,0.3333333333333333
cont__schwefel_10d,cont,FMP_DREAM,8,500,2010.4505749648242,0.15447154471544716,0.741869918699187,0,0,96,2.5793791000032797,0.02535009998246096,2.554029000020819,0.12804878048780488,0.12698412698412698,0.8638211382113821,0.15529411764705883,0.008130081300813009,0.5
cont__schwefel_10d,cont,FMP_DREAM,9,500,2159.5848035961626,0.16463414634146342,0.7154471544715447,0,0,96,2.6520260000106646,0.02681259966630023,2.6252134003443643,0.17682926829268292,0.1839080459770115,0.8150406504065041,0.1596009975062344,0.008130081300813009,0.25
cont__schwefel_10d,cont,FMP_DREAM,10,500,1160.5462297246681,0.15040650406504066,0.717479674796748,0,0,96,2.5533566999947652,0.026807600166648626,2.5265490998281166,0.12195121951219512,0.16666666666666666,0.8495934959349594,0.14114832535885166,0.028455284552845527,0.35714285714285715
cont__schwefel_10d,cont,FMP_DREAM,11,500,1949.6428359353622,0.13008130081300814,0.7195121951219512,0,0,96,2.4039711999939755,0.03328179997333791,2.3706894000206375,0.13821138211382114,0.19117647058823528,0.8394308943089431,0.11138014527845036,0.022357723577235773,0.45454545454545453
cont__schwefel_10d,cont,FMP_DREAM,12,500,2123.669219118943,0.15447154471544716,0.758130081300813,0,0,96,2.3042399999976624,0.023398800141876563,2.280841199855786,0.16260162601626016,0.15,0.8252032520325203,0.15270935960591134,0.012195121951219513,0.3333333333333333
cont__schwefel_10d,cont,FMP_DREAM,13,500,1095.6847352176828,0.16463414634146342,0.7215447154471545,0,0,96,2.380361700008507,0.02573800009849947,2.3546236999100074,0.17479674796747968,0.20930232558139536,0.7987804878048781,0.15267175572519084,0.026422764227642278,0.23076923076923078
cont__schwefel_10d,cont,FMP_DREAM,14,500,1822.2041806313441,0.12804878048780488,0.7723577235772358,0,0,96,2.2152933000033954,0.023220200091600418,2.192073099911795,0.12804878048780488,0.12698412698412698,0.8638211382113821,0.12705882352941175,0.008130081300813009,0.25
cont__schwefel_10d,cont,FMP_DREAM,15,500,2291.5067451080286,0.12398373983739837,0.7052845528455285,0,0,96,2.2851670000090962,0.023774199798936024,2.26139280021016,0.17276422764227642,0.15294117647058825,0.8089430894308943,0.11809045226130653,0.018292682926829267,0.1111111111111111
cont__schwefel_10d,cont,FMP_DREAM,16,500,1923.2190269186763,0.1483739837398374,0.7459349593495935,0,0,96,2.2100672000087798,0.022433500067563727,2.187633699941216,0.1565040650406504,0.14285714285714285,0.8333333333333334,0.14878048780487804,0.01016260162601626,0.2
cont__schwefel_10d,cont,FMP_DREAM,17,500,1481.2707051279108,0.12804878048780488,0.733739837398374,0,0,96,2.3084933000063756,0.023262800023076124,2.2852304999832995,0.16260162601626016,0.1,0.8130081300813008,0.1325,0.024390243902439025,0.16666666666666666
cont__schwefel_10d,cont,FMP_DREAM,18,500,1141.4773000285577,0.18089430894308944,0.7357723577235772,0,0,96,2.4248916000069585,0.02452449989505112,2.4003671001119073,0.17073170731707318,0.32142857142857145,0.8028455284552846,0.1468354430379747,0.026422764227642278,0.3076923076923077
cont__schwefel_10d,cont,FMP_DREAM,19,500,1896.3535155140553,0.13211382113821138,0.733739837398374,0,0,96,2.4360304000001634,0.024109999838401563,2.411920400161762,0.13211382113821138,0.07692307692307693,0.8516260162601627,0.1360381861575179,0.016260162601626018,0.375
cont__sphere_10d,cont,FMP_DREAM,0,500,0.831870273596042,0.16463414634146342,0.7357723577235772,0,0,96,2.24026629999571,0.020793300005607307,2.219472999990103,0.2621951219512195,0.20155038759689922,0.7378048780487805,0.15151515151515152,0.0,
cont__sphere_10d,cont,FMP_DREAM,1,500,3.424385494456929,0.1910569105691057,0.7439024390243902,0,0,96,2.060921700001927,0.019699300144566223,2.041222399857361,0.2967479674796748,0.2191780821917808,0.7012195121951219,0.17681159420289855,0.0020325203252032522,1.0
cont__sphere_10d,cont,FMP_DREAM,2,500,1.6900239264877102,0.15853658536585366,0.766260162601626,0,0,96,2.1610816000029445,0.020487600137130357,2.140593999865814,0.22967479674796748,0.20353982300884957,0.7621951219512195,0.13866666666666666,0.008130081300813009,0.75
cont__sphere_10d,cont,FMP_DREAM,3,500,2.5770451068490403,0.17276422764227642,0.733739837398374,0,0,96,2.206011900008889,0.02017969982989598,2.185832200178993,0.2764227642276423,0.21323529411764705,0.7235772357723578,0.15730337078651685,0.0,
cont__sphere_10d,cont,FMP_DREAM,4,500,3.1769968607694796,0.22154471544715448,0.7296747967479674,0,0,96,2.2092449000047054,0.021075900076539256,2.188168999928166,0.3333333333333333,0.24390243902439024,0.6585365853658537,0.20987654320987653,0.008130081300813009,0.25
cont__sphere_10d,cont,FMP_DREAM,5,500,1.7362966751272764,0.1565040650406504,0.75,0,0,96,2.175698500010185,0.020391299898619764,2.155307200111565,0.2886178861788618,0.16901408450704225,0.7113821138211383,0.15142857142857144,0.0,
cont__sphere_10d,cont,FMP_DREAM,6,500,3.5804519928180913,0.15447154471544716,0.7703252032520326,0,0,96,2.11773379999795,0.019843199974275194,2.097890600023675,0.2621951219512195,0.16279069767441862,0.7296747967479674,0.14484679665738162,0.008130081300813009,0.75
cont__sphere_10d,cont,FMP_DREAM,7,500,2.4494773274351713,0.23373983739837398,0.725609756097561,0,0,96,2.217353900006856,0.020615999936126173,2.1967379000707297,0.2804878048780488,0.30434782608695654,0.7134146341463414,0.20512820512820512,0.006097560975609756,0.3333333333333333
cont__sphere_10d,cont,FMP_DREAM,8,500,4.083462497799098,0.17073170731707318,0.7479674796747967,0,0,96,2.193492199992761,0.020426800110726617,2.1730653998820344,0.24390243902439024,0.21666666666666667,0.741869918699187,0.1506849315068493,0.014227642276422764,0.42857142857142855
cont__sphere_10d,cont,FMP_DREAM,9,500,2.950954169406876,0.17886178861788618,0.7296747967479674,0,0,96,2.1558698000008008,0.020109900084207766,2.135759899916593,0.30284552845528456,0.19463087248322147,0.6971544715447154,0.17201166180758018,0.0,
cont__sphere_10d,cont,FMP_DREAM,10,500,2.849296443777536,0.1951219512195122,0.75,0,0,96,2.1652344000031007,0.02049889996123966,2.144735500041861,0.29878048780487804,0.19727891156462585,0.6971544715447154,0.1924198250728863,0.0040650406504065045,0.5
cont__sphere_10d,cont,FMP_DREAM,11,500,0.8227123779360077,0.2032520325203252,0.733739837398374,0,0,96,2.1620914000086486,0.0201045998983318,2.141986800110317,0.27235772357723576,0.2537313432835821,0.7134146341463414,0.1794871794871795,0.014227642276422764,0.42857142857142855
cont__sphere_10d,cont,FMP_DREAM,12,500,1.5889973001035536,0.19308943089430894,0.741869918699187,0,0,96,2.5849057000014,0.023375700271571986,2.561529999729828,0.3333333333333333,0.21341463414634146,0.6666666666666666,0.18292682926829268,0.0,
cont__sphere_10d,cont,FMP_DREAM,13,500,1.155308969791375,0.21138211382113822,0.741869918699187,0,0,96,2.559051599993836,0.024630299740238115,2.534421300253598,0.29065040650406504,0.3076923076923077,0.6971544715447154,0.1661807580174927,0.012195121951219513,0.5
cont__sphere_10d,cont,FMP_DREAM,14,500,1.9206871969444816,0.16666666666666666,0.7378048780487805,0,0,96,2.58621910000511,0.025859900139039382,2.5603591998660704,0.25609756097560976,0.21428571428571427,0.733739837398374,0.1440443213296399,0.01016260162601626,0.6
cont__sphere_10d,cont,FMP_DREAM,15,500,3.1541428669787726,0.16666666666666666,0.7560975609756098,0,0,96,2.465134099998977,0.0249347998178564,2.4401993001811206,0.2703252032520325,0.23308270676691728,0.7154471544715447,0.13636363636363635,0.014227642276422764,0.42857142857142855
cont__sphere_10d,cont,FMP_DREAM,16,500,2.5794762870670835,0.15040650406504066,0.7479674796747967,0,0,96,2.6035263999947347,0.02425660022709053,2.579269799767644,0.27235772357723576,0.15671641791044777,0.7276422764227642,0.14804469273743018,0.0,
cont__sphere_10d,cont,FMP_DREAM,17,500,2.745914466806986,0.17276422764227642,0.7520325203252033,0,0,96,2.519895400007954,0.025509400060400367,2.4943859999475535,0.3130081300813008,0.2077922077922078,0.6869918699186992,0.15680473372781065,0.0,
cont__sphere_10d,cont,FMP_DREAM,18,500,1.8202339319130076,0.1524390243902439,0.7764227642276422,0,0,96,2.56592969999474,0.023907800161396153,2.542021899833344,0.241869918699187,0.17647058823529413,0.7459349593495935,0.13896457765667575,0.012195121951219513,0.5
cont__sphere_10d,cont,FMP_DREAM,19,500,1.7618536823945934,0.17682926829268292,0.7134146341463414,0,0,96,2.7478405000001658,0.027203000179724768,2.720637499820441,0.25609756097560976,0.1984126984126984,0.7378048780487805,0.16804407713498623,0.006097560975609756,0.3333333333333333
cont__styblinski_tang_10d,cont,FMP_DREAM,0,500,-321.1676407071152,0.14634146341463414,0.7398373983739838,0,0,96,2.127837499996531,0.025478499868768267,2.1023590001277626,0.23577235772357724,0.1810344827586207,0.7520325203252033,0.13243243243243244,0.012195121951219513,0.3333333333333333
cont__styblinski_tang_10d,cont,FMP_DREAM,1,500,-359.46089059171845,0.1951219512195122,0.6971544715447154,0,0,96,2.171134600008372,0.025107400069828145,2.146027199938544,0.2784552845528455,0.1386861313868613,0.7154471544715447,0.2159090909090909,0.006097560975609756,0.3333333333333333
cont__styblinski_tang_10d,cont,FMP_DREAM,2,500,-352.0688421589135,0.16869918699186992,0.7540650406504065,0,0,96,2.220459700009087,0.026165099872741848,2.1942946001363453,0.22764227642276422,0.19642857142857142,0.7459349593495935,0.1553133514986376,0.026422764227642278,0.3076923076923077
cont__styblinski_tang_10d,cont,FMP_DREAM,3,500,-356.7507314752026,0.16666666666666666,0.7215447154471545,0,0,96,2.302770300011616,0.026591299960273318,2.276179000051343,0.22967479674796748,0.19469026548672566,0.766260162601626,0.15649867374005305,0.0040650406504065045,0.5
cont__styblinski_tang_10d,cont,FMP_DREAM,4,500,-323.905387958237,0.21951219512195122,0.7154471544715447,0,0,96,2.151572300004773,0.025641699990956113,2.1259306000138167,0.2784552845528455,0.2846715328467153,0.7113821138211383,0.19142857142857142,0.01016260162601626,0.4
cont__styblinski_tang_10d,cont,FMP_DREAM,5,500,-344.33135002828993,0.16463414634146342,0.733739837398374,0,0,96,2.220100000005914,0.02628929991624318,2.1938107000896707,0.22560975609756098,0.1981981981981982,0.7621951219512195,0.152,0.012195121951219513,0.3333333333333333
cont__styblinski_tang_10d,cont,FMP_DREAM,6,500,-333.6490553949104,0.17479674796747968,0.7601626016260162,0,0,96,2.2266570000065258,0.02657859999453649,2.2000784000119893,0.20528455284552846,0.24752475247524752,0.7764227642276422,0.1518324607329843,0.018292682926829267,0.3333333333333333
cont__styblinski_tang_10d,cont,FMP_DREAM,7,500,-344.0444063507414,0.20934959349593496,0.6890243902439024,0,0,96,2.3784888999944087,0.027139999889186583,2.351348900105222,0.26422764227642276,0.2692307692307692,0.7235772357723578,0.18258426966292135,0.012195121951219513,0.5
cont__styblinski_tang_10d,cont,FMP_DREAM,8,500,-368.9466341509932,0.16463414634146342,0.717479674796748,0,0,96,2.288329100003466,0.026547600005869754,2.2617814999975963,0.23780487804878048,0.1452991452991453,0.7479674796747967,0.16304347826086957,0.014227642276422764,0.5714285714285714
cont__styblinski_tang_10d,cont,FMP_DREAM,9,500,-323.7145522429299,0.19308943089430894,0.7052845528455285,0,0,96,2.264896500011673,0.025865900024655275,2.239030599987018,0.23577235772357724,0.21551724137931033,0.7520325203252033,0.1837837837837838,0.012195121951219513,0.3333333333333333
cont__styblinski_tang_10d,cont,FMP_DREAM,10,500,-370.2005893846598,0.21544715447154472,0.7154471544715447,0,0,96,2.210764100003871,0.025965899898437783,2.1847982001054334,0.25609756097560976,0.18253968253968253,0.7276422764227642,0.22625698324022347,0.016260162601626018,0.25
cont__styblinski_tang_10d,cont,FMP_DREAM,11,500,-293.00135646087585,0.17886178861788618,0.7479674796747967,0,0,96,2.300061800007825,0.027523799712071195,2.2725380002957536,0.23373983739837398,0.21739130434782608,0.7479674796747967,0.16304347826086957,0.018292682926829267,0.3333333333333333
cont__styblinski_tang_10d,cont,FMP_DREAM,12,500,-340.280511161703,0.18495934959349594,0.7398373983739838,0,0,96,2.4137028999975882,0.029325399722438306,2.38437750027515,0.241869918699187,0.21008403361344538,0.7540650406504065,0.1752021563342318,0.0040650406504065045,0.5
cont__styblinski_tang_10d,cont,FMP_DREAM,13,500,-335.59692652675113,0.16260162601626016,0.7459349593495935,0,0,96,2.536566499999026,0.032910399793763645,2.503656100205262,0.2032520325203252,0.17,0.7682926829268293,0.16137566137566137,0.028455284552845527,0.14285714285714285
cont__styblinski_tang_10d,cont,FMP_DREAM,14,500,-324.66127606845953,0.1524390243902439,0.7682926829268293,0,0,96,2.5070699000061722,0.029996200013556518,2.4770736999926157,0.2073170731707317,0.13725490196078433,0.7845528455284553,0.15025906735751296,0.008130081300813009,0.75
cont__styblinski_tang_10d,cont,FMP_DREAM,15,500,-320.8872000195664,0.16056910569105692,0.7479674796747967,0,0,96,2.4529997000063304,0.030808200157480314,2.42219149984885,0.2032520325203252,0.18,0.7764227642276422,0.1518324607329843,0.02032520325203252,0.3
cont__styblinski_tang_10d,cont,FMP_DREAM,16,500,-326.4272843221239,0.17073170731707318,0.7317073170731707,0,0,96,2.5490233000018634,0.02998239971930161,2.519040900282562,0.21544715447154472,0.19811320754716982,0.7621951219512195,0.15733333333333333,0.022357723577235773,0.36363636363636365
cont__styblinski_tang_10d,cont,FMP_DREAM,17,500,-352.86058918528164,0.17073170731707318,0.7317073170731707,0,0,96,2.535877000002074,0.028841600083978847,2.507035399918095,0.22357723577235772,0.15454545454545454,0.7682926829268293,0.17195767195767195,0.008130081300813009,0.5
cont__styblinski_tang_10d,cont,FMP_DREAM,18,500,-351.1277314468588,0.17479674796747968,0.7723577235772358,0,0,96,2.5515696000074968,0.03700120000576135,2.5145684000017354,0.19715447154471544,0.2268041237113402,0.7764227642276422,0.15706806282722513,0.026422764227642278,0.3076923076923077
cont__styblinski_tang_10d,cont,FMP_DREAM,19,500,-339.6965805927486,0.16869918699186992,0.7784552845528455,0,0,96,2.50568740000017,0.029837100009899586,2.4758502999902703,0.19308943089430894,0.2,0.7886178861788617,0.15721649484536082,0.018292682926829267,0.3333333333333333
noisy__ackley_10d,noisy,FMP_DREAM,0,500,12.317504919277965,0.12804878048780488,0.7154471544715447,0,0,96,2.4824173000088194,0.16324049998365808,2.3191768000251614,0.13211382113821138,0.07692307692307693,0.8556910569105691,0.1330166270783848,0.012195121951219513,0.3333333333333333
noisy__ackley_10d,noisy,FMP_DREAM,1,500,15.00709693007386,0.10975609756097561,0.7540650406504065,0,0,96,2.2505034000059823,0.15437220000603702,2.0961311999999452,0.10772357723577236,0.11320754716981132,0.8658536585365854,0.10328638497652583,0.026422764227642278,0.3076923076923077
noisy__ackley_10d,noisy,FMP_DREAM,2,500,11.25073130747889,0.10772357723577236,0.733739837398374,0,0,96,2.409545700007584,0.16955909995886032,2.2399866000487236,0.1991869918699187,0.12244897959183673,0.7865853658536586,0.09560723514211886,0.014227642276422764,0.5714285714285714
noisy__ackley_10d,noisy,FMP_DREAM,3,500,12.657576165175568,0.13617886178861788,0.7540650406504065,0,0,96,2.505192900003749,0.16513749984733295,2.340055400156416,0.13821138211382114,0.16176470588235295,0.8455284552845529,0.12259615384615384,0.016260162601626018,0.625
noisy__ackley_10d,noisy,FMP_DREAM,4,500,14.38217936710722,0.13008130081300814,0.733739837398374,0,0,96,2.668194300000323,0.17378440022002906,2.494409899780294,0.14227642276422764,0.15714285714285714,0.8333333333333334,0.12195121951219512,0.024390243902439025,0.25
noisy__ackley_10d,noisy,FMP_DREAM,5,500,14.909758158080226,0.13414634146341464,0.7540650406504065,0,0,96,2.6369274000026053,0.17835370020475239,2.458573699797853,0.15040650406504066,0.16216216216216217,0.8353658536585366,0.12652068126520682,0.014227642276422764,0.2857142857142857
noisy__ackley_10d,noisy,FMP_DREAM,6,500,15.05709869749003,0.13211382113821138,0.7276422764227642,0,0,96,2.7297458999964874,0.18774770000891294,2.5419981999875745,0.12601626016260162,0.12903225806451613,0.8414634146341463,0.1280193236714976,0.032520325203252036,0.25
noisy__ackley_10d,noisy,FMP_DREAM,7,500,14.757447942957196,0.12804878048780488,0.7296747967479674,0,0,96,2.7089510000078008,0.16984520001278725,2.5391057999950135,0.1402439024390244,0.15942028985507245,0.823170731707317,0.11604938271604938,0.036585365853658534,0.2777777777777778
noisy__ackley_10d,noisy,FMP_DREAM,8,500,12.263505620146894,0.12398373983739837,0.7195121951219512,0,0,96,2.5784178000030806,0.16689309987123124,2.4115247001318494,0.20934959349593496,0.13592233009708737,0.7560975609756098,0.11290322580645161,0.034552845528455285,0.29411764705882354
noisy__ackley_10d,noisy,FMP_DREAM,9,500,13.757794787488784,0.13617886178861788,0.7195121951219512,0,0,96,2.586954099999275,0.17145159999199677,2.4155025000072783,0.1402439024390244,0.17391304347826086,0.8475609756097561,0.12470023980815348,0.012195121951219513,0.5
noisy__ackley_10d,noisy,FMP_DREAM,10,500,14.827834289181501,0.1402439024390244,0.693089430894309,0,0,96,2.634686800010968,0.1692518999479944,2.4654349000629736,0.17479674796747968,0.1511627906976744,0.8048780487804879,0.13383838383838384,0.02032520325203252,0.3
noisy__ackley_10d,noisy,FMP_DREAM,11,500,15.321452809555897,0.12195121951219512,0.7540650406504065,0,0,96,2.6173664999951143,0.17523259983863682,2.4421339001564775,0.12195121951219512,0.06666666666666667,0.8638211382113821,0.12705882352941175,0.014227642276422764,0.2857142857142857
noisy__ackley_10d,noisy,FMP_DREAM,12,500,13.961672109138,0.13211382113821138,0.725609756097561,0,0,96,2.487054299999727,0.16353010015154723,2.3235241998481797,0.10772357723577236,0.20754716981132076,0.8638211382113821,0.11764705882352941,0.028455284552845527,0.2857142857142857
noisy__ackley_10d,noisy,FMP_DREAM,13,500,15.609159785140395,0.13008130081300814,0.774390243902439,0,0,96,2.3594224999978906,0.1608286000409862,2.1985938999569044,0.12398373983739837,0.19672131147540983,0.8577235772357723,0.11611374407582939,0.018292682926829267,0.3333333333333333
noisy__ackley_10d,noisy,FMP_DREAM,14,500,7.576258251342688,0.12804878048780488,0.7560975609756098,0,0,96,2.360367799992673,0.16216410005290527,2.198203699939768,0.3597560975609756,0.1016949152542373,0.6300813008130082,0.13870967741935483,0.01016260162601626,0.4
noisy__ackley_10d,noisy,FMP_DREAM,15,500,13.140140046245337,0.1443089430894309,0.7439024390243902,0,0,96,2.291527399996994,0.1518131001648726,2.1397142998321215,0.13414634146341464,0.15151515151515152,0.8373983739837398,0.1407766990291262,0.028455284552845527,0.21428571428571427
noisy__ackley_10d,noisy,FMP_DREAM,16,500,13.703419630025007,0.13821138211382114,0.7276422764227642,0,0,96,2.4337378999916837,0.1570338000310585,2.276704099960625,0.13821138211382114,0.14705882352941177,0.8394308943089431,0.13317191283292978,0.022357723577235773,0.2727272727272727
noisy__ackley_10d,noisy,FMP_DREAM,17,500,11.918307433098962,0.13211382113821138,0.7520325203252033,0,0,96,2.145597299997462,0.1503129001648631,1.9952843998325989,0.1524390243902439,0.10666666666666667,0.8394308943089431,0.13317191283292978,0.008130081300813009,0.5
noisy__ackley_10d,noisy,FMP_DREAM,18,500,13.07577120097013,0.10975609756097561,0.7439024390243902,0,0,96,2.4443012999981875,0.16084339997905772,2.2834579000191297,0.3089430894308943,0.07894736842105263,0.6463414634146342,0.11320754716981132,0.044715447154471545,0.2727272727272727
noisy__ackley_10d,noisy,FMP_DREAM,19,500,14.354241935310569,0.12195121951219512,0.7276422764227642,0,0,96,2.2935541000042576,0.15170600000419654,2.141848100000061,0.1565040650406504,0.07792207792207792,0.8252032520325203,0.12561576354679804,0.018292682926829267,0.3333333333333333
noisy__levy_10d,noisy,FMP_DREAM,0,500,1.9283935902523828,0.15853658536585366,0.7601626016260162,0,0,96,2.4304839999967953,0.18767170009959955,2.2428122998971958,0.22764227642276422,0.14285714285714285,0.75,0.15176151761517614,0.022357723577235773,0.5454545454545454
noisy__levy_10d,noisy,FMP_DREAM,1,500,4.338132817991742,0.18089430894308944,0.725609756097561,0,0,96,2.6426692999957595,0.19365840006503277,2.4490108999307267,0.29471544715447157,0.2206896551724138,0.7052845528455285,0.1642651296829971,0.0,
noisy__levy_10d,noisy,FMP_DREAM,2,500,12.854593953262082,0.17276422764227642,0.7764227642276422,0,0,96,2.634998800000176,0.20564350017230026,2.4293552998278756,0.2459349593495935,0.12396694214876033,0.7479674796747967,0.18478260869565216,0.006097560975609756,0.6666666666666666
noisy__levy_10d,noisy,FMP_DREAM,3,500,1.5505948435139434,0.17479674796747968,0.75,0,0,96,2.607357500004582,0.19541800004662946,2.4119394999579526,0.29471544715447157,0.21379310344827587,0.693089430894309,0.15542521994134897,0.012195121951219513,0.3333333333333333
noisy__levy_10d,noisy,FMP_DREAM,4,500,1.0896712003498998,0.20121951219512196,0.7296747967479674,0,0,96,2.490517700003693,0.18294449990207795,2.307573200101615,0.3313008130081301,0.20245398773006135,0.6666666666666666,0.19817073170731708,0.0020325203252032522,1.0
noisy__levy_10d,noisy,FMP_DREAM,5,500,3.321070477583249,0.17073170731707318,0.7052845528455285,0,0,96,2.565173800001503,0.18791069999861065,2.3772631000028923,0.29471544715447157,0.15862068965517243,0.7032520325203252,0.17341040462427745,0.0020325203252032522,1.0
noisy__levy_10d,noisy,FMP_DREAM,6,500,0.7353902701767594,0.1565040650406504,0.774390243902439,0,0,96,2.421123499996611,0.18059709985391237,2.2405264001426985,0.2804878048780488,0.17391304347826086,0.7154471544715447,0.14488636363636365,0.0040650406504065045,1.0
noisy__levy_10d,noisy,FMP_DREAM,7,500,4.5116445329362165,0.18292682926829268,0.709349593495935,0,0,96,2.5975306000036653,0.1858415001333924,2.411689099870273,0.25203252032520324,0.24193548387096775,0.741869918699187,0.16164383561643836,0.006097560975609756,0.3333333333333333
noisy__levy_10d,noisy,FMP_DREAM,8,500,-1.27086575359023,0.17276422764227642,0.7296747967479674,0,0,96,2.46303299999272,0.18543109968595672,2.277601900306763,0.2845528455284553,0.19285714285714287,0.6971544715447154,0.15743440233236153,0.018292682926829267,0.4444444444444444
noisy__levy_10d,noisy,FMP_DREAM,9,500,1.6578681626471137,0.18699186991869918,0.7439024390243902,0,0,96,2.5027609999960987,0.18875149985251483,2.314009500143584,0.30691056910569103,0.2052980132450331,0.6910569105691057,0.17647058823529413,0.0020325203252032522,1.0
noisy__levy_10d,noisy,FMP_DREAM,10,500,2.0364544205561192,0.16260162601626016,0.758130081300813,0,0,96,2.3451052000018535,0.17400549999729265,2.171099700004561,0.241869918699187,0.20168067226890757,0.741869918699187,0.14794520547945206,0.016260162601626018,0.25
noisy__levy_10d,noisy,FMP_DREAM,11,500,0.33044770377709964,0.18495934959349594,0.7154471544715447,0,0,96,2.3142610999930184,0.17492109994054772,2.1393400000524707,0.29878048780487804,0.2108843537414966,0.6869918699186992,0.17159763313609466,0.014227642276422764,0.2857142857142857
noisy__levy_10d,noisy,FMP_DREAM,12,500,-0.398571242342332,0.18902439024390244,0.7154471544715447,0,0,96,2.34402940000291,0.17254860007960815,2.1714807999233017,0.32113821138211385,0.22784810126582278,0.6646341463414634,0.1651376146788991,0.014227642276422764,0.42857142857142855
noisy__levy_10d,noisy,FMP_DREAM,13,500,4.541433625400313,0.16463414634146342,0.7886178861788617,0,0,96,2.2826460000069346,0.1752725999976974,2.1073734000092372,0.2703252032520325,0.21804511278195488,0.7235772357723578,0.1404494382022472,0.006097560975609756,0.6666666666666666
noisy__levy_10d,noisy,FMP_DREAM,14,500,0.8131235810496018,0.16056910569105692,0.7317073170731707,0,0,96,2.384972799991374,0.17674989988154266,2.2082229001098312,0.241869918699187,0.15966386554621848,0.75,0.15447154471544716,0.008130081300813009,0.75
noisy__levy_10d,noisy,FMP_DREAM,15,500,2.8393339948396985,0.18495934959349594,0.7357723577235772,0,0,96,2.208076799986884,0.1632533000811236,2.0448234999057604,0.27235772357723576,0.1791044776119403,0.717479674796748,0.18413597733711048,0.01016260162601626,0.4
noisy__levy_10d,noisy,FMP_DREAM,16,500,4.266504160642636,0.17479674796747968,0.7459349593495935,0,0,96,2.2952152999932878,0.16691079987504054,2.1283045001182472,0.32113821138211385,0.1962025316455696,0.6646341463414634,0.15902140672782875,0.014227642276422764,0.42857142857142855
noisy__levy_10d,noisy,FMP_DREAM,17,500,0.40973442010100714,0.17886178861788618,0.7235772357723578,0,0,96,2.4296373999968637,0.17546739990939386,2.25417000008747,0.3252032520325203,0.175,0.6707317073170732,0.1787878787878788,0.0040650406504065045,0.5
noisy__levy_10d,noisy,FMP_DREAM,18,500,2.227205829994633,0.1951219512195122,0.7398373983739838,0,0,96,2.3872306999983266,0.17492249990755226,2.2123082000907743,0.2621951219512195,0.17054263565891473,0.7195121951219512,0.20056497175141244,0.018292682926829267,0.3333333333333333
noisy__levy_10d,noisy,FMP_DREAM,19,500,3.315302891958157,0.16869918699186992,0.7703252032520326,0,0,96,2.38882829999784,0.17908930018893443,2.2097389998089056,0.258130081300813,0.2047244094488189,0.7154471544715447,0.15056818181818182,0.026422764227642278,0.3076923076923077
noisy__rastrigin_10d,noisy,FMP_DREAM,0,500,50.2356590794594,0.1402439024390244,0.725609756097561,0,0,96,2.4230127000046195,0.16290509983082302,2.2601076001737965,0.14634146341463414,0.1388888888888889,0.8455284552845529,0.13701923076923078,0.008130081300813009,0.5
noisy__rastrigin_10d,noisy,FMP_DREAM,1,500,53.742075002098034,0.13211382113821138,0.7378048780487805,0,0,96,2.4023230000020703,0.1607541000121273,2.241568899989943,0.12601626016260162,0.14516129032258066,0.8434959349593496,0.12530120481927712,0.03048780487804878,0.26666666666666666
noisy__rastrigin_10d,noisy,FMP_DREAM,2,500,54.50303828336043,0.11788617886178862,0.717479674796748,0,0,96,2.480182400002377,0.16447960016375873,2.3157027998386184,0.11788617886178862,0.1724137931034483,0.8760162601626016,0.10672853828306264,0.006097560975609756,0.6666666666666666
noisy__rastrigin_10d,noisy,FMP_DREAM,3,500,55.14309849126106,0.14227642276422764,0.7378048780487805,0,0,96,2.434194099987508,0.15903810018789954,2.2751559997996083,0.1402439024390244,0.2318840579710145,0.8414634146341463,0.12318840579710146,0.018292682926829267,0.3333333333333333
noisy__rastrigin_10d,noisy,FMP_DREAM,4,500,69.63392359446321,0.16056910569105692,0.741869918699187,0,0,96,2.322464199998649,0.15393029995902907,2.1685339000396198,0.16260162601626016,0.1625,0.8211382113821138,0.15594059405940594,0.016260162601626018,0.375
noisy__rastrigin_10d,noisy,FMP_DREAM,5,500,65.15470388087851,0.13008130081300814,0.7296747967479674,0,0,96,2.352650700006052,0.15587650003726594,2.196774199968786,0.13414634146341464,0.16666666666666666,0.8516260162601627,0.11933174224343675,0.014227642276422764,0.42857142857142855
noisy__rastrigin_10d,noisy,FMP_DREAM,6,500,77.56142804701076,0.10569105691056911,0.7723577235772358,0,0,96,2.322766600002069,0.15500179992523044,2.1677648000768386,0.11585365853658537,0.12280701754385964,0.8597560975609756,0.09692671394799054,0.024390243902439025,0.3333333333333333
noisy__rastrigin_10d,noisy,FMP_DREAM,7,500,69.59016346969143,0.11585365853658537,0.758130081300813,0,0,96,2.3475711999926716,0.1541124000941636,2.193458799898508,0.12398373983739837,0.11475409836065574,0.8495934959349594,0.11244019138755981,0.026422764227642278,0.23076923076923078
noisy__rastrigin_10d,noisy,FMP_DREAM,8,500,59.11674323585066,0.14227642276422764,0.7296747967479674,0,0,96,2.3089474000007613,0.1509211999073159,2.1580262000934454,0.14634146341463414,0.125,0.8536585365853658,0.14523809523809525,0.0,
noisy__rastrigin_10d,noisy,FMP_DREAM,9,500,61.02487688731661,0.1402439024390244,0.75,0,0,96,2.175369000004139,0.14747940000961535,2.0278895999945235,0.1443089430894309,0.09859154929577464,0.8394308943089431,0.14043583535108958,0.016260162601626018,0.5
noisy__rastrigin_10d,noisy,FMP_DREAM,10,500,74.0060434596529,0.13414634146341464,0.741869918699187,0,0,96,2.300056299995049,0.14896419981960207,2.151092100175447,0.13211382113821138,0.1076923076923077,0.8536585365853658,0.1357142857142857,0.014227642276422764,0.2857142857142857
noisy__rastrigin_10d,noisy,FMP_DREAM,11,500,45.93153364441749,0.12601626016260162,0.7378048780487805,0,0,96,2.5153069000079995,0.1622872002189979,2.3530196997890016,0.12804878048780488,0.1746031746031746,0.8373983739837398,0.11165048543689321,0.034552845528455285,0.29411764705882354
noisy__rastrigin_10d,noisy,FMP_DREAM,12,500,56.734433120658046,0.16056910569105692,0.6971544715447154,0,0,96,2.6013483999995515,0.18671419996826444,2.414634200031287,0.16666666666666666,0.17073170731707318,0.8292682926829268,0.1568627450980392,0.0040650406504065045,0.5
noisy__rastrigin_10d,noisy,FMP_DREAM,13,500,61.482552704948766,0.11178861788617886,0.766260162601626,0,0,96,2.4533124000008684,0.1634422000061022,2.289870199994766,0.12601626016260162,0.14516129032258066,0.8516260162601627,0.10023866348448687,0.022357723577235773,0.36363636363636365
noisy__rastrigin_10d,noisy,FMP_DREAM,14,500,43.14794557945276,0.12804878048780488,0.75,0,0,96,2.4034754000022076,0.161189600097714,2.2422857999044936,0.10772357723577236,0.22641509433962265,0.8434959349593496,0.11325301204819277,0.04878048780487805,0.16666666666666666
noisy__rastrigin_10d,noisy,FMP_DREAM,15,500,67.93841311417461,0.10569105691056911,0.7317073170731707,0,0,96,2.483072800008813,0.16497700022591744,2.3180957997828955,0.10975609756097561,0.14814814814814814,0.8577235772357723,0.0947867298578199,0.032520325203252036,0.25
noisy__rastrigin_10d,noisy,FMP_DREAM,16,500,70.52612650685818,0.11788617886178862,0.741869918699187,0,0,96,2.5517486999888206,0.16878420014108997,2.3829644998477306,0.10772357723577236,0.16981132075471697,0.8597560975609756,0.10638297872340426,0.032520325203252036,0.25
noisy__rastrigin_10d,noisy,FMP_DREAM,17,500,56.96060973602141,0.12195121951219512,0.7439024390243902,0,0,96,2.5847676999983378,0.1678809999866644,2.4168867000116734,0.13414634146341464,0.07575757575757576,0.8617886178861789,0.12735849056603774,0.0040650406504065045,0.5
noisy__rastrigin_10d,noisy,FMP_DREAM,18,500,56.01400488465013,0.14227642276422764,0.7073170731707317,0,0,96,2.576103299987153,0.16288110011373647,2.4132221998734167,0.1565040650406504,0.14285714285714285,0.8353658536585366,0.1386861313868613,0.008130081300813009,0.5
noisy__rastrigin_10d,noisy,FMP_DREAM,19,500,43.76934253880845,0.16260162601626016,0.7195121951219512,0,0,96,2.483965499995975,0.16294650002964772,2.321018999966327,0.17886178861788618,0.06818181818181818,0.8089430894308943,0.18090452261306533,0.012195121951219513,0.3333333333333333
noisy__schwefel_10d,noisy,FMP_DREAM,0,500,1702.029587563134,0.13821138211382114,0.7052845528455285,0,0,96,2.466560799992294,0.15338620000693481,2.3131745999853592,0.17276422764227642,0.12941176470588237,0.8109756097560976,0.13533834586466165,0.016260162601626018,0.375
noisy__schwefel_10d,noisy,FMP_DREAM,1,500,1243.62681353299,0.13617886178861788,0.7439024390243902,0,0,96,2.317943000001833,0.14953600001172163,2.168406999990111,0.11178861788617886,0.09090909090909091,0.8739837398373984,0.1372093023255814,0.014227642276422764,0.42857142857142855
noisy__schwefel_10d,noisy,FMP_DREAM,2,500,1120.6657545090732,0.12195121951219512,0.7540650406504065,0,0,96,2.2852788000018336,0.14872289991762955,2.136555900084204,0.16463414634146342,0.07407407407407407,0.8252032520325203,0.13054187192118227,0.01016260162601626,0.2
noisy__schwefel_10d,noisy,FMP_DREAM,3,500,1636.8700352584956,0.10569105691056911,0.7235772357723578,0,0,96,2.3162413999962155,0.14888820001215208,2.1673531999840634,0.11178861788617886,0.12727272727272726,0.8577235772357723,0.0971563981042654,0.03048780487804878,0.26666666666666666
noisy__schwefel_10d,noisy,FMP_DREAM,4,500,1480.8489537978137,0.16260162601626016,0.7276422764227642,0,0,96,2.400890100005199,0.15209470015543047,2.2487953998497687,0.17682926829268292,0.20689655172413793,0.7967479674796748,0.15051020408163265,0.026422764227642278,0.23076923076923078
noisy__schwefel_10d,noisy,FMP_DREAM,5,500,1900.407438983566,0.09959349593495935,0.7560975609756098,0,0,96,2.2668282000086037,0.14568959981261287,2.121138600195991,0.10975609756097561,0.09259259259259259,0.8475609756097561,0.09352517985611511,0.042682926829268296,0.23809523809523808
noisy__schwefel_10d,noisy,FMP_DREAM,6,500,2228.1166521404352,0.12601626016260162,0.7804878048780488,0,0,96,2.37335969999549,0.1544854001404019,2.218874299855088,0.13617886178861788,0.14925373134328357,0.8292682926829268,0.11519607843137254,0.034552845528455285,0.29411764705882354
noisy__schwefel_10d,noisy,FMP_DREAM,7,500,758.1097871188254,0.11991869918699187,0.7642276422764228,0,0,96,2.371924200007925,0.1536556000355631,2.2182685999723617,0.12195121951219512,0.16666666666666666,0.8678861788617886,0.11007025761124122,0.01016260162601626,0.4
noisy__schwefel_10d,noisy,FMP_DREAM,8,500,556.5607608610449,0.13617886178861788,0.7398373983739838,0,0,96,2.3619145000120625,0.1531403998233145,2.208774100188748,0.16463414634146342,0.1728395061728395,0.8191056910569106,0.12406947890818859,0.016260162601626018,0.375
noisy__schwefel_10d,noisy,FMP_DREAM,9,500,1484.9701951331663,0.15040650406504066,0.741869918699187,0,0,96,2.3396685000043362,0.15035219996934757,2.1893163000349887,0.16056910569105692,0.17721518987341772,0.8272357723577236,0.14250614250614252,0.012195121951219513,0.3333333333333333
noisy__schwefel_10d,noisy,FMP_DREAM,10,500,1361.9190339962356,0.14634146341463414,0.7276422764227642,0,0,96,2.421921100001782,0.15107540000462905,2.270845699997153,0.1524390243902439,0.13333333333333333,0.8414634146341463,0.14492753623188406,0.006097560975609756,0.6666666666666666
noisy__schwefel_10d,noisy,FMP_DREAM,11,500,831.7995049980526,0.1443089430894309,0.7276422764227642,0,0,96,2.3171562000061385,0.14684600003238302,2.1703101999737555,0.15447154471544716,0.17105263157894737,0.8434959349593496,0.13734939759036144,0.0020325203252032522,1.0
noisy__schwefel_10d,noisy,FMP_DREAM,12,500,1995.9756712009691,0.1524390243902439,0.725609756097561,0,0,96,2.4818208999931812,0.1572464001365006,2.3245744998566806,0.16056910569105692,0.21518987341772153,0.8191056910569106,0.13399503722084366,0.02032520325203252,0.4
noisy__schwefel_10d,noisy,FMP_DREAM,13,500,1514.7127160569316,0.12804878048780488,0.7378048780487805,0,0,96,2.5885820999974385,0.1769460997893475,2.411636000208091,0.13211382113821138,0.06153846153846154,0.8577235772357723,0.13507109004739337,0.01016260162601626,0.4
noisy__schwefel_10d,noisy,FMP_DREAM,14,500,1426.9922161483921,0.13008130081300814,0.741869918699187,0,0,96,2.5588622000068426,0.1601722000632435,2.398689999943599,0.10975609756097561,0.16666666666666666,0.8638211382113821,0.1223529411764706,0.026422764227642278,0.23076923076923078
noisy__schwefel_10d,noisy,FMP_DREAM,15,500,1490.1795329685856,0.12195121951219512,0.7926829268292683,0,0,96,2.517923099992913,0.16951689994311891,2.3484062000497943,0.13008130081300814,0.125,0.8353658536585366,0.11678832116788321,0.034552845528455285,0.23529411764705882
noisy__schwefel_10d,noisy,FMP_DREAM,16,500,1482.4435572586967,0.12804878048780488,0.7317073170731707,0,0,96,2.5862892999866745,0.1616119999671355,2.424677300019539,0.12195121951219512,0.16666666666666666,0.8516260162601627,0.11933174224343675,0.026422764227642278,0.23076923076923078
noisy__schwefel_10d,noisy,FMP_DREAM,17,500,1874.083792453536,0.10772357723577236,0.7703252032520326,0,0,96,2.6012702000007266,0.1665630999923451,2.4347071000083815,0.11788617886178862,0.1206896551724138,0.8699186991869918,0.10046728971962617,0.012195121951219513,0.5
noisy__schwefel_10d,noisy,FMP_DREAM,18,500,516.7443551633575,0.12398373983739837,0.7845528455284553,0,0,96,2.443800100008957,0.15723840006103273,2.2865616999479244,0.12398373983739837,0.19672131147540983,0.8556910569105691,0.10926365795724466,0.02032520325203252,0.3
noisy__schwefel_10d,noisy,FMP_DREAM,19,500,1470.7965847088058,0.1483739837398374,0.7215447154471545,0,0,96,2.584319299989147,0.16168400007882155,2.4226352999103256,0.14634146341463414,0.125,0.8455284552845529,0.1466346153846154,0.008130081300813009,0.75
noisy__sphere_10d,noisy,FMP_DREAM,0,500,1.7005796776138702,0.17682926829268292,0.7317073170731707,0,0,96,2.6216256999905454,0.15939859993522987,2.4622271000553155,0.27235772357723576,0.1417910447761194,0.725609756097561,0.1876750700280112,0.0020325203252032522,1.0
noisy__sphere_10d,noisy,FMP_DREAM,1,500,1.3178263238707963,0.18699186991869918,0.725609756097561,0,0,96,2.4710631999914767,0.15041670005302876,2.320646499938448,0.2967479674796748,0.2054794520547945,0.6869918699186992,0.17751479289940827,0.016260162601626018,0.25
noisy__sphere_10d,noisy,FMP_DREAM,2,500,1.9893259035083934,0.18902439024390244,0.7398373983739838,0,0,96,2.416362600008142,0.15941250027390197,2.25695009973424,0.2601626016260163,0.1953125,0.733739837398374,0.18559556786703602,0.006097560975609756,0.3333333333333333
noisy__sphere_10d,noisy,FMP_DREAM,3,500,2.139466509613375,0.18699186991869918,0.741869918699187,0,0,96,2.4924605999985943,0.1566109995910665,2.3358496004075278,0.29065040650406504,0.23776223776223776,0.7073170731707317,0.16379310344827586,0.0020325203252032522,1.0
noisy__sphere_10d,noisy,FMP_DREAM,4,500,4.6436063619334575,0.21544715447154472,0.7439024390243902,0,0,96,2.4191487000061898,0.15249370005039964,2.26665499995579,0.3231707317073171,0.20754716981132076,0.676829268292683,0.21921921921921922,0.0,
noisy__sphere_10d,noisy,FMP_DREAM,5,500,2.808743142039706,0.18292682926829268,0.7479674796747967,0,0,96,2.3846693000086816,0.15434019980602898,2.2303291002026526,0.29065040650406504,0.16083916083916083,0.6971544715447154,0.18658892128279883,0.012195121951219513,0.5
noisy__sphere_10d,noisy,FMP_DREAM,6,500,1.742874437215744,0.16666666666666666,0.7621951219512195,0,0,96,2.3700690000114264,0.1515095000358997,2.2185594999755267,0.2703252032520325,0.24060150375939848,0.7195121951219512,0.13559322033898305,0.01016260162601626,0.4
noisy__sphere_10d,noisy,FMP_DREAM,7,500,2.0210663424299167,0.17886178861788618,0.717479674796748,0,0,96,2.487481399992248,0.1518775000295136,2.3356038999627344,0.2804878048780488,0.17391304347826086,0.7134146341463414,0.17663817663817663,0.006097560975609756,0.6666666666666666
noisy__sphere_10d,noisy,FMP_DREAM,8,500,3.847574364803535,0.22154471544715448,0.7296747967479674,0,0,96,2.4405489999917336,0.1512193000962725,2.289329699895461,0.3617886178861789,0.24157303370786518,0.6382113821138211,0.21019108280254778,0.0,
noisy__sphere_10d,noisy,FMP_DREAM,9,500,1.9939316810397614,0.18699186991869918,0.7357723577235772,0,0,96,2.3900517000001855,0.14803559985011816,2.2420161001500674,0.3008130081300813,0.22972972972972974,0.6971544715447154,0.1661807580174927,0.0020325203252032522,1.0
noisy__sphere_10d,noisy,FMP_DREAM,10,500,1.2918086158387423,0.2032520325203252,0.7398373983739838,0,0,96,2.4148694000032265,0.1496134000190068,2.2652559999842197,0.2621951219512195,0.24031007751937986,0.733739837398374,0.1883656509695291,0.0040650406504065045,0.5
noisy__sphere_10d,noisy,FMP_DREAM,11,500,1.0537558550528343,0.15040650406504066,0.7378048780487805,0,0,96,2.4079619999974966,0.14788900005805772,2.260072999939439,0.27439024390243905,0.17037037037037037,0.7235772357723578,0.1404494382022472,0.0020325203252032522,1.0
noisy__sphere_10d,noisy,FMP_DREAM,12,500,1.3376716597190312,0.1991869918699187,0.766260162601626,0,0,96,2.297631299996283,0.14315229991916567,2.1544790000771172,0.27235772357723576,0.208955223880597,0.7154471544715447,0.19318181818181818,0.012195121951219513,0.3333333333333333
noisy__sphere_10d,noisy,FMP_DREAM,13,500,3.3429562455488364,0.17886178861788618,0.7540650406504065,0,0,96,2.315440700011095,0.14383830016595311,2.171602399845142,0.2926829268292683,0.2222222222222222,0.7012195121951219,0.1565217391304348,0.006097560975609756,0.6666666666666666
noisy__sphere_10d,noisy,FMP_DREAM,14,500,2.370348770491497,0.17479674796747968,0.717479674796748,0,0,96,2.3362427999963984,0.14063940026971977,2.1956033997266786,0.2703252032520325,0.16541353383458646,0.7235772357723578,0.17696629213483145,0.006097560975609756,0.3333333333333333
noisy__sphere_10d,noisy,FMP_DREAM,15,500,3.124078321544999,0.17073170731707318,0.7459349593495935,0,0,96,2.213767099994584,0.1386401001655031,2.075126999829081,0.25609756097560976,0.1984126984126984,0.7398373983739838,0.1565934065934066,0.0040650406504065045,1.0
noisy__sphere_10d,noisy,FMP_DREAM,16,500,1.895005516819942,0.17886178861788618,0.741869918699187,0,0,96,2.340400999994017,0.14265770003839862,2.1977432999556186,0.258130081300813,0.1968503937007874,0.7398373983739838,0.17032967032967034,0.0020325203252032522,1.0
noisy__sphere_10d,noisy,FMP_DREAM,17,500,1.171550064465291,0.18699186991869918,0.7357723577235772,0,0,96,2.36376220000966,0.14465849990665447,2.2191037001030054,0.2865853658536585,0.2127659574468085,0.6991869918699187,0.17151162790697674,0.014227642276422764,0.42857142857142855
noisy__sphere_10d,noisy,FMP_DREAM,18,500,3.471849564807628,0.1565040650406504,0.7378048780487805,0,0,96,2.334221900004195,0.14396079984726384,2.190261100156931,0.2886178861788618,0.14788732394366197,0.7032520325203252,0.15606936416184972,0.008130081300813009,0.5
noisy__sphere_10d,noisy,FMP_DREAM,19,500,0.9129012046795579,0.16463414634146342,0.7479674796747967,0,0,96,2.281540900003165,0.14059390006877948,2.1409469999343855,0.2540650406504065,0.192,0.7439024390243902,0.15300546448087432,0.0020325203252032522,1.0
