task,suite,method,seed,budget,n_evals,best_value,best_true_value,best_raw,f_star,maximize_raw,time_total,time_objective,wall_time,cost_total,time_overhead,best_metric,fmp_n_evals,fmp_best_loss,fmp_acceptance_rate,fmp_kernel_fraction_dream,fmp_n_rescues,fmp_n_reseeds,fmp_n_bw_refits,fmp_time_total,fmp_time_objective,fmp_time_overhead,fmp_frac_exploit,fmp_acc_exploit,fmp_frac_explore,fmp_acc_explore,fmp_frac_trapped,fmp_acc_trapped,fmp_params,nregret,log_regret
lcbench_167152,lcbench,CMAES,0,200,200,-97.46455383300781,-97.46455383300781,97.46455383300781,,True,0.29863599999953294,0.04871860000275774,56.87580060000619,10400.0,0.2499173999967752,97.46455383300781,,,,,,,,,,,,,,,,,,,
lcbench_167152,lcbench,CMAES,1,200,200,-97.54117584228516,-97.54117584228516,97.54117584228516,,True,0.3089220999972895,0.05421879996720236,54.81948410000041,10400.0,0.2547033000300871,97.54117584228516,,,,,,,,,,,,,,,,,,,
lcbench_167152,lcbench,CMAES,2,200,200,-97.95021057128906,-97.95021057128906,97.95021057128906,,True,0.5339815999977873,0.1283635000072536,15.836283099997672,10400.0,0.40561809999053366,97.95021057128906,,,,,,,,,,,,,,,,,,,
lcbench_167152,lcbench,CMAES,3,200,200,-97.45265197753906,-97.45265197753906,97.45265197753906,,True,0.29771760000585346,0.05515900000318652,54.213877900001535,10400.0,0.24255860000266694,97.45265197753906,,,,,,,,,,,,,,,,,,,
lcbench_167152,lcbench,CMAES,4,200,200,-97.51736450195312,-97.51736450195312,97.51736450195312,,True,0.3144051999988733,0.06094199996732641,53.445799400004034,10400.0,0.2534632000315469,97.51736450195312,,,,,,,,,,,,,,,,,,,
lcbench_167152,lcbench,CMAES,5,200,200,-97.5862045288086,-97.5862045288086,97.5862045288086,,True,0.37438380000094185,0.07341619997168891,53.474276500004635,10400.0,0.30096760002925294,97.5862045288086,,,,,,,,,,,,,,,,,,,
lcbench_167152,lcbench,CMAES,6,200,200,-97.53298950195312,-97.53298950195312,97.53298950195312,,True,0.44235099999787053,0.10347570004523732,53.47129730000597,10400.0,0.3388752999526332,97.53298950195312,,,,,,,,,,,,,,,,,,,
lcbench_167152,lcbench,CMAES,7,200,200,-98.1637954711914,-98.1637954711914,98.1637954711914,,True,0.37139359999855515,0.0755585000370047,0.38171479999436997,10400.0,0.29583509996155044,98.1637954711914,,,,,,,,,,,,,,,,,,,
lcbench_167152,lcbench,CMAES,8,200,200,-97.48723602294922,-97.48723602294922,97.48723602294922,,True,0.42343560000153957,0.09668080006667878,0.4299142999952892,10400.0,0.3267547999348608,97.48723602294922,,,,,,,,,,,,,,,,,,,
lcbench_167152,lcbench,CMAES,9,200,200,-97.92929077148438,-97.92929077148438,97.92929077148438,,True,0.43398359999991953,0.08970989994850243,0.4434439999968163,10400.0,0.3442737000514171,97.92929077148438,,,,,,,,,,,,,,,,,,,
lcbench_167152,lcbench,CMAES,10,200,200,-97.81205749511719,-97.81205749511719,97.81205749511719,,True,0.4280702000032761,0.09406079997279448,0.4381523999982164,10400.0,0.33400940003048163,97.81205749511719,,,,,,,,,,,,,,,,,,,
lcbench_167152,lcbench,CMAES,11,200,200,-97.64541625976562,-97.64541625976562,97.64541625976562,,True,0.3653699999995297,0.07959239998308476,0.3715144000016153,10400.0,0.2857776000164449,97.64541625976562,,,,,,,,,,,,,,,,,,,
lcbench_167152,lcbench,CMAES,12,200,200,-97.85983276367188,-97.85983276367188,97.85983276367188,,True,0.4107376000029035,0.09826820003945613,0.4188083000044571,10400.0,0.31246939996344736,97.85983276367188,,,,,,,,,,,,,,,,,,,
lcbench_167152,lcbench,CMAES,13,200,200,-97.51364135742188,-97.51364135742188,97.51364135742188,,True,0.39985609999712324,0.08644619999540737,0.4095378000056371,10400.0,0.31340990000171587,97.51364135742188,,,,,,,,,,,,,,,,,,,
lcbench_167152,lcbench,CMAES,14,200,200,-97.53224182128906,-97.53224182128906,97.53224182128906,,True,0.4358150999978534,0.09493849999125814,53.3296446999957,10400.0,0.34087660000659525,97.53224182128906,,,,,,,,,,,,,,,,,,,
lcbench_167152,lcbench,CMAES,15,200,200,-97.46678161621094,-97.46678161621094,97.46678161621094,,True,0.3156659999949625,0.06759549999696901,0.3249084999988554,10400.0,0.24807049999799347,97.46678161621094,,,,,,,,,,,,,,,,,,,
lcbench_167152,lcbench,CMAES,16,200,200,-97.74901580810547,-97.74901580810547,97.74901580810547,,True,0.3879374000025564,0.07513349995133467,0.39395890000014333,10400.0,0.3128039000512217,97.74901580810547,,,,,,,,,,,,,,,,,,,
lcbench_167152,lcbench,CMAES,17,200,200,-97.68975067138672,-97.68975067138672,97.68975067138672,,True,0.397104900002887,0.07611240004916908,0.4060678999958327,10400.0,0.3209924999537179,97.68975067138672,,,,,,,,,,,,,,,,,,,
lcbench_167152,lcbench,CMAES,18,200,200,-97.47868347167969,-97.47868347167969,97.47868347167969,,True,0.39001920000009704,0.07793010002205847,0.39957760000106646,10400.0,0.3120890999780386,97.47868347167969,,,,,,,,,,,,,,,,,,,
lcbench_167152,lcbench,CMAES,19,200,200,-98.07097625732422,-98.07097625732422,98.07097625732422,,True,0.3786284000016167,0.07977380004012957,0.38576939999620663,10400.0,0.2988545999614871,98.07097625732422,,,,,,,,,,,,,,,,,,,
lcbench_167152,lcbench,FMP,0,200,200,-97.09790802001953,-97.09790802001953,97.09790802001953,,True,1.6445589999930235,0.17379980004625395,1.6713203999970574,10400.0,1.4707591999467695,97.09790802001953,200.0,-97.09790802001953,0.546875,0.0,0.0,0.0,36.0,1.64432969999325,0.19637809997948352,1.4479516000137664,0.7291666666666666,0.6,0.2708333333333333,0.40384615384615385,0.0,,"{""T_mcmc"": 0.05021528037835243, ""burnin_fraction"": 0.21939164151847443, ""bw_prior_strength"": 89.80956876532602, ""decoder"": ""soft"", ""emission_mu"": [-0.00946430696609267, 0.0946430696609267, 0.014196460449139003], ""emission_sigma"": [0.05678584179655601, 0.23660767415231673, 0.01892861393218534], ""explore_subsample"": false, ""hmm_window"": 12, ""kde_tau"": 0.006205167444665816, ""n_chains"": 1, ""n_init"": 8, ""orchestrate_every"": 5, ""p_dream"": 0.0, ""rejection_streak"": 24, ""seed"": 0, ""sigma_fraction"": 0.022095999012449814, ""wide_sigma_fraction"": 0.3008503702038378}",,
lcbench_167152,lcbench,FMP,1,200,200,-97.82474517822266,-97.82474517822266,97.82474517822266,,True,1.4689433000021381,0.15079220000188798,1.487852100006421,10400.0,1.3181511000002502,97.82474517822266,200.0,-97.82474517822266,0.609375,0.0,0.0,0.0,36.0,1.468667799999821,0.16953769989777356,1.2991301001020474,0.71875,0.644927536231884,0.28125,0.5185185185185185,0.0,,"{""T_mcmc"": 0.05021528037835243, ""burnin_fraction"": 0.21939164151847443, ""bw_prior_strength"": 89.80956876532602, ""decoder"": ""soft"", ""emission_mu"": [-0.00946430696609267, 0.0946430696609267, 0.014196460449139003], ""emission_sigma"": [0.05678584179655601, 0.23660767415231673, 0.01892861393218534], ""explore_subsample"": false, ""hmm_window"": 12, ""kde_tau"": 0.006205167444665816, ""n_chains"": 1, ""n_init"": 8, ""orchestrate_every"": 5, ""p_dream"": 0.0, ""rejection_streak"": 24, ""seed"": 1, ""sigma_fraction"": 0.022095999012449814, ""wide_sigma_fraction"": 0.3008503702038378}",,
lcbench_167152,lcbench,FMP,2,200,200,-97.1271743774414,-97.1271743774414,97.1271743774414,,True,1.6758151999965776,0.18569110006501433,1.700920599992969,10400.0,1.4901240999315633,97.1271743774414,200.0,-97.1271743774414,0.5052083333333334,0.0,0.0,0.0,36.0,1.6755379999958677,0.20460289994662162,1.470935100049246,0.6458333333333334,0.5887096774193549,0.3541666666666667,0.35294117647058826,0.0,,"{""T_mcmc"": 0.05021528037835243, ""burnin_fraction"": 0.21939164151847443, ""bw_prior_strength"": 89.80956876532602, ""decoder"": ""soft"", ""emission_mu"": [-0.00946430696609267, 0.0946430696609267, 0.014196460449139003], ""emission_sigma"": [0.05678584179655601, 0.23660767415231673, 0.01892861393218534], ""explore_subsample"": false, ""hmm_window"": 12, ""kde_tau"": 0.006205167444665816, ""n_chains"": 1, ""n_init"": 8, ""orchestrate_every"": 5, ""p_dream"": 0.0, ""rejection_streak"": 24, ""seed"": 2, ""sigma_fraction"": 0.022095999012449814, ""wide_sigma_fraction"": 0.3008503702038378}",,
lcbench_167152,lcbench,FMP,3,200,200,-97.7546157836914,-97.7546157836914,97.7546157836914,,True,1.4231040000013309,0.14572260013665073,1.4469521999999415,10400.0,1.2773813998646801,97.7546157836914,200.0,-97.7546157836914,0.5364583333333334,0.0,0.0,0.0,36.0,1.42284749999817,0.16509879996010568,1.2577487000380643,0.6458333333333334,0.6370967741935484,0.3541666666666667,0.35294117647058826,0.0,,"{""T_mcmc"": 0.05021528037835243, ""burnin_fraction"": 0.21939164151847443, ""bw_prior_strength"": 89.80956876532602, ""decoder"": ""soft"", ""emission_mu"": [-0.00946430696609267, 0.0946430696609267, 0.014196460449139003], ""emission_sigma"": [0.05678584179655601, 0.23660767415231673, 0.01892861393218534], ""explore_subsample"": false, ""hmm_window"": 12, ""kde_tau"": 0.006205167444665816, ""n_chains"": 1, ""n_init"": 8, ""orchestrate_every"": 5, ""p_dream"": 0.0, ""rejection_streak"": 24, ""seed"": 3, ""sigma_fraction"": 0.022095999012449814, ""wide_sigma_fraction"": 0.3008503702038378}",,
lcbench_167152,lcbench,FMP,4,200,200,-97.48091125488281,-97.48091125488281,97.48091125488281,,True,1.5221291000052588,0.14165859992499463,1.5457293999934336,10400.0,1.3804705000802642,97.48091125488281,200.0,-97.48091125488281,0.5885416666666666,0.0,0.0,0.0,36.0,1.5218319999985397,0.1644906999426894,1.3573413000558503,0.7135416666666666,0.635036496350365,0.2864583333333333,0.4727272727272727,0.0,,"{""T_mcmc"": 0.05021528037835243, ""burnin_fraction"": 0.21939164151847443, ""bw_prior_strength"": 89.80956876532602, ""decoder"": ""soft"", ""emission_mu"": [-0.00946430696609267, 0.0946430696609267, 0.014196460449139003], ""emission_sigma"": [0.05678584179655601, 0.23660767415231673, 0.01892861393218534], ""explore_subsample"": false, ""hmm_window"": 12, ""kde_tau"": 0.006205167444665816, ""n_chains"": 1, ""n_init"": 8, ""orchestrate_every"": 5, ""p_dream"": 0.0, ""rejection_streak"": 24, ""seed"": 4, ""sigma_fraction"": 0.022095999012449814, ""wide_sigma_fraction"": 0.3008503702038378}",,
lcbench_167152,lcbench,FMP,5,200,200,-97.60482025146484,-97.60482025146484,97.60482025146484,,True,1.4818243000045186,0.13502959995821584,1.499363800001447,10400.0,1.3467947000463028,97.60482025146484,200.0,-97.60482025146484,0.5677083333333334,0.0,0.0,0.0,36.0,1.481565000009141,0.1584265999845229,1.323138400024618,0.7135416666666666,0.6204379562043796,0.2864583333333333,0.43636363636363634,0.0,,"{""T_mcmc"": 0.05021528037835243, ""burnin_fraction"": 0.21939164151847443, ""bw_prior_strength"": 89.80956876532602, ""decoder"": ""soft"", ""emission_mu"": [-0.00946430696609267, 0.0946430696609267, 0.014196460449139003], ""emission_sigma"": [0.05678584179655601, 0.23660767415231673, 0.01892861393218534], ""explore_subsample"": false, ""hmm_window"": 12, ""kde_tau"": 0.006205167444665816, ""n_chains"": 1, ""n_init"": 8, ""orchestrate_every"": 5, ""p_dream"": 0.0, ""rejection_streak"": 24, ""seed"": 5, ""sigma_fraction"": 0.022095999012449814, ""wide_sigma_fraction"": 0.3008503702038378}",,
lcbench_167152,lcbench,FMP,6,200,200,-97.92779541015625,-97.92779541015625,97.92779541015625,,True,1.4363128999975743,0.13407319992256816,1.4512381999957142,10400.0,1.3022397000750061,97.92779541015625,200.0,-97.92779541015625,0.4583333333333333,0.0,0.0,0.0,36.0,1.4360565999959363,0.151841799961403,1.2842148000345333,0.53125,0.5196078431372549,0.46875,0.3888888888888889,0.0,,"{""T_mcmc"": 0.05021528037835243, ""burnin_fraction"": 0.21939164151847443, ""bw_prior_strength"": 89.80956876532602, ""decoder"": ""soft"", ""emission_mu"": [-0.00946430696609267, 0.0946430696609267, 0.014196460449139003], ""emission_sigma"": [0.05678584179655601, 0.23660767415231673, 0.01892861393218534], ""explore_subsample"": false, ""hmm_window"": 12, ""kde_tau"": 0.006205167444665816, ""n_chains"": 1, ""n_init"": 8, ""orchestrate_every"": 5, ""p_dream"": 0.0, ""rejection_streak"": 24, ""seed"": 6, ""sigma_fraction"": 0.022095999012449814, ""wide_sigma_fraction"": 0.3008503702038378}",,
lcbench_167152,lcbench,FMP,7,200,200,-97.27809143066406,-97.27809143066406,97.27809143066406,,True,1.5808774000033736,0.13540249998914078,1.599884099996416,10400.0,1.4454749000142328,97.27809143066406,200.0,-97.27809143066406,0.609375,0.0,0.0,0.0,36.0,1.5806437999999616,0.1558534000214422,1.4247903999785194,0.7604166666666666,0.6506849315068494,0.23958333333333334,0.4782608695652174,0.0,,"{""T_mcmc"": 0.05021528037835243, ""burnin_fraction"": 0.21939164151847443, ""bw_prior_strength"": 89.80956876532602, ""decoder"": ""soft"", ""emission_mu"": [-0.00946430696609267, 0.0946430696609267, 0.014196460449139003], ""emission_sigma"": [0.05678584179655601, 0.23660767415231673, 0.01892861393218534], ""explore_subsample"": false, ""hmm_window"": 12, ""kde_tau"": 0.006205167444665816, ""n_chains"": 1, ""n_init"": 8, ""orchestrate_every"": 5, ""p_dream"": 0.0, ""rejection_streak"": 24, ""seed"": 7, ""sigma_fraction"": 0.022095999012449814, ""wide_sigma_fraction"": 0.3008503702038378}",,
lcbench_167152,lcbench,FMP,8,200,200,-97.1786880493164,-97.1786880493164,97.1786880493164,,True,1.6366686999972444,0.14467719991807826,1.6547515999991447,10400.0,1.4919915000791661,97.1786880493164,200.0,-97.1786880493164,0.5572916666666666,0.0,0.0,0.0,36.0,1.6364330000069458,0.16918659998918884,1.467246400017757,0.6979166666666666,0.6343283582089553,0.3020833333333333,0.3793103448275862,0.0,,"{""T_mcmc"": 0.05021528037835243, ""burnin_fraction"": 0.21939164151847443, ""bw_prior_strength"": 89.80956876532602, ""decoder"": ""soft"", ""emission_mu"": [-0.00946430696609267, 0.0946430696609267, 0.014196460449139003], ""emission_sigma"": [0.05678584179655601, 0.23660767415231673, 0.01892861393218534], ""explore_subsample"": false, ""hmm_window"": 12, ""kde_tau"": 0.006205167444665816, ""n_chains"": 1, ""n_init"": 8, ""orchestrate_every"": 5, ""p_dream"": 0.0, ""rejection_streak"": 24, ""seed"": 8, ""sigma_fraction"": 0.022095999012449814, ""wide_sigma_fraction"": 0.3008503702038378}",,
lcbench_167152,lcbench,FMP,9,200,200,-97.45339965820312,-97.45339965820312,97.45339965820312,,True,1.4945640999940224,0.1461507000058191,1.5230000000010477,10400.0,1.3484133999882033,97.45339965820312,200.0,-97.45339965820312,0.6041666666666666,0.0,0.0,0.0,36.0,1.494327799999155,0.1644580000283895,1.3298697999707656,0.703125,0.6222222222222222,0.296875,0.5614035087719298,0.0,,"{""T_mcmc"": 0.05021528037835243, ""burnin_fraction"": 0.21939164151847443, ""bw_prior_strength"": 89.80956876532602, ""decoder"": ""soft"", ""emission_mu"": [-0.00946430696609267, 0.0946430696609267, 0.014196460449139003], ""emission_sigma"": [0.05678584179655601, 0.23660767415231673, 0.01892861393218534], ""explore_subsample"": false, ""hmm_window"": 12, ""kde_tau"": 0.006205167444665816, ""n_chains"": 1, ""n_init"": 8, ""orchestrate_every"": 5, ""p_dream"": 0.0, ""rejection_streak"": 24, ""seed"": 9, ""sigma_fraction"": 0.022095999012449814, ""wide_sigma_fraction"": 0.3008503702038378}",,
lcbench_167152,lcbench,FMP,10,200,200,-97.40693664550781,-97.40693664550781,97.40693664550781,,True,1.7901044999889564,0.17621400010830257,1.8128083999908995,10400.0,1.6138904998806538,97.40693664550781,200.0,-97.40693664550781,0.5833333333333334,0.0,0.0,0.0,36.0,1.7898788000020431,0.1983244998846203,1.5915543001174228,0.671875,0.6046511627906976,0.328125,0.5396825396825397,0.0,,"{""T_mcmc"": 0.05021528037835243, ""burnin_fraction"": 0.21939164151847443, ""bw_prior_strength"": 89.80956876532602, ""decoder"": ""soft"", ""emission_mu"": [-0.00946430696609267, 0.0946430696609267, 0.014196460449139003], ""emission_sigma"": [0.05678584179655601, 0.23660767415231673, 0.01892861393218534], ""explore_subsample"": false, ""hmm_window"": 12, ""kde_tau"": 0.006205167444665816, ""n_chains"": 1, ""n_init"": 8, ""orchestrate_every"": 5, ""p_dream"": 0.0, ""rejection_streak"": 24, ""seed"": 10, ""sigma_fraction"": 0.022095999012449814, ""wide_sigma_fraction"": 0.3008503702038378}",,
lcbench_167152,lcbench,FMP,11,200,200,-97.20130157470703,-97.20130157470703,97.20130157470703,,True,1.8325970000005327,0.1581392002699431,1.8492605999927036,10400.0,1.6744577997305896,97.20130157470703,200.0,-97.20130157470703,0.5885416666666666,0.0,0.0,0.0,36.0,1.8307862999936333,0.17754400019475725,1.653242299798876,0.6302083333333334,0.6694214876033058,0.3697916666666667,0.4507042253521127,0.0,,"{""T_mcmc"": 0.05021528037835243, ""burnin_fraction"": 0.21939164151847443, ""bw_prior_strength"": 89.80956876532602, ""decoder"": ""soft"", ""emission_mu"": [-0.00946430696609267, 0.0946430696609267, 0.014196460449139003], ""emission_sigma"": [0.05678584179655601, 0.23660767415231673, 0.01892861393218534], ""explore_subsample"": false, ""hmm_window"": 12, ""kde_tau"": 0.006205167444665816, ""n_chains"": 1, ""n_init"": 8, ""orchestrate_every"": 5, ""p_dream"": 0.0, ""rejection_streak"": 24, ""seed"": 11, ""sigma_fraction"": 0.022095999012449814, ""wide_sigma_fraction"": 0.3008503702038378}",,
lcbench_167152,lcbench,FMP,12,200,200,-97.31075286865234,-97.31075286865234,97.31075286865234,,True,1.5099298000131967,0.13485230003425386,1.5291697000066051,10400.0,1.3750774999789428,97.31075286865234,200.0,-97.31075286865234,0.6302083333333334,0.0,0.0,0.0,36.0,1.509672700005467,0.15295529988361523,1.3567174001218518,0.703125,0.6888888888888889,0.296875,0.49122807017543857,0.0,,"{""T_mcmc"": 0.05021528037835243, ""burnin_fraction"": 0.21939164151847443, ""bw_prior_strength"": 89.80956876532602, ""decoder"": ""soft"", ""emission_mu"": [-0.00946430696609267, 0.0946430696609267, 0.014196460449139003], ""emission_sigma"": [0.05678584179655601, 0.23660767415231673, 0.01892861393218534], ""explore_subsample"": false, ""hmm_window"": 12, ""kde_tau"": 0.006205167444665816, ""n_chains"": 1, ""n_init"": 8, ""orchestrate_every"": 5, ""p_dream"": 0.0, ""rejection_streak"": 24, ""seed"": 12, ""sigma_fraction"": 0.022095999012449814, ""wide_sigma_fraction"": 0.3008503702038378}",,
lcbench_167152,lcbench,FMP,13,200,200,-97.4678955078125,-97.4678955078125,97.4678955078125,,True,1.5551630999980262,0.16262720007216558,1.5755652000079863,10400.0,1.3925358999258606,97.4678955078125,200.0,-97.4678955078125,0.5989583333333334,0.0,0.0,0.0,36.0,1.554929500009166,0.18131849997735117,1.373611000031815,0.7864583333333334,0.6291390728476821,0.21354166666666666,0.4878048780487805,0.0,,"{""T_mcmc"": 0.05021528037835243, ""burnin_fraction"": 0.21939164151847443, ""bw_prior_strength"": 89.80956876532602, ""decoder"": ""soft"", ""emission_mu"": [-0.00946430696609267, 0.0946430696609267, 0.014196460449139003], ""emission_sigma"": [0.05678584179655601, 0.23660767415231673, 0.01892861393218534], ""explore_subsample"": false, ""hmm_window"": 12, ""kde_tau"": 0.006205167444665816, ""n_chains"": 1, ""n_init"": 8, ""orchestrate_every"": 5, ""p_dream"": 0.0, ""rejection_streak"": 24, ""seed"": 13, ""sigma_fraction"": 0.022095999012449814, ""wide_sigma_fraction"": 0.3008503702038378}",,
lcbench_167152,lcbench,FMP,14,200,200,-97.12272644042969,-97.12272644042969,97.12272644042969,,True,1.6721201999898767,0.14885720005258918,1.6960008999885758,10400.0,1.5232629999372875,97.12272644042969,200.0,-97.12272644042969,0.5989583333333334,0.0,0.0,0.0,36.0,1.6718828000011854,0.17255579998891335,1.499327000012272,0.8020833333333334,0.6168831168831169,0.19791666666666666,0.5263157894736842,0.0,,"{""T_mcmc"": 0.05021528037835243, ""burnin_fraction"": 0.21939164151847443, ""bw_prior_strength"": 89.80956876532602, ""decoder"": ""soft"", ""emission_mu"": [-0.00946430696609267, 0.0946430696609267, 0.014196460449139003], ""emission_sigma"": [0.05678584179655601, 0.23660767415231673, 0.01892861393218534], ""explore_subsample"": false, ""hmm_window"": 12, ""kde_tau"": 0.006205167444665816, ""n_chains"": 1, ""n_init"": 8, ""orchestrate_every"": 5, ""p_dream"": 0.0, ""rejection_streak"": 24, ""seed"": 14, ""sigma_fraction"": 0.022095999012449814, ""wide_sigma_fraction"": 0.3008503702038378}",,
lcbench_167152,lcbench,FMP,15,200,200,-97.06790924072266,-97.06790924072266,97.06790924072266,,True,1.701949299997068,0.15196540007309522,1.718475400004536,10400.0,1.5499838999239728,97.06790924072266,200.0,-97.06790924072266,0.6145833333333334,0.0,0.0,0.0,36.0,1.7016915999993216,0.17553389997920021,1.5261577000201214,0.796875,0.6274509803921569,0.203125,0.5641025641025641,0.0,,"{""T_mcmc"": 0.05021528037835243, ""burnin_fraction"": 0.21939164151847443, ""bw_prior_strength"": 89.80956876532602, ""decoder"": ""soft"", ""emission_mu"": [-0.00946430696609267, 0.0946430696609267, 0.014196460449139003], ""emission_sigma"": [0.05678584179655601, 0.23660767415231673, 0.01892861393218534], ""explore_subsample"": false, ""hmm_window"": 12, ""kde_tau"": 0.006205167444665816, ""n_chains"": 1, ""n_init"": 8, ""orchestrate_every"": 5, ""p_dream"": 0.0, ""rejection_streak"": 24, ""seed"": 15, ""sigma_fraction"": 0.022095999012449814, ""wide_sigma_fraction"": 0.3008503702038378}",,
lcbench_167152,lcbench,FMP,16,200,200,-97.3742446899414,-97.3742446899414,97.3742446899414,,True,1.5027415999938967,0.15184000007866416,1.5186965000029886,10400.0,1.3509015999152325,97.3742446899414,200.0,-97.3742446899414,0.5625,0.0,0.0,0.0,36.0,1.5024786999856587,0.17208770019351505,1.3303909997921437,0.6979166666666666,0.5895522388059702,0.3020833333333333,0.5,0.0,,"{""T_mcmc"": 0.05021528037835243, ""burnin_fraction"": 0.21939164151847443, ""bw_prior_strength"": 89.80956876532602, ""decoder"": ""soft"", ""emission_mu"": [-0.00946430696609267, 0.0946430696609267, 0.014196460449139003], ""emission_sigma"": [0.05678584179655601, 0.23660767415231673, 0.01892861393218534], ""explore_subsample"": false, ""hmm_window"": 12, ""kde_tau"": 0.006205167444665816, ""n_chains"": 1, ""n_init"": 8, ""orchestrate_every"": 5, ""p_dream"": 0.0, ""rejection_streak"": 24, ""seed"": 16, ""sigma_fraction"": 0.022095999012449814, ""wide_sigma_fraction"": 0.3008503702038378}",,
lcbench_167152,lcbench,FMP,17,200,200,-97.9969253540039,-97.9969253540039,97.9969253540039,,True,1.5529180000012275,0.152868700097315,1.5821759000100428,10400.0,1.4000492999039125,97.9969253540039,200.0,-97.9969253540039,0.5572916666666666,0.0,0.0,0.0,36.0,1.5526837999932468,0.17331650010601152,1.3793672998872353,0.5989583333333334,0.6695652173913044,0.4010416666666667,0.38961038961038963,0.0,,"{""T_mcmc"": 0.05021528037835243, ""burnin_fraction"": 0.21939164151847443, ""bw_prior_strength"": 89.80956876532602, ""decoder"": ""soft"", ""emission_mu"": [-0.00946430696609267, 0.0946430696609267, 0.014196460449139003], ""emission_sigma"": [0.05678584179655601, 0.23660767415231673, 0.01892861393218534], ""explore_subsample"": false, ""hmm_window"": 12, ""kde_tau"": 0.006205167444665816, ""n_chains"": 1, ""n_init"": 8, ""orchestrate_every"": 5, ""p_dream"": 0.0, ""rejection_streak"": 24, ""seed"": 17, ""sigma_fraction"": 0.022095999012449814, ""wide_sigma_fraction"": 0.3008503702038378}",,
lcbench_167152,lcbench,FMP,18,200,200,-97.13569641113281,-97.13569641113281,97.13569641113281,,True,1.8167505000019446,0.18576940007915255,1.8377648000023328,10400.0,1.630981099922792,97.13569641113281,200.0,-97.13569641113281,0.640625,0.0,0.0,0.0,36.0,1.8165177000046242,0.21357689985597972,1.6029408001486445,0.875,0.6488095238095238,0.125,0.5833333333333334,0.0,,"{""T_mcmc"": 0.05021528037835243, ""burnin_fraction"": 0.21939164151847443, ""bw_prior_strength"": 89.80956876532602, ""decoder"": ""soft"", ""emission_mu"": [-0.00946430696609267, 0.0946430696609267, 0.014196460449139003], ""emission_sigma"": [0.05678584179655601, 0.23660767415231673, 0.01892861393218534], ""explore_subsample"": false, ""hmm_window"": 12, ""kde_tau"": 0.006205167444665816, ""n_chains"": 1, ""n_init"": 8, ""orchestrate_every"": 5, ""p_dream"": 0.0, ""rejection_streak"": 24, ""seed"": 18, ""sigma_fraction"": 0.022095999012449814, ""wide_sigma_fraction"": 0.3008503702038378}",,
lcbench_167152,lcbench,FMP,19,200,200,-97.24024200439453,-97.24024200439453,97.24024200439453,,True,1.7147303000092506,0.18350720008311328,1.7327504999993835,10400.0,1.5312230999261374,97.24024200439453,200.0,-97.24024200439453,0.5989583333333334,0.0,0.0,0.0,36.0,1.7145031000109157,0.2035365000629099,1.5109665999480058,0.7135416666666666,0.6496350364963503,0.2864583333333333,0.4727272727272727,0.0,,"{""T_mcmc"": 0.05021528037835243, ""burnin_fraction"": 0.21939164151847443, ""bw_prior_strength"": 89.80956876532602, ""decoder"": ""soft"", ""emission_mu"": [-0.00946430696609267, 0.0946430696609267, 0.014196460449139003], ""emission_sigma"": [0.05678584179655601, 0.23660767415231673, 0.01892861393218534], ""explore_subsample"": false, ""hmm_window"": 12, ""kde_tau"": 0.006205167444665816, ""n_chains"": 1, ""n_init"": 8, ""orchestrate_every"": 5, ""p_dream"": 0.0, ""rejection_streak"": 24, ""seed"": 19, ""sigma_fraction"": 0.022095999012449814, ""wide_sigma_fraction"": 0.3008503702038378}",,
lcbench_167152,lcbench,FMP_DREAM,0,200,200,-97.48128509521484,-97.48128509521484,97.48128509521484,,True,1.284294700002647,0.13688760009245016,1.303614499993273,10400.0,1.1474070999101968,97.48128509521484,200.0,-97.48128509521484,0.5260416666666666,0.6770833333333334,0.0,0.0,36.0,1.2837395999958972,0.15638069993292447,1.1273589000629727,0.875,0.5238095238095238,0.125,0.5416666666666666,0.0,,"{""T_mcmc"": 0.05021528037835243, ""burnin_fraction"": 0.21939164151847443, ""bw_prior_strength"": 89.80956876532602, ""decoder"": ""soft"", ""emission_mu"": [-0.00946430696609267, 0.0946430696609267, 0.014196460449139003], ""emission_sigma"": [0.05678584179655601, 0.23660767415231673, 0.01892861393218534], ""explore_subsample"": false, ""hmm_window"": 12, ""kde_tau"": 0.006205167444665816, ""n_chains"": 1, ""n_init"": 8, ""orchestrate_every"": 5, ""p_dream"": 0.7412354684077219, ""rejection_streak"": 24, ""seed"": 0, ""sigma_fraction"": 0.022095999012449814, ""wide_sigma_fraction"": 0.3008503702038378}",,
lcbench_167152,lcbench,FMP_DREAM,1,200,200,-97.44113159179688,-97.44113159179688,97.44113159179688,,True,1.2040387000015471,0.14100809997762553,1.225901400001021,10400.0,1.0630306000239216,97.44113159179688,200.0,-97.44113159179688,0.4010416666666667,0.6979166666666666,0.0,0.0,36.0,1.2037929000071017,0.16123580001294613,1.0425570999941556,0.7604166666666666,0.4041095890410959,0.23958333333333334,0.391304347826087,0.0,,"{""T_mcmc"": 0.05021528037835243, ""burnin_fraction"": 0.21939164151847443, ""bw_prior_strength"": 89.80956876532602, ""decoder"": ""soft"", ""emission_mu"": [-0.00946430696609267, 0.0946430696609267, 0.014196460449139003], ""emission_sigma"": [0.05678584179655601, 0.23660767415231673, 0.01892861393218534], ""explore_subsample"": false, ""hmm_window"": 12, ""kde_tau"": 0.006205167444665816, ""n_chains"": 1, ""n_init"": 8, ""orchestrate_every"": 5, ""p_dream"": 0.7412354684077219, ""rejection_streak"": 24, ""seed"": 1, ""sigma_fraction"": 0.022095999012449814, ""wide_sigma_fraction"": 0.3008503702038378}",,
lcbench_167152,lcbench,FMP_DREAM,2,200,200,-97.46678161621094,-97.46678161621094,97.46678161621094,,True,1.4021735000133049,0.16269260000262875,1.4263607999891974,10400.0,1.2394809000106761,97.46678161621094,200.0,-97.46678161621094,0.34375,0.734375,0.0,0.0,36.0,1.401932200009469,0.18821570013824385,1.213716499871225,0.640625,0.4146341463414634,0.359375,0.21739130434782608,0.0,,"{""T_mcmc"": 0.05021528037835243, ""burnin_fraction"": 0.21939164151847443, ""bw_prior_strength"": 89.80956876532602, ""decoder"": ""soft"", ""emission_mu"": [-0.00946430696609267, 0.0946430696609267, 0.014196460449139003], ""emission_sigma"": [0.05678584179655601, 0.23660767415231673, 0.01892861393218534], ""explore_subsample"": false, ""hmm_window"": 12, ""kde_tau"": 0.006205167444665816, ""n_chains"": 1, ""n_init"": 8, ""orchestrate_every"": 5, ""p_dream"": 0.7412354684077219, ""rejection_streak"": 24, ""seed"": 2, ""sigma_fraction"": 0.022095999012449814, ""wide_sigma_fraction"": 0.3008503702038378}",,
lcbench_167152,lcbench,FMP_DREAM,3,200,200,-97.32337188720703,-97.32337188720703,97.32337188720703,,True,1.1718043000000762,0.1442512000357965,1.1933641000068747,10400.0,1.0275530999642797,97.32337188720703,200.0,-97.32337188720703,0.4791666666666667,0.7604166666666666,0.0,0.0,36.0,1.1715415000071516,0.1645248999557225,1.0070166000514291,0.8802083333333334,0.47337278106508873,0.11979166666666667,0.5217391304347826,0.0,,"{""T_mcmc"": 0.05021528037835243, ""burnin_fraction"": 0.21939164151847443, ""bw_prior_strength"": 89.80956876532602, ""decoder"": ""soft"", ""emission_mu"": [-0.00946430696609267, 0.0946430696609267, 0.014196460449139003], ""emission_sigma"": [0.05678584179655601, 0.23660767415231673, 0.01892861393218534], ""explore_subsample"": false, ""hmm_window"": 12, ""kde_tau"": 0.006205167444665816, ""n_chains"": 1, ""n_init"": 8, ""orchestrate_every"": 5, ""p_dream"": 0.7412354684077219, ""rejection_streak"": 24, ""seed"": 3, ""sigma_fraction"": 0.022095999012449814, ""wide_sigma_fraction"": 0.3008503702038378}",,
lcbench_167152,lcbench,FMP_DREAM,4,200,200,-97.43221282958984,-97.43221282958984,97.43221282958984,,True,1.416279700002633,0.1485313999291975,1.4371878000092693,10400.0,1.2677483000734355,97.43221282958984,200.0,-97.43221282958984,0.3854166666666667,0.6927083333333334,0.0,0.0,36.0,1.4160520000004908,0.17216549997101538,1.2438865000294754,0.6614583333333334,0.44881889763779526,0.3385416666666667,0.26153846153846155,0.0,,"{""T_mcmc"": 0.05021528037835243, ""burnin_fraction"": 0.21939164151847443, ""bw_prior_strength"": 89.80956876532602, ""decoder"": ""soft"", ""emission_mu"": [-0.00946430696609267, 0.0946430696609267, 0.014196460449139003], ""emission_sigma"": [0.05678584179655601, 0.23660767415231673, 0.01892861393218534], ""explore_subsample"": false, ""hmm_window"": 12, ""kde_tau"": 0.006205167444665816, ""n_chains"": 1, ""n_init"": 8, ""orchestrate_every"": 5, ""p_dream"": 0.7412354684077219, ""rejection_streak"": 24, ""seed"": 4, ""sigma_fraction"": 0.022095999012449814, ""wide_sigma_fraction"": 0.3008503702038378}",,
lcbench_167152,lcbench,FMP_DREAM,5,200,200,-97.47644805908203,-97.47644805908203,97.47644805908203,,True,1.4643101999972714,0.1475157999957446,1.4841535000014119,10400.0,1.3167944000015268,97.47644805908203,200.0,-97.47644805908203,0.4791666666666667,0.7239583333333334,0.0,0.0,36.0,1.4640084999991814,0.17870709994167555,1.2853014000575058,0.8802083333333334,0.48520710059171596,0.11979166666666667,0.43478260869565216,0.0,,"{""T_mcmc"": 0.05021528037835243, ""burnin_fraction"": 0.21939164151847443, ""bw_prior_strength"": 89.80956876532602, ""decoder"": ""soft"", ""emission_mu"": [-0.00946430696609267, 0.0946430696609267, 0.014196460449139003], ""emission_sigma"": [0.05678584179655601, 0.23660767415231673, 0.01892861393218534], ""explore_subsample"": false, ""hmm_window"": 12, ""kde_tau"": 0.006205167444665816, ""n_chains"": 1, ""n_init"": 8, ""orchestrate_every"": 5, ""p_dream"": 0.7412354684077219, ""rejection_streak"": 24, ""seed"": 5, ""sigma_fraction"": 0.022095999012449814, ""wide_sigma_fraction"": 0.3008503702038378}",,
lcbench_167152,lcbench,FMP_DREAM,6,200,200,-97.38948059082031,-97.38948059082031,97.38948059082031,,True,1.3605979999992996,0.16775160003453493,1.3816277999867452,10400.0,1.1928463999647647,97.38948059082031,200.0,-97.38948059082031,0.484375,0.6822916666666666,0.0,0.0,36.0,1.3595768000086537,0.18921719992067665,1.170359600087977,0.890625,0.49122807017543857,0.109375,0.42857142857142855,0.0,,"{""T_mcmc"": 0.05021528037835243, ""burnin_fraction"": 0.21939164151847443, ""bw_prior_strength"": 89.80956876532602, ""decoder"": ""soft"", ""emission_mu"": [-0.00946430696609267, 0.0946430696609267, 0.014196460449139003], ""emission_sigma"": [0.05678584179655601, 0.23660767415231673, 0.01892861393218534], ""explore_subsample"": false, ""hmm_window"": 12, ""kde_tau"": 0.006205167444665816, ""n_chains"": 1, ""n_init"": 8, ""orchestrate_every"": 5, ""p_dream"": 0.7412354684077219, ""rejection_streak"": 24, ""seed"": 6, ""sigma_fraction"": 0.022095999012449814, ""wide_sigma_fraction"": 0.3008503702038378}",,
lcbench_167152,lcbench,FMP_DREAM,7,200,200,-97.46455383300781,-97.46455383300781,97.46455383300781,,True,1.4006127000029664,0.16932420001830906,1.4202132000064012,10400.0,1.2312884999846574,97.46455383300781,200.0,-97.46455383300781,0.5729166666666666,0.7135416666666666,0.0,0.0,36.0,1.40037879999727,0.18969759995525237,1.2106812000420177,0.875,0.5952380952380952,0.125,0.4166666666666667,0.0,,"{""T_mcmc"": 0.05021528037835243, ""burnin_fraction"": 0.21939164151847443, ""bw_prior_strength"": 89.80956876532602, ""decoder"": ""soft"", ""emission_mu"": [-0.00946430696609267, 0.0946430696609267, 0.014196460449139003], ""emission_sigma"": [0.05678584179655601, 0.23660767415231673, 0.01892861393218534], ""explore_subsample"": false, ""hmm_window"": 12, ""kde_tau"": 0.006205167444665816, ""n_chains"": 1, ""n_init"": 8, ""orchestrate_every"": 5, ""p_dream"": 0.7412354684077219, ""rejection_streak"": 24, ""seed"": 7, ""sigma_fraction"": 0.022095999012449814, ""wide_sigma_fraction"": 0.3008503702038378}",,
lcbench_167152,lcbench,FMP_DREAM,8,200,200,-97.59700012207031,-97.59700012207031,97.59700012207031,,True,1.6374735999997938,0.1824311000527814,1.6522926000034204,10400.0,1.4550424999470124,97.59700012207031,200.0,-97.59700012207031,0.3958333333333333,0.75,0.0,0.0,36.0,1.6372288999991724,0.2094946998549858,1.4277342001441866,0.7604166666666666,0.410958904109589,0.23958333333333334,0.34782608695652173,0.0,,"{""T_mcmc"": 0.05021528037835243, ""burnin_fraction"": 0.21939164151847443, ""bw_prior_strength"": 89.80956876532602, ""decoder"": ""soft"", ""emission_mu"": [-0.00946430696609267, 0.0946430696609267, 0.014196460449139003], ""emission_sigma"": [0.05678584179655601, 0.23660767415231673, 0.01892861393218534], ""explore_subsample"": false, ""hmm_window"": 12, ""kde_tau"": 0.006205167444665816, ""n_chains"": 1, ""n_init"": 8, ""orchestrate_every"": 5, ""p_dream"": 0.7412354684077219, ""rejection_streak"": 24, ""seed"": 8, ""sigma_fraction"": 0.022095999012449814, ""wide_sigma_fraction"": 0.3008503702038378}",,
lcbench_167152,lcbench,FMP_DREAM,9,200,200,-97.4028549194336,-97.4028549194336,97.4028549194336,,True,1.2118513000023086,0.14289749988529366,1.234062699993956,10400.0,1.068953800117015,97.4028549194336,200.0,-97.4028549194336,0.4479166666666667,0.7395833333333334,0.0,0.0,36.0,1.21160609999788,0.16292180005984847,1.0486842999380315,0.78125,0.48,0.21875,0.3333333333333333,0.0,,"{""T_mcmc"": 0.05021528037835243, ""burnin_fraction"": 0.21939164151847443, ""bw_prior_strength"": 89.80956876532602, ""decoder"": ""soft"", ""emission_mu"": [-0.00946430696609267, 0.0946430696609267, 0.014196460449139003], ""emission_sigma"": [0.05678584179655601, 0.23660767415231673, 0.01892861393218534], ""explore_subsample"": false, ""hmm_window"": 12, ""kde_tau"": 0.006205167444665816, ""n_chains"": 1, ""n_init"": 8, ""orchestrate_every"": 5, ""p_dream"": 0.7412354684077219, ""rejection_streak"": 24, ""seed"": 9, ""sigma_fraction"": 0.022095999012449814, ""wide_sigma_fraction"": 0.3008503702038378}",,
lcbench_167152,lcbench,FMP_DREAM,10,200,200,-97.70838165283203,-97.70838165283203,97.70838165283203,,True,1.2470198999944841,0.1445788999699289,1.2618896000058157,10400.0,1.1024410000245553,97.70838165283203,200.0,-97.70838165283203,0.5833333333333334,0.7083333333333334,0.0,0.0,36.0,1.246772400001646,0.1663955001567956,1.0803768998448504,0.9270833333333334,0.5786516853932584,0.07291666666666667,0.6428571428571429,0.0,,"{""T_mcmc"": 0.05021528037835243, ""burnin_fraction"": 0.21939164151847443, ""bw_prior_strength"": 89.80956876532602, ""decoder"": ""soft"", ""emission_mu"": [-0.00946430696609267, 0.0946430696609267, 0.014196460449139003], ""emission_sigma"": [0.05678584179655601, 0.23660767415231673, 0.01892861393218534], ""explore_subsample"": false, ""hmm_window"": 12, ""kde_tau"": 0.006205167444665816, ""n_chains"": 1, ""n_init"": 8, ""orchestrate_every"": 5, ""p_dream"": 0.7412354684077219, ""rejection_streak"": 24, ""seed"": 10, ""sigma_fraction"": 0.022095999012449814, ""wide_sigma_fraction"": 0.3008503702038378}",,
lcbench_167152,lcbench,FMP_DREAM,11,200,200,-97.4496841430664,-97.4496841430664,97.4496841430664,,True,1.3866236999892863,0.17951250002079178,1.4072498999885283,10400.0,1.2071111999684945,97.4496841430664,200.0,-97.4496841430664,0.453125,0.7395833333333334,0.0,0.0,36.0,1.386286300010397,0.20762219987227581,1.1786641001381213,0.65625,0.5476190476190477,0.3385416666666667,0.26153846153846155,0.005208333333333333,1.0,"{""T_mcmc"": 0.05021528037835243, ""burnin_fraction"": 0.21939164151847443, ""bw_prior_strength"": 89.80956876532602, ""decoder"": ""soft"", ""emission_mu"": [-0.00946430696609267, 0.0946430696609267, 0.014196460449139003], ""emission_sigma"": [0.05678584179655601, 0.23660767415231673, 0.01892861393218534], ""explore_subsample"": false, ""hmm_window"": 12, ""kde_tau"": 0.006205167444665816, ""n_chains"": 1, ""n_init"": 8, ""orchestrate_every"": 5, ""p_dream"": 0.7412354684077219, ""rejection_streak"": 24, ""seed"": 11, ""sigma_fraction"": 0.022095999012449814, ""wide_sigma_fraction"": 0.3008503702038378}",,
lcbench_167152,lcbench,FMP_DREAM,12,200,200,-97.35010528564453,-97.35010528564453,97.35010528564453,,True,1.2701508000027388,0.16889380000066012,1.2864272000006167,10400.0,1.1012570000020787,97.35010528564453,200.0,-97.35010528564453,0.5572916666666666,0.75,0.0,0.0,36.0,1.2699097000004258,0.19020730009651743,1.0797023999039084,0.9322916666666666,0.553072625698324,0.06770833333333333,0.6153846153846154,0.0,,"{""T_mcmc"": 0.05021528037835243, ""burnin_fraction"": 0.21939164151847443, ""bw_prior_strength"": 89.80956876532602, ""decoder"": ""soft"", ""emission_mu"": [-0.00946430696609267, 0.0946430696609267, 0.014196460449139003], ""emission_sigma"": [0.05678584179655601, 0.23660767415231673, 0.01892861393218534], ""explore_subsample"": false, ""hmm_window"": 12, ""kde_tau"": 0.006205167444665816, ""n_chains"": 1, ""n_init"": 8, ""orchestrate_every"": 5, ""p_dream"": 0.7412354684077219, ""rejection_streak"": 24, ""seed"": 12, ""sigma_fraction"": 0.022095999012449814, ""wide_sigma_fraction"": 0.3008503702038378}",,
lcbench_167152,lcbench,FMP_DREAM,13,200,200,-97.45042419433594,-97.45042419433594,97.45042419433594,,True,1.4424691000021994,0.19395129998156335,1.4575499999918975,10400.0,1.248517800020636,97.45042419433594,200.0,-97.45042419433594,0.4010416666666667,0.75,0.0,0.0,36.0,1.4422415000008186,0.2215874001121847,1.220654099888634,0.703125,0.43703703703703706,0.296875,0.3157894736842105,0.0,,"{""T_mcmc"": 0.05021528037835243, ""burnin_fraction"": 0.21939164151847443, ""bw_prior_strength"": 89.80956876532602, ""decoder"": ""soft"", ""emission_mu"": [-0.00946430696609267, 0.0946430696609267, 0.014196460449139003], ""emission_sigma"": [0.05678584179655601, 0.23660767415231673, 0.01892861393218534], ""explore_subsample"": false, ""hmm_window"": 12, ""kde_tau"": 0.006205167444665816, ""n_chains"": 1, ""n_init"": 8, ""orchestrate_every"": 5, ""p_dream"": 0.7412354684077219, ""rejection_streak"": 24, ""seed"": 13, ""sigma_fraction"": 0.022095999012449814, ""wide_sigma_fraction"": 0.3008503702038378}",,
lcbench_167152,lcbench,FMP_DREAM,14,200,200,-97.70950317382812,-97.70950317382812,97.70950317382812,,True,1.142684400008875,0.14640449998842087,1.1637203999998746,10400.0,0.9962799000204541,97.70950317382812,200.0,-97.70950317382812,0.4322916666666667,0.7916666666666666,0.0,0.0,36.0,1.1424390000029234,0.16890400006377604,0.9735349999391474,0.7916666666666666,0.46710526315789475,0.20833333333333334,0.3,0.0,,"{""T_mcmc"": 0.05021528037835243, ""burnin_fraction"": 0.21939164151847443, ""bw_prior_strength"": 89.80956876532602, ""decoder"": ""soft"", ""emission_mu"": [-0.00946430696609267, 0.0946430696609267, 0.014196460449139003], ""emission_sigma"": [0.05678584179655601, 0.23660767415231673, 0.01892861393218534], ""explore_subsample"": false, ""hmm_window"": 12, ""kde_tau"": 0.006205167444665816, ""n_chains"": 1, ""n_init"": 8, ""orchestrate_every"": 5, ""p_dream"": 0.7412354684077219, ""rejection_streak"": 24, ""seed"": 14, ""sigma_fraction"": 0.022095999012449814, ""wide_sigma_fraction"": 0.3008503702038378}",,
lcbench_167152,lcbench,FMP_DREAM,15,200,200,-97.8213882446289,-97.8213882446289,97.8213882446289,,True,1.2852696000045398,0.14138439981616102,1.3002070000075037,10400.0,1.1438852001883788,97.8213882446289,200.0,-97.8213882446289,0.515625,0.6979166666666666,0.0,0.0,36.0,1.285041099996306,0.1692964000540087,1.1157446999422973,0.8645833333333334,0.5481927710843374,0.13541666666666666,0.3076923076923077,0.0,,"{""T_mcmc"": 0.05021528037835243, ""burnin_fraction"": 0.21939164151847443, ""bw_prior_strength"": 89.80956876532602, ""decoder"": ""soft"", ""emission_mu"": [-0.00946430696609267, 0.0946430696609267, 0.014196460449139003], ""emission_sigma"": [0.05678584179655601, 0.23660767415231673, 0.01892861393218534], ""explore_subsample"": false, ""hmm_window"": 12, ""kde_tau"": 0.006205167444665816, ""n_chains"": 1, ""n_init"": 8, ""orchestrate_every"": 5, ""p_dream"": 0.7412354684077219, ""rejection_streak"": 24, ""seed"": 15, ""sigma_fraction"": 0.022095999012449814, ""wide_sigma_fraction"": 0.3008503702038378}",,
lcbench_167152,lcbench,FMP_DREAM,16,200,200,-97.47161865234375,-97.47161865234375,97.47161865234375,,True,1.1244941000040853,0.14410620013950393,1.1441116999922087,10400.0,0.9803878998645814,97.47161865234375,200.0,-97.47161865234375,0.40625,0.8020833333333334,0.0,0.0,36.0,1.1242724000039743,0.1676558998733526,0.9566165001306217,0.8333333333333334,0.41875,0.16666666666666666,0.34375,0.0,,"{""T_mcmc"": 0.05021528037835243, ""burnin_fraction"": 0.21939164151847443, ""bw_prior_strength"": 89.80956876532602, ""decoder"": ""soft"", ""emission_mu"": [-0.00946430696609267, 0.0946430696609267, 0.014196460449139003], ""emission_sigma"": [0.05678584179655601, 0.23660767415231673, 0.01892861393218534], ""explore_subsample"": false, ""hmm_window"": 12, ""kde_tau"": 0.006205167444665816, ""n_chains"": 1, ""n_init"": 8, ""orchestrate_every"": 5, ""p_dream"": 0.7412354684077219, ""rejection_streak"": 24, ""seed"": 16, ""sigma_fraction"": 0.022095999012449814, ""wide_sigma_fraction"": 0.3008503702038378}",,
lcbench_167152,lcbench,FMP_DREAM,17,200,200,-97.38539123535156,-97.38539123535156,97.38539123535156,,True,1.0394034000055399,0.14432240014139097,1.0569662999914726,10400.0,0.8950809998641489,97.38539123535156,200.0,-97.38539123535156,0.4947916666666667,0.703125,0.0,0.0,36.0,1.037084399999003,0.16228410009352956,0.8748002999054734,0.890625,0.4853801169590643,0.109375,0.5714285714285714,0.0,,"{""T_mcmc"": 0.05021528037835243, ""burnin_fraction"": 0.21939164151847443, ""bw_prior_strength"": 89.80956876532602, ""decoder"": ""soft"", ""emission_mu"": [-0.00946430696609267, 0.0946430696609267, 0.014196460449139003], ""emission_sigma"": [0.05678584179655601, 0.23660767415231673, 0.01892861393218534], ""explore_subsample"": false, ""hmm_window"": 12, ""kde_tau"": 0.006205167444665816, ""n_chains"": 1, ""n_init"": 8, ""orchestrate_every"": 5, ""p_dream"": 0.7412354684077219, ""rejection_streak"": 24, ""seed"": 17, ""sigma_fraction"": 0.022095999012449814, ""wide_sigma_fraction"": 0.3008503702038378}",,
lcbench_167152,lcbench,FMP_DREAM,18,200,200,-97.35752868652344,-97.35752868652344,97.35752868652344,,True,1.0216202000010526,0.12017219998233486,1.0361384999996517,10400.0,0.9014480000187177,97.35752868652344,200.0,-97.35752868652344,0.515625,0.7135416666666666,0.0,0.0,36.0,1.0214097999996739,0.13727699994342402,0.8841328000562498,0.875,0.4880952380952381,0.125,0.7083333333333334,0.0,,"{""T_mcmc"": 0.05021528037835243, ""burnin_fraction"": 0.21939164151847443, ""bw_prior_strength"": 89.80956876532602, ""decoder"": ""soft"", ""emission_mu"": [-0.00946430696609267, 0.0946430696609267, 0.014196460449139003], ""emission_sigma"": [0.05678584179655601, 0.23660767415231673, 0.01892861393218534], ""explore_subsample"": false, ""hmm_window"": 12, ""kde_tau"": 0.006205167444665816, ""n_chains"": 1, ""n_init"": 8, ""orchestrate_every"": 5, ""p_dream"": 0.7412354684077219, ""rejection_streak"": 24, ""seed"": 18, ""sigma_fraction"": 0.022095999012449814, ""wide_sigma_fraction"": 0.3008503702038378}",,
lcbench_167152,lcbench,FMP_DREAM,19,200,200,-97.93862915039062,-97.93862915039062,97.93862915039062,,True,0.9368541000003461,0.11695469997357577,0.9525128999957815,10400.0,0.8198994000267703,97.93862915039062,200.0,-97.93862915039062,0.3333333333333333,0.7239583333333334,0.0,0.0,36.0,0.9363583999947878,0.1337108000589069,0.8026475999358809,0.59375,0.43859649122807015,0.40625,0.1794871794871795,0.0,,"{""T_mcmc"": 0.05021528037835243, ""burnin_fraction"": 0.21939164151847443, ""bw_prior_strength"": 89.80956876532602, ""decoder"": ""soft"", ""emission_mu"": [-0.00946430696609267, 0.0946430696609267, 0.014196460449139003], ""emission_sigma"": [0.05678584179655601, 0.23660767415231673, 0.01892861393218534], ""explore_subsample"": false, ""hmm_window"": 12, ""kde_tau"": 0.006205167444665816, ""n_chains"": 1, ""n_init"": 8, ""orchestrate_every"": 5, ""p_dream"": 0.7412354684077219, ""rejection_streak"": 24, ""seed"": 19, ""sigma_fraction"": 0.022095999012449814, ""wide_sigma_fraction"": 0.3008503702038378}",,
lcbench_167152,lcbench,GP,0,200,200,-98.53408813476562,-98.53408813476562,98.53408813476562,,True,143.50591300000087,0.14088609995815204,143.55337309999595,10400.0,143.36502690004272,98.53408813476562,,,,,,,,,,,,,,,,,,,
lcbench_167152,lcbench,GP,1,200,200,-98.53221130371094,-98.53221130371094,98.53221130371094,,True,161.9880636999951,0.14759289998619352,162.0014777000033,10400.0,161.84047080000892,98.53221130371094,,,,,,,,,,,,,,,,,,,
lcbench_167152,lcbench,GP,2,200,200,-98.53408813476562,-98.53408813476562,98.53408813476562,,True,147.1220459000033,0.14177339999150718,147.13442439999926,10400.0,146.98027250001178,98.53408813476562,,,,,,,,,,,,,,,,,,,
lcbench_167152,lcbench,GP,3,200,200,-98.53221130371094,-98.53221130371094,98.53221130371094,,True,148.46516990000237,0.1458086000639014,148.47829300000012,10400.0,148.31936129993846,98.53221130371094,,,,,,,,,,,,,,,,,,,
lcbench_167152,lcbench,GP,4,200,200,-98.5337142944336,-98.5337142944336,98.5337142944336,,True,135.7361979000052,0.1422743999864906,135.7502475000001,10400.0,135.59392350001872,98.5337142944336,,,,,,,,,,,,,,,,,,,
lcbench_167152,lcbench,GP,5,200,200,-98.52694702148438,-98.52694702148438,98.52694702148438,,True,152.43946440000582,0.14743379993160488,152.4520338000002,10400.0,152.2920306000742,98.52694702148438,,,,,,,,,,,,,,,,,,,
lcbench_167152,lcbench,GP,6,200,200,-98.5337142944336,-98.5337142944336,98.5337142944336,,True,161.48816399999487,0.14768400001776172,161.4999475999939,10400.0,161.3404799999771,98.5337142944336,,,,,,,,,,,,,,,,,,,
lcbench_167152,lcbench,GP,7,200,200,-98.5337142944336,-98.5337142944336,98.5337142944336,,True,148.0061010999998,0.1465807000058703,148.01833459999762,10400.0,147.85952039999393,98.5337142944336,,,,,,,,,,,,,,,,,,,
lcbench_167152,lcbench,GP,8,200,200,-98.5337142944336,-98.5337142944336,98.5337142944336,,True,164.55864749999455,0.14416329996311106,164.57137540000258,10400.0,164.41448420003144,98.5337142944336,,,,,,,,,,,,,,,,,,,
lcbench_167152,lcbench,GP,9,200,200,-98.52694702148438,-98.52694702148438,98.52694702148438,,True,152.8115192999976,0.14457329992728774,152.82311409999966,10400.0,152.6669460000703,98.52694702148438,,,,,,,,,,,,,,,,,,,
lcbench_167152,lcbench,GP,10,200,200,-98.46420288085938,-98.46420288085938,98.46420288085938,,True,154.77472229999694,0.14651119998598006,154.78986209999857,10400.0,154.62821110001096,98.46420288085938,,,,,,,,,,,,,,,,,,,
lcbench_167152,lcbench,GP,11,200,200,-98.53145599365234,-98.53145599365234,98.53145599365234,,True,148.9521848000004,0.14386170008947374,148.9660808999979,10400.0,148.80832309991092,98.53145599365234,,,,,,,,,,,,,,,,,,,
lcbench_167152,lcbench,GP,12,200,200,-98.5337142944336,-98.5337142944336,98.5337142944336,,True,157.0193317000012,0.1418841000413522,157.0596358000039,10400.0,156.87744759995985,98.5337142944336,,,,,,,,,,,,,,,,,,,
lcbench_167152,lcbench,GP,13,200,200,-98.53408813476562,-98.53408813476562,98.53408813476562,,True,142.19246310000017,0.14254439996147994,142.2069111000019,10400.0,142.0499187000387,98.53408813476562,,,,,,,,,,,,,,,,,,,
lcbench_167152,lcbench,GP,14,200,200,-98.5337142944336,-98.5337142944336,98.5337142944336,,True,163.60933469999873,0.14472889994794969,163.62380230000417,10400.0,163.46460580005078,98.5337142944336,,,,,,,,,,,,,,,,,,,
lcbench_167152,lcbench,GP,15,200,200,-98.53408813476562,-98.53408813476562,98.53408813476562,,True,183.79082899999776,0.1419020000466844,183.80297409999912,10400.0,183.64892699995107,98.53408813476562,,,,,,,,,,,,,,,,,,,
lcbench_167152,lcbench,GP,16,200,200,-98.5337142944336,-98.5337142944336,98.5337142944336,,True,155.82352760000504,0.14833769994584145,155.83715759999905,10400.0,155.6751899000592,98.5337142944336,,,,,,,,,,,,,,,,,,,
lcbench_167152,lcbench,GP,17,200,200,-98.53408813476562,-98.53408813476562,98.53408813476562,,True,160.21352369999659,0.14401790004922077,160.22478709999996,10400.0,160.06950579994736,98.53408813476562,,,,,,,,,,,,,,,,,,,
lcbench_167152,lcbench,GP,18,200,200,-98.52694702148438,-98.52694702148438,98.52694702148438,,True,158.12482679999812,0.14652679997379892,158.1359691999969,10400.0,157.97830000002432,98.52694702148438,,,,,,,,,,,,,,,,,,,
lcbench_167152,lcbench,GP,19,200,200,-98.5337142944336,-98.5337142944336,98.5337142944336,,True,159.00748569999996,0.141247999999905,159.01834969999618,10400.0,158.86623770000006,98.5337142944336,,,,,,,,,,,,,,,,,,,
lcbench_167152,lcbench,RS,0,200,200,-97.76915740966797,-97.76915740966797,97.76915740966797,,True,0.18358449999504955,0.0594742999819573,0.21935420000227168,10400.0,0.12411020001309225,97.76915740966797,,,,,,,,,,,,,,,,,,,
lcbench_167152,lcbench,RS,1,200,200,-96.96946716308594,-96.96946716308594,96.96946716308594,,True,0.19320460000017192,0.06000359995960025,0.2002649000060046,10400.0,0.13320100004057167,96.96946716308594,,,,,,,,,,,,,,,,,,,
lcbench_167152,lcbench,RS,2,200,200,-97.322998046875,-97.322998046875,97.322998046875,,True,0.1943156999986968,0.0625106000516098,0.20327890000044135,10400.0,0.131805099947087,97.322998046875,,,,,,,,,,,,,,,,,,,
lcbench_167152,lcbench,RS,3,200,200,-97.0775375366211,-97.0775375366211,97.0775375366211,,True,0.20463840000593336,0.06845190004241886,0.2137157000033767,10400.0,0.1361864999635145,97.0775375366211,,,,,,,,,,,,,,,,,,,
lcbench_167152,lcbench,RS,4,200,200,-97.1723861694336,-97.1723861694336,97.1723861694336,,True,0.20756280000205152,0.0684936000034213,0.21588079999492038,10400.0,0.1390691999986302,97.1723861694336,,,,,,,,,,,,,,,,,,,
lcbench_167152,lcbench,RS,5,200,200,-97.05050659179688,-97.05050659179688,97.05050659179688,,True,0.1513522999957786,0.047250100040400866,0.1600546999979997,10400.0,0.10410219995537773,97.05050659179688,,,,,,,,,,,,,,,,,,,
lcbench_167152,lcbench,RS,6,200,200,-97.03865814208984,-97.03865814208984,97.03865814208984,,True,0.1874630000020261,0.0617320999444928,0.19633790000079898,10400.0,0.1257309000575333,97.03865814208984,,,,,,,,,,,,,,,,,,,
lcbench_167152,lcbench,RS,7,200,200,-97.392822265625,-97.392822265625,97.392822265625,,True,0.2137762999991537,0.07027790002030088,0.22290929999871878,10400.0,0.14349839997885283,97.392822265625,,,,,,,,,,,,,,,,,,,
lcbench_167152,lcbench,RS,8,200,200,-97.20612335205078,-97.20612335205078,97.20612335205078,,True,0.21649749999778578,0.07079990002966952,0.22587599999678787,10400.0,0.14569759996811626,97.20612335205078,,,,,,,,,,,,,,,,,,,
lcbench_167152,lcbench,RS,9,200,200,-97.49913787841797,-97.49913787841797,97.49913787841797,,True,0.190043999995396,0.06566920005570864,0.19765999999799533,10400.0,0.12437479993968736,97.49913787841797,,,,,,,,,,,,,,,,,,,
lcbench_167152,lcbench,RS,10,200,200,-97.08087158203125,-97.08087158203125,97.08087158203125,,True,0.22760600000037812,0.08284770007594489,0.23664360000111628,10400.0,0.14475829992443323,97.08087158203125,,,,,,,,,,,,,,,,,,,
lcbench_167152,lcbench,RS,11,200,200,-97.09049987792969,-97.09049987792969,97.09049987792969,,True,0.23118429999885848,0.07943900004465831,0.24092759999621194,10400.0,0.15174529995420016,97.09049987792969,,,,,,,,,,,,,,,,,,,
lcbench_167152,lcbench,RS,12,200,200,-97.2005615234375,-97.2005615234375,97.2005615234375,,True,0.2269402000019909,0.08028909997665323,0.23485440000513336,10400.0,0.14665110002533766,97.2005615234375,,,,,,,,,,,,,,,,,,,
lcbench_167152,lcbench,RS,13,200,200,-97.40210723876953,-97.40210723876953,97.40210723876953,,True,0.23535339999943972,0.08485539997491287,0.245362000001478,10400.0,0.15049800002452685,97.40210723876953,,,,,,,,,,,,,,,,,,,
lcbench_167152,lcbench,RS,14,200,200,-97.28588104248047,-97.28588104248047,97.28588104248047,,True,0.22171430000162218,0.07739210003637709,0.22917459999735001,10400.0,0.1443221999652451,97.28588104248047,,,,,,,,,,,,,,,,,,,
lcbench_167152,lcbench,RS,15,200,200,-97.28922271728516,-97.28922271728516,97.28922271728516,,True,0.24497359999804758,0.09373839992622379,0.2535349000027054,10400.0,0.15123520007182378,97.28922271728516,,,,,,,,,,,,,,,,,,,
lcbench_167152,lcbench,RS,16,200,200,-97.26287841796875,-97.26287841796875,97.26287841796875,,True,0.20847720000165282,0.06952550001005875,0.21722619999491144,10400.0,0.13895169999159407,97.26287841796875,,,,,,,,,,,,,,,,,,,
lcbench_167152,lcbench,RS,17,200,200,-97.08383178710938,-97.08383178710938,97.08383178710938,,True,0.2169956999932765,0.07258579997142078,0.2261140000045998,10400.0,0.14440990002185572,97.08383178710938,,,,,,,,,,,,,,,,,,,
lcbench_167152,lcbench,RS,18,200,200,-97.29181671142578,-97.29181671142578,97.29181671142578,,True,0.195572099997662,0.06531530000938801,0.2051034999967669,10400.0,0.130256799988274,97.29181671142578,,,,,,,,,,,,,,,,,,,
lcbench_167152,lcbench,RS,19,200,200,-97.10717010498047,-97.10717010498047,97.10717010498047,,True,0.19698990000324557,0.06678450001345482,0.20649889999913285,10400.0,0.13020539998979075,97.10717010498047,,,,,,,,,,,,,,,,,,,
lcbench_167152,lcbench,TPE,0,200,200,-97.61189270019531,-97.61189270019531,97.61189270019531,,True,6.917778899995028,0.13767120001284638,6.926113200002874,10400.0,6.780107699982182,97.61189270019531,,,,,,,,,,,,,,,,,,,
lcbench_167152,lcbench,TPE,1,200,200,-97.5683364868164,-97.5683364868164,97.5683364868164,,True,5.2857516999938525,0.1426281000749441,5.296635700004117,10400.0,5.143123599918908,97.5683364868164,,,,,,,,,,,,,,,,,,,
lcbench_167152,lcbench,TPE,2,200,200,-97.36050415039062,-97.36050415039062,97.36050415039062,,True,5.786337600002298,0.14277940002648393,5.826843499999086,10400.0,5.643558199975814,97.36050415039062,,,,,,,,,,,,,,,,,,,
lcbench_167152,lcbench,TPE,3,200,200,-97.81914520263672,-97.81914520263672,97.81914520263672,,True,6.759405500000867,0.14790279998851474,6.77052520000143,10400.0,6.611502700012352,97.81914520263672,,,,,,,,,,,,,,,,,,,
lcbench_167152,lcbench,TPE,4,200,200,-97.53820037841797,-97.53820037841797,97.53820037841797,,True,7.731078400000115,0.14269840001361445,7.7675633000035305,10400.0,7.5883799999865005,97.53820037841797,,,,,,,,,,,,,,,,,,,
lcbench_167152,lcbench,TPE,5,200,200,-97.52889251708984,-97.52889251708984,97.52889251708984,,True,7.9088101999950595,0.14469969996571308,7.919333699996059,10400.0,7.764110500029346,97.52889251708984,,,,,,,,,,,,,,,,,,,
lcbench_167152,lcbench,TPE,6,200,200,-97.50173950195312,-97.50173950195312,97.50173950195312,,True,4.288257000000158,0.1497711999618332,4.351042400005099,10400.0,4.138485800038325,97.50173950195312,,,,,,,,,,,,,,,,,,,
lcbench_167152,lcbench,TPE,7,200,200,-97.51029205322266,-97.51029205322266,97.51029205322266,,True,5.5775300999957835,0.1452341999465716,5.587549399999261,10400.0,5.432295900049212,97.51029205322266,,,,,,,,,,,,,,,,,,,
lcbench_167152,lcbench,TPE,8,200,200,-97.3140869140625,-97.3140869140625,97.3140869140625,,True,7.240451099998609,0.14857879998453427,7.28908109999611,10400.0,7.091872300014074,97.3140869140625,,,,,,,,,,,,,,,,,,,
lcbench_167152,lcbench,TPE,9,200,200,-97.52889251708984,-97.52889251708984,97.52889251708984,,True,6.422826399997575,0.14415039999585133,6.43381209999643,10400.0,6.278676000001724,97.52889251708984,,,,,,,,,,,,,,,,,,,
lcbench_167152,lcbench,TPE,10,200,200,-97.49876403808594,-97.49876403808594,97.49876403808594,,True,7.815463999999338,0.14802030000282684,7.858746899997641,10400.0,7.667443699996511,97.49876403808594,,,,,,,,,,,,,,,,,,,
lcbench_167152,lcbench,TPE,11,200,200,-97.5634994506836,-97.5634994506836,97.5634994506836,,True,5.027271399994788,0.14569470002606977,5.037536600000749,10400.0,4.8815766999687185,97.5634994506836,,,,,,,,,,,,,,,,,,,
lcbench_167152,lcbench,TPE,12,200,200,-97.50843811035156,-97.50843811035156,97.50843811035156,,True,4.254867700001341,0.146847500000149,4.297377399998368,10400.0,4.108020200001192,97.50843811035156,,,,,,,,,,,,,,,,,,,
lcbench_167152,lcbench,TPE,13,200,200,-97.62232208251953,-97.62232208251953,97.62232208251953,,True,6.989691900002072,0.14645049993123394,7.000593500000832,10400.0,6.843241400070838,97.62232208251953,,,,,,,,,,,,,,,,,,,
lcbench_167152,lcbench,TPE,14,200,200,-97.51921844482422,-97.51921844482422,97.51921844482422,,True,5.657239499996649,0.14621789998636814,5.667939399994793,10400.0,5.511021600010281,97.51921844482422,,,,,,,,,,,,,,,,,,,
lcbench_167152,lcbench,TPE,15,200,200,-97.5694580078125,-97.5694580078125,97.5694580078125,,True,4.720368599999347,0.15887820003263187,4.730901700000686,10400.0,4.561490399966715,97.5694580078125,,,,,,,,,,,,,,,,,,,
lcbench_167152,lcbench,TPE,16,200,200,-97.4113998413086,-97.4113998413086,97.4113998413086,,True,7.0256233000036445,0.14703080000617774,7.034918400000606,10400.0,6.878592499997467,97.4113998413086,,,,,,,,,,,,,,,,,,,
lcbench_167152,lcbench,TPE,17,200,200,-97.56908416748047,-97.56908416748047,97.56908416748047,,True,5.684794400003739,0.14169949990173336,5.695383199999924,10400.0,5.543094900102005,97.56908416748047,,,,,,,,,,,,,,,,,,,
lcbench_167152,lcbench,TPE,18,200,200,-97.30554962158203,-97.30554962158203,97.30554962158203,,True,7.219744900001388,0.1451527000099304,7.2619292000017595,10400.0,7.074592199991457,97.30554962158203,,,,,,,,,,,,,,,,,,,
lcbench_167152,lcbench,TPE,19,200,200,-97.62008666992188,-97.62008666992188,97.62008666992188,,True,7.648069900002156,0.14113579995319014,7.660301600000821,10400.0,7.506934100048966,97.62008666992188,,,,,,,,,,,,,,,,,,,
lcbench_167152,lcbench,TPE_HB,0,200,1266,-97.46715545654297,-97.46715545654297,97.46715545654297,,True,8.297851800001808,0.446715700061759,8.307366799999727,10413.0,7.8511360999400495,97.46715545654297,,,,,,,,,,,,,,,,,,,
lcbench_167152,lcbench,TPE_HB,1,200,2313,-97.65509796142578,-97.65509796142578,97.65509796142578,,True,17.52603139999701,0.6691645000610151,17.534473899999284,10420.0,16.856866899935994,97.65509796142578,,,,,,,,,,,,,,,,,,,
lcbench_167152,lcbench,TPE_HB,2,200,1314,-97.23579406738281,-97.23579406738281,97.23579406738281,,True,13.040551500002039,0.7024828999128658,65.81605370000034,10415.0,12.338068600089173,97.23579406738281,,,,,,,,,,,,,,,,,,,
lcbench_167152,lcbench,TPE_HB,3,200,1580,-97.5530776977539,-97.5530776977539,97.5530776977539,,True,15.781849999999395,0.9175334001556621,68.4593498999966,10400.0,14.864316599843733,97.5530776977539,,,,,,,,,,,,,,,,,,,
lcbench_167152,lcbench,TPE_HB,4,200,1860,-97.84564208984375,-97.84564208984375,97.84564208984375,,True,23.571058300003642,0.6765754998123157,23.578595499995572,10413.0,22.894482800191327,97.84564208984375,,,,,,,,,,,,,,,,,,,
lcbench_167152,lcbench,TPE_HB,5,200,1342,-97.49876403808594,-97.49876403808594,97.49876403808594,,True,8.04373520000081,0.41287329994520405,8.050817900002585,10421.0,7.630861900055606,97.49876403808594,,,,,,,,,,,,,,,,,,,
lcbench_167152,lcbench,TPE_HB,6,200,1291,-97.35307312011719,-97.35307312011719,97.35307312011719,,True,5.02209660000517,0.32651149991579587,5.0290251999977045,10412.0,4.6955851000893745,97.35307312011719,,,,,,,,,,,,,,,,,,,
lcbench_167152,lcbench,TPE_HB,7,200,1677,-97.25508117675781,-97.25508117675781,97.25508117675781,,True,18.067260499999975,0.6283665001465124,18.0722523000004,10410.0,17.438893999853462,97.25508117675781,,,,,,,,,,,,,,,,,,,
lcbench_167152,lcbench,TPE_HB,8,200,1352,-97.1927719116211,-97.1927719116211,97.1927719116211,,True,8.982246400002623,0.41239029999269405,8.98948979999841,10406.0,8.569856100009929,97.1927719116211,,,,,,,,,,,,,,,,,,,
lcbench_167152,lcbench,TPE_HB,9,200,1913,-97.81355285644531,-97.81355285644531,97.81355285644531,,True,32.11501350000617,0.9179335998123861,32.12379510000028,10400.0,31.197079900193785,97.81355285644531,,,,,,,,,,,,,,,,,,,
lcbench_167152,lcbench,TPE_HB,10,200,1683,-97.56238555908203,-97.56238555908203,97.56238555908203,,True,13.402349900003173,0.6914207999725477,13.41119350000372,10400.0,12.710929100030626,97.56238555908203,,,,,,,,,,,,,,,,,,,
lcbench_167152,lcbench,TPE_HB,11,200,1458,-97.53484344482422,-97.53484344482422,97.53484344482422,,True,16.239732499998354,0.6200074999142089,16.24760000000242,10400.0,15.619725000084145,97.53484344482422,,,,,,,,,,,,,,,,,,,
lcbench_167152,lcbench,TPE_HB,12,200,1456,-97.14088439941406,-97.14088439941406,97.14088439941406,,True,10.612377299999935,0.663399499906518,10.620093600002292,10406.0,9.948977800093417,97.14088439941406,,,,,,,,,,,,,,,,,,,
lcbench_167152,lcbench,TPE_HB,13,200,1801,-97.56238555908203,-97.56238555908203,97.56238555908203,,True,18.529714199998125,0.8968634001066675,18.53806230000191,10404.0,17.632850799891457,97.56238555908203,,,,,,,,,,,,,,,,,,,
lcbench_167152,lcbench,TPE_HB,14,200,1975,-97.8172836303711,-97.8172836303711,97.8172836303711,,True,34.657334899995476,1.052480300037132,34.66666080000141,10419.0,33.604854599958344,97.8172836303711,,,,,,,,,,,,,,,,,,,
lcbench_167152,lcbench,TPE_HB,15,200,1459,-97.18016815185547,-97.18016815185547,97.18016815185547,,True,15.220398900004511,0.7205076001628186,15.229821100001573,10400.0,14.499891299841693,97.18016815185547,,,,,,,,,,,,,,,,,,,
lcbench_167152,lcbench,TPE_HB,16,200,1494,-97.84489440917969,-97.84489440917969,97.84489440917969,,True,16.831698800000595,0.7384397000205354,16.839961500001664,10417.0,16.09325909998006,97.84489440917969,,,,,,,,,,,,,,,,,,,
lcbench_167152,lcbench,TPE_HB,17,200,1234,-96.94985961914062,-96.94985961914062,96.94985961914062,,True,12.15272470000491,0.595086399873253,12.163111200003186,10414.0,11.557638300131657,96.94985961914062,,,,,,,,,,,,,,,,,,,
lcbench_167152,lcbench,TPE_HB,18,200,1275,-97.22948455810547,-97.22948455810547,97.22948455810547,,True,8.09520689999772,0.6027050000338932,8.104674399997748,10405.0,7.492501899963827,97.22948455810547,,,,,,,,,,,,,,,,,,,
lcbench_167152,lcbench,TPE_HB,19,200,1719,-97.50955200195312,-97.50955200195312,97.50955200195312,,True,16.97006550000515,0.9353514999675099,16.979724500000884,10407.0,16.03471400003764,97.50955200195312,,,,,,,,,,,,,,,,,,,
lcbench_167168,lcbench,CMAES,0,200,200,-88.19340515136719,-88.19340515136719,88.19340515136719,,True,0.4087987000020803,0.09355659996799659,28.444336200002,10400.0,0.3152421000340837,88.19340515136719,,,,,,,,,,,,,,,,,,,
lcbench_167168,lcbench,CMAES,1,200,200,-82.65211486816406,-82.65211486816406,82.65211486816406,,True,0.3010701999955927,0.04912909995618975,54.800276900001336,10400.0,0.25194110003940295,82.65211486816406,,,,,,,,,,,,,,,,,,,
lcbench_167168,lcbench,CMAES,2,200,200,-87.4310073852539,-87.4310073852539,87.4310073852539,,True,0.22291219999897294,0.03988619996380294,54.041307399995276,10400.0,0.18302600003517,87.4310073852539,,,,,,,,,,,,,,,,,,,
lcbench_167168,lcbench,CMAES,3,200,200,-88.05020904541016,-88.05020904541016,88.05020904541016,,True,0.3764473999981419,0.0696571999869775,54.01730660000612,10400.0,0.3067902000111644,88.05020904541016,,,,,,,,,,,,,,,,,,,
lcbench_167168,lcbench,CMAES,4,200,200,-87.9817123413086,-87.9817123413086,87.9817123413086,,True,0.3254603000023053,0.0625509999881615,53.32911150000291,10400.0,0.2629093000141438,87.9817123413086,,,,,,,,,,,,,,,,,,,
lcbench_167168,lcbench,CMAES,5,200,200,-85.89969635009766,-85.89969635009766,85.89969635009766,,True,0.36958420000155456,0.07469059999857564,53.56529690000025,10400.0,0.29489360000297893,85.89969635009766,,,,,,,,,,,,,,,,,,,
lcbench_167168,lcbench,CMAES,6,200,200,-88.67345428466797,-88.67345428466797,88.67345428466797,,True,0.42181300000083866,0.0901799000275787,53.41195799999696,10400.0,0.33163309997325996,88.67345428466797,,,,,,,,,,,,,,,,,,,
lcbench_167168,lcbench,CMAES,7,200,200,-88.51089477539062,-88.51089477539062,88.51089477539062,,True,0.466937199998938,0.1100034999763011,53.4473524999994,10400.0,0.3569337000226369,88.51089477539062,,,,,,,,,,,,,,,,,,,
lcbench_167168,lcbench,CMAES,8,200,200,-87.99849700927734,-87.99849700927734,87.99849700927734,,True,0.49474849999387516,0.12056300003314391,53.37069070000143,10400.0,0.37418549996073125,87.99849700927734,,,,,,,,,,,,,,,,,,,
lcbench_167168,lcbench,CMAES,9,200,200,-86.06829071044922,-86.06829071044922,86.06829071044922,,True,0.3671591000020271,0.07656459999270737,0.3782327000008081,10400.0,0.29059450000931975,86.06829071044922,,,,,,,,,,,,,,,,,,,
lcbench_167168,lcbench,CMAES,10,200,200,-85.1373062133789,-85.1373062133789,85.1373062133789,,True,0.38132190000033006,0.07579310004075523,0.3892238999978872,10400.0,0.3055287999595748,85.1373062133789,,,,,,,,,,,,,,,,,,,
lcbench_167168,lcbench,CMAES,11,200,200,-83.35472106933594,-83.35472106933594,83.35472106933594,,True,0.3364064999987022,0.06945940003788564,0.3445627999972203,10400.0,0.26694709996081656,83.35472106933594,,,,,,,,,,,,,,,,,,,
lcbench_167168,lcbench,CMAES,12,200,200,-88.77532958984375,-88.77532958984375,88.77532958984375,,True,0.364677000005031,0.08268220003083115,0.3746240000036778,10400.0,0.28199479997419985,88.77532958984375,,,,,,,,,,,,,,,,,,,
lcbench_167168,lcbench,CMAES,13,200,200,-85.57460021972656,-85.57460021972656,85.57460021972656,,True,0.30734579999989364,0.06007459996180842,0.316578700003447,10400.0,0.24727120003808523,85.57460021972656,,,,,,,,,,,,,,,,,,,
lcbench_167168,lcbench,CMAES,14,200,200,-88.38875579833984,-88.38875579833984,88.38875579833984,,True,0.3684910000010859,0.06584620002104202,0.37776420000591315,10400.0,0.3026447999800439,88.38875579833984,,,,,,,,,,,,,,,,,,,
lcbench_167168,lcbench,CMAES,15,200,200,-88.54737091064453,-88.54737091064453,88.54737091064453,,True,0.35506509999686386,0.06199249997007428,0.36463679999724263,10400.0,0.2930726000267896,88.54737091064453,,,,,,,,,,,,,,,,,,,
lcbench_167168,lcbench,CMAES,16,200,200,-85.26016235351562,-85.26016235351562,85.26016235351562,,True,0.24379990000306861,0.04212390004977351,0.25027609999960987,10400.0,0.2016759999532951,85.26016235351562,,,,,,,,,,,,,,,,,,,
lcbench_167168,lcbench,CMAES,17,200,200,-88.3304443359375,-88.3304443359375,88.3304443359375,,True,0.28689070000109496,0.05069100002583582,0.29528510000091046,10400.0,0.23619969997525914,88.3304443359375,,,,,,,,,,,,,,,,,,,
lcbench_167168,lcbench,CMAES,18,200,200,-87.18388366699219,-87.18388366699219,87.18388366699219,,True,0.27834110000549117,0.05170920003001811,0.2872146000008797,10400.0,0.22663189997547306,87.18388366699219,,,,,,,,,,,,,,,,,,,
lcbench_167168,lcbench,CMAES,19,200,200,-84.76851654052734,-84.76851654052734,84.76851654052734,,True,0.3316341999961878,0.05494129998260178,0.3369280000042636,10400.0,0.27669290001358604,84.76851654052734,,,,,,,,,,,,,,,,,,,
lcbench_167168,lcbench,FMP,0,200,200,-86.5882797241211,-86.5882797241211,86.5882797241211,,True,0.4689921000099275,0.03868129986221902,0.4761501000029966,10400.0,0.4303108001477085,86.5882797241211,200.0,-86.5882797241211,0.5625,0.0,0.0,0.0,36.0,0.46885350000229664,0.04554280010052025,0.4233106999017764,0.6458333333333334,0.5725806451612904,0.3541666666666667,0.5441176470588235,0.0,,"{""T_mcmc"": 0.05021528037835243, ""burnin_fraction"": 0.21939164151847443, ""bw_prior_strength"": 89.80956876532602, ""decoder"": ""soft"", ""emission_mu"": [-0.00946430696609267, 0.0946430696609267, 0.014196460449139003], ""emission_sigma"": [0.05678584179655601, 0.23660767415231673, 0.01892861393218534], ""explore_subsample"": false, ""hmm_window"": 12, ""kde_tau"": 0.006205167444665816, ""n_chains"": 1, ""n_init"": 8, ""orchestrate_every"": 5, ""p_dream"": 0.0, ""rejection_streak"": 24, ""seed"": 0, ""sigma_fraction"": 0.022095999012449814, ""wide_sigma_fraction"": 0.3008503702038378}",,
lcbench_167168,lcbench,FMP,1,200,200,-88.17188262939453,-88.17188262939453,88.17188262939453,,True,0.4662144000030821,0.03791969992744271,0.47239490000356454,10400.0,0.4282947000756394,88.17188262939453,200.0,-88.17188262939453,0.5885416666666666,0.0,0.0,0.0,36.0,0.4660973999998532,0.04460740000649821,0.421489999993355,0.6510416666666666,0.616,0.3489583333333333,0.5373134328358209,0.0,,"{""T_mcmc"": 0.05021528037835243, ""burnin_fraction"": 0.21939164151847443, ""bw_prior_strength"": 89.80956876532602, ""decoder"": ""soft"", ""emission_mu"": [-0.00946430696609267, 0.0946430696609267, 0.014196460449139003], ""emission_sigma"": [0.05678584179655601, 0.23660767415231673, 0.01892861393218534], ""explore_subsample"": false, ""hmm_window"": 12, ""kde_tau"": 0.006205167444665816, ""n_chains"": 1, ""n_init"": 8, ""orchestrate_every"": 5, ""p_dream"": 0.0, ""rejection_streak"": 24, ""seed"": 1, ""sigma_fraction"": 0.022095999012449814, ""wide_sigma_fraction"": 0.3008503702038378}",,
lcbench_167168,lcbench,FMP,2,200,200,-87.2291259765625,-87.2291259765625,87.2291259765625,,True,0.4688977000041632,0.03845910000381991,0.47457640001084656,10400.0,0.4304386000003433,87.2291259765625,200.0,-87.2291259765625,0.5104166666666666,0.0,0.0,0.0,36.0,0.4687785999994958,0.04513490000681486,0.4236436999926809,0.7083333333333334,0.5367647058823529,0.2916666666666667,0.44642857142857145,0.0,,"{""T_mcmc"": 0.05021528037835243, ""burnin_fraction"": 0.21939164151847443, ""bw_prior_strength"": 89.80956876532602, ""decoder"": ""soft"", ""emission_mu"": [-0.00946430696609267, 0.0946430696609267, 0.014196460449139003], ""emission_sigma"": [0.05678584179655601, 0.23660767415231673, 0.01892861393218534], ""explore_subsample"": false, ""hmm_window"": 12, ""kde_tau"": 0.006205167444665816, ""n_chains"": 1, ""n_init"": 8, ""orchestrate_every"": 5, ""p_dream"": 0.0, ""rejection_streak"": 24, ""seed"": 2, ""sigma_fraction"": 0.022095999012449814, ""wide_sigma_fraction"": 0.3008503702038378}",,
lcbench_167168,lcbench,FMP,3,200,200,-84.10499572753906,-84.10499572753906,84.10499572753906,,True,0.4667405999934999,0.03843290003715083,0.4744776000006823,10400.0,0.4283076999563491,84.10499572753906,200.0,-84.10499572753906,0.5833333333333334,0.0,0.0,0.0,36.0,0.46659949999593664,0.04513090012187604,0.4214685998740606,0.6770833333333334,0.5692307692307692,0.3229166666666667,0.6129032258064516,0.0,,"{""T_mcmc"": 0.05021528037835243, ""burnin_fraction"": 0.21939164151847443, ""bw_prior_strength"": 89.80956876532602, ""decoder"": ""soft"", ""emission_mu"": [-0.00946430696609267, 0.0946430696609267, 0.014196460449139003], ""emission_sigma"": [0.05678584179655601, 0.23660767415231673, 0.01892861393218534], ""explore_subsample"": false, ""hmm_window"": 12, ""kde_tau"": 0.006205167444665816, ""n_chains"": 1, ""n_init"": 8, ""orchestrate_every"": 5, ""p_dream"": 0.0, ""rejection_streak"": 24, ""seed"": 3, ""sigma_fraction"": 0.022095999012449814, ""wide_sigma_fraction"": 0.3008503702038378}",,
lcbench_167168,lcbench,FMP,4,200,200,-88.1950912475586,-88.1950912475586,88.1950912475586,,True,0.466931899994961,0.03779869992285967,0.4728050000121584,10400.0,0.4291332000721013,88.1950912475586,200.0,-88.1950912475586,0.5208333333333334,0.0,0.0,0.0,36.0,0.4668136999971466,0.04439230007119477,0.42242139992595185,0.609375,0.5213675213675214,0.390625,0.52,0.0,,"{""T_mcmc"": 0.05021528037835243, ""burnin_fraction"": 0.21939164151847443, ""bw_prior_strength"": 89.80956876532602, ""decoder"": ""soft"", ""emission_mu"": [-0.00946430696609267, 0.0946430696609267, 0.014196460449139003], ""emission_sigma"": [0.05678584179655601, 0.23660767415231673, 0.01892861393218534], ""explore_subsample"": false, ""hmm_window"": 12, ""kde_tau"": 0.006205167444665816, ""n_chains"": 1, ""n_init"": 8, ""orchestrate_every"": 5, ""p_dream"": 0.0, ""rejection_streak"": 24, ""seed"": 4, ""sigma_fraction"": 0.022095999012449814, ""wide_sigma_fraction"": 0.3008503702038378}",,
lcbench_167168,lcbench,FMP,5,200,200,-84.60537719726562,-84.60537719726562,84.60537719726562,,True,0.46395859999756794,0.03845799990813248,0.4713493000017479,10400.0,0.42550060008943547,84.60537719726562,200.0,-84.60537719726562,0.65625,0.0,0.0,0.0,36.0,0.4638236000027973,0.04527070000767708,0.41855289999512024,0.765625,0.6666666666666666,0.234375,0.6222222222222222,0.0,,"{""T_mcmc"": 0.05021528037835243, ""burnin_fraction"": 0.21939164151847443, ""bw_prior_strength"": 89.80956876532602, ""decoder"": ""soft"", ""emission_mu"": [-0.00946430696609267, 0.0946430696609267, 0.014196460449139003], ""emission_sigma"": [0.05678584179655601, 0.23660767415231673, 0.01892861393218534], ""explore_subsample"": false, ""hmm_window"": 12, ""kde_tau"": 0.006205167444665816, ""n_chains"": 1, ""n_init"": 8, ""orchestrate_every"": 5, ""p_dream"": 0.0, ""rejection_streak"": 24, ""seed"": 5, ""sigma_fraction"": 0.022095999012449814, ""wide_sigma_fraction"": 0.3008503702038378}",,
lcbench_167168,lcbench,FMP,6,200,200,-88.81292724609375,-88.81292724609375,88.81292724609375,,True,0.4776119000016479,0.039227299916092306,0.4850352999928873,10400.0,0.4383846000855556,88.81292724609375,200.0,-88.81292724609375,0.4895833333333333,0.0,0.0,0.0,36.0,0.47747669999080244,0.04607840003154706,0.4313982999592554,0.5989583333333334,0.5478260869565217,0.4010416666666667,0.4025974025974026,0.0,,"{""T_mcmc"": 0.05021528037835243, ""burnin_fraction"": 0.21939164151847443, ""bw_prior_strength"": 89.80956876532602, ""decoder"": ""soft"", ""emission_mu"": [-0.00946430696609267, 0.0946430696609267, 0.014196460449139003], ""emission_sigma"": [0.05678584179655601, 0.23660767415231673, 0.01892861393218534], ""explore_subsample"": false, ""hmm_window"": 12, ""kde_tau"": 0.006205167444665816, ""n_chains"": 1, ""n_init"": 8, ""orchestrate_every"": 5, ""p_dream"": 0.0, ""rejection_streak"": 24, ""seed"": 6, ""sigma_fraction"": 0.022095999012449814, ""wide_sigma_fraction"": 0.3008503702038378}",,
lcbench_167168,lcbench,FMP,7,200,200,-88.23210906982422,-88.23210906982422,88.23210906982422,,True,0.4734041000047,0.03937239992956165,0.4807327000016812,10400.0,0.43403170007513836,88.23210906982422,200.0,-88.23210906982422,0.5729166666666666,0.0,0.0,0.0,36.0,0.473271199996816,0.046273899875814095,0.4269973001210019,0.6822916666666666,0.5877862595419847,0.3177083333333333,0.5409836065573771,0.0,,"{""T_mcmc"": 0.05021528037835243, ""burnin_fraction"": 0.21939164151847443, ""bw_prior_strength"": 89.80956876532602, ""decoder"": ""soft"", ""emission_mu"": [-0.00946430696609267, 0.0946430696609267, 0.014196460449139003], ""emission_sigma"": [0.05678584179655601, 0.23660767415231673, 0.01892861393218534], ""explore_subsample"": false, ""hmm_window"": 12, ""kde_tau"": 0.006205167444665816, ""n_chains"": 1, ""n_init"": 8, ""orchestrate_every"": 5, ""p_dream"": 0.0, ""rejection_streak"": 24, ""seed"": 7, ""sigma_fraction"": 0.022095999012449814, ""wide_sigma_fraction"": 0.3008503702038378}",,
lcbench_167168,lcbench,FMP,8,200,200,-86.37186431884766,-86.37186431884766,86.37186431884766,,True,0.47044560000358615,0.03901279998535756,0.47622209999826737,10400.0,0.4314328000182286,86.37186431884766,200.0,-86.37186431884766,0.6041666666666666,0.0,0.0,0.0,36.0,0.4703200000076322,0.045749699900625274,0.4245703001070069,0.75,0.6388888888888888,0.25,0.5,0.0,,"{""T_mcmc"": 0.05021528037835243, ""burnin_fraction"": 0.21939164151847443, ""bw_prior_strength"": 89.80956876532602, ""decoder"": ""soft"", ""emission_mu"": [-0.00946430696609267, 0.0946430696609267, 0.014196460449139003], ""emission_sigma"": [0.05678584179655601, 0.23660767415231673, 0.01892861393218534], ""explore_subsample"": false, ""hmm_window"": 12, ""kde_tau"": 0.006205167444665816, ""n_chains"": 1, ""n_init"": 8, ""orchestrate_every"": 5, ""p_dream"": 0.0, ""rejection_streak"": 24, ""seed"": 8, ""sigma_fraction"": 0.022095999012449814, ""wide_sigma_fraction"": 0.3008503702038378}",,
lcbench_167168,lcbench,FMP,9,200,200,-87.30835723876953,-87.30835723876953,87.30835723876953,,True,0.6459393999975873,0.048440600075991824,0.6557086999964667,10400.0,0.5974987999215955,87.30835723876953,200.0,-87.30835723876953,0.5520833333333334,0.0,0.0,0.0,36.0,0.645822299993597,0.05672400000912603,0.5890982999844709,0.6770833333333334,0.5692307692307692,0.3229166666666667,0.5161290322580645,0.0,,"{""T_mcmc"": 0.05021528037835243, ""burnin_fraction"": 0.21939164151847443, ""bw_prior_strength"": 89.80956876532602, ""decoder"": ""soft"", ""emission_mu"": [-0.00946430696609267, 0.0946430696609267, 0.014196460449139003], ""emission_sigma"": [0.05678584179655601, 0.23660767415231673, 0.01892861393218534], ""explore_subsample"": false, ""hmm_window"": 12, ""kde_tau"": 0.006205167444665816, ""n_chains"": 1, ""n_init"": 8, ""orchestrate_every"": 5, ""p_dream"": 0.0, ""rejection_streak"": 24, ""seed"": 9, ""sigma_fraction"": 0.022095999012449814, ""wide_sigma_fraction"": 0.3008503702038378}",,
lcbench_167168,lcbench,FMP,10,200,200,-87.78123474121094,-87.78123474121094,87.78123474121094,,True,0.7188031999976374,0.05924439989030361,0.7262890999991214,10400.0,0.6595588001073338,87.78123474121094,200.0,-87.78123474121094,0.6197916666666666,0.0,0.0,0.0,36.0,0.7186426000116626,0.06805959998746403,0.6505830000241986,0.6510416666666666,0.648,0.3489583333333333,0.5671641791044776,0.0,,"{""T_mcmc"": 0.05021528037835243, ""burnin_fraction"": 0.21939164151847443, ""bw_prior_strength"": 89.80956876532602, ""decoder"": ""soft"", ""emission_mu"": [-0.00946430696609267, 0.0946430696609267, 0.014196460449139003], ""emission_sigma"": [0.05678584179655601, 0.23660767415231673, 0.01892861393218534], ""explore_subsample"": false, ""hmm_window"": 12, ""kde_tau"": 0.006205167444665816, ""n_chains"": 1, ""n_init"": 8, ""orchestrate_every"": 5, ""p_dream"": 0.0, ""rejection_streak"": 24, ""seed"": 10, ""sigma_fraction"": 0.022095999012449814, ""wide_sigma_fraction"": 0.3008503702038378}",,
lcbench_167168,lcbench,FMP,11,200,200,-86.51828002929688,-86.51828002929688,86.51828002929688,,True,0.7031106999929762,0.05803870008094236,0.7123448000056669,10400.0,0.6450719999120338,86.51828002929688,200.0,-86.51828002929688,0.546875,0.0,0.0,0.0,36.0,0.7029576000059023,0.0665418999560643,0.636415700049838,0.6666666666666666,0.640625,0.3333333333333333,0.359375,0.0,,"{""T_mcmc"": 0.05021528037835243, ""burnin_fraction"": 0.21939164151847443, ""bw_prior_strength"": 89.80956876532602, ""decoder"": ""soft"", ""emission_mu"": [-0.00946430696609267, 0.0946430696609267, 0.014196460449139003], ""emission_sigma"": [0.05678584179655601, 0.23660767415231673, 0.01892861393218534], ""explore_subsample"": false, ""hmm_window"": 12, ""kde_tau"": 0.006205167444665816, ""n_chains"": 1, ""n_init"": 8, ""orchestrate_every"": 5, ""p_dream"": 0.0, ""rejection_streak"": 24, ""seed"": 11, ""sigma_fraction"": 0.022095999012449814, ""wide_sigma_fraction"": 0.3008503702038378}",,
lcbench_167168,lcbench,FMP,12,200,200,-87.7996597290039,-87.7996597290039,87.7996597290039,,True,0.5668255999917164,0.04967830009991303,0.5738628000108292,10400.0,0.5171472998918034,87.7996597290039,200.0,-87.7996597290039,0.6354166666666666,0.0,0.0,0.0,36.0,0.566697899994324,0.057369799935258925,0.509328100059065,0.6927083333333334,0.6390977443609023,0.3072916666666667,0.6271186440677966,0.0,,"{""T_mcmc"": 0.05021528037835243, ""burnin_fraction"": 0.21939164151847443, ""bw_prior_strength"": 89.80956876532602, ""decoder"": ""soft"", ""emission_mu"": [-0.00946430696609267, 0.0946430696609267, 0.014196460449139003], ""emission_sigma"": [0.05678584179655601, 0.23660767415231673, 0.01892861393218534], ""explore_subsample"": false, ""hmm_window"": 12, ""kde_tau"": 0.006205167444665816, ""n_chains"": 1, ""n_init"": 8, ""orchestrate_every"": 5, ""p_dream"": 0.0, ""rejection_streak"": 24, ""seed"": 12, ""sigma_fraction"": 0.022095999012449814, ""wide_sigma_fraction"": 0.3008503702038378}",,
lcbench_167168,lcbench,FMP,13,200,200,-85.67520141601562,-85.67520141601562,85.67520141601562,,True,0.4963907999917865,0.041470800249953754,0.5024189000105252,10400.0,0.4549199997418327,85.67520141601562,200.0,-85.67520141601562,0.5625,0.0,0.0,0.0,36.0,0.49626939999870956,0.04840480016719084,0.4478645998315187,0.6510416666666666,0.552,0.3489583333333333,0.582089552238806,0.0,,"{""T_mcmc"": 0.05021528037835243, ""burnin_fraction"": 0.21939164151847443, ""bw_prior_strength"": 89.80956876532602, ""decoder"": ""soft"", ""emission_mu"": [-0.00946430696609267, 0.0946430696609267, 0.014196460449139003], ""emission_sigma"": [0.05678584179655601, 0.23660767415231673, 0.01892861393218534], ""explore_subsample"": false, ""hmm_window"": 12, ""kde_tau"": 0.006205167444665816, ""n_chains"": 1, ""n_init"": 8, ""orchestrate_every"": 5, ""p_dream"": 0.0, ""rejection_streak"": 24, ""seed"": 13, ""sigma_fraction"": 0.022095999012449814, ""wide_sigma_fraction"": 0.3008503702038378}",,
lcbench_167168,lcbench,FMP,14,200,200,-75.85076141357422,-75.85076141357422,75.85076141357422,,True,0.5671689000009792,0.04478149984788615,0.5741256000037538,10400.0,0.522387400153093,75.85076141357422,200.0,-75.85076141357422,0.6197916666666666,0.0,0.0,0.0,36.0,0.5670247000089148,0.05229429993778467,0.5147304000711301,0.8177083333333334,0.6305732484076433,0.18229166666666666,0.5714285714285714,0.0,,"{""T_mcmc"": 0.05021528037835243, ""burnin_fraction"": 0.21939164151847443, ""bw_prior_strength"": 89.80956876532602, ""decoder"": ""soft"", ""emission_mu"": [-0.00946430696609267, 0.0946430696609267, 0.014196460449139003], ""emission_sigma"": [0.05678584179655601, 0.23660767415231673, 0.01892861393218534], ""explore_subsample"": false, ""hmm_window"": 12, ""kde_tau"": 0.006205167444665816, ""n_chains"": 1, ""n_init"": 8, ""orchestrate_every"": 5, ""p_dream"": 0.0, ""rejection_streak"": 24, ""seed"": 14, ""sigma_fraction"": 0.022095999012449814, ""wide_sigma_fraction"": 0.3008503702038378}",,
lcbench_167168,lcbench,FMP,15,200,200,-85.61540985107422,-85.61540985107422,85.61540985107422,,True,0.47739080000610556,0.039878799885627814,0.4854268999915803,10400.0,0.43751200012047775,85.61540985107422,200.0,-85.61540985107422,0.5572916666666666,0.0,0.0,0.0,36.0,0.4772484999994049,0.04678940001758747,0.4304590999818174,0.609375,0.5811965811965812,0.390625,0.52,0.0,,"{""T_mcmc"": 0.05021528037835243, ""burnin_fraction"": 0.21939164151847443, ""bw_prior_strength"": 89.80956876532602, ""decoder"": ""soft"", ""emission_mu"": [-0.00946430696609267, 0.0946430696609267, 0.014196460449139003], ""emission_sigma"": [0.05678584179655601, 0.23660767415231673, 0.01892861393218534], ""explore_subsample"": false, ""hmm_window"": 12, ""kde_tau"": 0.006205167444665816, ""n_chains"": 1, ""n_init"": 8, ""orchestrate_every"": 5, ""p_dream"": 0.0, ""rejection_streak"": 24, ""seed"": 15, ""sigma_fraction"": 0.022095999012449814, ""wide_sigma_fraction"": 0.3008503702038378}",,
lcbench_167168,lcbench,FMP,16,200,200,-85.87316131591797,-85.87316131591797,85.87316131591797,,True,0.6871437000081642,0.051096400173264556,0.6941769999975804,10400.0,0.6360472998348996,85.87316131591797,200.0,-85.87316131591797,0.5572916666666666,0.0,0.0,0.0,36.0,0.6870004000084009,0.05949509996571578,0.6275053000426851,0.71875,0.5869565217391305,0.28125,0.48148148148148145,0.0,,"{""T_mcmc"": 0.05021528037835243, ""burnin_fraction"": 0.21939164151847443, ""bw_prior_strength"": 89.80956876532602, ""decoder"": ""soft"", ""emission_mu"": [-0.00946430696609267, 0.0946430696609267, 0.014196460449139003], ""emission_sigma"": [0.05678584179655601, 0.23660767415231673, 0.01892861393218534], ""explore_subsample"": false, ""hmm_window"": 12, ""kde_tau"": 0.006205167444665816, ""n_chains"": 1, ""n_init"": 8, ""orchestrate_every"": 5, ""p_dream"": 0.0, ""rejection_streak"": 24, ""seed"": 16, ""sigma_fraction"": 0.022095999012449814, ""wide_sigma_fraction"": 0.3008503702038378}",,
lcbench_167168,lcbench,FMP,17,200,200,-88.22975158691406,-88.22975158691406,88.22975158691406,,True,0.4736269999993965,0.03992090007523075,0.47952320000331383,10400.0,0.43370609992416576,88.22975158691406,200.0,-88.22975158691406,0.515625,0.0,0.0,0.0,36.0,0.47350819999701343,0.04668379982467741,0.426824400172336,0.6510416666666666,0.568,0.3489583333333333,0.417910447761194,0.0,,"{""T_mcmc"": 0.05021528037835243, ""burnin_fraction"": 0.21939164151847443, ""bw_prior_strength"": 89.80956876532602, ""decoder"": ""soft"", ""emission_mu"": [-0.00946430696609267, 0.0946430696609267, 0.014196460449139003], ""emission_sigma"": [0.05678584179655601, 0.23660767415231673, 0.01892861393218534], ""explore_subsample"": false, ""hmm_window"": 12, ""kde_tau"": 0.006205167444665816, ""n_chains"": 1, ""n_init"": 8, ""orchestrate_every"": 5, ""p_dream"": 0.0, ""rejection_streak"": 24, ""seed"": 17, ""sigma_fraction"": 0.022095999012449814, ""wide_sigma_fraction"": 0.3008503702038378}",,
lcbench_167168,lcbench,FMP,18,200,200,-87.5755386352539,-87.5755386352539,87.5755386352539,,True,0.66573249999783,0.04870520005351864,0.6736313000001246,10400.0,0.6170272999443114,87.5755386352539,200.0,-87.5755386352539,0.6354166666666666,0.0,0.0,0.0,36.0,0.665583299996797,0.05690760009747464,0.6086756998993224,0.7708333333333334,0.6418918918918919,0.22916666666666666,0.6136363636363636,0.0,,"{""T_mcmc"": 0.05021528037835243, ""burnin_fraction"": 0.21939164151847443, ""bw_prior_strength"": 89.80956876532602, ""decoder"": ""soft"", ""emission_mu"": [-0.00946430696609267, 0.0946430696609267, 0.014196460449139003], ""emission_sigma"": [0.05678584179655601, 0.23660767415231673, 0.01892861393218534], ""explore_subsample"": false, ""hmm_window"": 12, ""kde_tau"": 0.006205167444665816, ""n_chains"": 1, ""n_init"": 8, ""orchestrate_every"": 5, ""p_dream"": 0.0, ""rejection_streak"": 24, ""seed"": 18, ""sigma_fraction"": 0.022095999012449814, ""wide_sigma_fraction"": 0.3008503702038378}",,
lcbench_167168,lcbench,FMP,19,200,200,-86.32048034667969,-86.32048034667969,86.32048034667969,,True,0.4841653000039514,0.04074570012744516,0.4916570000059437,10400.0,0.44341959987650625,86.32048034667969,200.0,-86.32048034667969,0.5625,0.0,0.0,0.0,36.0,0.48402090001036413,0.04754809998848941,0.4364728000218747,0.640625,0.6422764227642277,0.359375,0.42028985507246375,0.0,,"{""T_mcmc"": 0.05021528037835243, ""burnin_fraction"": 0.21939164151847443, ""bw_prior_strength"": 89.80956876532602, ""decoder"": ""soft"", ""emission_mu"": [-0.00946430696609267, 0.0946430696609267, 0.014196460449139003], ""emission_sigma"": [0.05678584179655601, 0.23660767415231673, 0.01892861393218534], ""explore_subsample"": false, ""hmm_window"": 12, ""kde_tau"": 0.006205167444665816, ""n_chains"": 1, ""n_init"": 8, ""orchestrate_every"": 5, ""p_dream"": 0.0, ""rejection_streak"": 24, ""seed"": 19, ""sigma_fraction"": 0.022095999012449814, ""wide_sigma_fraction"": 0.3008503702038378}",,
lcbench_167168,lcbench,FMP_DREAM,0,200,200,-86.1612548828125,-86.1612548828125,86.1612548828125,,True,0.5114710000052582,0.04540920008730609,0.5173104999994393,10400.0,0.46606179991795216,86.1612548828125,200.0,-86.1612548828125,0.3385416666666667,0.6979166666666666,0.0,0.0,36.0,0.5113480999862077,0.05374459993618075,0.4576035000500269,0.4895833333333333,0.3617021276595745,0.5104166666666666,0.3163265306122449,0.0,,"{""T_mcmc"": 0.05021528037835243, ""burnin_fraction"": 0.21939164151847443, ""bw_prior_strength"": 89.80956876532602, ""decoder"": ""soft"", ""emission_mu"": [-0.00946430696609267, 0.0946430696609267, 0.014196460449139003], ""emission_sigma"": [0.05678584179655601, 0.23660767415231673, 0.01892861393218534], ""explore_subsample"": false, ""hmm_window"": 12, ""kde_tau"": 0.006205167444665816, ""n_chains"": 1, ""n_init"": 8, ""orchestrate_every"": 5, ""p_dream"": 0.7412354684077219, ""rejection_streak"": 24, ""seed"": 0, ""sigma_fraction"": 0.022095999012449814, ""wide_sigma_fraction"": 0.3008503702038378}",,
lcbench_167168,lcbench,FMP_DREAM,1,200,200,-88.72623443603516,-88.72623443603516,88.72623443603516,,True,0.4019269000127679,0.04171229990606662,0.408327899989672,10400.0,0.36021460010670125,88.72623443603516,200.0,-88.72623443603516,0.3020833333333333,0.7395833333333334,0.0,0.0,36.0,0.4017773999948986,0.049351999929058366,0.3524254000658402,0.4895833333333333,0.3829787234042553,0.5052083333333334,0.21649484536082475,0.005208333333333333,1.0,"{""T_mcmc"": 0.05021528037835243, ""burnin_fraction"": 0.21939164151847443, ""bw_prior_strength"": 89.80956876532602, ""decoder"": ""soft"", ""emission_mu"": [-0.00946430696609267, 0.0946430696609267, 0.014196460449139003], ""emission_sigma"": [0.05678584179655601, 0.23660767415231673, 0.01892861393218534], ""explore_subsample"": false, ""hmm_window"": 12, ""kde_tau"": 0.006205167444665816, ""n_chains"": 1, ""n_init"": 8, ""orchestrate_every"": 5, ""p_dream"": 0.7412354684077219, ""rejection_streak"": 24, ""seed"": 1, ""sigma_fraction"": 0.022095999012449814, ""wide_sigma_fraction"": 0.3008503702038378}",,
lcbench_167168,lcbench,FMP_DREAM,2,200,200,-84.50602722167969,-84.50602722167969,84.50602722167969,,True,0.4334134999953676,0.04546040004061069,0.44186409999383613,10400.0,0.3879530999547569,84.50602722167969,200.0,-84.50602722167969,0.1875,0.8125,0.0,0.0,36.0,0.43325800000457093,0.05373549998330418,0.37952250002126675,0.2864583333333333,0.2909090909090909,0.7083333333333334,0.13970588235294118,0.005208333333333333,1.0,"{""T_mcmc"": 0.05021528037835243, ""burnin_fraction"": 0.21939164151847443, ""bw_prior_strength"": 89.80956876532602, ""decoder"": ""soft"", ""emission_mu"": [-0.00946430696609267, 0.0946430696609267, 0.014196460449139003], ""emission_sigma"": [0.05678584179655601, 0.23660767415231673, 0.01892861393218534], ""explore_subsample"": false, ""hmm_window"": 12, ""kde_tau"": 0.006205167444665816, ""n_chains"": 1, ""n_init"": 8, ""orchestrate_every"": 5, ""p_dream"": 0.7412354684077219, ""rejection_streak"": 24, ""seed"": 2, ""sigma_fraction"": 0.022095999012449814, ""wide_sigma_fraction"": 0.3008503702038378}",,
lcbench_167168,lcbench,FMP_DREAM,3,200,200,-87.0038070678711,-87.0038070678711,87.0038070678711,,True,0.5058607999962987,0.04719180005486123,0.5191033000010066,10400.0,0.4586689999414375,87.0038070678711,200.0,-87.0038070678711,0.3072916666666667,0.7135416666666666,0.0,0.0,36.0,0.5057041999971261,0.055831399949966,0.4498728000471601,0.5104166666666666,0.3469387755102041,0.4895833333333333,0.26595744680851063,0.0,,"{""T_mcmc"": 0.05021528037835243, ""burnin_fraction"": 0.21939164151847443, ""bw_prior_strength"": 89.80956876532602, ""decoder"": ""soft"", ""emission_mu"": [-0.00946430696609267, 0.0946430696609267, 0.014196460449139003], ""emission_sigma"": [0.05678584179655601, 0.23660767415231673, 0.01892861393218534], ""explore_subsample"": false, ""hmm_window"": 12, ""kde_tau"": 0.006205167444665816, ""n_chains"": 1, ""n_init"": 8, ""orchestrate_every"": 5, ""p_dream"": 0.7412354684077219, ""rejection_streak"": 24, ""seed"": 3, ""sigma_fraction"": 0.022095999012449814, ""wide_sigma_fraction"": 0.3008503702038378}",,
lcbench_167168,lcbench,FMP_DREAM,4,200,200,-87.7009048461914,-87.7009048461914,87.7009048461914,,True,0.6668650999927195,0.06055690000357572,0.6755655000015395,10400.0,0.6063081999891438,87.7009048461914,200.0,-87.7009048461914,0.3541666666666667,0.6770833333333334,0.0,0.0,36.0,0.6667063000058988,0.07190469992929138,0.5948016000766074,0.6041666666666666,0.35344827586206895,0.3958333333333333,0.35526315789473684,0.0,,"{""T_mcmc"": 0.05021528037835243, ""burnin_fraction"": 0.21939164151847443, ""bw_prior_strength"": 89.80956876532602, ""decoder"": ""soft"", ""emission_mu"": [-0.00946430696609267, 0.0946430696609267, 0.014196460449139003], ""emission_sigma"": [0.05678584179655601, 0.23660767415231673, 0.01892861393218534], ""explore_subsample"": false, ""hmm_window"": 12, ""kde_tau"": 0.006205167444665816, ""n_chains"": 1, ""n_init"": 8, ""orchestrate_every"": 5, ""p_dream"": 0.7412354684077219, ""rejection_streak"": 24, ""seed"": 4, ""sigma_fraction"": 0.022095999012449814, ""wide_sigma_fraction"": 0.3008503702038378}",,
lcbench_167168,lcbench,FMP_DREAM,5,200,200,-87.88175201416016,-87.88175201416016,87.88175201416016,,True,0.4404240000003483,0.04916350000712555,0.44983689999207854,10400.0,0.39126049999322277,87.88175201416016,200.0,-87.88175201416016,0.34375,0.7447916666666666,0.0,0.0,36.0,0.440225799990003,0.05726620000496041,0.3829595999850426,0.5208333333333334,0.36,0.4739583333333333,0.31868131868131866,0.005208333333333333,1.0,"{""T_mcmc"": 0.05021528037835243, ""burnin_fraction"": 0.21939164151847443, ""bw_prior_strength"": 89.80956876532602, ""decoder"": ""soft"", ""emission_mu"": [-0.00946430696609267, 0.0946430696609267, 0.014196460449139003], ""emission_sigma"": [0.05678584179655601, 0.23660767415231673, 0.01892861393218534], ""explore_subsample"": false, ""hmm_window"": 12, ""kde_tau"": 0.006205167444665816, ""n_chains"": 1, ""n_init"": 8, ""orchestrate_every"": 5, ""p_dream"": 0.7412354684077219, ""rejection_streak"": 24, ""seed"": 5, ""sigma_fraction"": 0.022095999012449814, ""wide_sigma_fraction"": 0.3008503702038378}",,
lcbench_167168,lcbench,FMP_DREAM,6,200,200,-88.13186645507812,-88.13186645507812,88.13186645507812,,True,0.3881844999996247,0.04046369998832233,0.3941107999999076,10400.0,0.34772080001130234,88.13186645507812,200.0,-88.13186645507812,0.265625,0.7552083333333334,0.0,0.0,36.0,0.38806169999588747,0.047903700135066174,0.3401579998608213,0.5,0.34375,0.5,0.1875,0.0,,"{""T_mcmc"": 0.05021528037835243, ""burnin_fraction"": 0.21939164151847443, ""bw_prior_strength"": 89.80956876532602, ""decoder"": ""soft"", ""emission_mu"": [-0.00946430696609267, 0.0946430696609267, 0.014196460449139003], ""emission_sigma"": [0.05678584179655601, 0.23660767415231673, 0.01892861393218534], ""explore_subsample"": false, ""hmm_window"": 12, ""kde_tau"": 0.006205167444665816, ""n_chains"": 1, ""n_init"": 8, ""orchestrate_every"": 5, ""p_dream"": 0.7412354684077219, ""rejection_streak"": 24, ""seed"": 6, ""sigma_fraction"": 0.022095999012449814, ""wide_sigma_fraction"": 0.3008503702038378}",,
lcbench_167168,lcbench,FMP_DREAM,7,200,200,-89.04564666748047,-89.04564666748047,89.04564666748047,,True,0.37705349999305326,0.039156299928436056,0.3844753000012133,10400.0,0.3378972000646172,89.04564666748047,200.0,-89.04564666748047,0.3177083333333333,0.7447916666666666,0.0,0.0,36.0,0.3769097000040347,0.04645939983311109,0.3304503001709236,0.4791666666666667,0.43478260869565216,0.5208333333333334,0.21,0.0,,"{""T_mcmc"": 0.05021528037835243, ""burnin_fraction"": 0.21939164151847443, ""bw_prior_strength"": 89.80956876532602, ""decoder"": ""soft"", ""emission_mu"": [-0.00946430696609267, 0.0946430696609267, 0.014196460449139003], ""emission_sigma"": [0.05678584179655601, 0.23660767415231673, 0.01892861393218534], ""explore_subsample"": false, ""hmm_window"": 12, ""kde_tau"": 0.006205167444665816, ""n_chains"": 1, ""n_init"": 8, ""orchestrate_every"": 5, ""p_dream"": 0.7412354684077219, ""rejection_streak"": 24, ""seed"": 7, ""sigma_fraction"": 0.022095999012449814, ""wide_sigma_fraction"": 0.3008503702038378}",,
lcbench_167168,lcbench,FMP_DREAM,8,200,200,-85.8309097290039,-85.8309097290039,85.8309097290039,,True,0.4031041999987792,0.0410254999587778,0.4103996000048937,10400.0,0.3620787000400014,85.8309097290039,200.0,-85.8309097290039,0.2604166666666667,0.71875,0.0,0.0,36.0,0.4029642000095919,0.04840240011981223,0.35456179988977965,0.4010416666666667,0.23376623376623376,0.5989583333333334,0.2782608695652174,0.0,,"{""T_mcmc"": 0.05021528037835243, ""burnin_fraction"": 0.21939164151847443, ""bw_prior_strength"": 89.80956876532602, ""decoder"": ""soft"", ""emission_mu"": [-0.00946430696609267, 0.0946430696609267, 0.014196460449139003], ""emission_sigma"": [0.05678584179655601, 0.23660767415231673, 0.01892861393218534], ""explore_subsample"": false, ""hmm_window"": 12, ""kde_tau"": 0.006205167444665816, ""n_chains"": 1, ""n_init"": 8, ""orchestrate_every"": 5, ""p_dream"": 0.7412354684077219, ""rejection_streak"": 24, ""seed"": 8, ""sigma_fraction"": 0.022095999012449814, ""wide_sigma_fraction"": 0.3008503702038378}",,
lcbench_167168,lcbench,FMP_DREAM,9,200,200,-88.0491943359375,-88.0491943359375,88.0491943359375,,True,0.3941712999949232,0.040081000042846426,0.4002887000096962,10400.0,0.35409029995207675,88.0491943359375,200.0,-88.0491943359375,0.3333333333333333,0.6770833333333334,0.0,0.0,36.0,0.3940522999910172,0.04724270000588149,0.3468095999851357,0.609375,0.39316239316239315,0.390625,0.24,0.0,,"{""T_mcmc"": 0.05021528037835243, ""burnin_fraction"": 0.21939164151847443, ""bw_prior_strength"": 89.80956876532602, ""decoder"": ""soft"", ""emission_mu"": [-0.00946430696609267, 0.0946430696609267, 0.014196460449139003], ""emission_sigma"": [0.05678584179655601, 0.23660767415231673, 0.01892861393218534], ""explore_subsample"": false, ""hmm_window"": 12, ""kde_tau"": 0.006205167444665816, ""n_chains"": 1, ""n_init"": 8, ""orchestrate_every"": 5, ""p_dream"": 0.7412354684077219, ""rejection_streak"": 24, ""seed"": 9, ""sigma_fraction"": 0.022095999012449814, ""wide_sigma_fraction"": 0.3008503702038378}",,
lcbench_167168,lcbench,FMP_DREAM,10,200,200,-88.29708862304688,-88.29708862304688,88.29708862304688,,True,0.3866578000015579,0.0416246000531828,0.3939256000012392,10400.0,0.3450331999483751,88.29708862304688,200.0,-88.29708862304688,0.2864583333333333,0.7447916666666666,0.0,0.0,36.0,0.38649370000348426,0.049130800034618005,0.33736289996886626,0.5625,0.25,0.4375,0.3333333333333333,0.0,,"{""T_mcmc"": 0.05021528037835243, ""burnin_fraction"": 0.21939164151847443, ""bw_prior_strength"": 89.80956876532602, ""decoder"": ""soft"", ""emission_mu"": [-0.00946430696609267, 0.0946430696609267, 0.014196460449139003], ""emission_sigma"": [0.05678584179655601, 0.23660767415231673, 0.01892861393218534], ""explore_subsample"": false, ""hmm_window"": 12, ""kde_tau"": 0.006205167444665816, ""n_chains"": 1, ""n_init"": 8, ""orchestrate_every"": 5, ""p_dream"": 0.7412354684077219, ""rejection_streak"": 24, ""seed"": 10, ""sigma_fraction"": 0.022095999012449814, ""wide_sigma_fraction"": 0.3008503702038378}",,
lcbench_167168,lcbench,FMP_DREAM,11,200,200,-88.98892974853516,-88.98892974853516,88.98892974853516,,True,0.38534639999852516,0.041571800073143095,0.3922397999995155,10400.0,0.34377459992538206,88.98892974853516,200.0,-88.98892974853516,0.328125,0.7864583333333334,0.0,0.0,36.0,0.38519719999749213,0.049057600015657954,0.3361395999818342,0.5416666666666666,0.33653846153846156,0.4583333333333333,0.3181818181818182,0.0,,"{""T_mcmc"": 0.05021528037835243, ""burnin_fraction"": 0.21939164151847443, ""bw_prior_strength"": 89.80956876532602, ""decoder"": ""soft"", ""emission_mu"": [-0.00946430696609267, 0.0946430696609267, 0.014196460449139003], ""emission_sigma"": [0.05678584179655601, 0.23660767415231673, 0.01892861393218534], ""explore_subsample"": false, ""hmm_window"": 12, ""kde_tau"": 0.006205167444665816, ""n_chains"": 1, ""n_init"": 8, ""orchestrate_every"": 5, ""p_dream"": 0.7412354684077219, ""rejection_streak"": 24, ""seed"": 11, ""sigma_fraction"": 0.022095999012449814, ""wide_sigma_fraction"": 0.3008503702038378}",,
lcbench_167168,lcbench,FMP_DREAM,12,200,200,-86.55657196044922,-86.55657196044922,86.55657196044922,,True,0.38366179999138694,0.03942230001848657,0.3915014000085648,10400.0,0.3442394999729004,86.55657196044922,200.0,-86.55657196044922,0.3229166666666667,0.7291666666666666,0.0,0.0,36.0,0.38351079999119975,0.046621600005892105,0.33688919998530764,0.5364583333333334,0.27184466019417475,0.4583333333333333,0.375,0.005208333333333333,1.0,"{""T_mcmc"": 0.05021528037835243, ""burnin_fraction"": 0.21939164151847443, ""bw_prior_strength"": 89.80956876532602, ""decoder"": ""soft"", ""emission_mu"": [-0.00946430696609267, 0.0946430696609267, 0.014196460449139003], ""emission_sigma"": [0.05678584179655601, 0.23660767415231673, 0.01892861393218534], ""explore_subsample"": false, ""hmm_window"": 12, ""kde_tau"": 0.006205167444665816, ""n_chains"": 1, ""n_init"": 8, ""orchestrate_every"": 5, ""p_dream"": 0.7412354684077219, ""rejection_streak"": 24, ""seed"": 12, ""sigma_fraction"": 0.022095999012449814, ""wide_sigma_fraction"": 0.3008503702038378}",,
lcbench_167168,lcbench,FMP_DREAM,13,200,200,-86.70330047607422,-86.70330047607422,86.70330047607422,,True,0.4089635999989696,0.04211880004731938,0.41617799999949057,10400.0,0.3668447999516502,86.70330047607422,200.0,-86.70330047607422,0.22916666666666666,0.7604166666666666,0.0,0.0,36.0,0.4088283000019146,0.049751299899071455,0.35907700010284316,0.3697916666666667,0.3380281690140845,0.6041666666666666,0.16379310344827586,0.026041666666666668,0.2,"{""T_mcmc"": 0.05021528037835243, ""burnin_fraction"": 0.21939164151847443, ""bw_prior_strength"": 89.80956876532602, ""decoder"": ""soft"", ""emission_mu"": [-0.00946430696609267, 0.0946430696609267, 0.014196460449139003], ""emission_sigma"": [0.05678584179655601, 0.23660767415231673, 0.01892861393218534], ""explore_subsample"": false, ""hmm_window"": 12, ""kde_tau"": 0.006205167444665816, ""n_chains"": 1, ""n_init"": 8, ""orchestrate_every"": 5, ""p_dream"": 0.7412354684077219, ""rejection_streak"": 24, ""seed"": 13, ""sigma_fraction"": 0.022095999012449814, ""wide_sigma_fraction"": 0.3008503702038378}",,
lcbench_167168,lcbench,FMP_DREAM,14,200,200,-86.91755676269531,-86.91755676269531,86.91755676269531,,True,0.374521999998251,0.039184200039017014,0.38177859999996144,10400.0,0.33533779995923396,86.91755676269531,200.0,-86.91755676269531,0.28125,0.75,0.0,0.0,36.0,0.374386700001196,0.04638580000028014,0.32800090000091586,0.40625,0.2948717948717949,0.59375,0.2719298245614035,0.0,,"{""T_mcmc"": 0.05021528037835243, ""burnin_fraction"": 0.21939164151847443, ""bw_prior_strength"": 89.80956876532602, ""decoder"": ""soft"", ""emission_mu"": [-0.00946430696609267, 0.0946430696609267, 0.014196460449139003], ""emission_sigma"": [0.05678584179655601, 0.23660767415231673, 0.01892861393218534], ""explore_subsample"": false, ""hmm_window"": 12, ""kde_tau"": 0.006205167444665816, ""n_chains"": 1, ""n_init"": 8, ""orchestrate_every"": 5, ""p_dream"": 0.7412354684077219, ""rejection_streak"": 24, ""seed"": 14, ""sigma_fraction"": 0.022095999012449814, ""wide_sigma_fraction"": 0.3008503702038378}",,
lcbench_167168,lcbench,FMP_DREAM,15,200,200,-86.23886108398438,-86.23886108398438,86.23886108398438,,True,0.3747336000087671,0.03892929993162397,0.38053899999067653,10400.0,0.3358043000771431,86.23886108398438,200.0,-86.23886108398438,0.22395833333333334,0.765625,0.0,0.0,36.0,0.3746200999885332,0.04600050000590272,0.32861959998263046,0.3958333333333333,0.25,0.6041666666666666,0.20689655172413793,0.0,,"{""T_mcmc"": 0.05021528037835243, ""burnin_fraction"": 0.21939164151847443, ""bw_prior_strength"": 89.80956876532602, ""decoder"": ""soft"", ""emission_mu"": [-0.00946430696609267, 0.0946430696609267, 0.014196460449139003], ""emission_sigma"": [0.05678584179655601, 0.23660767415231673, 0.01892861393218534], ""explore_subsample"": false, ""hmm_window"": 12, ""kde_tau"": 0.006205167444665816, ""n_chains"": 1, ""n_init"": 8, ""orchestrate_every"": 5, ""p_dream"": 0.7412354684077219, ""rejection_streak"": 24, ""seed"": 15, ""sigma_fraction"": 0.022095999012449814, ""wide_sigma_fraction"": 0.3008503702038378}",,
lcbench_167168,lcbench,FMP_DREAM,16,200,200,-85.29789733886719,-85.29789733886719,85.29789733886719,,True,0.37879879999672994,0.04107419999490958,0.38504209999518935,10400.0,0.33772460000182036,85.29789733886719,200.0,-85.29789733886719,0.2916666666666667,0.765625,0.0,0.0,36.0,0.37862930000119377,0.04849490016931668,0.3301343998318771,0.5052083333333334,0.30927835051546393,0.4947916666666667,0.2736842105263158,0.0,,"{""T_mcmc"": 0.05021528037835243, ""burnin_fraction"": 0.21939164151847443, ""bw_prior_strength"": 89.80956876532602, ""decoder"": ""soft"", ""emission_mu"": [-0.00946430696609267, 0.0946430696609267, 0.014196460449139003], ""emission_sigma"": [0.05678584179655601, 0.23660767415231673, 0.01892861393218534], ""explore_subsample"": false, ""hmm_window"": 12, ""kde_tau"": 0.006205167444665816, ""n_chains"": 1, ""n_init"": 8, ""orchestrate_every"": 5, ""p_dream"": 0.7412354684077219, ""rejection_streak"": 24, ""seed"": 16, ""sigma_fraction"": 0.022095999012449814, ""wide_sigma_fraction"": 0.3008503702038378}",,
lcbench_167168,lcbench,FMP_DREAM,17,200,200,-88.16717529296875,-88.16717529296875,88.16717529296875,,True,0.38084559999697376,0.039129200027673505,0.3905901999969501,10400.0,0.34171639996930026,88.16717529296875,200.0,-88.16717529296875,0.359375,0.7135416666666666,0.0,0.0,36.0,0.38072919999831356,0.04633080006169621,0.33439839993661735,0.6510416666666666,0.36,0.3489583333333333,0.3582089552238806,0.0,,"{""T_mcmc"": 0.05021528037835243, ""burnin_fraction"": 0.21939164151847443, ""bw_prior_strength"": 89.80956876532602, ""decoder"": ""soft"", ""emission_mu"": [-0.00946430696609267, 0.0946430696609267, 0.014196460449139003], ""emission_sigma"": [0.05678584179655601, 0.23660767415231673, 0.01892861393218534], ""explore_subsample"": false, ""hmm_window"": 12, ""kde_tau"": 0.006205167444665816, ""n_chains"": 1, ""n_init"": 8, ""orchestrate_every"": 5, ""p_dream"": 0.7412354684077219, ""rejection_streak"": 24, ""seed"": 17, ""sigma_fraction"": 0.022095999012449814, ""wide_sigma_fraction"": 0.3008503702038378}",,
lcbench_167168,lcbench,FMP_DREAM,18,200,200,-88.5196762084961,-88.5196762084961,88.5196762084961,,True,0.5231095999915851,0.04590659994573798,0.5289124999981141,10400.0,0.47720300004584715,88.5196762084961,200.0,-88.5196762084961,0.328125,0.703125,0.0,0.0,36.0,0.5229846000001999,0.054165999943506904,0.46881860005669296,0.5104166666666666,0.30612244897959184,0.4895833333333333,0.35106382978723405,0.0,,"{""T_mcmc"": 0.05021528037835243, ""burnin_fraction"": 0.21939164151847443, ""bw_prior_strength"": 89.80956876532602, ""decoder"": ""soft"", ""emission_mu"": [-0.00946430696609267, 0.0946430696609267, 0.014196460449139003], ""emission_sigma"": [0.05678584179655601, 0.23660767415231673, 0.01892861393218534], ""explore_subsample"": false, ""hmm_window"": 12, ""kde_tau"": 0.006205167444665816, ""n_chains"": 1, ""n_init"": 8, ""orchestrate_every"": 5, ""p_dream"": 0.7412354684077219, ""rejection_streak"": 24, ""seed"": 18, ""sigma_fraction"": 0.022095999012449814, ""wide_sigma_fraction"": 0.3008503702038378}",,
lcbench_167168,lcbench,FMP_DREAM,19,200,200,-87.05327606201172,-87.05327606201172,87.05327606201172,,True,0.5156786000006832,0.047586300017428584,0.5241362000087975,10400.0,0.46809229998325463,87.05327606201172,200.0,-87.05327606201172,0.22395833333333334,0.7395833333333334,0.0,0.0,36.0,0.5155463999981293,0.0560724999231752,0.45947390007495414,0.3385416666666667,0.3076923076923077,0.6614583333333334,0.18110236220472442,0.0,,"{""T_mcmc"": 0.05021528037835243, ""burnin_fraction"": 0.21939164151847443, ""bw_prior_strength"": 89.80956876532602, ""decoder"": ""soft"", ""emission_mu"": [-0.00946430696609267, 0.0946430696609267, 0.014196460449139003], ""emission_sigma"": [0.05678584179655601, 0.23660767415231673, 0.01892861393218534], ""explore_subsample"": false, ""hmm_window"": 12, ""kde_tau"": 0.006205167444665816, ""n_chains"": 1, ""n_init"": 8, ""orchestrate_every"": 5, ""p_dream"": 0.7412354684077219, ""rejection_streak"": 24, ""seed"": 19, ""sigma_fraction"": 0.022095999012449814, ""wide_sigma_fraction"": 0.3008503702038378}",,
lcbench_167168,lcbench,GP,0,200,200,-89.24662017822266,-89.24662017822266,89.24662017822266,,True,130.4847512999986,0.14576769999257522,130.50084439999773,10400.0,130.33898360000603,89.24662017822266,,,,,,,,,,,,,,,,,,,
lcbench_167168,lcbench,GP,1,200,200,-89.425537109375,-89.425537109375,89.425537109375,,True,150.56487290000223,0.15074069994443562,150.5770432000063,10400.0,150.4141322000578,89.425537109375,,,,,,,,,,,,,,,,,,,
lcbench_167168,lcbench,GP,2,200,200,-86.9981689453125,-86.9981689453125,86.9981689453125,,True,127.23721020000085,0.14434840003377758,127.2494508000018,10400.0,127.09286179996707,86.9981689453125,,,,,,,,,,,,,,,,,,,
lcbench_167168,lcbench,GP,3,200,200,-87.00215148925781,-87.00215148925781,87.00215148925781,,True,133.26721279999765,0.14889769999717828,133.2794913999969,10400.0,133.11831510000047,87.00215148925781,,,,,,,,,,,,,,,,,,,
lcbench_167168,lcbench,GP,4,200,200,-87.93406677246094,-87.93406677246094,87.93406677246094,,True,137.98455579999427,0.14658239998243516,137.99593259999529,10400.0,137.83797340001183,87.93406677246094,,,,,,,,,,,,,,,,,,,
lcbench_167168,lcbench,GP,5,200,200,-89.42451477050781,-89.42451477050781,89.42451477050781,,True,128.7915198000046,0.150912499979313,128.80798330000107,10400.0,128.6406073000253,89.42451477050781,,,,,,,,,,,,,,,,,,,
lcbench_167168,lcbench,GP,6,200,200,-86.99385070800781,-86.99385070800781,86.99385070800781,,True,123.7529280000017,0.144574099991587,123.76586749999842,10400.0,123.60835390001012,86.99385070800781,,,,,,,,,,,,,,,,,,,
lcbench_167168,lcbench,GP,7,200,200,-89.41598510742188,-89.41598510742188,89.41598510742188,,True,121.97858090000227,0.15776680003182264,121.99062419999973,10400.0,121.82081409997045,89.41598510742188,,,,,,,,,,,,,,,,,,,
lcbench_167168,lcbench,GP,8,200,200,-88.70187377929688,-88.70187377929688,88.70187377929688,,True,131.44908620000206,0.14545949998137075,131.4615066000042,10400.0,131.3036267000207,88.70187377929688,,,,,,,,,,,,,,,,,,,
lcbench_167168,lcbench,GP,9,200,200,-88.30416107177734,-88.30416107177734,88.30416107177734,,True,143.4017789999998,0.1483317000165698,143.4150628999996,10400.0,143.25344729998324,88.30416107177734,,,,,,,,,,,,,,,,,,,
lcbench_167168,lcbench,GP,10,200,200,-89.3893814086914,-89.3893814086914,89.3893814086914,,True,133.06798700000218,0.15150639999774285,133.07968760000222,10400.0,132.91648060000443,89.3893814086914,,,,,,,,,,,,,,,,,,,
lcbench_167168,lcbench,GP,11,200,200,-87.00247955322266,-87.00247955322266,87.00247955322266,,True,124.1943042999992,0.14563379999890458,124.23527849999664,10400.0,124.0486705000003,87.00247955322266,,,,,,,,,,,,,,,,,,,
lcbench_167168,lcbench,GP,12,200,200,-89.11054992675781,-89.11054992675781,89.11054992675781,,True,138.77289060000476,0.15254290006123483,138.7863612999936,10400.0,138.62034769994352,89.11054992675781,,,,,,,,,,,,,,,,,,,
lcbench_167168,lcbench,GP,13,200,200,-87.00281524658203,-87.00281524658203,87.00281524658203,,True,135.77258070000244,0.1450463000801392,135.81968150000466,10400.0,135.6275343999223,87.00281524658203,,,,,,,,,,,,,,,,,,,
lcbench_167168,lcbench,GP,14,200,200,-87.00247955322266,-87.00247955322266,87.00247955322266,,True,128.2998351999995,0.14090679994842503,128.36316380000062,10400.0,128.15892840005108,87.00247955322266,,,,,,,,,,,,,,,,,,,
lcbench_167168,lcbench,GP,15,200,200,-86.97891998291016,-86.97891998291016,86.97891998291016,,True,128.15910289999738,0.1471250999820768,128.1706792000041,10400.0,128.0119778000153,86.97891998291016,,,,,,,,,,,,,,,,,,,
lcbench_167168,lcbench,GP,16,200,200,-86.9971694946289,-86.9971694946289,86.9971694946289,,True,131.159702799996,0.14748100001452258,131.17240299999685,10400.0,131.0122217999815,86.9971694946289,,,,,,,,,,,,,,,,,,,
lcbench_167168,lcbench,GP,17,200,200,-89.42280578613281,-89.42280578613281,89.42280578613281,,True,131.46193390000553,0.14477360006276285,131.47258239999792,10400.0,131.31716029994277,89.42280578613281,,,,,,,,,,,,,,,,,,,
lcbench_167168,lcbench,GP,18,200,200,-86.9981689453125,-86.9981689453125,86.9981689453125,,True,139.25561000000016,0.14453759993921267,139.26642179999908,10400.0,139.11107240006095,86.9981689453125,,,,,,,,,,,,,,,,,,,
lcbench_167168,lcbench,GP,19,200,200,-86.99153137207031,-86.99153137207031,86.99153137207031,,True,129.4586086000054,0.16202420002809959,129.47185209999589,10400.0,129.2965843999773,86.99153137207031,,,,,,,,,,,,,,,,,,,
lcbench_167168,lcbench,RS,0,200,200,-81.32540893554688,-81.32540893554688,81.32540893554688,,True,0.24131539999507368,0.09009659998264397,0.28099870000005467,10400.0,0.1512188000124297,81.32540893554688,,,,,,,,,,,,,,,,,,,
lcbench_167168,lcbench,RS,1,200,200,-83.50079345703125,-83.50079345703125,83.50079345703125,,True,0.2132738000000245,0.07640709994302597,0.2225717999972403,10400.0,0.13686670005699852,83.50079345703125,,,,,,,,,,,,,,,,,,,
lcbench_167168,lcbench,RS,2,200,200,-80.40737915039062,-80.40737915039062,80.40737915039062,,True,0.25263140000606654,0.09456510002200957,0.2601716000062879,10400.0,0.15806629998405697,80.40737915039062,,,,,,,,,,,,,,,,,,,
lcbench_167168,lcbench,RS,3,200,200,-82.6363525390625,-82.6363525390625,82.6363525390625,,True,0.24691230000462383,0.09087890003138455,0.25743750000401633,10400.0,0.15603339997323928,82.6363525390625,,,,,,,,,,,,,,,,,,,
lcbench_167168,lcbench,RS,4,200,200,-82.14385986328125,-82.14385986328125,82.14385986328125,,True,0.24956650000240188,0.09265869994851528,0.25943700000061654,10400.0,0.1569078000538866,82.14385986328125,,,,,,,,,,,,,,,,,,,
lcbench_167168,lcbench,RS,5,200,200,-78.00384521484375,-78.00384521484375,78.00384521484375,,True,0.22385080000094604,0.07986690000689123,0.2344976999956998,10400.0,0.1439838999940548,78.00384521484375,,,,,,,,,,,,,,,,,,,
lcbench_167168,lcbench,RS,6,200,200,-81.1825180053711,-81.1825180053711,81.1825180053711,,True,0.23665539999637986,0.08372479997342452,0.24653200000466313,10400.0,0.15293060002295533,81.1825180053711,,,,,,,,,,,,,,,,,,,
lcbench_167168,lcbench,RS,7,200,200,-83.65351104736328,-83.65351104736328,83.65351104736328,,True,0.23977530000411207,0.08410889995866455,0.2499351000005845,10400.0,0.15566640004544752,83.65351104736328,,,,,,,,,,,,,,,,,,,
lcbench_167168,lcbench,RS,8,200,200,-81.86919403076172,-81.86919403076172,81.86919403076172,,True,0.2447625999993761,0.09014380006556166,0.2551665999999386,10400.0,0.15461879993381444,81.86919403076172,,,,,,,,,,,,,,,,,,,
lcbench_167168,lcbench,RS,9,200,200,-82.468505859375,-82.468505859375,82.468505859375,,True,0.27293059999647085,0.11221109999314649,0.2827910999985761,10400.0,0.16071950000332436,82.468505859375,,,,,,,,,,,,,,,,,,,
lcbench_167168,lcbench,RS,10,200,200,-84.52505493164062,-84.52505493164062,84.52505493164062,,True,0.26679760000115493,0.10018549992673798,0.31218770000123186,10400.0,0.16661210007441696,84.52505493164062,,,,,,,,,,,,,,,,,,,
lcbench_167168,lcbench,RS,11,200,200,-79.99069213867188,-79.99069213867188,79.99069213867188,,True,0.2535559000025387,0.09702620002644835,0.26448769999842625,10400.0,0.15652969997609034,79.99069213867188,,,,,,,,,,,,,,,,,,,
lcbench_167168,lcbench,RS,12,200,200,-79.30767059326172,-79.30767059326172,79.30767059326172,,True,0.2485547999967821,0.09148240001377417,0.25837020000471966,10400.0,0.15707239998300793,79.30767059326172,,,,,,,,,,,,,,,,,,,
lcbench_167168,lcbench,RS,13,200,200,-82.04865264892578,-82.04865264892578,82.04865264892578,,True,0.22609270000248216,0.0860222999835969,0.23667220000061207,10400.0,0.14007040001888527,82.04865264892578,,,,,,,,,,,,,,,,,,,
lcbench_167168,lcbench,RS,14,200,200,-82.84783172607422,-82.84783172607422,82.84783172607422,,True,0.2569214000031934,0.09702369996375637,0.30334559999755584,10400.0,0.15989770003943704,82.84783172607422,,,,,,,,,,,,,,,,,,,
lcbench_167168,lcbench,RS,15,200,200,-82.25171661376953,-82.25171661376953,82.25171661376953,,True,0.25132250000024214,0.09763799998472678,0.26109310000174446,10400.0,0.15368450001551537,82.25171661376953,,,,,,,,,,,,,,,,,,,
lcbench_167168,lcbench,RS,16,200,200,-83.63851165771484,-83.63851165771484,83.63851165771484,,True,0.2440271999948891,0.09087620001810137,0.2545490999982576,10400.0,0.15315099997678772,83.63851165771484,,,,,,,,,,,,,,,,,,,
lcbench_167168,lcbench,RS,17,200,200,-85.23414611816406,-85.23414611816406,85.23414611816406,,True,0.23383949999697506,0.08696369994868292,0.24382630000036443,10400.0,0.14687580004829215,85.23414611816406,,,,,,,,,,,,,,,,,,,
lcbench_167168,lcbench,RS,18,200,200,-85.94886016845703,-85.94886016845703,85.94886016845703,,True,0.23731039999984205,0.08769180003582733,0.24975309999717865,10400.0,0.14961859996401472,85.94886016845703,,,,,,,,,,,,,,,,,,,
lcbench_167168,lcbench,RS,19,200,200,-80.59808349609375,-80.59808349609375,80.59808349609375,,True,0.2453356999976677,0.09102430007624207,0.25563510000210954,10400.0,0.15431139992142562,80.59808349609375,,,,,,,,,,,,,,,,,,,
lcbench_167168,lcbench,TPE,0,200,200,-85.19481658935547,-85.19481658935547,85.19481658935547,,True,6.6368695000055595,0.15208719998190645,6.65099509999709,10400.0,6.484782300023653,85.19481658935547,,,,,,,,,,,,,,,,,,,
lcbench_167168,lcbench,TPE,1,200,200,-87.74172973632812,-87.74172973632812,87.74172973632812,,True,6.145966500000213,0.14845899993088096,6.156125800000154,10400.0,5.997507500069332,87.74172973632812,,,,,,,,,,,,,,,,,,,
lcbench_167168,lcbench,TPE,2,200,200,-89.24491882324219,-89.24491882324219,89.24491882324219,,True,6.303669900000386,0.1508648000235553,6.316717299996526,10400.0,6.152805099976831,89.24491882324219,,,,,,,,,,,,,,,,,,,
lcbench_167168,lcbench,TPE,3,200,200,-89.32495880126953,-89.32495880126953,89.32495880126953,,True,6.094293799993466,0.1477308999747038,6.105436500001815,10400.0,5.946562900018762,89.32495880126953,,,,,,,,,,,,,,,,,,,
lcbench_167168,lcbench,TPE,4,200,200,-89.24491882324219,-89.24491882324219,89.24491882324219,,True,6.318151799998304,0.14796800001931842,6.333071900000505,10400.0,6.170183799978986,89.24491882324219,,,,,,,,,,,,,,,,,,,
lcbench_167168,lcbench,TPE,5,200,200,-79.27984619140625,-79.27984619140625,79.27984619140625,,True,8.96692769999936,0.154179900076997,8.977461999995285,10400.0,8.812747799922363,79.27984619140625,,,,,,,,,,,,,,,,,,,
lcbench_167168,lcbench,TPE,6,200,200,-85.78311920166016,-85.78311920166016,85.78311920166016,,True,7.812673399996129,0.15092050000384916,7.853243999998085,10400.0,7.66175289999228,85.78311920166016,,,,,,,,,,,,,,,,,,,
lcbench_167168,lcbench,TPE,7,200,200,-89.30485534667969,-89.30485534667969,89.30485534667969,,True,6.067816899994796,0.1493249000122887,6.07584940000379,10400.0,5.918491999982507,89.30485534667969,,,,,,,,,,,,,,,,,,,
lcbench_167168,lcbench,TPE,8,200,200,-81.65772247314453,-81.65772247314453,81.65772247314453,,True,6.792566099997202,0.15400250001403037,6.828300099994522,10400.0,6.638563599983172,81.65772247314453,,,,,,,,,,,,,,,,,,,
lcbench_167168,lcbench,TPE,9,200,200,-88.88308715820312,-88.88308715820312,88.88308715820312,,True,6.541529000001901,0.14798009999503847,6.552099300002737,10400.0,6.393548900006863,88.88308715820312,,,,,,,,,,,,,,,,,,,
lcbench_167168,lcbench,TPE,10,200,200,-89.08641052246094,-89.08641052246094,89.08641052246094,,True,6.8980091999983415,0.14627989997825352,6.940403699998569,10400.0,6.751729300020088,89.08641052246094,,,,,,,,,,,,,,,,,,,
lcbench_167168,lcbench,TPE,11,200,200,-84.21061706542969,-84.21061706542969,84.21061706542969,,True,6.399755499995081,0.14904790002765367,6.410813499998767,10400.0,6.250707599967427,84.21061706542969,,,,,,,,,,,,,,,,,,,
lcbench_167168,lcbench,TPE,12,200,200,-85.78508758544922,-85.78508758544922,85.78508758544922,,True,6.558033400004206,0.14626999997562962,6.568530899996404,10400.0,6.411763400028576,85.78508758544922,,,,,,,,,,,,,,,,,,,
lcbench_167168,lcbench,TPE,13,200,200,-89.28441619873047,-89.28441619873047,89.28441619873047,,True,6.213814300004742,0.14896810001664562,6.224534699998912,10400.0,6.0648461999880965,89.28441619873047,,,,,,,,,,,,,,,,,,,
lcbench_167168,lcbench,TPE,14,200,200,-82.61082458496094,-82.61082458496094,82.61082458496094,,True,6.205641300002753,0.1474602999369381,6.216031499992823,10400.0,6.058181000065815,82.61082458496094,,,,,,,,,,,,,,,,,,,
lcbench_167168,lcbench,TPE,15,200,200,-85.7638168334961,-85.7638168334961,85.7638168334961,,True,5.963940500005265,0.14862739995442098,5.975365600002988,10400.0,5.815313100050844,85.7638168334961,,,,,,,,,,,,,,,,,,,
lcbench_167168,lcbench,TPE,16,200,200,-78.96172332763672,-78.96172332763672,78.96172332763672,,True,6.098449999997683,0.15144139997573802,6.108797299995786,10400.0,5.947008600021945,78.96172332763672,,,,,,,,,,,,,,,,,,,
lcbench_167168,lcbench,TPE,17,200,200,-89.28067779541016,-89.28067779541016,89.28067779541016,,True,5.940577000001213,0.14614279998932034,5.951225800003158,10400.0,5.794434200011892,89.28067779541016,,,,,,,,,,,,,,,,,,,
lcbench_167168,lcbench,TPE,18,200,200,-85.2761001586914,-85.2761001586914,85.2761001586914,,True,7.414433600002667,0.1447086999323801,7.456960600000457,10400.0,7.269724900070287,85.2761001586914,,,,,,,,,,,,,,,,,,,
lcbench_167168,lcbench,TPE,19,200,200,-89.37812805175781,-89.37812805175781,89.37812805175781,,True,6.13588300000265,0.14483760006987723,6.144899899998563,10400.0,5.991045399932773,89.37812805175781,,,,,,,,,,,,,,,,,,,
lcbench_167168,lcbench,TPE_HB,0,200,1583,-83.89766693115234,-83.89766693115234,83.89766693115234,,True,8.473056599999836,0.4455794002424227,8.481149999999616,10403.0,8.027477199757413,83.89766693115234,,,,,,,,,,,,,,,,,,,
lcbench_167168,lcbench,TPE_HB,1,200,1335,-77.51751708984375,-77.51751708984375,77.51751708984375,,True,16.65599310000107,0.7233994999551214,69.21761420000257,10403.0,15.932593600045948,77.51751708984375,,,,,,,,,,,,,,,,,,,
lcbench_167168,lcbench,TPE_HB,2,200,1618,-85.7464828491211,-85.7464828491211,85.7464828491211,,True,7.13171809999767,0.29219739982363535,7.138215600003605,10409.0,6.839520700174035,85.7464828491211,,,,,,,,,,,,,,,,,,,
lcbench_167168,lcbench,TPE_HB,3,200,1415,-83.01961517333984,-83.01961517333984,83.01961517333984,,True,5.210636400006479,0.2491668997972738,5.217105800002173,10401.0,4.961469500209205,83.01961517333984,,,,,,,,,,,,,,,,,,,
lcbench_167168,lcbench,TPE_HB,4,200,1345,-77.40360260009766,-77.40360260009766,77.40360260009766,,True,4.746951300003275,0.23122979986510472,4.75129829999787,10402.0,4.51572150013817,77.40360260009766,,,,,,,,,,,,,,,,,,,
lcbench_167168,lcbench,TPE_HB,5,200,1202,-83.41484069824219,-83.41484069824219,83.41484069824219,,True,6.107042199997522,0.2968227999663213,6.113250200003677,10406.0,5.810219400031201,83.41484069824219,,,,,,,,,,,,,,,,,,,
lcbench_167168,lcbench,TPE_HB,6,200,1205,-85.5008544921875,-85.5008544921875,85.5008544921875,,True,4.879869700002018,0.32345499993971316,4.887129499998991,10423.0,4.556414700062305,85.5008544921875,,,,,,,,,,,,,,,,,,,
lcbench_167168,lcbench,TPE_HB,7,200,1437,-82.6363525390625,-82.6363525390625,82.6363525390625,,True,6.5715844000005745,0.43346409988589585,6.57738679999602,10400.0,6.138120300114679,82.6363525390625,,,,,,,,,,,,,,,,,,,
lcbench_167168,lcbench,TPE_HB,8,200,1223,-84.78630828857422,-84.78630828857422,84.78630828857422,,True,6.624580700001388,0.3555858999170596,6.632372399995802,10401.0,6.268994800084329,84.78630828857422,,,,,,,,,,,,,,,,,,,
lcbench_167168,lcbench,TPE_HB,9,200,1731,-88.1812973022461,-88.1812973022461,88.1812973022461,,True,19.385583399998723,0.721625999918615,19.39345830000093,10400.0,18.663957400080108,88.1812973022461,,,,,,,,,,,,,,,,,,,
lcbench_167168,lcbench,TPE_HB,10,200,1170,-79.31493377685547,-79.31493377685547,79.31493377685547,,True,6.761050900000555,0.39771050000126706,6.7709822000033455,10401.0,6.363340399999288,79.31493377685547,,,,,,,,,,,,,,,,,,,
lcbench_167168,lcbench,TPE_HB,11,200,1226,-83.95850372314453,-83.95850372314453,83.95850372314453,,True,8.714800400004606,0.42907680004282156,8.719905999998446,10413.0,8.285723599961784,83.95850372314453,,,,,,,,,,,,,,,,,,,
lcbench_167168,lcbench,TPE_HB,12,200,1145,-82.57805633544922,-82.57805633544922,82.57805633544922,,True,5.830974399999832,0.4105609999896842,5.836545700003626,10415.0,5.420413400010148,82.57805633544922,,,,,,,,,,,,,,,,,,,
lcbench_167168,lcbench,TPE_HB,13,200,1381,-80.07678985595703,-80.07678985595703,80.07678985595703,,True,10.030210199998692,0.5463605000259122,10.039216499993927,10400.0,9.48384969997278,80.07678985595703,,,,,,,,,,,,,,,,,,,
lcbench_167168,lcbench,TPE_HB,14,200,1701,-83.88327026367188,-83.88327026367188,83.88327026367188,,True,19.519179700000677,0.8445826000461238,19.52673340000183,10401.0,18.674597099954553,83.88327026367188,,,,,,,,,,,,,,,,,,,
lcbench_167168,lcbench,TPE_HB,15,200,1641,-85.8204345703125,-85.8204345703125,85.8204345703125,,True,17.385880499998166,0.835857999867585,17.39507130000129,10420.0,16.55002250013058,85.8204345703125,,,,,,,,,,,,,,,,,,,
lcbench_167168,lcbench,TPE_HB,16,200,1573,-86.36528015136719,-86.36528015136719,86.36528015136719,,True,15.91706030000205,0.8138917000833317,15.925853599997936,10419.0,15.103168599918718,86.36528015136719,,,,,,,,,,,,,,,,,,,
lcbench_167168,lcbench,TPE_HB,17,200,1453,-83.39479064941406,-83.39479064941406,83.39479064941406,,True,14.060098500005552,0.7410493000861607,14.06650079999963,10401.0,13.319049199919391,83.39479064941406,,,,,,,,,,,,,,,,,,,
lcbench_167168,lcbench,TPE_HB,18,200,1249,-79.09678649902344,-79.09678649902344,79.09678649902344,,True,11.0563667000024,0.6072771000035573,11.065264699995168,10401.0,10.449089599998842,79.09678649902344,,,,,,,,,,,,,,,,,,,
lcbench_167168,lcbench,TPE_HB,19,200,1470,-86.51531219482422,-86.51531219482422,86.51531219482422,,True,17.546644300004118,0.7970905001857318,17.556230199996207,10400.0,16.749553799818386,86.51531219482422,,,,,,,,,,,,,,,,,,,
lcbench_167185,lcbench,CMAES,0,200,200,-97.56312561035156,-97.56312561035156,97.56312561035156,,True,0.566459699999541,0.13589540002431022,7.943838400002278,10400.0,0.4305642999752308,97.56312561035156,,,,,,,,,,,,,,,,,,,
lcbench_167185,lcbench,CMAES,1,200,200,-97.40582275390625,-97.40582275390625,97.40582275390625,,True,0.3042254999963916,0.04973939991032239,56.70593419999932,10400.0,0.2544861000860692,97.40582275390625,,,,,,,,,,,,,,,,,,,
lcbench_167185,lcbench,CMAES,2,200,200,-97.46306610107422,-97.46306610107422,97.46306610107422,,True,0.3444625999982236,0.06725650001317263,55.07366299999558,10400.0,0.27720609998505097,97.46306610107422,,,,,,,,,,,,,,,,,,,
lcbench_167185,lcbench,CMAES,3,200,200,-97.35752868652344,-97.35752868652344,97.35752868652344,,True,0.5970630000010715,0.1534048000248731,0.6098192999997991,10400.0,0.4436581999761984,97.35752868652344,,,,,,,,,,,,,,,,,,,
lcbench_167185,lcbench,CMAES,4,200,200,-97.43072509765625,-97.43072509765625,97.43072509765625,,True,0.5600202999994508,0.13964270004362334,0.5726614999948652,10400.0,0.42037759995582746,97.43072509765625,,,,,,,,,,,,,,,,,,,
lcbench_167185,lcbench,CMAES,5,200,200,-97.19611358642578,-97.19611358642578,97.19611358642578,,True,0.34504369999922346,0.06723829996190034,54.40555970000423,10400.0,0.2778054000373231,97.19611358642578,,,,,,,,,,,,,,,,,,,
lcbench_167185,lcbench,CMAES,6,200,200,-97.46343231201172,-97.46343231201172,97.46343231201172,,True,0.5228797999952803,0.12950820002151886,0.5297059000004083,10400.0,0.3933715999737615,97.46343231201172,,,,,,,,,,,,,,,,,,,
lcbench_167185,lcbench,CMAES,7,200,200,-97.45451354980469,-97.45451354980469,97.45451354980469,,True,0.5012185000014142,0.1207773999631172,0.5122016000022995,10400.0,0.380441100038297,97.45451354980469,,,,,,,,,,,,,,,,,,,
lcbench_167185,lcbench,CMAES,8,200,200,-97.4266357421875,-97.4266357421875,97.4266357421875,,True,0.44281259999843314,0.1031146999594057,0.4530107999962638,10400.0,0.33969790003902745,97.4266357421875,,,,,,,,,,,,,,,,,,,
lcbench_167185,lcbench,CMAES,9,200,200,-97.55010223388672,-97.55010223388672,97.55010223388672,,True,0.5047278999991249,0.11477860002196394,0.5152977000034298,10400.0,0.389949299977161,97.55010223388672,,,,,,,,,,,,,,,,,,,
lcbench_167185,lcbench,CMAES,10,200,200,-97.33599853515625,-97.33599853515625,97.33599853515625,,True,0.4886578000005102,0.11621660001401324,0.5003528000015649,10400.0,0.37244119998649694,97.33599853515625,,,,,,,,,,,,,,,,,,,
lcbench_167185,lcbench,CMAES,11,200,200,-97.43852996826172,-97.43852996826172,97.43852996826172,,True,0.5471230000039213,0.12014809994434472,0.5562172999998438,10400.0,0.4269749000595766,97.43852996826172,,,,,,,,,,,,,,,,,,,
lcbench_167185,lcbench,CMAES,12,200,200,-97.35641479492188,-97.35641479492188,97.35641479492188,,True,0.48011090000363765,0.11477329998160712,0.49184840000089025,10400.0,0.36533760002203053,97.35641479492188,,,,,,,,,,,,,,,,,,,
lcbench_167185,lcbench,CMAES,13,200,200,-97.39356231689453,-97.39356231689453,97.39356231689453,,True,0.5126937000022735,0.1154364998874371,0.5203461999990395,10400.0,0.39725720011483645,97.39356231689453,,,,,,,,,,,,,,,,,,,
lcbench_167185,lcbench,CMAES,14,200,200,-97.3582763671875,-97.3582763671875,97.3582763671875,,True,0.4694734000004246,0.10612419998506084,0.47823090000019874,10400.0,0.36334920001536375,97.3582763671875,,,,,,,,,,,,,,,,,,,
lcbench_167185,lcbench,CMAES,15,200,200,-97.50955200195312,-97.50955200195312,97.50955200195312,,True,0.5062004999999772,0.11492169999110047,0.516575699999521,10400.0,0.3912788000088767,97.50955200195312,,,,,,,,,,,,,,,,,,,
lcbench_167185,lcbench,CMAES,16,200,200,-97.36495971679688,-97.36495971679688,97.36495971679688,,True,0.41767620000609895,0.09621629997855052,0.4282039999961853,10400.0,0.32145990002754843,97.36495971679688,,,,,,,,,,,,,,,,,,,
lcbench_167185,lcbench,CMAES,17,200,200,-97.52851867675781,-97.52851867675781,97.52851867675781,,True,0.48701669999718433,0.11353429996961495,0.49371890000475105,10400.0,0.3734824000275694,97.52851867675781,,,,,,,,,,,,,,,,,,,
lcbench_167185,lcbench,CMAES,18,200,200,-96.73043060302734,-96.73043060302734,96.73043060302734,,True,0.4041318000017782,0.0912335000175517,0.41435240000282647,10400.0,0.31289829998422647,96.73043060302734,,,,,,,,,,,,,,,,,,,
lcbench_167185,lcbench,CMAES,19,200,200,-97.70428466796875,-97.70428466796875,97.70428466796875,,True,0.3904523000019253,0.09543469997879583,0.3995820999989519,10400.0,0.2950176000231295,97.70428466796875,,,,,,,,,,,,,,,,,,,
lcbench_167185,lcbench,FMP,0,200,200,-96.52953338623047,-96.52953338623047,96.52953338623047,,True,0.71917840000242,0.07115800012252294,0.7285651000129292,10400.0,0.648020399879897,96.52953338623047,200.0,-96.52953338623047,0.6354166666666666,0.0,0.0,0.0,36.0,0.7190129000082379,0.08089669999026228,0.6381162000179756,0.796875,0.6470588235294118,0.203125,0.5897435897435898,0.0,,"{""T_mcmc"": 0.05021528037835243, ""burnin_fraction"": 0.21939164151847443, ""bw_prior_strength"": 89.80956876532602, ""decoder"": ""soft"", ""emission_mu"": [-0.00946430696609267, 0.0946430696609267, 0.014196460449139003], ""emission_sigma"": [0.05678584179655601, 0.23660767415231673, 0.01892861393218534], ""explore_subsample"": false, ""hmm_window"": 12, ""kde_tau"": 0.006205167444665816, ""n_chains"": 1, ""n_init"": 8, ""orchestrate_every"": 5, ""p_dream"": 0.0, ""rejection_streak"": 24, ""seed"": 0, ""sigma_fraction"": 0.022095999012449814, ""wide_sigma_fraction"": 0.3008503702038378}",,
lcbench_167185,lcbench,FMP,1,200,200,-96.7333755493164,-96.7333755493164,96.7333755493164,,True,0.8428507000062382,0.07952840006328188,0.8503063999960432,10400.0,0.7633222999429563,96.7333755493164,200.0,-96.7333755493164,0.7552083333333334,0.0,0.0,0.0,36.0,0.8426885000080802,0.09060809994116426,0.7520804000669159,0.9375,0.75,0.0625,0.8333333333333334,0.0,,"{""T_mcmc"": 0.05021528037835243, ""burnin_fraction"": 0.21939164151847443, ""bw_prior_strength"": 89.80956876532602, ""decoder"": ""soft"", ""emission_mu"": [-0.00946430696609267, 0.0946430696609267, 0.014196460449139003], ""emission_sigma"": [0.05678584179655601, 0.23660767415231673, 0.01892861393218534], ""explore_subsample"": false, ""hmm_window"": 12, ""kde_tau"": 0.006205167444665816, ""n_chains"": 1, ""n_init"": 8, ""orchestrate_every"": 5, ""p_dream"": 0.0, ""rejection_streak"": 24, ""seed"": 1, ""sigma_fraction"": 0.022095999012449814, ""wide_sigma_fraction"": 0.3008503702038378}",,
lcbench_167185,lcbench,FMP,2,200,200,-96.97982025146484,-96.97982025146484,96.97982025146484,,True,0.7862648000009358,0.07365379999100696,0.7957452000118792,10400.0,0.7126110000099288,96.97982025146484,200.0,-96.97982025146484,0.5364583333333334,0.0,0.0,0.0,36.0,0.786095600007684,0.08430020013474859,0.7017953998729354,0.65625,0.6428571428571429,0.34375,0.3333333333333333,0.0,,"{""T_mcmc"": 0.05021528037835243, ""burnin_fraction"": 0.21939164151847443, ""bw_prior_strength"": 89.80956876532602, ""decoder"": ""soft"", ""emission_mu"": [-0.00946430696609267, 0.0946430696609267, 0.014196460449139003], ""emission_sigma"": [0.05678584179655601, 0.23660767415231673, 0.01892861393218534], ""explore_subsample"": false, ""hmm_window"": 12, ""kde_tau"": 0.006205167444665816, ""n_chains"": 1, ""n_init"": 8, ""orchestrate_every"": 5, ""p_dream"": 0.0, ""rejection_streak"": 24, ""seed"": 2, ""sigma_fraction"": 0.022095999012449814, ""wide_sigma_fraction"": 0.3008503702038378}",,
lcbench_167185,lcbench,FMP,3,200,200,-96.3808822631836,-96.3808822631836,96.3808822631836,,True,0.7756379999918863,0.07501869996485766,0.7841678999975557,10400.0,0.7006193000270287,96.3808822631836,200.0,-96.3808822631836,0.6197916666666666,0.0,0.0,0.0,36.0,0.7754787000012584,0.08610099987708963,0.6893777001241688,0.8229166666666666,0.6392405063291139,0.17708333333333334,0.5294117647058824,0.0,,"{""T_mcmc"": 0.05021528037835243, ""burnin_fraction"": 0.21939164151847443, ""bw_prior_strength"": 89.80956876532602, ""decoder"": ""soft"", ""emission_mu"": [-0.00946430696609267, 0.0946430696609267, 0.014196460449139003], ""emission_sigma"": [0.05678584179655601, 0.23660767415231673, 0.01892861393218534], ""explore_subsample"": false, ""hmm_window"": 12, ""kde_tau"": 0.006205167444665816, ""n_chains"": 1, ""n_init"": 8, ""orchestrate_every"": 5, ""p_dream"": 0.0, ""rejection_streak"": 24, ""seed"": 3, ""sigma_fraction"": 0.022095999012449814, ""wide_sigma_fraction"": 0.3008503702038378}",,
lcbench_167185,lcbench,FMP,4,200,200,-97.09161376953125,-97.09161376953125,97.09161376953125,,True,0.8894429000065429,0.08211560001655016,0.9006151000066893,10400.0,0.8073272999899928,97.09161376953125,200.0,-97.09161376953125,0.703125,0.0,0.0,0.0,36.0,0.8892182999989018,0.09348899991891813,0.7957293000799837,0.921875,0.7005649717514124,0.078125,0.7333333333333333,0.0,,"{""T_mcmc"": 0.05021528037835243, ""burnin_fraction"": 0.21939164151847443, ""bw_prior_strength"": 89.80956876532602, ""decoder"": ""soft"", ""emission_mu"": [-0.00946430696609267, 0.0946430696609267, 0.014196460449139003], ""emission_sigma"": [0.05678584179655601, 0.23660767415231673, 0.01892861393218534], ""explore_subsample"": false, ""hmm_window"": 12, ""kde_tau"": 0.006205167444665816, ""n_chains"": 1, ""n_init"": 8, ""orchestrate_every"": 5, ""p_dream"": 0.0, ""rejection_streak"": 24, ""seed"": 4, ""sigma_fraction"": 0.022095999012449814, ""wide_sigma_fraction"": 0.3008503702038378}",,
lcbench_167185,lcbench,FMP,5,200,200,-96.5899429321289,-96.5899429321289,96.5899429321289,,True,0.9683956999942893,0.09456460006185807,0.9783004999917466,10400.0,0.8738310999324312,96.5899429321289,200.0,-96.5899429321289,0.625,0.0,0.0,0.0,36.0,0.9681987000076333,0.10772310015454423,0.8604755998530891,0.921875,0.615819209039548,0.078125,0.7333333333333333,0.0,,"{""T_mcmc"": 0.05021528037835243, ""burnin_fraction"": 0.21939164151847443, ""bw_prior_strength"": 89.80956876532602, ""decoder"": ""soft"", ""emission_mu"": [-0.00946430696609267, 0.0946430696609267, 0.014196460449139003], ""emission_sigma"": [0.05678584179655601, 0.23660767415231673, 0.01892861393218534], ""explore_subsample"": false, ""hmm_window"": 12, ""kde_tau"": 0.006205167444665816, ""n_chains"": 1, ""n_init"": 8, ""orchestrate_every"": 5, ""p_dream"": 0.0, ""rejection_streak"": 24, ""seed"": 5, ""sigma_fraction"": 0.022095999012449814, ""wide_sigma_fraction"": 0.3008503702038378}",,
lcbench_167185,lcbench,FMP,6,200,200,-97.2862548828125,-97.2862548828125,97.2862548828125,,True,1.2850986999983434,0.11841249994176906,1.2957736999960616,10400.0,1.1666862000565743,97.2862548828125,200.0,-97.2862548828125,0.5520833333333334,0.0,0.0,0.0,36.0,1.2848658000002615,0.13467280004988424,1.1501929999503773,0.6354166666666666,0.6147540983606558,0.3645833333333333,0.44285714285714284,0.0,,"{""T_mcmc"": 0.05021528037835243, ""burnin_fraction"": 0.21939164151847443, ""bw_prior_strength"": 89.80956876532602, ""decoder"": ""soft"", ""emission_mu"": [-0.00946430696609267, 0.0946430696609267, 0.014196460449139003], ""emission_sigma"": [0.05678584179655601, 0.23660767415231673, 0.01892861393218534], ""explore_subsample"": false, ""hmm_window"": 12, ""kde_tau"": 0.006205167444665816, ""n_chains"": 1, ""n_init"": 8, ""orchestrate_every"": 5, ""p_dream"": 0.0, ""rejection_streak"": 24, ""seed"": 6, ""sigma_fraction"": 0.022095999012449814, ""wide_sigma_fraction"": 0.3008503702038378}",,
lcbench_167185,lcbench,FMP,7,200,200,-96.85892486572266,-96.85892486572266,96.85892486572266,,True,1.4314203999965684,0.13447149998683017,1.4456734000123106,10400.0,1.2969489000097383,96.85892486572266,200.0,-96.85892486572266,0.6770833333333334,0.0,0.0,0.0,36.0,1.4311776999966241,0.15396220007096417,1.27721549992566,0.9166666666666666,0.6875,0.08333333333333333,0.5625,0.0,,"{""T_mcmc"": 0.05021528037835243, ""burnin_fraction"": 0.21939164151847443, ""bw_prior_strength"": 89.80956876532602, ""decoder"": ""soft"", ""emission_mu"": [-0.00946430696609267, 0.0946430696609267, 0.014196460449139003], ""emission_sigma"": [0.05678584179655601, 0.23660767415231673, 0.01892861393218534], ""explore_subsample"": false, ""hmm_window"": 12, ""kde_tau"": 0.006205167444665816, ""n_chains"": 1, ""n_init"": 8, ""orchestrate_every"": 5, ""p_dream"": 0.0, ""rejection_streak"": 24, ""seed"": 7, ""sigma_fraction"": 0.022095999012449814, ""wide_sigma_fraction"": 0.3008503702038378}",,
lcbench_167185,lcbench,FMP,8,200,200,-96.84192657470703,-96.84192657470703,96.84192657470703,,True,1.3487843000038993,0.1328349998948397,1.3648313000012422,10400.0,1.2159493001090595,96.84192657470703,200.0,-96.84192657470703,0.6354166666666666,0.0,0.0,0.0,36.0,1.3485460999945644,0.15247830006410368,1.1960677999304608,0.9322916666666666,0.6312849162011173,0.06770833333333333,0.6923076923076923,0.0,,"{""T_mcmc"": 0.05021528037835243, ""burnin_fraction"": 0.21939164151847443, ""bw_prior_strength"": 89.80956876532602, ""decoder"": ""soft"", ""emission_mu"": [-0.00946430696609267, 0.0946430696609267, 0.014196460449139003], ""emission_sigma"": [0.05678584179655601, 0.23660767415231673, 0.01892861393218534], ""explore_subsample"": false, ""hmm_window"": 12, ""kde_tau"": 0.006205167444665816, ""n_chains"": 1, ""n_init"": 8, ""orchestrate_every"": 5, ""p_dream"": 0.0, ""rejection_streak"": 24, ""seed"": 8, ""sigma_fraction"": 0.022095999012449814, ""wide_sigma_fraction"": 0.3008503702038378}",,
lcbench_167185,lcbench,FMP,9,200,200,-96.62716674804688,-96.62716674804688,96.62716674804688,,True,1.8606935999996495,0.17877719992247876,1.8949663000094006,10400.0,1.6819164000771707,96.62716674804688,200.0,-96.62716674804688,0.59375,0.0,0.0,0.0,36.0,1.86043499999505,0.2001513999857707,1.6602836000092793,0.765625,0.6326530612244898,0.234375,0.4666666666666667,0.0,,"{""T_mcmc"": 0.05021528037835243, ""burnin_fraction"": 0.21939164151847443, ""bw_prior_strength"": 89.80956876532602, ""decoder"": ""soft"", ""emission_mu"": [-0.00946430696609267, 0.0946430696609267, 0.014196460449139003], ""emission_sigma"": [0.05678584179655601, 0.23660767415231673, 0.01892861393218534], ""explore_subsample"": false, ""hmm_window"": 12, ""kde_tau"": 0.006205167444665816, ""n_chains"": 1, ""n_init"": 8, ""orchestrate_every"": 5, ""p_dream"": 0.0, ""rejection_streak"": 24, ""seed"": 9, ""sigma_fraction"": 0.022095999012449814, ""wide_sigma_fraction"": 0.3008503702038378}",,
lcbench_167185,lcbench,FMP,10,200,200,-96.70718383789062,-96.70718383789062,96.70718383789062,,True,1.563747100008186,0.17583330014895182,1.588694599995506,10400.0,1.3879137998592341,96.70718383789062,200.0,-96.70718383789062,0.7083333333333334,0.0,0.0,0.0,36.0,1.5634823000000324,0.19736030005151406,1.3661219999485184,0.8854166666666666,0.6941176470588235,0.11458333333333333,0.8181818181818182,0.0,,"{""T_mcmc"": 0.05021528037835243, ""burnin_fraction"": 0.21939164151847443, ""bw_prior_strength"": 89.80956876532602, ""decoder"": ""soft"", ""emission_mu"": [-0.00946430696609267, 0.0946430696609267, 0.014196460449139003], ""emission_sigma"": [0.05678584179655601, 0.23660767415231673, 0.01892861393218534], ""explore_subsample"": false, ""hmm_window"": 12, ""kde_tau"": 0.006205167444665816, ""n_chains"": 1, ""n_init"": 8, ""orchestrate_every"": 5, ""p_dream"": 0.0, ""rejection_streak"": 24, ""seed"": 10, ""sigma_fraction"": 0.022095999012449814, ""wide_sigma_fraction"": 0.3008503702038378}",,
lcbench_167185,lcbench,FMP,11,200,200,-97.50360107421875,-97.50360107421875,97.50360107421875,,True,1.4039668000041274,0.14343839995854069,1.419299500004854,10400.0,1.2605284000455867,97.50360107421875,200.0,-97.50360107421875,0.640625,0.0,0.0,0.0,36.0,1.4036998000083258,0.162298900046153,1.2414008999621728,0.9322916666666666,0.659217877094972,0.06770833333333333,0.38461538461538464,0.0,,"{""T_mcmc"": 0.05021528037835243, ""burnin_fraction"": 0.21939164151847443, ""bw_prior_strength"": 89.80956876532602, ""decoder"": ""soft"", ""emission_mu"": [-0.00946430696609267, 0.0946430696609267, 0.014196460449139003], ""emission_sigma"": [0.05678584179655601, 0.23660767415231673, 0.01892861393218534], ""explore_subsample"": false, ""hmm_window"": 12, ""kde_tau"": 0.006205167444665816, ""n_chains"": 1, ""n_init"": 8, ""orchestrate_every"": 5, ""p_dream"": 0.0, ""rejection_streak"": 24, ""seed"": 11, ""sigma_fraction"": 0.022095999012449814, ""wide_sigma_fraction"": 0.3008503702038378}",,
lcbench_167185,lcbench,FMP,12,200,200,-96.7385482788086,-96.7385482788086,96.7385482788086,,True,1.448186200010241,0.14235880013438873,1.463797499993234,10400.0,1.3058273998758523,96.7385482788086,200.0,-96.7385482788086,0.6145833333333334,0.0,0.0,0.0,36.0,1.4479180999915116,0.16185009993205313,1.2860680000594584,0.8333333333333334,0.65,0.16666666666666666,0.4375,0.0,,"{""T_mcmc"": 0.05021528037835243, ""burnin_fraction"": 0.21939164151847443, ""bw_prior_strength"": 89.80956876532602, ""decoder"": ""soft"", ""emission_mu"": [-0.00946430696609267, 0.0946430696609267, 0.014196460449139003], ""emission_sigma"": [0.05678584179655601, 0.23660767415231673, 0.01892861393218534], ""explore_subsample"": false, ""hmm_window"": 12, ""kde_tau"": 0.006205167444665816, ""n_chains"": 1, ""n_init"": 8, ""orchestrate_every"": 5, ""p_dream"": 0.0, ""rejection_streak"": 24, ""seed"": 12, ""sigma_fraction"": 0.022095999012449814, ""wide_sigma_fraction"": 0.3008503702038378}",,
lcbench_167185,lcbench,FMP,13,200,200,-96.5976791381836,-96.5976791381836,96.5976791381836,,True,1.8601352000114275,0.16894580009102356,1.8783159000013256,10400.0,1.691189399920404,96.5976791381836,200.0,-96.5976791381836,0.6770833333333334,0.0,0.0,0.0,36.0,1.8598977000074228,0.1913399000040954,1.6685578000033274,0.9010416666666666,0.6936416184971098,0.09895833333333333,0.5263157894736842,0.0,,"{""T_mcmc"": 0.05021528037835243, ""burnin_fraction"": 0.21939164151847443, ""bw_prior_strength"": 89.80956876532602, ""decoder"": ""soft"", ""emission_mu"": [-0.00946430696609267, 0.0946430696609267, 0.014196460449139003], ""emission_sigma"": [0.05678584179655601, 0.23660767415231673, 0.01892861393218534], ""explore_subsample"": false, ""hmm_window"": 12, ""kde_tau"": 0.006205167444665816, ""n_chains"": 1, ""n_init"": 8, ""orchestrate_every"": 5, ""p_dream"": 0.0, ""rejection_streak"": 24, ""seed"": 13, ""sigma_fraction"": 0.022095999012449814, ""wide_sigma_fraction"": 0.3008503702038378}",,
lcbench_167185,lcbench,FMP,14,200,200,-96.08243560791016,-96.08243560791016,96.08243560791016,,True,1.4141856000060216,0.13493130006827414,1.4284606000001077,10400.0,1.2792542999377474,96.08243560791016,200.0,-96.08243560791016,0.703125,0.0,0.0,0.0,36.0,1.4139267999998992,0.15307409997330979,1.2608527000265894,0.9010416666666666,0.6878612716763006,0.09895833333333333,0.8421052631578947,0.0,,"{""T_mcmc"": 0.05021528037835243, ""burnin_fraction"": 0.21939164151847443, ""bw_prior_strength"": 89.80956876532602, ""decoder"": ""soft"", ""emission_mu"": [-0.00946430696609267, 0.0946430696609267, 0.014196460449139003], ""emission_sigma"": [0.05678584179655601, 0.23660767415231673, 0.01892861393218534], ""explore_subsample"": false, ""hmm_window"": 12, ""kde_tau"": 0.006205167444665816, ""n_chains"": 1, ""n_init"": 8, ""orchestrate_every"": 5, ""p_dream"": 0.0, ""rejection_streak"": 24, ""seed"": 14, ""sigma_fraction"": 0.022095999012449814, ""wide_sigma_fraction"": 0.3008503702038378}",,
lcbench_167185,lcbench,FMP,15,200,200,-96.7488784790039,-96.7488784790039,96.7488784790039,,True,1.4732618000125512,0.13885029996163212,1.4877526999916881,10400.0,1.3344115000509191,96.7488784790039,200.0,-96.7488784790039,0.609375,0.0,0.0,0.0,36.0,1.4729731000115862,0.15689189998374786,1.3160812000278383,0.90625,0.6149425287356322,0.09375,0.5555555555555556,0.0,,"{""T_mcmc"": 0.05021528037835243, ""burnin_fraction"": 0.21939164151847443, ""bw_prior_strength"": 89.80956876532602, ""decoder"": ""soft"", ""emission_mu"": [-0.00946430696609267, 0.0946430696609267, 0.014196460449139003], ""emission_sigma"": [0.05678584179655601, 0.23660767415231673, 0.01892861393218534], ""explore_subsample"": false, ""hmm_window"": 12, ""kde_tau"": 0.006205167444665816, ""n_chains"": 1, ""n_init"": 8, ""orchestrate_every"": 5, ""p_dream"": 0.0, ""rejection_streak"": 24, ""seed"": 15, ""sigma_fraction"": 0.022095999012449814, ""wide_sigma_fraction"": 0.3008503702038378}",,
lcbench_167185,lcbench,FMP,16,200,200,-97.12828826904297,-97.12828826904297,97.12828826904297,,True,1.4427993000135757,0.1380625000456348,1.4561612000106834,10400.0,1.304736799967941,97.12828826904297,200.0,-97.12828826904297,0.6458333333333334,0.0,0.0,0.0,36.0,1.4425887999968836,0.15610440002637915,1.2864843999705045,0.9166666666666666,0.6534090909090909,0.08333333333333333,0.5625,0.0,,"{""T_mcmc"": 0.05021528037835243, ""burnin_fraction"": 0.21939164151847443, ""bw_prior_strength"": 89.80956876532602, ""decoder"": ""soft"", ""emission_mu"": [-0.00946430696609267, 0.0946430696609267, 0.014196460449139003], ""emission_sigma"": [0.05678584179655601, 0.23660767415231673, 0.01892861393218534], ""explore_subsample"": false, ""hmm_window"": 12, ""kde_tau"": 0.006205167444665816, ""n_chains"": 1, ""n_init"": 8, ""orchestrate_every"": 5, ""p_dream"": 0.0, ""rejection_streak"": 24, ""seed"": 16, ""sigma_fraction"": 0.022095999012449814, ""wide_sigma_fraction"": 0.3008503702038378}",,
lcbench_167185,lcbench,FMP,17,200,200,-97.49578857421875,-97.49578857421875,97.49578857421875,,True,1.4491473999951268,0.1327484000066761,1.4633781000011368,10400.0,1.3163989999884507,97.49578857421875,200.0,-97.49578857421875,0.5677083333333334,0.0,0.0,0.0,36.0,1.4488836999953492,0.15304080001078546,1.2958428999845637,0.6614583333333334,0.6377952755905512,0.3385416666666667,0.4307692307692308,0.0,,"{""T_mcmc"": 0.05021528037835243, ""burnin_fraction"": 0.21939164151847443, ""bw_prior_strength"": 89.80956876532602, ""decoder"": ""soft"", ""emission_mu"": [-0.00946430696609267, 0.0946430696609267, 0.014196460449139003], ""emission_sigma"": [0.05678584179655601, 0.23660767415231673, 0.01892861393218534], ""explore_subsample"": false, ""hmm_window"": 12, ""kde_tau"": 0.006205167444665816, ""n_chains"": 1, ""n_init"": 8, ""orchestrate_every"": 5, ""p_dream"": 0.0, ""rejection_streak"": 24, ""seed"": 17, ""sigma_fraction"": 0.022095999012449814, ""wide_sigma_fraction"": 0.3008503702038378}",,
lcbench_167185,lcbench,FMP,18,200,200,-96.8123779296875,-96.8123779296875,96.8123779296875,,True,2.0580010999983642,0.1954415999498451,2.0716620000021067,10400.0,1.8625595000485191,96.8123779296875,200.0,-96.8123779296875,0.6666666666666666,0.0,0.0,0.0,36.0,2.05775690000155,0.22333199992135633,1.8344249000801938,0.90625,0.6609195402298851,0.09375,0.7222222222222222,0.0,,"{""T_mcmc"": 0.05021528037835243, ""burnin_fraction"": 0.21939164151847443, ""bw_prior_strength"": 89.80956876532602, ""decoder"": ""soft"", ""emission_mu"": [-0.00946430696609267, 0.0946430696609267, 0.014196460449139003], ""emission_sigma"": [0.05678584179655601, 0.23660767415231673, 0.01892861393218534], ""explore_subsample"": false, ""hmm_window"": 12, ""kde_tau"": 0.006205167444665816, ""n_chains"": 1, ""n_init"": 8, ""orchestrate_every"": 5, ""p_dream"": 0.0, ""rejection_streak"": 24, ""seed"": 18, ""sigma_fraction"": 0.022095999012449814, ""wide_sigma_fraction"": 0.3008503702038378}",,
lcbench_167185,lcbench,FMP,19,200,200,-96.7551498413086,-96.7551498413086,96.7551498413086,,True,1.4556784999876982,0.14128319987503346,1.47102339999401,10400.0,1.3143953001126647,96.7551498413086,200.0,-96.7551498413086,0.5729166666666666,0.0,0.0,0.0,36.0,1.4542175000096904,0.161738500057254,1.2924789999524364,0.71875,0.6086956521739131,0.28125,0.48148148148148145,0.0,,"{""T_mcmc"": 0.05021528037835243, ""burnin_fraction"": 0.21939164151847443, ""bw_prior_strength"": 89.80956876532602, ""decoder"": ""soft"", ""emission_mu"": [-0.00946430696609267, 0.0946430696609267, 0.014196460449139003], ""emission_sigma"": [0.05678584179655601, 0.23660767415231673, 0.01892861393218534], ""explore_subsample"": false, ""hmm_window"": 12, ""kde_tau"": 0.006205167444665816, ""n_chains"": 1, ""n_init"": 8, ""orchestrate_every"": 5, ""p_dream"": 0.0, ""rejection_streak"": 24, ""seed"": 19, ""sigma_fraction"": 0.022095999012449814, ""wide_sigma_fraction"": 0.3008503702038378}",,
lcbench_167185,lcbench,FMP_DREAM,0,200,200,-96.76179504394531,-96.76179504394531,96.76179504394531,,True,1.408771299989894,0.12819530011620373,1.424848100010422,10400.0,1.2805759998736903,96.76179504394531,200.0,-96.76179504394531,0.4635416666666667,0.7291666666666666,0.0,0.0,36.0,1.4083874999923864,0.15594650016282685,1.2524409998295596,0.78125,0.47333333333333333,0.21875,0.42857142857142855,0.0,,"{""T_mcmc"": 0.05021528037835243, ""burnin_fraction"": 0.21939164151847443, ""bw_prior_strength"": 89.80956876532602, ""decoder"": ""soft"", ""emission_mu"": [-0.00946430696609267, 0.0946430696609267, 0.014196460449139003], ""emission_sigma"": [0.05678584179655601, 0.23660767415231673, 0.01892861393218534], ""explore_subsample"": false, ""hmm_window"": 12, ""kde_tau"": 0.006205167444665816, ""n_chains"": 1, ""n_init"": 8, ""orchestrate_every"": 5, ""p_dream"": 0.7412354684077219, ""rejection_streak"": 24, ""seed"": 0, ""sigma_fraction"": 0.022095999012449814, ""wide_sigma_fraction"": 0.3008503702038378}",,
lcbench_167185,lcbench,FMP_DREAM,1,200,200,-96.9568862915039,-96.9568862915039,96.9568862915039,,True,1.231250099997851,0.1357063999894308,1.2565332999947714,10400.0,1.0955437000084203,96.9568862915039,200.0,-96.9568862915039,0.5520833333333334,0.7135416666666666,0.0,0.0,36.0,1.2309372000017902,0.15785400022286922,1.073083199778921,0.9010416666666666,0.5491329479768786,0.09895833333333333,0.5789473684210527,0.0,,"{""T_mcmc"": 0.05021528037835243, ""burnin_fraction"": 0.21939164151847443, ""bw_prior_strength"": 89.80956876532602, ""decoder"": ""soft"", ""emission_mu"": [-0.00946430696609267, 0.0946430696609267, 0.014196460449139003], ""emission_sigma"": [0.05678584179655601, 0.23660767415231673, 0.01892861393218534], ""explore_subsample"": false, ""hmm_window"": 12, ""kde_tau"": 0.006205167444665816, ""n_chains"": 1, ""n_init"": 8, ""orchestrate_every"": 5, ""p_dream"": 0.7412354684077219, ""rejection_streak"": 24, ""seed"": 1, ""sigma_fraction"": 0.022095999012449814, ""wide_sigma_fraction"": 0.3008503702038378}",,
lcbench_167185,lcbench,FMP_DREAM,2,200,200,-96.95096588134766,-96.95096588134766,96.95096588134766,,True,1.1731680999946548,0.12795709999045357,1.1925722000014503,10400.0,1.0452110000042012,96.95096588134766,200.0,-96.95096588134766,0.515625,0.7291666666666666,0.0,0.0,36.0,1.1729217000101926,0.14703130001726095,1.0258903999929316,0.796875,0.5359477124183006,0.203125,0.4358974358974359,0.0,,"{""T_mcmc"": 0.05021528037835243, ""burnin_fraction"": 0.21939164151847443, ""bw_prior_strength"": 89.80956876532602, ""decoder"": ""soft"", ""emission_mu"": [-0.00946430696609267, 0.0946430696609267, 0.014196460449139003], ""emission_sigma"": [0.05678584179655601, 0.23660767415231673, 0.01892861393218534], ""explore_subsample"": false, ""hmm_window"": 12, ""kde_tau"": 0.006205167444665816, ""n_chains"": 1, ""n_init"": 8, ""orchestrate_every"": 5, ""p_dream"": 0.7412354684077219, ""rejection_streak"": 24, ""seed"": 2, ""sigma_fraction"": 0.022095999012449814, ""wide_sigma_fraction"": 0.3008503702038378}",,
lcbench_167185,lcbench,FMP_DREAM,3,200,200,-97.15311431884766,-97.15311431884766,97.15311431884766,,True,1.1594655999942916,0.14741000001959037,1.1840240000019548,10400.0,1.0120555999747012,97.15311431884766,200.0,-97.15311431884766,0.4791666666666667,0.7447916666666666,0.0,0.0,36.0,1.1574834999919403,0.16913909996219445,0.9883444000297459,0.8541666666666666,0.5,0.14583333333333334,0.35714285714285715,0.0,,"{""T_mcmc"": 0.05021528037835243, ""burnin_fraction"": 0.21939164151847443, ""bw_prior_strength"": 89.80956876532602, ""decoder"": ""soft"", ""emission_mu"": [-0.00946430696609267, 0.0946430696609267, 0.014196460449139003], ""emission_sigma"": [0.05678584179655601, 0.23660767415231673, 0.01892861393218534], ""explore_subsample"": false, ""hmm_window"": 12, ""kde_tau"": 0.006205167444665816, ""n_chains"": 1, ""n_init"": 8, ""orchestrate_every"": 5, ""p_dream"": 0.7412354684077219, ""rejection_streak"": 24, ""seed"": 3, ""sigma_fraction"": 0.022095999012449814, ""wide_sigma_fraction"": 0.3008503702038378}",,
lcbench_167185,lcbench,FMP_DREAM,4,200,200,-97.04717254638672,-97.04717254638672,97.04717254638672,,True,1.3707068999938201,0.16238050001265947,1.3942703000066103,10400.0,1.2083263999811606,97.04717254638672,200.0,-97.04717254638672,0.5416666666666666,0.71875,0.0,0.0,36.0,1.370463800005382,0.19069139992643613,1.1797724000789458,0.8541666666666666,0.5487804878048781,0.14583333333333334,0.5,0.0,,"{""T_mcmc"": 0.05021528037835243, ""burnin_fraction"": 0.21939164151847443, ""bw_prior_strength"": 89.80956876532602, ""decoder"": ""soft"", ""emission_mu"": [-0.00946430696609267, 0.0946430696609267, 0.014196460449139003], ""emission_sigma"": [0.05678584179655601, 0.23660767415231673, 0.01892861393218534], ""explore_subsample"": false, ""hmm_window"": 12, ""kde_tau"": 0.006205167444665816, ""n_chains"": 1, ""n_init"": 8, ""orchestrate_every"": 5, ""p_dream"": 0.7412354684077219, ""rejection_streak"": 24, ""seed"": 4, ""sigma_fraction"": 0.022095999012449814, ""wide_sigma_fraction"": 0.3008503702038378}",,
lcbench_167185,lcbench,FMP_DREAM,5,200,200,-97.3601303100586,-97.3601303100586,97.3601303100586,,True,1.722013100006734,0.23082739999517798,1.748403599995072,10400.0,1.491185700011556,97.3601303100586,200.0,-97.3601303100586,0.4791666666666667,0.7604166666666666,0.0,0.0,36.0,1.7211606999917421,0.2630578001117101,1.458102899880032,0.7552083333333334,0.5103448275862069,0.24479166666666666,0.3829787234042553,0.0,,"{""T_mcmc"": 0.05021528037835243, ""burnin_fraction"": 0.21939164151847443, ""bw_prior_strength"": 89.80956876532602, ""decoder"": ""soft"", ""emission_mu"": [-0.00946430696609267, 0.0946430696609267, 0.014196460449139003], ""emission_sigma"": [0.05678584179655601, 0.23660767415231673, 0.01892861393218534], ""explore_subsample"": false, ""hmm_window"": 12, ""kde_tau"": 0.006205167444665816, ""n_chains"": 1, ""n_init"": 8, ""orchestrate_every"": 5, ""p_dream"": 0.7412354684077219, ""rejection_streak"": 24, ""seed"": 5, ""sigma_fraction"": 0.022095999012449814, ""wide_sigma_fraction"": 0.3008503702038378}",,
lcbench_167185,lcbench,FMP_DREAM,6,200,200,-96.946533203125,-96.946533203125,96.946533203125,,True,1.552370500008692,0.1874644999479642,1.5799611999973422,10400.0,1.3649060000607278,96.946533203125,200.0,-96.946533203125,0.6041666666666666,0.7447916666666666,0.0,0.0,36.0,1.5521150999993552,0.2118239998962963,1.3402911001030589,0.8958333333333334,0.5930232558139535,0.10416666666666667,0.7,0.0,,"{""T_mcmc"": 0.05021528037835243, ""burnin_fraction"": 0.21939164151847443, ""bw_prior_strength"": 89.80956876532602, ""decoder"": ""soft"", ""emission_mu"": [-0.00946430696609267, 0.0946430696609267, 0.014196460449139003], ""emission_sigma"": [0.05678584179655601, 0.23660767415231673, 0.01892861393218534], ""explore_subsample"": false, ""hmm_window"": 12, ""kde_tau"": 0.006205167444665816, ""n_chains"": 1, ""n_init"": 8, ""orchestrate_every"": 5, ""p_dream"": 0.7412354684077219, ""rejection_streak"": 24, ""seed"": 6, ""sigma_fraction"": 0.022095999012449814, ""wide_sigma_fraction"": 0.3008503702038378}",,
lcbench_167185,lcbench,FMP_DREAM,7,200,200,-97.35195922851562,-97.35195922851562,97.35195922851562,,True,1.2196399999957066,0.14242259986349382,1.240867899992736,10400.0,1.0772174001322128,97.35195922851562,200.0,-97.35195922851562,0.4322916666666667,0.6979166666666666,0.0,0.0,36.0,1.219389100006083,0.16163330005656462,1.0577557999495184,0.65625,0.5,0.34375,0.30303030303030304,0.0,,"{""T_mcmc"": 0.05021528037835243, ""burnin_fraction"": 0.21939164151847443, ""bw_prior_strength"": 89.80956876532602, ""decoder"": ""soft"", ""emission_mu"": [-0.00946430696609267, 0.0946430696609267, 0.014196460449139003], ""emission_sigma"": [0.05678584179655601, 0.23660767415231673, 0.01892861393218534], ""explore_subsample"": false, ""hmm_window"": 12, ""kde_tau"": 0.006205167444665816, ""n_chains"": 1, ""n_init"": 8, ""orchestrate_every"": 5, ""p_dream"": 0.7412354684077219, ""rejection_streak"": 24, ""seed"": 7, ""sigma_fraction"": 0.022095999012449814, ""wide_sigma_fraction"": 0.3008503702038378}",,
lcbench_167185,lcbench,FMP_DREAM,8,200,200,-97.1586685180664,-97.1586685180664,97.1586685180664,,True,1.41865289999987,0.17076160009310115,1.4447607999900356,10400.0,1.2478912999067688,97.1586685180664,200.0,-97.1586685180664,0.546875,0.7239583333333334,0.0,0.0,36.0,1.4183980000088923,0.19663349993061274,1.2217645000782795,0.8802083333333334,0.5857988165680473,0.11979166666666667,0.2608695652173913,0.0,,"{""T_mcmc"": 0.05021528037835243, ""burnin_fraction"": 0.21939164151847443, ""bw_prior_strength"": 89.80956876532602, ""decoder"": ""soft"", ""emission_mu"": [-0.00946430696609267, 0.0946430696609267, 0.014196460449139003], ""emission_sigma"": [0.05678584179655601, 0.23660767415231673, 0.01892861393218534], ""explore_subsample"": false, ""hmm_window"": 12, ""kde_tau"": 0.006205167444665816, ""n_chains"": 1, ""n_init"": 8, ""orchestrate_every"": 5, ""p_dream"": 0.7412354684077219, ""rejection_streak"": 24, ""seed"": 8, ""sigma_fraction"": 0.022095999012449814, ""wide_sigma_fraction"": 0.3008503702038378}",,
lcbench_167185,lcbench,FMP_DREAM,9,200,200,-96.73485565185547,-96.73485565185547,96.73485565185547,,True,1.3379355999932159,0.17328749994339887,1.3601372999983141,10400.0,1.164648100049817,96.73485565185547,200.0,-96.73485565185547,0.5104166666666666,0.6875,0.0,0.0,36.0,1.337693199995556,0.1984596999536734,1.1392335000418825,0.8385416666666666,0.515527950310559,0.16145833333333334,0.4838709677419355,0.0,,"{""T_mcmc"": 0.05021528037835243, ""burnin_fraction"": 0.21939164151847443, ""bw_prior_strength"": 89.80956876532602, ""decoder"": ""soft"", ""emission_mu"": [-0.00946430696609267, 0.0946430696609267, 0.014196460449139003], ""emission_sigma"": [0.05678584179655601, 0.23660767415231673, 0.01892861393218534], ""explore_subsample"": false, ""hmm_window"": 12, ""kde_tau"": 0.006205167444665816, ""n_chains"": 1, ""n_init"": 8, ""orchestrate_every"": 5, ""p_dream"": 0.7412354684077219, ""rejection_streak"": 24, ""seed"": 9, ""sigma_fraction"": 0.022095999012449814, ""wide_sigma_fraction"": 0.3008503702038378}",,
lcbench_167185,lcbench,FMP_DREAM,10,200,200,-97.05976104736328,-97.05976104736328,97.05976104736328,,True,1.8297979999915697,0.2235532000049716,1.8556715000013355,10400.0,1.606244799986598,97.05976104736328,200.0,-97.05976104736328,0.4895833333333333,0.7760416666666666,0.0,0.0,36.0,1.8295650999934878,0.2500926000502659,1.579472499943222,0.8802083333333334,0.5029585798816568,0.11979166666666667,0.391304347826087,0.0,,"{""T_mcmc"": 0.05021528037835243, ""burnin_fraction"": 0.21939164151847443, ""bw_prior_strength"": 89.80956876532602, ""decoder"": ""soft"", ""emission_mu"": [-0.00946430696609267, 0.0946430696609267, 0.014196460449139003], ""emission_sigma"": [0.05678584179655601, 0.23660767415231673, 0.01892861393218534], ""explore_subsample"": false, ""hmm_window"": 12, ""kde_tau"": 0.006205167444665816, ""n_chains"": 1, ""n_init"": 8, ""orchestrate_every"": 5, ""p_dream"": 0.7412354684077219, ""rejection_streak"": 24, ""seed"": 10, ""sigma_fraction"": 0.022095999012449814, ""wide_sigma_fraction"": 0.3008503702038378}",,
lcbench_167185,lcbench,FMP_DREAM,11,200,200,-97.43592834472656,-97.43592834472656,97.43592834472656,,True,1.1666268999979366,0.13844390005397145,1.1827326000056928,10400.0,1.0281829999439651,97.43592834472656,200.0,-97.43592834472656,0.515625,0.7239583333333334,0.0,0.0,36.0,1.1663858000101754,0.16039440003805794,1.0059913999721175,0.84375,0.5308641975308642,0.15625,0.43333333333333335,0.0,,"{""T_mcmc"": 0.05021528037835243, ""burnin_fraction"": 0.21939164151847443, ""bw_prior_strength"": 89.80956876532602, ""decoder"": ""soft"", ""emission_mu"": [-0.00946430696609267, 0.0946430696609267, 0.014196460449139003], ""emission_sigma"": [0.05678584179655601, 0.23660767415231673, 0.01892861393218534], ""explore_subsample"": false, ""hmm_window"": 12, ""kde_tau"": 0.006205167444665816, ""n_chains"": 1, ""n_init"": 8, ""orchestrate_every"": 5, ""p_dream"": 0.7412354684077219, ""rejection_streak"": 24, ""seed"": 11, ""sigma_fraction"": 0.022095999012449814, ""wide_sigma_fraction"": 0.3008503702038378}",,
lcbench_167185,lcbench,FMP_DREAM,12,200,200,-97.21391296386719,-97.21391296386719,97.21391296386719,,True,1.7127578999934485,0.21352549995935988,1.7313493999972707,10400.0,1.4992324000340886,97.21391296386719,200.0,-97.21391296386719,0.5520833333333334,0.7708333333333334,0.0,0.0,36.0,1.7123104000056628,0.23809730006905738,1.4742130999366054,0.8854166666666666,0.5529411764705883,0.11458333333333333,0.5454545454545454,0.0,,"{""T_mcmc"": 0.05021528037835243, ""burnin_fraction"": 0.21939164151847443, ""bw_prior_strength"": 89.80956876532602, ""decoder"": ""soft"", ""emission_mu"": [-0.00946430696609267, 0.0946430696609267, 0.014196460449139003], ""emission_sigma"": [0.05678584179655601, 0.23660767415231673, 0.01892861393218534], ""explore_subsample"": false, ""hmm_window"": 12, ""kde_tau"": 0.006205167444665816, ""n_chains"": 1, ""n_init"": 8, ""orchestrate_every"": 5, ""p_dream"": 0.7412354684077219, ""rejection_streak"": 24, ""seed"": 12, ""sigma_fraction"": 0.022095999012449814, ""wide_sigma_fraction"": 0.3008503702038378}",,
lcbench_167185,lcbench,FMP_DREAM,13,200,200,-97.22874450683594,-97.22874450683594,97.22874450683594,,True,1.47389400000975,0.16845239991380367,1.4890266000002157,10400.0,1.3054416000959463,97.22874450683594,200.0,-97.22874450683594,0.4791666666666667,0.7604166666666666,0.0,0.0,36.0,1.4736266999971122,0.1920634001144208,1.2815632998826914,0.8333333333333334,0.51875,0.16666666666666666,0.28125,0.0,,"{""T_mcmc"": 0.05021528037835243, ""burnin_fraction"": 0.21939164151847443, ""bw_prior_strength"": 89.80956876532602, ""decoder"": ""soft"", ""emission_mu"": [-0.00946430696609267, 0.0946430696609267, 0.014196460449139003], ""emission_sigma"": [0.05678584179655601, 0.23660767415231673, 0.01892861393218534], ""explore_subsample"": false, ""hmm_window"": 12, ""kde_tau"": 0.006205167444665816, ""n_chains"": 1, ""n_init"": 8, ""orchestrate_every"": 5, ""p_dream"": 0.7412354684077219, ""rejection_streak"": 24, ""seed"": 13, ""sigma_fraction"": 0.022095999012449814, ""wide_sigma_fraction"": 0.3008503702038378}",,
lcbench_167185,lcbench,FMP_DREAM,14,200,200,-96.9613265991211,-96.9613265991211,96.9613265991211,,True,1.2085311999981059,0.15142720013682265,1.2268059000052745,10400.0,1.0571039998612832,96.9613265991211,200.0,-96.9613265991211,0.5208333333333334,0.7708333333333334,0.0,0.0,36.0,1.208286599998246,0.17481499996210914,1.0334716000361368,0.9010416666666666,0.5260115606936416,0.09895833333333333,0.47368421052631576,0.0,,"{""T_mcmc"": 0.05021528037835243, ""burnin_fraction"": 0.21939164151847443, ""bw_prior_strength"": 89.80956876532602, ""decoder"": ""soft"", ""emission_mu"": [-0.00946430696609267, 0.0946430696609267, 0.014196460449139003], ""emission_sigma"": [0.05678584179655601, 0.23660767415231673, 0.01892861393218534], ""explore_subsample"": false, ""hmm_window"": 12, ""kde_tau"": 0.006205167444665816, ""n_chains"": 1, ""n_init"": 8, ""orchestrate_every"": 5, ""p_dream"": 0.7412354684077219, ""rejection_streak"": 24, ""seed"": 14, ""sigma_fraction"": 0.022095999012449814, ""wide_sigma_fraction"": 0.3008503702038378}",,
lcbench_167185,lcbench,FMP_DREAM,15,200,200,-96.7359619140625,-96.7359619140625,96.7359619140625,,True,1.1822672999987844,0.15167170013592113,1.2019185000099242,10400.0,1.0305955998628633,96.7359619140625,200.0,-96.7359619140625,0.5729166666666666,0.78125,0.0,0.0,36.0,1.1819734999880893,0.1759700000693556,1.0060034999187337,0.8489583333333334,0.5705521472392638,0.15104166666666666,0.5862068965517241,0.0,,"{""T_mcmc"": 0.05021528037835243, ""burnin_fraction"": 0.21939164151847443, ""bw_prior_strength"": 89.80956876532602, ""decoder"": ""soft"", ""emission_mu"": [-0.00946430696609267, 0.0946430696609267, 0.014196460449139003], ""emission_sigma"": [0.05678584179655601, 0.23660767415231673, 0.01892861393218534], ""explore_subsample"": false, ""hmm_window"": 12, ""kde_tau"": 0.006205167444665816, ""n_chains"": 1, ""n_init"": 8, ""orchestrate_every"": 5, ""p_dream"": 0.7412354684077219, ""rejection_streak"": 24, ""seed"": 15, ""sigma_fraction"": 0.022095999012449814, ""wide_sigma_fraction"": 0.3008503702038378}",,
lcbench_167185,lcbench,FMP_DREAM,16,200,200,-97.30963897705078,-97.30963897705078,97.30963897705078,,True,1.158953100006329,0.13952689988946076,1.1765998000046238,10400.0,1.0194262001168681,97.30963897705078,200.0,-97.30963897705078,0.53125,0.765625,0.0,0.0,36.0,1.158575200010091,0.16123899996455293,0.9973362000455381,0.875,0.5178571428571429,0.125,0.625,0.0,,"{""T_mcmc"": 0.05021528037835243, ""burnin_fraction"": 0.21939164151847443, ""bw_prior_strength"": 89.80956876532602, ""decoder"": ""soft"", ""emission_mu"": [-0.00946430696609267, 0.0946430696609267, 0.014196460449139003], ""emission_sigma"": [0.05678584179655601, 0.23660767415231673, 0.01892861393218534], ""explore_subsample"": false, ""hmm_window"": 12, ""kde_tau"": 0.006205167444665816, ""n_chains"": 1, ""n_init"": 8, ""orchestrate_every"": 5, ""p_dream"": 0.7412354684077219, ""rejection_streak"": 24, ""seed"": 16, ""sigma_fraction"": 0.022095999012449814, ""wide_sigma_fraction"": 0.3008503702038378}",,
lcbench_167185,lcbench,FMP_DREAM,17,200,200,-97.01201629638672,-97.01201629638672,97.01201629638672,,True,1.72899370000232,0.21251100003428292,1.7682073000032688,10400.0,1.5164826999680372,97.01201629638672,200.0,-97.01201629638672,0.5520833333333334,0.71875,0.0,0.0,36.0,1.7287576000089757,0.23845710008754395,1.4903004999214318,0.8697916666666666,0.5449101796407185,0.13020833333333334,0.6,0.0,,"{""T_mcmc"": 0.05021528037835243, ""burnin_fraction"": 0.21939164151847443, ""bw_prior_strength"": 89.80956876532602, ""decoder"": ""soft"", ""emission_mu"": [-0.00946430696609267, 0.0946430696609267, 0.014196460449139003], ""emission_sigma"": [0.05678584179655601, 0.23660767415231673, 0.01892861393218534], ""explore_subsample"": false, ""hmm_window"": 12, ""kde_tau"": 0.006205167444665816, ""n_chains"": 1, ""n_init"": 8, ""orchestrate_every"": 5, ""p_dream"": 0.7412354684077219, ""rejection_streak"": 24, ""seed"": 17, ""sigma_fraction"": 0.022095999012449814, ""wide_sigma_fraction"": 0.3008503702038378}",,
lcbench_167185,lcbench,FMP_DREAM,18,200,200,-96.71714782714844,-96.71714782714844,96.71714782714844,,True,1.1789644999953452,0.13122930006647948,1.193192699996871,10400.0,1.0477351999288658,96.71714782714844,200.0,-96.71714782714844,0.625,0.7395833333333334,0.0,0.0,36.0,1.1786908000067342,0.14982189994771034,1.0288689000590239,0.8385416666666666,0.6273291925465838,0.16145833333333334,0.6129032258064516,0.0,,"{""T_mcmc"": 0.05021528037835243, ""burnin_fraction"": 0.21939164151847443, ""bw_prior_strength"": 89.80956876532602, ""decoder"": ""soft"", ""emission_mu"": [-0.00946430696609267, 0.0946430696609267, 0.014196460449139003], ""emission_sigma"": [0.05678584179655601, 0.23660767415231673, 0.01892861393218534], ""explore_subsample"": false, ""hmm_window"": 12, ""kde_tau"": 0.006205167444665816, ""n_chains"": 1, ""n_init"": 8, ""orchestrate_every"": 5, ""p_dream"": 0.7412354684077219, ""rejection_streak"": 24, ""seed"": 18, ""sigma_fraction"": 0.022095999012449814, ""wide_sigma_fraction"": 0.3008503702038378}",,
lcbench_167185,lcbench,FMP_DREAM,19,200,200,-97.02163696289062,-97.02163696289062,97.02163696289062,,True,1.1887412999931257,0.13370529990061186,1.2080477999988943,10400.0,1.0550360000925139,97.02163696289062,200.0,-97.02163696289062,0.5,0.7083333333333334,0.0,0.0,36.0,1.1884395999950357,0.15323090000310913,1.0352086999919266,0.8645833333333334,0.4819277108433735,0.13541666666666666,0.6153846153846154,0.0,,"{""T_mcmc"": 0.05021528037835243, ""burnin_fraction"": 0.21939164151847443, ""bw_prior_strength"": 89.80956876532602, ""decoder"": ""soft"", ""emission_mu"": [-0.00946430696609267, 0.0946430696609267, 0.014196460449139003], ""emission_sigma"": [0.05678584179655601, 0.23660767415231673, 0.01892861393218534], ""explore_subsample"": false, ""hmm_window"": 12, ""kde_tau"": 0.006205167444665816, ""n_chains"": 1, ""n_init"": 8, ""orchestrate_every"": 5, ""p_dream"": 0.7412354684077219, ""rejection_streak"": 24, ""seed"": 19, ""sigma_fraction"": 0.022095999012449814, ""wide_sigma_fraction"": 0.3008503702038378}",,
lcbench_167185,lcbench,GP,0,200,200,-97.83109283447266,-97.83109283447266,97.83109283447266,,True,157.2747576000038,0.14045870002155425,157.31958560000203,10400.0,157.13429889998224,97.83109283447266,,,,,,,,,,,,,,,,,,,
lcbench_167185,lcbench,GP,1,200,200,-97.89791107177734,-97.89791107177734,97.89791107177734,,True,155.0819135000056,0.14484429999720305,155.0941903999992,10400.0,154.9370692000084,97.89791107177734,,,,,,,,,,,,,,,,,,,
lcbench_167185,lcbench,GP,2,200,200,-97.83109283447266,-97.83109283447266,97.83109283447266,,True,154.66835800000263,0.14536070000758627,154.68102160000126,10400.0,154.52299729999504,97.83109283447266,,,,,,,,,,,,,,,,,,,
lcbench_167185,lcbench,GP,3,200,200,-97.82847595214844,-97.82847595214844,97.82847595214844,,True,146.826556299995,0.14772279998578597,146.83815220000542,10400.0,146.6788335000092,97.82847595214844,,,,,,,,,,,,,,,,,,,
lcbench_167185,lcbench,GP,4,200,200,-97.86729431152344,-97.86729431152344,97.86729431152344,,True,157.07456390000152,0.1409212999860756,157.08509159999812,10400.0,156.93364260001545,97.86729431152344,,,,,,,,,,,,,,,,,,,
lcbench_167185,lcbench,GP,5,200,200,-97.86542510986328,-97.86542510986328,97.86542510986328,,True,160.5153405999954,0.14783890009130118,160.52959900000133,10400.0,160.3675016999041,97.86542510986328,,,,,,,,,,,,,,,,,,,
lcbench_167185,lcbench,GP,6,200,200,-97.8486328125,-97.8486328125,97.8486328125,,True,148.94545499999367,0.13794240001152502,148.95685959999537,10400.0,148.80751259998215,97.8486328125,,,,,,,,,,,,,,,,,,,
lcbench_167185,lcbench,GP,7,200,200,-97.8303451538086,-97.8303451538086,97.8303451538086,,True,154.6757987000019,0.15547649994550738,154.6872768999965,10400.0,154.5203222000564,97.8303451538086,,,,,,,,,,,,,,,,,,,
lcbench_167185,lcbench,GP,8,200,200,-97.86393737792969,-97.86393737792969,97.86393737792969,,True,135.90970229999948,0.1429421000138973,135.9523412999988,10400.0,135.76676019998558,97.86393737792969,,,,,,,,,,,,,,,,,,,
lcbench_167185,lcbench,GP,9,200,200,-97.89268493652344,-97.89268493652344,97.89268493652344,,True,157.27336400000058,0.14410120002139593,157.2869520999957,10400.0,157.1292627999792,97.89268493652344,,,,,,,,,,,,,,,,,,,
lcbench_167185,lcbench,GP,10,200,200,-97.83145904541016,-97.83145904541016,97.83145904541016,,True,164.6171344999966,0.14267010003823088,164.62847679999686,10400.0,164.47446439995838,97.83145904541016,,,,,,,,,,,,,,,,,,,
lcbench_167185,lcbench,GP,11,200,200,-97.9446029663086,-97.9446029663086,97.9446029663086,,True,152.67774289999943,0.15418040004442446,152.68830940000043,10400.0,152.523562499955,97.9446029663086,,,,,,,,,,,,,,,,,,,
lcbench_167185,lcbench,GP,12,200,200,-97.86654663085938,-97.86654663085938,97.86654663085938,,True,147.87226019999798,0.14576809998834506,147.88416300000245,10400.0,147.72649210000964,97.86654663085938,,,,,,,,,,,,,,,,,,,
lcbench_167185,lcbench,GP,13,200,200,-97.90314483642578,-97.90314483642578,97.90314483642578,,True,161.696826899999,0.14277779995609308,161.7243146000037,10400.0,161.5540491000429,97.90314483642578,,,,,,,,,,,,,,,,,,,
lcbench_167185,lcbench,GP,14,200,200,-97.93451690673828,-97.93451690673828,97.93451690673828,,True,176.7345312999969,0.14217990000906866,176.74620379999396,10400.0,176.59235139998782,97.93451690673828,,,,,,,,,,,,,,,,,,,
lcbench_167185,lcbench,GP,15,200,200,-97.85423278808594,-97.85423278808594,97.85423278808594,,True,151.92268070000137,0.14632059993891744,151.93324859999848,10400.0,151.77636010006245,97.85423278808594,,,,,,,,,,,,,,,,,,,
lcbench_167185,lcbench,GP,16,200,200,-97.83109283447266,-97.83109283447266,97.83109283447266,,True,157.81610950000322,0.14533539992407896,157.8290657999969,10400.0,157.67077410007914,97.83109283447266,,,,,,,,,,,,,,,,,,,
lcbench_167185,lcbench,GP,17,200,200,-97.94124603271484,-97.94124603271484,97.94124603271484,,True,158.5806720000037,0.1506655000630417,158.59459980000247,10400.0,158.43000649994065,97.94124603271484,,,,,,,,,,,,,,,,,,,
lcbench_167185,lcbench,GP,18,200,200,-97.8923110961914,-97.8923110961914,97.8923110961914,,True,150.410853399997,0.1380754000347224,150.45555889999378,10400.0,150.27277799996227,97.8923110961914,,,,,,,,,,,,,,,,,,,
lcbench_167185,lcbench,GP,19,200,200,-97.83109283447266,-97.83109283447266,97.83109283447266,,True,160.3542482999983,0.14417810009035747,160.36578559999907,10400.0,160.21007019990793,97.83109283447266,,,,,,,,,,,,,,,,,,,
lcbench_167185,lcbench,RS,0,200,200,-96.59326171875,-96.59326171875,96.59326171875,,True,0.23921330000302987,0.08745320006710244,0.27814500000386033,10400.0,0.15176009993592743,96.59326171875,,,,,,,,,,,,,,,,,,,
lcbench_167185,lcbench,RS,1,200,200,-96.7359619140625,-96.7359619140625,96.7359619140625,,True,0.21338470000046073,0.07605280001007486,0.2449683000013465,10400.0,0.13733189999038586,96.7359619140625,,,,,,,,,,,,,,,,,,,
lcbench_167185,lcbench,RS,2,200,200,-97.27437591552734,-97.27437591552734,97.27437591552734,,True,0.2250350999966031,0.08287350000318838,0.23416330000327434,10400.0,0.1421615999934147,97.27437591552734,,,,,,,,,,,,,,,,,,,
lcbench_167185,lcbench,RS,3,200,200,-96.49271392822266,-96.49271392822266,96.49271392822266,,True,0.20883020000474062,0.0755869999557035,0.21819089999917196,10400.0,0.1332432000490371,96.49271392822266,,,,,,,,,,,,,,,,,,,
lcbench_167185,lcbench,RS,4,200,200,-96.68836975097656,-96.68836975097656,96.68836975097656,,True,0.2052583000040613,0.0724652000280912,0.21456830000533955,10400.0,0.1327930999759701,96.68836975097656,,,,,,,,,,,,,,,,,,,
lcbench_167185,lcbench,RS,5,200,200,-96.40074157714844,-96.40074157714844,96.40074157714844,,True,0.2341519999972661,0.08546570005273679,0.2415259000044898,10400.0,0.1486862999445293,96.40074157714844,,,,,,,,,,,,,,,,,,,
lcbench_167185,lcbench,RS,6,200,200,-96.70165252685547,-96.70165252685547,96.70165252685547,,True,0.23823760000232141,0.08564540000224952,0.2768188000045484,10400.0,0.1525922000000719,96.70165252685547,,,,,,,,,,,,,,,,,,,
lcbench_167185,lcbench,RS,7,200,200,-96.71197509765625,-96.71197509765625,96.71197509765625,,True,0.21637770000234013,0.07652340007916791,0.226994000004197,10400.0,0.13985429992317222,96.71197509765625,,,,,,,,,,,,,,,,,,,
lcbench_167185,lcbench,RS,8,200,200,-97.04125213623047,-97.04125213623047,97.04125213623047,,True,0.21366649999981746,0.07591159996081842,0.22263260000181617,10400.0,0.13775490003899904,97.04125213623047,,,,,,,,,,,,,,,,,,,
lcbench_167185,lcbench,RS,9,200,200,-96.86779022216797,-96.86779022216797,96.86779022216797,,True,0.21947050000017043,0.07838250005443115,0.22813740000128746,10400.0,0.14108799994573928,96.86779022216797,,,,,,,,,,,,,,,,,,,
lcbench_167185,lcbench,RS,10,200,200,-96.71308898925781,-96.71308898925781,96.71308898925781,,True,0.22618559999682475,0.08394759998191148,0.23641889999998966,10400.0,0.14223800001491327,96.71308898925781,,,,,,,,,,,,,,,,,,,
lcbench_167185,lcbench,RS,11,200,200,-96.40074157714844,-96.40074157714844,96.40074157714844,,True,0.23368900000059512,0.0886129000064102,0.242378999995708,10400.0,0.14507609999418491,96.40074157714844,,,,,,,,,,,,,,,,,,,
lcbench_167185,lcbench,RS,12,200,200,-96.66255950927734,-96.66255950927734,96.66255950927734,,True,0.2546816000030958,0.09786689998873044,0.2645637999958126,10400.0,0.15681470001436537,96.66255950927734,,,,,,,,,,,,,,,,,,,
lcbench_167185,lcbench,RS,13,200,200,-96.56341552734375,-96.56341552734375,96.56341552734375,,True,0.2569140999985393,0.09888049992878223,0.2665846999952919,10400.0,0.15803360006975709,96.56341552734375,,,,,,,,,,,,,,,,,,,
lcbench_167185,lcbench,RS,14,200,200,-96.39044189453125,-96.39044189453125,96.39044189453125,,True,0.257259799996973,0.0990024999846355,0.26705560000118567,10400.0,0.1582573000123375,96.39044189453125,,,,,,,,,,,,,,,,,,,
lcbench_167185,lcbench,RS,15,200,200,-96.79059600830078,-96.79059600830078,96.79059600830078,,True,0.2543909000014537,0.09611409997887677,0.26523489999817684,10400.0,0.15827680002257694,96.79059600830078,,,,,,,,,,,,,,,,,,,
lcbench_167185,lcbench,RS,16,200,200,-96.86261749267578,-96.86261749267578,96.86261749267578,,True,0.22647129999677418,0.08313880002970109,0.23647600000549573,10400.0,0.1433324999670731,96.86261749267578,,,,,,,,,,,,,,,,,,,
lcbench_167185,lcbench,RS,17,200,200,-96.45812225341797,-96.45812225341797,96.45812225341797,,True,0.24167770000349265,0.09133009994548047,0.25246770000376273,10400.0,0.15034760005801218,96.45812225341797,,,,,,,,,,,,,,,,,,,
lcbench_167185,lcbench,RS,18,200,200,-96.84783935546875,-96.84783935546875,96.84783935546875,,True,0.24855650000245078,0.09451580009044847,0.25809689999732655,10400.0,0.1540406999120023,96.84783935546875,,,,,,,,,,,,,,,,,,,
lcbench_167185,lcbench,RS,19,200,200,-96.95281982421875,-96.95281982421875,96.95281982421875,,True,0.27867849999893224,0.11286270009441068,0.2925348999997368,10400.0,0.16581579990452155,96.95281982421875,,,,,,,,,,,,,,,,,,,
lcbench_167185,lcbench,TPE,0,200,200,-97.62157440185547,-97.62157440185547,97.62157440185547,,True,7.104069699998945,0.14259559998026816,7.114726100000553,10400.0,6.961474100018677,97.62157440185547,,,,,,,,,,,,,,,,,,,
lcbench_167185,lcbench,TPE,1,200,200,-97.33228302001953,-97.33228302001953,97.33228302001953,,True,6.605326500000956,0.15516900004877243,6.615814300006605,10400.0,6.450157499952184,97.33228302001953,,,,,,,,,,,,,,,,,,,
lcbench_167185,lcbench,TPE,2,200,200,-97.61785125732422,-97.61785125732422,97.61785125732422,,True,7.484750499999791,0.13777659996412694,7.494554099997913,10400.0,7.346973900035664,97.61785125732422,,,,,,,,,,,,,,,,,,,
lcbench_167185,lcbench,TPE,3,200,200,-97.1397705078125,-97.1397705078125,97.1397705078125,,True,7.5988844000021345,0.1467103999966639,7.610554600003525,10400.0,7.452174000005471,97.1397705078125,,,,,,,,,,,,,,,,,,,
lcbench_167185,lcbench,TPE,4,200,200,-97.61412811279297,-97.61412811279297,97.61412811279297,,True,6.770203200001561,0.14642159994400572,6.780863099993439,10400.0,6.623781600057555,97.61412811279297,,,,,,,,,,,,,,,,,,,
lcbench_167185,lcbench,TPE,5,200,200,-96.82160949707031,-96.82160949707031,96.82160949707031,,True,5.815601599999354,0.15433359998860396,5.826350700001058,10400.0,5.66126800001075,96.82160949707031,,,,,,,,,,,,,,,,,,,
lcbench_167185,lcbench,TPE,6,200,200,-97.62567138671875,-97.62567138671875,97.62567138671875,,True,6.965372800004843,0.1370485000006738,7.003063199997996,10400.0,6.828324300004169,97.62567138671875,,,,,,,,,,,,,,,,,,,
lcbench_167185,lcbench,TPE,7,200,200,-97.60742950439453,-97.60742950439453,97.60742950439453,,True,7.096685399999842,0.1443299999809824,7.104050599999027,10400.0,6.95235540001886,97.60742950439453,,,,,,,,,,,,,,,,,,,
lcbench_167185,lcbench,TPE,8,200,200,-97.07642364501953,-97.07642364501953,97.07642364501953,,True,7.346630299995013,0.14234320001560263,7.3884746999974595,10400.0,7.20428709997941,97.07642364501953,,,,,,,,,,,,,,,,,,,
lcbench_167185,lcbench,TPE,9,200,200,-97.61040496826172,-97.61040496826172,97.61040496826172,,True,7.449341999999888,0.14407499998196727,7.4575812999974005,10400.0,7.3052670000179205,97.61040496826172,,,,,,,,,,,,,,,,,,,
lcbench_167185,lcbench,TPE,10,200,200,-97.59998321533203,-97.59998321533203,97.59998321533203,,True,7.126743099994201,0.1547763999478775,7.167692499999248,10400.0,6.971966700046323,97.59998321533203,,,,,,,,,,,,,,,,,,,
lcbench_167185,lcbench,TPE,11,200,200,-96.9217529296875,-96.9217529296875,96.9217529296875,,True,5.563089099996432,0.14649079999799142,5.573391199999605,10400.0,5.416598299998441,96.9217529296875,,,,,,,,,,,,,,,,,,,
lcbench_167185,lcbench,TPE,12,200,200,-96.83084869384766,-96.83084869384766,96.83084869384766,,True,4.484552299996722,0.1459406000431045,4.495230300002731,10400.0,4.338611699953617,96.83084869384766,,,,,,,,,,,,,,,,,,,
lcbench_167185,lcbench,TPE,13,200,200,-97.63461303710938,-97.63461303710938,97.63461303710938,,True,8.470141100006003,0.1418258000194328,8.478406000001996,10400.0,8.32831529998657,97.63461303710938,,,,,,,,,,,,,,,,,,,
lcbench_167185,lcbench,TPE,14,200,200,-96.86261749267578,-96.86261749267578,96.86261749267578,,True,5.677290300001914,0.14600659993448062,5.718696099997032,10400.0,5.5312837000674335,96.86261749267578,,,,,,,,,,,,,,,,,,,
lcbench_167185,lcbench,TPE,15,200,200,-97.62083435058594,-97.62083435058594,97.62083435058594,,True,7.944971799995983,0.14097610002500005,7.955662000000302,10400.0,7.803995699970983,97.62083435058594,,,,,,,,,,,,,,,,,,,
lcbench_167185,lcbench,TPE,16,200,200,-97.0072021484375,-97.0072021484375,97.0072021484375,,True,7.096133500002907,0.14731440003379248,7.10676880000392,10400.0,6.948819099969114,97.0072021484375,,,,,,,,,,,,,,,,,,,
lcbench_167185,lcbench,TPE,17,200,200,-97.26473236083984,-97.26473236083984,97.26473236083984,,True,7.057578099993407,0.14611769993643975,7.070636599994032,10400.0,6.911460400056967,97.26473236083984,,,,,,,,,,,,,,,,,,,
lcbench_167185,lcbench,TPE,18,200,200,-96.88959503173828,-96.88959503173828,96.88959503173828,,True,7.953748899999482,0.14705020007386338,7.964428700004646,10400.0,7.806698699925619,96.88959503173828,,,,,,,,,,,,,,,,,,,
lcbench_167185,lcbench,TPE,19,200,200,-97.4660415649414,-97.4660415649414,97.4660415649414,,True,6.137884799994936,0.1414198999918881,6.149364400000195,10400.0,5.996464900003048,97.4660415649414,,,,,,,,,,,,,,,,,,,
lcbench_167185,lcbench,TPE_HB,0,200,1341,-97.34268188476562,-97.34268188476562,97.34268188476562,,True,11.21827819999453,0.6633220001967857,11.225568300003943,10408.0,10.554956199797743,97.34268188476562,,,,,,,,,,,,,,,,,,,
lcbench_167185,lcbench,TPE_HB,1,200,1700,-97.54936218261719,-97.54936218261719,97.54936218261719,,True,21.252585700000054,0.8223301997059025,75.09689939999953,10417.0,20.43025550029415,97.54936218261719,,,,,,,,,,,,,,,,,,,
lcbench_167185,lcbench,TPE_HB,2,200,1428,-96.96243286132812,-96.96243286132812,96.96243286132812,,True,14.141784100000223,0.6377976000367198,67.77880060000462,10403.0,13.503986499963503,96.96243286132812,,,,,,,,,,,,,,,,,,,
lcbench_167185,lcbench,TPE_HB,3,200,1593,-96.70054626464844,-96.70054626464844,96.70054626464844,,True,13.974700999999186,0.8302798000149778,67.138915800002,10407.0,13.144421199984208,96.70054626464844,,,,,,,,,,,,,,,,,,,
lcbench_167185,lcbench,TPE_HB,4,200,1281,-97.13606262207031,-97.13606262207031,97.13606262207031,,True,10.817635100000189,0.6227201000874629,63.72265869999683,10417.0,10.194914999912726,97.13606262207031,,,,,,,,,,,,,,,,,,,
lcbench_167185,lcbench,TPE_HB,5,200,1357,-97.17350006103516,-97.17350006103516,97.17350006103516,,True,9.368757200005348,0.47784160002629505,9.378350099999807,10405.0,8.890915599979053,97.17350006103516,,,,,,,,,,,,,,,,,,,
lcbench_167185,lcbench,TPE_HB,6,200,1497,-96.98388671875,-96.98388671875,96.98388671875,,True,16.13193229999888,0.8037083000454004,68.75982030000159,10400.0,15.32822399995348,96.98388671875,,,,,,,,,,,,,,,,,,,
lcbench_167185,lcbench,TPE_HB,7,200,1378,-96.88811492919922,-96.88811492919922,96.88811492919922,,True,6.779394500001217,0.30850410017592367,6.786356600001454,10400.0,6.470890399825294,96.88811492919922,,,,,,,,,,,,,,,,,,,
lcbench_167185,lcbench,TPE_HB,8,200,1397,-97.13198852539062,-97.13198852539062,97.13198852539062,,True,19.378469700001006,0.7669126000037068,72.00523519999842,10406.0,18.6115570999973,97.13198852539062,,,,,,,,,,,,,,,,,,,
lcbench_167185,lcbench,TPE_HB,9,200,1280,-96.94098663330078,-96.94098663330078,96.94098663330078,,True,4.9240241999941645,0.2804612998806988,4.930011000004015,10407.0,4.643562900113466,96.94098663330078,,,,,,,,,,,,,,,,,,,
lcbench_167185,lcbench,TPE_HB,10,200,1331,-96.99942779541016,-96.99942779541016,96.99942779541016,,True,4.172142400006123,0.22093080007471144,4.176783599999908,10407.0,3.951211599931412,96.99942779541016,,,,,,,,,,,,,,,,,,,
lcbench_167185,lcbench,TPE_HB,11,200,1355,-97.3686752319336,-97.3686752319336,97.3686752319336,,True,5.159413100001984,0.2377109000008204,5.165447999999742,10402.0,4.921702200001164,97.3686752319336,,,,,,,,,,,,,,,,,,,
lcbench_167185,lcbench,TPE_HB,12,200,1298,-96.66476440429688,-96.66476440429688,96.66476440429688,,True,7.652431599999545,0.3866337000581552,7.6597154999981285,10419.0,7.26579789994139,96.66476440429688,,,,,,,,,,,,,,,,,,,
lcbench_167185,lcbench,TPE_HB,13,200,1720,-96.34228515625,-96.34228515625,96.34228515625,,True,11.804739999999583,0.596504700188234,11.81206640000164,10410.0,11.20823529981135,96.34228515625,,,,,,,,,,,,,,,,,,,
lcbench_167185,lcbench,TPE_HB,14,200,1576,-97.74417114257812,-97.74417114257812,97.74417114257812,,True,15.903762299996743,0.5740689997182926,15.911357199998747,10414.0,15.32969330027845,97.74417114257812,,,,,,,,,,,,,,,,,,,
lcbench_167185,lcbench,TPE_HB,15,200,1479,-97.05384063720703,-97.05384063720703,97.05384063720703,,True,10.637094800003979,0.5582153997893329,10.643075499996485,10401.0,10.078879400214646,97.05384063720703,,,,,,,,,,,,,,,,,,,
lcbench_167185,lcbench,TPE_HB,16,200,1357,-96.88664245605469,-96.88664245605469,96.88664245605469,,True,6.835130300001765,0.4768202999912319,6.841553099999146,10415.0,6.358310000010533,96.88664245605469,,,,,,,,,,,,,,,,,,,
lcbench_167185,lcbench,TPE_HB,17,200,1731,-97.58769226074219,-97.58769226074219,97.58769226074219,,True,19.764308599995275,0.8215370000107214,19.774755200000072,10400.0,18.942771599984553,97.58769226074219,,,,,,,,,,,,,,,,,,,
lcbench_167185,lcbench,TPE_HB,18,200,1377,-96.90955352783203,-96.90955352783203,96.90955352783203,,True,12.24200999999448,0.6255325999227352,12.24777009999525,10400.0,11.616477400071744,96.90955352783203,,,,,,,,,,,,,,,,,,,
lcbench_167185,lcbench,TPE_HB,19,200,1759,-97.6219482421875,-97.6219482421875,97.6219482421875,,True,24.530014600000868,0.910116999904858,24.538518499997735,10400.0,23.61989760009601,97.6219482421875,,,,,,,,,,,,,,,,,,,
lcbench_168329,lcbench,CMAES,0,200,200,-38.24235916137695,-38.24235916137695,38.24235916137695,,True,0.22030459999950835,0.037635599976056255,56.70306569999957,10400.0,0.1826690000234521,38.24235916137695,,,,,,,,,,,,,,,,,,,
lcbench_168329,lcbench,CMAES,1,200,200,-35.223724365234375,-35.223724365234375,35.223724365234375,,True,0.2563970000046538,0.04621089998545358,54.820291399999405,10400.0,0.21018610001920024,35.223724365234375,,,,,,,,,,,,,,,,,,,
lcbench_168329,lcbench,CMAES,2,200,200,-41.50321578979492,-41.50321578979492,41.50321578979492,,True,0.32641590000275755,0.05821120004111435,54.940372600001865,10400.0,0.2682046999616432,41.50321578979492,,,,,,,,,,,,,,,,,,,
lcbench_168329,lcbench,CMAES,3,200,200,-33.0296630859375,-33.0296630859375,33.0296630859375,,True,0.32366259999980684,0.061271499973372556,54.47859769999923,10400.0,0.2623911000264343,33.0296630859375,,,,,,,,,,,,,,,,,,,
lcbench_168329,lcbench,CMAES,4,200,200,-33.30408477783203,-33.30408477783203,33.30408477783203,,True,0.32465550000051735,0.07605909997073468,14.152229100000113,10400.0,0.24859640002978267,33.30408477783203,,,,,,,,,,,,,,,,,,,
lcbench_168329,lcbench,CMAES,5,200,200,-32.60471725463867,-32.60471725463867,32.60471725463867,,True,0.3942918000029749,0.08349180001096101,53.50134919999982,10400.0,0.3107999999920139,32.60471725463867,,,,,,,,,,,,,,,,,,,
lcbench_168329,lcbench,CMAES,6,200,200,-37.060604095458984,-37.060604095458984,37.060604095458984,,True,0.391825599996082,0.08211769999616081,53.19534140000178,10400.0,0.3097078999999212,37.060604095458984,,,,,,,,,,,,,,,,,,,
lcbench_168329,lcbench,CMAES,7,200,200,-42.99531936645508,-42.99531936645508,42.99531936645508,,True,0.4937854000017978,0.11540870001044823,53.533775299998524,10400.0,0.3783766999913496,42.99531936645508,,,,,,,,,,,,,,,,,,,
lcbench_168329,lcbench,CMAES,8,200,200,-34.219017028808594,-34.219017028808594,34.219017028808594,,True,0.3732888999948045,0.0845304999675136,0.3826297000050545,10400.0,0.2887584000272909,34.219017028808594,,,,,,,,,,,,,,,,,,,
lcbench_168329,lcbench,CMAES,9,200,200,-34.84544372558594,-34.84544372558594,34.84544372558594,,True,0.40394490000471706,0.09140419996401761,0.41331370000261813,10400.0,0.31254070004069945,34.84544372558594,,,,,,,,,,,,,,,,,,,
lcbench_168329,lcbench,CMAES,10,200,200,-39.7171745300293,-39.7171745300293,39.7171745300293,,True,0.2636064999969676,0.05692970006202813,0.27158529999724124,10400.0,0.20667679993493948,39.7171745300293,,,,,,,,,,,,,,,,,,,
lcbench_168329,lcbench,CMAES,11,200,200,-36.974185943603516,-36.974185943603516,36.974185943603516,,True,0.34094579999509733,0.07702990005054744,0.34696529999928316,10400.0,0.2639158999445499,36.974185943603516,,,,,,,,,,,,,,,,,,,
lcbench_168329,lcbench,CMAES,12,200,200,-35.93709182739258,-35.93709182739258,35.93709182739258,,True,0.3984210000053281,0.08617610005603638,0.4047562000050675,10400.0,0.3122448999492917,35.93709182739258,,,,,,,,,,,,,,,,,,,
lcbench_168329,lcbench,CMAES,13,200,200,-35.7340202331543,-35.7340202331543,35.7340202331543,,True,0.4812138999986928,0.11379280003893655,53.295445100004144,10400.0,0.36742109995975625,35.7340202331543,,,,,,,,,,,,,,,,,,,
lcbench_168329,lcbench,CMAES,14,200,200,-32.99924850463867,-32.99924850463867,32.99924850463867,,True,0.33277959999395534,0.06528249999973923,0.3428372999987914,10400.0,0.2674970999942161,32.99924850463867,,,,,,,,,,,,,,,,,,,
lcbench_168329,lcbench,CMAES,15,200,200,-33.277034759521484,-33.277034759521484,33.277034759521484,,True,0.36311120000027586,0.07809279998764396,0.3693134999994072,10400.0,0.2850184000126319,33.277034759521484,,,,,,,,,,,,,,,,,,,
lcbench_168329,lcbench,CMAES,16,200,200,-42.56709289550781,-42.56709289550781,42.56709289550781,,True,0.35004090000438737,0.06275399999140063,0.3578496000045561,10400.0,0.28728690001298673,42.56709289550781,,,,,,,,,,,,,,,,,,,
lcbench_168329,lcbench,CMAES,17,200,200,-32.60471725463867,-32.60471725463867,32.60471725463867,,True,0.35502940000151284,0.06525459992553806,0.36141700000007404,10400.0,0.2897748000759748,32.60471725463867,,,,,,,,,,,,,,,,,,,
lcbench_168329,lcbench,CMAES,18,200,200,-33.77162170410156,-33.77162170410156,33.77162170410156,,True,0.3560626000034972,0.06331239998689853,0.3616443999999319,10400.0,0.2927502000165987,33.77162170410156,,,,,,,,,,,,,,,,,,,
lcbench_168329,lcbench,CMAES,19,200,200,-41.112274169921875,-41.112274169921875,41.112274169921875,,True,0.37516060000052676,0.07074159995681839,0.383986000000732,10400.0,0.30441900004370837,41.112274169921875,,,,,,,,,,,,,,,,,,,
lcbench_168329,lcbench,FMP,0,200,200,-44.297821044921875,-44.297821044921875,44.297821044921875,,True,0.655109800005448,0.06394730004831217,0.6639293999905931,10400.0,0.5911624999571359,44.297821044921875,200.0,-44.297821044921875,0.5104166666666666,0.0,0.0,0.0,36.0,0.6549451000028057,0.07246849991497584,0.5824766000878299,0.546875,0.5238095238095238,0.453125,0.4942528735632184,0.0,,"{""T_mcmc"": 0.05021528037835243, ""burnin_fraction"": 0.21939164151847443, ""bw_prior_strength"": 89.80956876532602, ""decoder"": ""soft"", ""emission_mu"": [-0.00946430696609267, 0.0946430696609267, 0.014196460449139003], ""emission_sigma"": [0.05678584179655601, 0.23660767415231673, 0.01892861393218534], ""explore_subsample"": false, ""hmm_window"": 12, ""kde_tau"": 0.006205167444665816, ""n_chains"": 1, ""n_init"": 8, ""orchestrate_every"": 5, ""p_dream"": 0.0, ""rejection_streak"": 24, ""seed"": 0, ""sigma_fraction"": 0.022095999012449814, ""wide_sigma_fraction"": 0.3008503702038378}",,
lcbench_168329,lcbench,FMP,1,200,200,-46.23267364501953,-46.23267364501953,46.23267364501953,,True,0.5839208999968832,0.05974840004637372,0.5915321000065887,10400.0,0.5241724999505095,46.23267364501953,200.0,-46.23267364501953,0.4375,0.0,0.0,0.0,36.0,0.5837589000002481,0.06779489996552002,0.5159640000347281,0.4635416666666667,0.5168539325842697,0.5364583333333334,0.36893203883495146,0.0,,"{""T_mcmc"": 0.05021528037835243, ""burnin_fraction"": 0.21939164151847443, ""bw_prior_strength"": 89.80956876532602, ""decoder"": ""soft"", ""emission_mu"": [-0.00946430696609267, 0.0946430696609267, 0.014196460449139003], ""emission_sigma"": [0.05678584179655601, 0.23660767415231673, 0.01892861393218534], ""explore_subsample"": false, ""hmm_window"": 12, ""kde_tau"": 0.006205167444665816, ""n_chains"": 1, ""n_init"": 8, ""orchestrate_every"": 5, ""p_dream"": 0.0, ""rejection_streak"": 24, ""seed"": 1, ""sigma_fraction"": 0.022095999012449814, ""wide_sigma_fraction"": 0.3008503702038378}",,
lcbench_168329,lcbench,FMP,2,200,200,-45.48796081542969,-45.48796081542969,45.48796081542969,,True,0.5173926999996183,0.04969880005228333,0.5237850999983493,10400.0,0.467693899947335,45.48796081542969,200.0,-45.48796081542969,0.4895833333333333,0.0,0.0,0.0,36.0,0.5172492999990936,0.05689120008901227,0.46035809991008136,0.5104166666666666,0.5714285714285714,0.4895833333333333,0.40425531914893614,0.0,,"{""T_mcmc"": 0.05021528037835243, ""burnin_fraction"": 0.21939164151847443, ""bw_prior_strength"": 89.80956876532602, ""decoder"": ""soft"", ""emission_mu"": [-0.00946430696609267, 0.0946430696609267, 0.014196460449139003], ""emission_sigma"": [0.05678584179655601, 0.23660767415231673, 0.01892861393218534], ""explore_subsample"": false, ""hmm_window"": 12, ""kde_tau"": 0.006205167444665816, ""n_chains"": 1, ""n_init"": 8, ""orchestrate_every"": 5, ""p_dream"": 0.0, ""rejection_streak"": 24, ""seed"": 2, ""sigma_fraction"": 0.022095999012449814, ""wide_sigma_fraction"": 0.3008503702038378}",,
lcbench_168329,lcbench,FMP,3,200,200,-41.5346565246582,-41.5346565246582,41.5346565246582,,True,0.5996808999916539,0.05910709977615625,0.6083880999940448,10400.0,0.5405738002154976,41.5346565246582,200.0,-41.5346565246582,0.46875,0.0,0.0,0.0,36.0,0.5995035999949323,0.06741840003815014,0.5320851999567822,0.484375,0.45161290322580644,0.515625,0.48484848484848486,0.0,,"{""T_mcmc"": 0.05021528037835243, ""burnin_fraction"": 0.21939164151847443, ""bw_prior_strength"": 89.80956876532602, ""decoder"": ""soft"", ""emission_mu"": [-0.00946430696609267, 0.0946430696609267, 0.014196460449139003], ""emission_sigma"": [0.05678584179655601, 0.23660767415231673, 0.01892861393218534], ""explore_subsample"": false, ""hmm_window"": 12, ""kde_tau"": 0.006205167444665816, ""n_chains"": 1, ""n_init"": 8, ""orchestrate_every"": 5, ""p_dream"": 0.0, ""rejection_streak"": 24, ""seed"": 3, ""sigma_fraction"": 0.022095999012449814, ""wide_sigma_fraction"": 0.3008503702038378}",,
lcbench_168329,lcbench,FMP,4,200,200,-41.96289825439453,-41.96289825439453,41.96289825439453,,True,0.5194849999970756,0.050872899970272556,0.52699389999907,10400.0,0.4686121000268031,41.96289825439453,200.0,-41.96289825439453,0.4895833333333333,0.0,0.0,0.0,36.0,0.5193303999985801,0.05842139999731444,0.46090900000126567,0.5677083333333334,0.47706422018348627,0.4322916666666667,0.5060240963855421,0.0,,"{""T_mcmc"": 0.05021528037835243, ""burnin_fraction"": 0.21939164151847443, ""bw_prior_strength"": 89.80956876532602, ""decoder"": ""soft"", ""emission_mu"": [-0.00946430696609267, 0.0946430696609267, 0.014196460449139003], ""emission_sigma"": [0.05678584179655601, 0.23660767415231673, 0.01892861393218534], ""explore_subsample"": false, ""hmm_window"": 12, ""kde_tau"": 0.006205167444665816, ""n_chains"": 1, ""n_init"": 8, ""orchestrate_every"": 5, ""p_dream"": 0.0, ""rejection_streak"": 24, ""seed"": 4, ""sigma_fraction"": 0.022095999012449814, ""wide_sigma_fraction"": 0.3008503702038378}",,
lcbench_168329,lcbench,FMP,5,200,200,-39.724369049072266,-39.724369049072266,39.724369049072266,,True,0.6206340000062482,0.06276339989562985,0.6284608999994816,10400.0,0.5578706001106184,39.724369049072266,200.0,-39.724369049072266,0.4635416666666667,0.0,0.0,0.0,36.0,0.6204894999973476,0.07128010006272234,0.5492093999346253,0.4739583333333333,0.4725274725274725,0.5260416666666666,0.45544554455445546,0.0,,"{""T_mcmc"": 0.05021528037835243, ""burnin_fraction"": 0.21939164151847443, ""bw_prior_strength"": 89.80956876532602, ""decoder"": ""soft"", ""emission_mu"": [-0.00946430696609267, 0.0946430696609267, 0.014196460449139003], ""emission_sigma"": [0.05678584179655601, 0.23660767415231673, 0.01892861393218534], ""explore_subsample"": false, ""hmm_window"": 12, ""kde_tau"": 0.006205167444665816, ""n_chains"": 1, ""n_init"": 8, ""orchestrate_every"": 5, ""p_dream"": 0.0, ""rejection_streak"": 24, ""seed"": 5, ""sigma_fraction"": 0.022095999012449814, ""wide_sigma_fraction"": 0.3008503702038378}",,
lcbench_168329,lcbench,FMP,6,200,200,-45.92261505126953,-45.92261505126953,45.92261505126953,,True,0.5167860000074143,0.05352270000730641,0.5250707999948645,10400.0,0.46326330000010785,45.92261505126953,200.0,-45.92261505126953,0.40625,0.0,0.0,0.0,36.0,0.516628799989121,0.06094959993788507,0.45567920005123597,0.5104166666666666,0.5,0.4895833333333333,0.30851063829787234,0.0,,"{""T_mcmc"": 0.05021528037835243, ""burnin_fraction"": 0.21939164151847443, ""bw_prior_strength"": 89.80956876532602, ""decoder"": ""soft"", ""emission_mu"": [-0.00946430696609267, 0.0946430696609267, 0.014196460449139003], ""emission_sigma"": [0.05678584179655601, 0.23660767415231673, 0.01892861393218534], ""explore_subsample"": false, ""hmm_window"": 12, ""kde_tau"": 0.006205167444665816, ""n_chains"": 1, ""n_init"": 8, ""orchestrate_every"": 5, ""p_dream"": 0.0, ""rejection_streak"": 24, ""seed"": 6, ""sigma_fraction"": 0.022095999012449814, ""wide_sigma_fraction"": 0.3008503702038378}",,
lcbench_168329,lcbench,FMP,7,200,200,-36.28450012207031,-36.28450012207031,36.28450012207031,,True,0.744811500000651,0.07160250001470558,0.7526081999967573,10400.0,0.6732089999859454,36.28450012207031,200.0,-36.28450012207031,0.5208333333333334,0.0,0.0,0.0,36.0,0.74464399999124,0.08125920011661947,0.6633847998746205,0.5989583333333334,0.5478260869565217,0.4010416666666667,0.4805194805194805,0.0,,"{""T_mcmc"": 0.05021528037835243, ""burnin_fraction"": 0.21939164151847443, ""bw_prior_strength"": 89.80956876532602, ""decoder"": ""soft"", ""emission_mu"": [-0.00946430696609267, 0.0946430696609267, 0.014196460449139003], ""emission_sigma"": [0.05678584179655601, 0.23660767415231673, 0.01892861393218534], ""explore_subsample"": false, ""hmm_window"": 12, ""kde_tau"": 0.006205167444665816, ""n_chains"": 1, ""n_init"": 8, ""orchestrate_every"": 5, ""p_dream"": 0.0, ""rejection_streak"": 24, ""seed"": 7, ""sigma_fraction"": 0.022095999012449814, ""wide_sigma_fraction"": 0.3008503702038378}",,
lcbench_168329,lcbench,FMP,8,200,200,-34.43206024169922,-34.43206024169922,34.43206024169922,,True,0.7391246000042884,0.07359279997763224,0.7473708000034094,10400.0,0.6655318000266561,34.43206024169922,200.0,-34.43206024169922,0.5208333333333334,0.0,0.0,0.0,36.0,0.7389651999983471,0.08348399991518818,0.6554812000831589,0.5625,0.5740740740740741,0.4375,0.4523809523809524,0.0,,"{""T_mcmc"": 0.05021528037835243, ""burnin_fraction"": 0.21939164151847443, ""bw_prior_strength"": 89.80956876532602, ""decoder"": ""soft"", ""emission_mu"": [-0.00946430696609267, 0.0946430696609267, 0.014196460449139003], ""emission_sigma"": [0.05678584179655601, 0.23660767415231673, 0.01892861393218534], ""explore_subsample"": false, ""hmm_window"": 12, ""kde_tau"": 0.006205167444665816, ""n_chains"": 1, ""n_init"": 8, ""orchestrate_every"": 5, ""p_dream"": 0.0, ""rejection_streak"": 24, ""seed"": 8, ""sigma_fraction"": 0.022095999012449814, ""wide_sigma_fraction"": 0.3008503702038378}",,
lcbench_168329,lcbench,FMP,9,200,200,-45.4517936706543,-45.4517936706543,45.4517936706543,,True,0.7954348999919603,0.07416129999910481,0.8063377999933437,10400.0,0.7212735999928555,45.4517936706543,200.0,-45.4517936706543,0.5052083333333334,0.0,0.0,0.0,36.0,0.7952273999981117,0.08511689997976646,0.7101105000183452,0.5625,0.5370370370370371,0.4375,0.4642857142857143,0.0,,"{""T_mcmc"": 0.05021528037835243, ""burnin_fraction"": 0.21939164151847443, ""bw_prior_strength"": 89.80956876532602, ""decoder"": ""soft"", ""emission_mu"": [-0.00946430696609267, 0.0946430696609267, 0.014196460449139003], ""emission_sigma"": [0.05678584179655601, 0.23660767415231673, 0.01892861393218534], ""explore_subsample"": false, ""hmm_window"": 12, ""kde_tau"": 0.006205167444665816, ""n_chains"": 1, ""n_init"": 8, ""orchestrate_every"": 5, ""p_dream"": 0.0, ""rejection_streak"": 24, ""seed"": 9, ""sigma_fraction"": 0.022095999012449814, ""wide_sigma_fraction"": 0.3008503702038378}",,
lcbench_168329,lcbench,FMP,10,200,200,-46.014678955078125,-46.014678955078125,46.014678955078125,,True,0.9065868999896338,0.08004130008339416,0.9144069000030868,10400.0,0.8265455999062397,46.014678955078125,200.0,-46.014678955078125,0.5104166666666666,0.0,0.0,0.0,36.0,0.9064097000082256,0.09161560003121849,0.8147940999770071,0.5208333333333334,0.48,0.4791666666666667,0.5434782608695652,0.0,,"{""T_mcmc"": 0.05021528037835243, ""burnin_fraction"": 0.21939164151847443, ""bw_prior_strength"": 89.80956876532602, ""decoder"": ""soft"", ""emission_mu"": [-0.00946430696609267, 0.0946430696609267, 0.014196460449139003], ""emission_sigma"": [0.05678584179655601, 0.23660767415231673, 0.01892861393218534], ""explore_subsample"": false, ""hmm_window"": 12, ""kde_tau"": 0.006205167444665816, ""n_chains"": 1, ""n_init"": 8, ""orchestrate_every"": 5, ""p_dream"": 0.0, ""rejection_streak"": 24, ""seed"": 10, ""sigma_fraction"": 0.022095999012449814, ""wide_sigma_fraction"": 0.3008503702038378}",,
lcbench_168329,lcbench,FMP,11,200,200,-52.854087829589844,-52.854087829589844,52.854087829589844,,True,0.75985670000955,0.07256709995272104,0.7686355000041658,10400.0,0.6872896000568289,52.854087829589844,200.0,-52.854087829589844,0.421875,0.0,0.0,0.0,36.0,0.7596526999986963,0.08283310009574052,0.6768195999029558,0.4479166666666667,0.46511627906976744,0.5520833333333334,0.3867924528301887,0.0,,"{""T_mcmc"": 0.05021528037835243, ""burnin_fraction"": 0.21939164151847443, ""bw_prior_strength"": 89.80956876532602, ""decoder"": ""soft"", ""emission_mu"": [-0.00946430696609267, 0.0946430696609267, 0.014196460449139003], ""emission_sigma"": [0.05678584179655601, 0.23660767415231673, 0.01892861393218534], ""explore_subsample"": false, ""hmm_window"": 12, ""kde_tau"": 0.006205167444665816, ""n_chains"": 1, ""n_init"": 8, ""orchestrate_every"": 5, ""p_dream"": 0.0, ""rejection_streak"": 24, ""seed"": 11, ""sigma_fraction"": 0.022095999012449814, ""wide_sigma_fraction"": 0.3008503702038378}",,
lcbench_168329,lcbench,FMP,12,200,200,-38.631202697753906,-38.631202697753906,38.631202697753906,,True,0.8464586999907624,0.08339909996720962,0.8531372999859741,10400.0,0.7630596000235528,38.631202697753906,200.0,-38.631202697753906,0.4114583333333333,0.0,0.0,0.0,36.0,0.8463203000137582,0.09438019998196978,0.7519401000317885,0.46875,0.45555555555555555,0.53125,0.37254901960784315,0.0,,"{""T_mcmc"": 0.05021528037835243, ""burnin_fraction"": 0.21939164151847443, ""bw_prior_strength"": 89.80956876532602, ""decoder"": ""soft"", ""emission_mu"": [-0.00946430696609267, 0.0946430696609267, 0.014196460449139003], ""emission_sigma"": [0.05678584179655601, 0.23660767415231673, 0.01892861393218534], ""explore_subsample"": false, ""hmm_window"": 12, ""kde_tau"": 0.006205167444665816, ""n_chains"": 1, ""n_init"": 8, ""orchestrate_every"": 5, ""p_dream"": 0.0, ""rejection_streak"": 24, ""seed"": 12, ""sigma_fraction"": 0.022095999012449814, ""wide_sigma_fraction"": 0.3008503702038378}",,
lcbench_168329,lcbench,FMP,13,200,200,-46.868656158447266,-46.868656158447266,46.868656158447266,,True,0.8686472000117647,0.08446180004102644,0.8772899000032339,10400.0,0.7841853999707382,46.868656158447266,200.0,-46.868656158447266,0.484375,0.0,0.0,0.0,36.0,0.8684676999982912,0.09642269997857511,0.7720450000197161,0.5208333333333334,0.5,0.4791666666666667,0.4673913043478261,0.0,,"{""T_mcmc"": 0.05021528037835243, ""burnin_fraction"": 0.21939164151847443, ""bw_prior_strength"": 89.80956876532602, ""decoder"": ""soft"", ""emission_mu"": [-0.00946430696609267, 0.0946430696609267, 0.014196460449139003], ""emission_sigma"": [0.05678584179655601, 0.23660767415231673, 0.01892861393218534], ""explore_subsample"": false, ""hmm_window"": 12, ""kde_tau"": 0.006205167444665816, ""n_chains"": 1, ""n_init"": 8, ""orchestrate_every"": 5, ""p_dream"": 0.0, ""rejection_streak"": 24, ""seed"": 13, ""sigma_fraction"": 0.022095999012449814, ""wide_sigma_fraction"": 0.3008503702038378}",,
lcbench_168329,lcbench,FMP,14,200,200,-47.0350456237793,-47.0350456237793,47.0350456237793,,True,0.7881086999987019,0.07762060008826666,0.7969152000005124,10400.0,0.7104880999104353,47.0350456237793,200.0,-47.0350456237793,0.5416666666666666,0.0,0.0,0.0,36.0,0.7879402999969898,0.08866179986216594,0.6992785001348238,0.5729166666666666,0.5818181818181818,0.4270833333333333,0.4878048780487805,0.0,,"{""T_mcmc"": 0.05021528037835243, ""burnin_fraction"": 0.21939164151847443, ""bw_prior_strength"": 89.80956876532602, ""decoder"": ""soft"", ""emission_mu"": [-0.00946430696609267, 0.0946430696609267, 0.014196460449139003], ""emission_sigma"": [0.05678584179655601, 0.23660767415231673, 0.01892861393218534], ""explore_subsample"": false, ""hmm_window"": 12, ""kde_tau"": 0.006205167444665816, ""n_chains"": 1, ""n_init"": 8, ""orchestrate_every"": 5, ""p_dream"": 0.0, ""rejection_streak"": 24, ""seed"": 14, ""sigma_fraction"": 0.022095999012449814, ""wide_sigma_fraction"": 0.3008503702038378}",,
lcbench_168329,lcbench,FMP,15,200,200,-45.49542236328125,-45.49542236328125,45.49542236328125,,True,0.7848593999951845,0.07366070002899505,0.7961932999896817,10400.0,0.7111986999661895,45.49542236328125,200.0,-45.49542236328125,0.4635416666666667,0.0,0.0,0.0,36.0,0.7846042000019224,0.08430679996672552,0.7002974000351969,0.5260416666666666,0.4752475247524752,0.4739583333333333,0.45054945054945056,0.0,,"{""T_mcmc"": 0.05021528037835243, ""burnin_fraction"": 0.21939164151847443, ""bw_prior_strength"": 89.80956876532602, ""decoder"": ""soft"", ""emission_mu"": [-0.00946430696609267, 0.0946430696609267, 0.014196460449139003], ""emission_sigma"": [0.05678584179655601, 0.23660767415231673, 0.01892861393218534], ""explore_subsample"": false, ""hmm_window"": 12, ""kde_tau"": 0.006205167444665816, ""n_chains"": 1, ""n_init"": 8, ""orchestrate_every"": 5, ""p_dream"": 0.0, ""rejection_streak"": 24, ""seed"": 15, ""sigma_fraction"": 0.022095999012449814, ""wide_sigma_fraction"": 0.3008503702038378}",,
lcbench_168329,lcbench,FMP,16,200,200,-28.76374053955078,-28.76374053955078,28.76374053955078,,True,0.8018654999905266,0.07414369995240122,0.8104542000073707,10400.0,0.7277218000381254,28.76374053955078,200.0,-28.76374053955078,0.5572916666666666,0.0,0.0,0.0,36.0,0.8016396000020904,0.08493510012340266,0.7167044998786878,0.671875,0.5813953488372093,0.328125,0.5079365079365079,0.0,,"{""T_mcmc"": 0.05021528037835243, ""burnin_fraction"": 0.21939164151847443, ""bw_prior_strength"": 89.80956876532602, ""decoder"": ""soft"", ""emission_mu"": [-0.00946430696609267, 0.0946430696609267, 0.014196460449139003], ""emission_sigma"": [0.05678584179655601, 0.23660767415231673, 0.01892861393218534], ""explore_subsample"": false, ""hmm_window"": 12, ""kde_tau"": 0.006205167444665816, ""n_chains"": 1, ""n_init"": 8, ""orchestrate_every"": 5, ""p_dream"": 0.0, ""rejection_streak"": 24, ""seed"": 16, ""sigma_fraction"": 0.022095999012449814, ""wide_sigma_fraction"": 0.3008503702038378}",,
lcbench_168329,lcbench,FMP,17,200,200,-45.86737823486328,-45.86737823486328,45.86737823486328,,True,0.7691964999976335,0.07602630023029633,0.7827900999982376,10400.0,0.6931701997673372,45.86737823486328,200.0,-45.86737823486328,0.4895833333333333,0.0,0.0,0.0,36.0,0.7690068000083556,0.08700259996112436,0.6820042000472313,0.53125,0.5392156862745098,0.46875,0.43333333333333335,0.0,,"{""T_mcmc"": 0.05021528037835243, ""burnin_fraction"": 0.21939164151847443, ""bw_prior_strength"": 89.80956876532602, ""decoder"": ""soft"", ""emission_mu"": [-0.00946430696609267, 0.0946430696609267, 0.014196460449139003], ""emission_sigma"": [0.05678584179655601, 0.23660767415231673, 0.01892861393218534], ""explore_subsample"": false, ""hmm_window"": 12, ""kde_tau"": 0.006205167444665816, ""n_chains"": 1, ""n_init"": 8, ""orchestrate_every"": 5, ""p_dream"": 0.0, ""rejection_streak"": 24, ""seed"": 17, ""sigma_fraction"": 0.022095999012449814, ""wide_sigma_fraction"": 0.3008503702038378}",,
lcbench_168329,lcbench,FMP,18,200,200,-40.293182373046875,-40.293182373046875,40.293182373046875,,True,0.8813117999961833,0.08695300012186635,0.8909664000093471,10400.0,0.7943587998743169,40.293182373046875,200.0,-40.293182373046875,0.5052083333333334,0.0,0.0,0.0,36.0,0.8811271999875316,0.09853480006859172,0.7825923999189399,0.4895833333333333,0.5531914893617021,0.5104166666666666,0.45918367346938777,0.0,,"{""T_mcmc"": 0.05021528037835243, ""burnin_fraction"": 0.21939164151847443, ""bw_prior_strength"": 89.80956876532602, ""decoder"": ""soft"", ""emission_mu"": [-0.00946430696609267, 0.0946430696609267, 0.014196460449139003], ""emission_sigma"": [0.05678584179655601, 0.23660767415231673, 0.01892861393218534], ""explore_subsample"": false, ""hmm_window"": 12, ""kde_tau"": 0.006205167444665816, ""n_chains"": 1, ""n_init"": 8, ""orchestrate_every"": 5, ""p_dream"": 0.0, ""rejection_streak"": 24, ""seed"": 18, ""sigma_fraction"": 0.022095999012449814, ""wide_sigma_fraction"": 0.3008503702038378}",,
lcbench_168329,lcbench,FMP,19,200,200,-42.75334167480469,-42.75334167480469,42.75334167480469,,True,0.9412684999988414,0.09483120006916579,0.9485977000003913,10400.0,0.8464372999296756,42.75334167480469,200.0,-42.75334167480469,0.5208333333333334,0.0,0.0,0.0,36.0,0.9411188000085531,0.1074941000842955,0.8336246999242576,0.5729166666666666,0.5454545454545454,0.4270833333333333,0.4878048780487805,0.0,,"{""T_mcmc"": 0.05021528037835243, ""burnin_fraction"": 0.21939164151847443, ""bw_prior_strength"": 89.80956876532602, ""decoder"": ""soft"", ""emission_mu"": [-0.00946430696609267, 0.0946430696609267, 0.014196460449139003], ""emission_sigma"": [0.05678584179655601, 0.23660767415231673, 0.01892861393218534], ""explore_subsample"": false, ""hmm_window"": 12, ""kde_tau"": 0.006205167444665816, ""n_chains"": 1, ""n_init"": 8, ""orchestrate_every"": 5, ""p_dream"": 0.0, ""rejection_streak"": 24, ""seed"": 19, ""sigma_fraction"": 0.022095999012449814, ""wide_sigma_fraction"": 0.3008503702038378}",,
lcbench_168329,lcbench,FMP_DREAM,0,200,200,-45.41444396972656,-45.41444396972656,45.41444396972656,,True,0.612846999996691,0.07782299991231412,0.6228694000019459,10400.0,0.5350240000843769,45.41444396972656,200.0,-45.41444396972656,0.22916666666666666,0.7760416666666666,0.0,0.0,36.0,0.6126687999931164,0.08926670007349458,0.5234020999196218,0.2708333333333333,0.21153846153846154,0.7291666666666666,0.2357142857142857,0.0,,"{""T_mcmc"": 0.05021528037835243, ""burnin_fraction"": 0.21939164151847443, ""bw_prior_strength"": 89.80956876532602, ""decoder"": ""soft"", ""emission_mu"": [-0.00946430696609267, 0.0946430696609267, 0.014196460449139003], ""emission_sigma"": [0.05678584179655601, 0.23660767415231673, 0.01892861393218534], ""explore_subsample"": false, ""hmm_window"": 12, ""kde_tau"": 0.006205167444665816, ""n_chains"": 1, ""n_init"": 8, ""orchestrate_every"": 5, ""p_dream"": 0.7412354684077219, ""rejection_streak"": 24, ""seed"": 0, ""sigma_fraction"": 0.022095999012449814, ""wide_sigma_fraction"": 0.3008503702038378}",,
lcbench_168329,lcbench,FMP_DREAM,1,200,200,-44.88517761230469,-44.88517761230469,44.88517761230469,,True,0.5857606000063242,0.06476689988630824,0.5938330999924801,10400.0,0.520993700120016,44.88517761230469,200.0,-44.88517761230469,0.19270833333333334,0.7291666666666666,0.0,0.0,36.0,0.5856003000080818,0.07477569994807709,0.5108246000600047,0.25,0.08333333333333333,0.75,0.22916666666666666,0.0,,"{""T_mcmc"": 0.05021528037835243, ""burnin_fraction"": 0.21939164151847443, ""bw_prior_strength"": 89.80956876532602, ""decoder"": ""soft"", ""emission_mu"": [-0.00946430696609267, 0.0946430696609267, 0.014196460449139003], ""emission_sigma"": [0.05678584179655601, 0.23660767415231673, 0.01892861393218534], ""explore_subsample"": false, ""hmm_window"": 12, ""kde_tau"": 0.006205167444665816, ""n_chains"": 1, ""n_init"": 8, ""orchestrate_every"": 5, ""p_dream"": 0.7412354684077219, ""rejection_streak"": 24, ""seed"": 1, ""sigma_fraction"": 0.022095999012449814, ""wide_sigma_fraction"": 0.3008503702038378}",,
lcbench_168329,lcbench,FMP_DREAM,2,200,200,-49.74879455566406,-49.74879455566406,49.74879455566406,,True,0.5679524000006495,0.06647030003659893,0.5765159000002313,10400.0,0.5014820999640506,49.74879455566406,200.0,-49.74879455566406,0.22395833333333334,0.8229166666666666,0.0,0.0,36.0,0.5678184999997029,0.07756940000399482,0.4902490999957081,0.3958333333333333,0.18421052631578946,0.6041666666666666,0.25,0.0,,"{""T_mcmc"": 0.05021528037835243, ""burnin_fraction"": 0.21939164151847443, ""bw_prior_strength"": 89.80956876532602, ""decoder"": ""soft"", ""emission_mu"": [-0.00946430696609267, 0.0946430696609267, 0.014196460449139003], ""emission_sigma"": [0.05678584179655601, 0.23660767415231673, 0.01892861393218534], ""explore_subsample"": false, ""hmm_window"": 12, ""kde_tau"": 0.006205167444665816, ""n_chains"": 1, ""n_init"": 8, ""orchestrate_every"": 5, ""p_dream"": 0.7412354684077219, ""rejection_streak"": 24, ""seed"": 2, ""sigma_fraction"": 0.022095999012449814, ""wide_sigma_fraction"": 0.3008503702038378}",,
lcbench_168329,lcbench,FMP_DREAM,3,200,200,-46.85945129394531,-46.85945129394531,46.85945129394531,,True,0.5958251999982167,0.06600860002799891,0.6045549999980722,10400.0,0.5298165999702178,46.85945129394531,200.0,-46.85945129394531,0.15625,0.7604166666666666,0.0,0.0,36.0,0.595663499989314,0.07691149995662272,0.5187520000326913,0.3645833333333333,0.12857142857142856,0.6354166666666666,0.1721311475409836,0.0,,"{""T_mcmc"": 0.05021528037835243, ""burnin_fraction"": 0.21939164151847443, ""bw_prior_strength"": 89.80956876532602, ""decoder"": ""soft"", ""emission_mu"": [-0.00946430696609267, 0.0946430696609267, 0.014196460449139003], ""emission_sigma"": [0.05678584179655601, 0.23660767415231673, 0.01892861393218534], ""explore_subsample"": false, ""hmm_window"": 12, ""kde_tau"": 0.006205167444665816, ""n_chains"": 1, ""n_init"": 8, ""orchestrate_every"": 5, ""p_dream"": 0.7412354684077219, ""rejection_streak"": 24, ""seed"": 3, ""sigma_fraction"": 0.022095999012449814, ""wide_sigma_fraction"": 0.3008503702038378}",,
lcbench_168329,lcbench,FMP_DREAM,4,200,200,-37.19416046142578,-37.19416046142578,37.19416046142578,,True,0.6337488999997731,0.07493719999911264,0.6431521000049543,10400.0,0.5588117000006605,37.19416046142578,200.0,-37.19416046142578,0.22395833333333334,0.7239583333333334,0.0,0.0,36.0,0.6335718000045745,0.08614339989435393,0.5474284001102205,0.3177083333333333,0.18032786885245902,0.6822916666666666,0.24427480916030533,0.0,,"{""T_mcmc"": 0.05021528037835243, ""burnin_fraction"": 0.21939164151847443, ""bw_prior_strength"": 89.80956876532602, ""decoder"": ""soft"", ""emission_mu"": [-0.00946430696609267, 0.0946430696609267, 0.014196460449139003], ""emission_sigma"": [0.05678584179655601, 0.23660767415231673, 0.01892861393218534], ""explore_subsample"": false, ""hmm_window"": 12, ""kde_tau"": 0.006205167444665816, ""n_chains"": 1, ""n_init"": 8, ""orchestrate_every"": 5, ""p_dream"": 0.7412354684077219, ""rejection_streak"": 24, ""seed"": 4, ""sigma_fraction"": 0.022095999012449814, ""wide_sigma_fraction"": 0.3008503702038378}",,
lcbench_168329,lcbench,FMP_DREAM,5,200,200,-45.70939254760742,-45.70939254760742,45.70939254760742,,True,0.5890938999946229,0.0665469999803463,0.5990863000042737,10400.0,0.5225469000142766,45.70939254760742,200.0,-45.70939254760742,0.15104166666666666,0.7552083333333334,0.0,0.0,36.0,0.5889407999929972,0.07702339995012153,0.5119174000428757,0.203125,0.15384615384615385,0.796875,0.1503267973856209,0.0,,"{""T_mcmc"": 0.05021528037835243, ""burnin_fraction"": 0.21939164151847443, ""bw_prior_strength"": 89.80956876532602, ""decoder"": ""soft"", ""emission_mu"": [-0.00946430696609267, 0.0946430696609267, 0.014196460449139003], ""emission_sigma"": [0.05678584179655601, 0.23660767415231673, 0.01892861393218534], ""explore_subsample"": false, ""hmm_window"": 12, ""kde_tau"": 0.006205167444665816, ""n_chains"": 1, ""n_init"": 8, ""orchestrate_every"": 5, ""p_dream"": 0.7412354684077219, ""rejection_streak"": 24, ""seed"": 5, ""sigma_fraction"": 0.022095999012449814, ""wide_sigma_fraction"": 0.3008503702038378}",,
lcbench_168329,lcbench,FMP_DREAM,6,200,200,-45.17393112182617,-45.17393112182617,45.17393112182617,,True,0.6027084999950603,0.06401899995398708,0.6133711000002222,10400.0,0.5386895000410732,45.17393112182617,200.0,-45.17393112182617,0.1875,0.765625,0.0,0.0,36.0,0.602520899992669,0.07482169990544207,0.5276992000872269,0.28125,0.12962962962962962,0.71875,0.21014492753623187,0.0,,"{""T_mcmc"": 0.05021528037835243, ""burnin_fraction"": 0.21939164151847443, ""bw_prior_strength"": 89.80956876532602, ""decoder"": ""soft"", ""emission_mu"": [-0.00946430696609267, 0.0946430696609267, 0.014196460449139003], ""emission_sigma"": [0.05678584179655601, 0.23660767415231673, 0.01892861393218534], ""explore_subsample"": false, ""hmm_window"": 12, ""kde_tau"": 0.006205167444665816, ""n_chains"": 1, ""n_init"": 8, ""orchestrate_every"": 5, ""p_dream"": 0.7412354684077219, ""rejection_streak"": 24, ""seed"": 6, ""sigma_fraction"": 0.022095999012449814, ""wide_sigma_fraction"": 0.3008503702038378}",,
lcbench_168329,lcbench,FMP_DREAM,7,200,200,-38.12510299682617,-38.12510299682617,38.12510299682617,,True,0.6765772999933688,0.07485399984579999,0.6874326999968616,10400.0,0.6017233001475688,38.12510299682617,200.0,-38.12510299682617,0.16666666666666666,0.7604166666666666,0.0,0.0,36.0,0.6763656999974046,0.086656700092135,0.5897089999052696,0.22395833333333334,0.16279069767441862,0.7760416666666666,0.16778523489932887,0.0,,"{""T_mcmc"": 0.05021528037835243, ""burnin_fraction"": 0.21939164151847443, ""bw_prior_strength"": 89.80956876532602, ""decoder"": ""soft"", ""emission_mu"": [-0.00946430696609267, 0.0946430696609267, 0.014196460449139003], ""emission_sigma"": [0.05678584179655601, 0.23660767415231673, 0.01892861393218534], ""explore_subsample"": false, ""hmm_window"": 12, ""kde_tau"": 0.006205167444665816, ""n_chains"": 1, ""n_init"": 8, ""orchestrate_every"": 5, ""p_dream"": 0.7412354684077219, ""rejection_streak"": 24, ""seed"": 7, ""sigma_fraction"": 0.022095999012449814, ""wide_sigma_fraction"": 0.3008503702038378}",,
lcbench_168329,lcbench,FMP_DREAM,8,200,200,-46.658958435058594,-46.658958435058594,46.658958435058594,,True,0.6131793000095058,0.06453560004592873,0.6195126999955392,10400.0,0.5486436999635771,46.658958435058594,200.0,-46.658958435058594,0.18229166666666666,0.7708333333333334,0.0,0.0,36.0,0.6130454999947688,0.07492750004166737,0.5381179999531014,0.2864583333333333,0.2545454545454545,0.703125,0.14814814814814814,0.010416666666666666,0.5,"{""T_mcmc"": 0.05021528037835243, ""burnin_fraction"": 0.21939164151847443, ""bw_prior_strength"": 89.80956876532602, ""decoder"": ""soft"", ""emission_mu"": [-0.00946430696609267, 0.0946430696609267, 0.014196460449139003], ""emission_sigma"": [0.05678584179655601, 0.23660767415231673, 0.01892861393218534], ""explore_subsample"": false, ""hmm_window"": 12, ""kde_tau"": 0.006205167444665816, ""n_chains"": 1, ""n_init"": 8, ""orchestrate_every"": 5, ""p_dream"": 0.7412354684077219, ""rejection_streak"": 24, ""seed"": 8, ""sigma_fraction"": 0.022095999012449814, ""wide_sigma_fraction"": 0.3008503702038378}",,
lcbench_168329,lcbench,FMP_DREAM,9,200,200,-44.24740982055664,-44.24740982055664,44.24740982055664,,True,0.649682400005986,0.06738880001648795,0.6590252000023611,10400.0,0.582293599989498,44.24740982055664,200.0,-44.24740982055664,0.203125,0.7291666666666666,0.0,0.0,36.0,0.6495179000048665,0.07876700001361314,0.5707508999912534,0.2708333333333333,0.11538461538461539,0.7291666666666666,0.2357142857142857,0.0,,"{""T_mcmc"": 0.05021528037835243, ""burnin_fraction"": 0.21939164151847443, ""bw_prior_strength"": 89.80956876532602, ""decoder"": ""soft"", ""emission_mu"": [-0.00946430696609267, 0.0946430696609267, 0.014196460449139003], ""emission_sigma"": [0.05678584179655601, 0.23660767415231673, 0.01892861393218534], ""explore_subsample"": false, ""hmm_window"": 12, ""kde_tau"": 0.006205167444665816, ""n_chains"": 1, ""n_init"": 8, ""orchestrate_every"": 5, ""p_dream"": 0.7412354684077219, ""rejection_streak"": 24, ""seed"": 9, ""sigma_fraction"": 0.022095999012449814, ""wide_sigma_fraction"": 0.3008503702038378}",,
lcbench_168329,lcbench,FMP_DREAM,10,200,200,-40.615013122558594,-40.615013122558594,40.615013122558594,,True,0.6026638000039384,0.0627848999138223,0.6108451999898534,10400.0,0.5398789000901161,40.615013122558594,200.0,-40.615013122558594,0.25,0.7083333333333334,0.0,0.0,36.0,0.6025054999918211,0.0731772000726778,0.5293282999191433,0.3020833333333333,0.2413793103448276,0.6979166666666666,0.2537313432835821,0.0,,"{""T_mcmc"": 0.05021528037835243, ""burnin_fraction"": 0.21939164151847443, ""bw_prior_strength"": 89.80956876532602, ""decoder"": ""soft"", ""emission_mu"": [-0.00946430696609267, 0.0946430696609267, 0.014196460449139003], ""emission_sigma"": [0.05678584179655601, 0.23660767415231673, 0.01892861393218534], ""explore_subsample"": false, ""hmm_window"": 12, ""kde_tau"": 0.006205167444665816, ""n_chains"": 1, ""n_init"": 8, ""orchestrate_every"": 5, ""p_dream"": 0.7412354684077219, ""rejection_streak"": 24, ""seed"": 10, ""sigma_fraction"": 0.022095999012449814, ""wide_sigma_fraction"": 0.3008503702038378}",,
lcbench_168329,lcbench,FMP_DREAM,11,200,200,-37.53281021118164,-37.53281021118164,37.53281021118164,,True,0.5691547000024002,0.06334880014765076,0.5779843000054825,10400.0,0.5058058998547494,37.53281021118164,200.0,-37.53281021118164,0.234375,0.7135416666666666,0.0,0.0,36.0,0.5690180000092369,0.07327160002023447,0.4957463999890024,0.2552083333333333,0.2857142857142857,0.7447916666666666,0.21678321678321677,0.0,,"{""T_mcmc"": 0.05021528037835243, ""burnin_fraction"": 0.21939164151847443, ""bw_prior_strength"": 89.80956876532602, ""decoder"": ""soft"", ""emission_mu"": [-0.00946430696609267, 0.0946430696609267, 0.014196460449139003], ""emission_sigma"": [0.05678584179655601, 0.23660767415231673, 0.01892861393218534], ""explore_subsample"": false, ""hmm_window"": 12, ""kde_tau"": 0.006205167444665816, ""n_chains"": 1, ""n_init"": 8, ""orchestrate_every"": 5, ""p_dream"": 0.7412354684077219, ""rejection_streak"": 24, ""seed"": 11, ""sigma_fraction"": 0.022095999012449814, ""wide_sigma_fraction"": 0.3008503702038378}",,
lcbench_168329,lcbench,FMP_DREAM,12,200,200,-41.119171142578125,-41.119171142578125,41.119171142578125,,True,0.6144838000036543,0.07047000000602566,0.6227990000043064,10400.0,0.5440137999976287,41.119171142578125,200.0,-41.119171142578125,0.16145833333333334,0.7916666666666666,0.0,0.0,36.0,0.6143520999903558,0.08210910008347128,0.5322429999068845,0.2708333333333333,0.1346153846153846,0.7291666666666666,0.17142857142857143,0.0,,"{""T_mcmc"": 0.05021528037835243, ""burnin_fraction"": 0.21939164151847443, ""bw_prior_strength"": 89.80956876532602, ""decoder"": ""soft"", ""emission_mu"": [-0.00946430696609267, 0.0946430696609267, 0.014196460449139003], ""emission_sigma"": [0.05678584179655601, 0.23660767415231673, 0.01892861393218534], ""explore_subsample"": false, ""hmm_window"": 12, ""kde_tau"": 0.006205167444665816, ""n_chains"": 1, ""n_init"": 8, ""orchestrate_every"": 5, ""p_dream"": 0.7412354684077219, ""rejection_streak"": 24, ""seed"": 12, ""sigma_fraction"": 0.022095999012449814, ""wide_sigma_fraction"": 0.3008503702038378}",,
lcbench_168329,lcbench,FMP_DREAM,13,200,200,-35.166664123535156,-35.166664123535156,35.166664123535156,,True,0.6379387999913888,0.07794209996063728,0.646700500001316,10400.0,0.5599967000307515,35.166664123535156,200.0,-35.166664123535156,0.18229166666666666,0.7552083333333334,0.0,0.0,36.0,0.6377734999987297,0.08935290000226814,0.5484205999964615,0.24479166666666666,0.19148936170212766,0.7552083333333334,0.1793103448275862,0.0,,"{""T_mcmc"": 0.05021528037835243, ""burnin_fraction"": 0.21939164151847443, ""bw_prior_strength"": 89.80956876532602, ""decoder"": ""soft"", ""emission_mu"": [-0.00946430696609267, 0.0946430696609267, 0.014196460449139003], ""emission_sigma"": [0.05678584179655601, 0.23660767415231673, 0.01892861393218534], ""explore_subsample"": false, ""hmm_window"": 12, ""kde_tau"": 0.006205167444665816, ""n_chains"": 1, ""n_init"": 8, ""orchestrate_every"": 5, ""p_dream"": 0.7412354684077219, ""rejection_streak"": 24, ""seed"": 13, ""sigma_fraction"": 0.022095999012449814, ""wide_sigma_fraction"": 0.3008503702038378}",,
lcbench_168329,lcbench,FMP_DREAM,14,200,200,-34.665531158447266,-34.665531158447266,34.665531158447266,,True,0.6592870000022231,0.08008930018695537,0.6714389999979176,10400.0,0.5791976998152677,34.665531158447266,200.0,-34.665531158447266,0.17708333333333334,0.75,0.0,0.0,36.0,0.659043899999233,0.09164379996946082,0.5674001000297721,0.28125,0.25925925925925924,0.703125,0.14074074074074075,0.015625,0.3333333333333333,"{""T_mcmc"": 0.05021528037835243, ""burnin_fraction"": 0.21939164151847443, ""bw_prior_strength"": 89.80956876532602, ""decoder"": ""soft"", ""emission_mu"": [-0.00946430696609267, 0.0946430696609267, 0.014196460449139003], ""emission_sigma"": [0.05678584179655601, 0.23660767415231673, 0.01892861393218534], ""explore_subsample"": false, ""hmm_window"": 12, ""kde_tau"": 0.006205167444665816, ""n_chains"": 1, ""n_init"": 8, ""orchestrate_every"": 5, ""p_dream"": 0.7412354684077219, ""rejection_streak"": 24, ""seed"": 14, ""sigma_fraction"": 0.022095999012449814, ""wide_sigma_fraction"": 0.3008503702038378}",,
lcbench_168329,lcbench,FMP_DREAM,15,200,200,-44.5322265625,-44.5322265625,44.5322265625,,True,0.6725021000020206,0.07472489995416254,0.6805979000055231,10400.0,0.5977772000478581,44.5322265625,200.0,-44.5322265625,0.18229166666666666,0.71875,0.0,0.0,36.0,0.6723397999885492,0.08651399995142128,0.5858258000371279,0.3177083333333333,0.19672131147540983,0.671875,0.17054263565891473,0.010416666666666666,0.5,"{""T_mcmc"": 0.05021528037835243, ""burnin_fraction"": 0.21939164151847443, ""bw_prior_strength"": 89.80956876532602, ""decoder"": ""soft"", ""emission_mu"": [-0.00946430696609267, 0.0946430696609267, 0.014196460449139003], ""emission_sigma"": [0.05678584179655601, 0.23660767415231673, 0.01892861393218534], ""explore_subsample"": false, ""hmm_window"": 12, ""kde_tau"": 0.006205167444665816, ""n_chains"": 1, ""n_init"": 8, ""orchestrate_every"": 5, ""p_dream"": 0.7412354684077219, ""rejection_streak"": 24, ""seed"": 15, ""sigma_fraction"": 0.022095999012449814, ""wide_sigma_fraction"": 0.3008503702038378}",,
lcbench_168329,lcbench,FMP_DREAM,16,200,200,-40.49967575073242,-40.49967575073242,40.49967575073242,,True,0.6488354000030085,0.06788199998845812,0.6568746999982977,10400.0,0.5809534000145504,40.49967575073242,200.0,-40.49967575073242,0.22916666666666666,0.6927083333333334,0.0,0.0,36.0,0.6486757999955444,0.07873530000506435,0.56994049999048,0.265625,0.29411764705882354,0.734375,0.20567375886524822,0.0,,"{""T_mcmc"": 0.05021528037835243, ""burnin_fraction"": 0.21939164151847443, ""bw_prior_strength"": 89.80956876532602, ""decoder"": ""soft"", ""emission_mu"": [-0.00946430696609267, 0.0946430696609267, 0.014196460449139003], ""emission_sigma"": [0.05678584179655601, 0.23660767415231673, 0.01892861393218534], ""explore_subsample"": false, ""hmm_window"": 12, ""kde_tau"": 0.006205167444665816, ""n_chains"": 1, ""n_init"": 8, ""orchestrate_every"": 5, ""p_dream"": 0.7412354684077219, ""rejection_streak"": 24, ""seed"": 16, ""sigma_fraction"": 0.022095999012449814, ""wide_sigma_fraction"": 0.3008503702038378}",,
lcbench_168329,lcbench,FMP_DREAM,17,200,200,-47.45469665527344,-47.45469665527344,47.45469665527344,,True,0.5553470000013476,0.0633075999940047,0.562904599995818,10400.0,0.4920394000073429,47.45469665527344,200.0,-47.45469665527344,0.19791666666666666,0.78125,0.0,0.0,36.0,0.5552128999988781,0.07325260002107825,0.4819602999777999,0.2552083333333333,0.32653061224489793,0.7291666666666666,0.15,0.015625,0.3333333333333333,"{""T_mcmc"": 0.05021528037835243, ""burnin_fraction"": 0.21939164151847443, ""bw_prior_strength"": 89.80956876532602, ""decoder"": ""soft"", ""emission_mu"": [-0.00946430696609267, 0.0946430696609267, 0.014196460449139003], ""emission_sigma"": [0.05678584179655601, 0.23660767415231673, 0.01892861393218534], ""explore_subsample"": false, ""hmm_window"": 12, ""kde_tau"": 0.006205167444665816, ""n_chains"": 1, ""n_init"": 8, ""orchestrate_every"": 5, ""p_dream"": 0.7412354684077219, ""rejection_streak"": 24, ""seed"": 17, ""sigma_fraction"": 0.022095999012449814, ""wide_sigma_fraction"": 0.3008503702038378}",,
lcbench_168329,lcbench,FMP_DREAM,18,200,200,-32.06844711303711,-32.06844711303711,32.06844711303711,,True,0.6406948999938322,0.06894859993190039,0.6518155999947339,10400.0,0.5717463000619318,32.06844711303711,200.0,-32.06844711303711,0.21354166666666666,0.71875,0.0,0.0,36.0,0.6405008000001544,0.0805097000556998,0.5599910999444546,0.3072916666666667,0.15254237288135594,0.6927083333333334,0.24060150375939848,0.0,,"{""T_mcmc"": 0.05021528037835243, ""burnin_fraction"": 0.21939164151847443, ""bw_prior_strength"": 89.80956876532602, ""decoder"": ""soft"", ""emission_mu"": [-0.00946430696609267, 0.0946430696609267, 0.014196460449139003], ""emission_sigma"": [0.05678584179655601, 0.23660767415231673, 0.01892861393218534], ""explore_subsample"": false, ""hmm_window"": 12, ""kde_tau"": 0.006205167444665816, ""n_chains"": 1, ""n_init"": 8, ""orchestrate_every"": 5, ""p_dream"": 0.7412354684077219, ""rejection_streak"": 24, ""seed"": 18, ""sigma_fraction"": 0.022095999012449814, ""wide_sigma_fraction"": 0.3008503702038378}",,
lcbench_168329,lcbench,FMP_DREAM,19,200,200,-44.219482421875,-44.219482421875,44.219482421875,,True,0.5884074000059627,0.06699230008234736,0.5956627999985358,10400.0,0.5214150999236153,44.219482421875,200.0,-44.219482421875,0.2552083333333333,0.7135416666666666,0.0,0.0,36.0,0.5882430000056047,0.07724890000827145,0.5109940999973333,0.3541666666666667,0.2647058823529412,0.6458333333333334,0.25,0.0,,"{""T_mcmc"": 0.05021528037835243, ""burnin_fraction"": 0.21939164151847443, ""bw_prior_strength"": 89.80956876532602, ""decoder"": ""soft"", ""emission_mu"": [-0.00946430696609267, 0.0946430696609267, 0.014196460449139003], ""emission_sigma"": [0.05678584179655601, 0.23660767415231673, 0.01892861393218534], ""explore_subsample"": false, ""hmm_window"": 12, ""kde_tau"": 0.006205167444665816, ""n_chains"": 1, ""n_init"": 8, ""orchestrate_every"": 5, ""p_dream"": 0.7412354684077219, ""rejection_streak"": 24, ""seed"": 19, ""sigma_fraction"": 0.022095999012449814, ""wide_sigma_fraction"": 0.3008503702038378}",,
lcbench_168329,lcbench,GP,0,200,200,-49.21076583862305,-49.21076583862305,49.21076583862305,,True,103.19162070000311,0.1457170999783557,103.23549929999717,10400.0,103.04590360002476,49.21076583862305,,,,,,,,,,,,,,,,,,,
lcbench_168329,lcbench,GP,1,200,200,-49.21452331542969,-49.21452331542969,49.21452331542969,,True,113.42944569999963,0.1561563999930513,113.44307180000033,10400.0,113.27328930000658,49.21452331542969,,,,,,,,,,,,,,,,,,,
lcbench_168329,lcbench,GP,2,200,200,-45.93444061279297,-45.93444061279297,45.93444061279297,,True,99.94246729999577,0.14638949999789475,99.95528280000144,10400.0,99.79607779999787,45.93444061279297,,,,,,,,,,,,,,,,,,,
lcbench_168329,lcbench,GP,3,200,200,-45.93444061279297,-45.93444061279297,45.93444061279297,,True,108.02191209999728,0.15531340005691163,108.03457689999777,10400.0,107.86659869994037,45.93444061279297,,,,,,,,,,,,,,,,,,,
lcbench_168329,lcbench,GP,4,200,200,-49.21133041381836,-49.21133041381836,49.21133041381836,,True,116.94644479999988,0.1448281000193674,116.95876380000118,10400.0,116.80161669998051,49.21133041381836,,,,,,,,,,,,,,,,,,,
lcbench_168329,lcbench,GP,5,200,200,-49.21339416503906,-49.21339416503906,49.21339416503906,,True,110.0028816999984,0.15688869995210553,110.01387009999598,10400.0,109.84599300004629,49.21339416503906,,,,,,,,,,,,,,,,,,,
lcbench_168329,lcbench,GP,6,200,200,-49.21452331542969,-49.21452331542969,49.21452331542969,,True,117.6435788000017,0.1434365000022808,117.6928659999976,10400.0,117.50014229999942,49.21452331542969,,,,,,,,,,,,,,,,,,,
lcbench_168329,lcbench,GP,7,200,200,-49.21452331542969,-49.21452331542969,49.21452331542969,,True,116.12438789999578,0.15159139997558668,116.13660979999986,10400.0,115.9727965000202,49.21452331542969,,,,,,,,,,,,,,,,,,,
lcbench_168329,lcbench,GP,8,200,200,-45.93444061279297,-45.93444061279297,45.93444061279297,,True,111.4970897000021,0.15045719999761786,111.5095747000014,10400.0,111.34663250000449,45.93444061279297,,,,,,,,,,,,,,,,,,,
lcbench_168329,lcbench,GP,9,200,200,-45.93444061279297,-45.93444061279297,45.93444061279297,,True,98.30005159999564,0.15651340004842496,98.31236840000201,10400.0,98.14353819994722,45.93444061279297,,,,,,,,,,,,,,,,,,,
lcbench_168329,lcbench,GP,10,200,200,-45.93444061279297,-45.93444061279297,45.93444061279297,,True,92.83162319999974,0.14489619998494163,92.8781072999991,10400.0,92.6867270000148,45.93444061279297,,,,,,,,,,,,,,,,,,,
lcbench_168329,lcbench,GP,11,200,200,-45.94416809082031,-45.94416809082031,45.94416809082031,,True,97.3934298000022,0.15108269989286782,97.40750120000303,10400.0,97.24234710010933,45.94416809082031,,,,,,,,,,,,,,,,,,,
lcbench_168329,lcbench,GP,12,200,200,-49.21452331542969,-49.21452331542969,49.21452331542969,,True,133.86584660000517,0.14368950007337844,133.87825330000487,10400.0,133.7221570999318,49.21452331542969,,,,,,,,,,,,,,,,,,,
lcbench_168329,lcbench,GP,13,200,200,-49.21452331542969,-49.21452331542969,49.21452331542969,,True,127.86633360000269,0.14369749998877523,127.88332710000395,10400.0,127.72263610001391,49.21452331542969,,,,,,,,,,,,,,,,,,,
lcbench_168329,lcbench,GP,14,200,200,-49.21452331542969,-49.21452331542969,49.21452331542969,,True,114.46740249999857,0.14714080003614072,114.48028540000087,10400.0,114.32026169996243,49.21452331542969,,,,,,,,,,,,,,,,,,,
lcbench_168329,lcbench,GP,15,200,200,-49.2020378112793,-49.2020378112793,49.2020378112793,,True,112.25895870000386,0.15348860001540743,112.27188439999736,10400.0,112.10547009998845,49.2020378112793,,,,,,,,,,,,,,,,,,,
lcbench_168329,lcbench,GP,16,200,200,-49.212642669677734,-49.212642669677734,49.212642669677734,,True,125.71780190000572,0.15208489990618546,125.72932949999813,10400.0,125.56571700009954,49.212642669677734,,,,,,,,,,,,,,,,,,,
lcbench_168329,lcbench,GP,17,200,200,-49.15447998046875,-49.15447998046875,49.15447998046875,,True,118.59275399999751,0.15236449995427392,118.60400079999818,10400.0,118.44038950004324,49.15447998046875,,,,,,,,,,,,,,,,,,,
lcbench_168329,lcbench,GP,18,200,200,-45.93444061279297,-45.93444061279297,45.93444061279297,,True,105.45302190000075,0.14727789998141816,105.46340749999945,10400.0,105.30574400001933,45.93444061279297,,,,,,,,,,,,,,,,,,,
lcbench_168329,lcbench,GP,19,200,200,-49.210205078125,-49.210205078125,49.210205078125,,True,113.91067589999875,0.14537439993728185,113.92002530000173,10400.0,113.76530150006147,49.210205078125,,,,,,,,,,,,,,,,,,,
lcbench_168329,lcbench,RS,0,200,200,-34.13837814331055,-34.13837814331055,34.13837814331055,,True,0.2670806999958586,0.10124379999615485,0.31018500000209315,10400.0,0.16583689999970375,34.13837814331055,,,,,,,,,,,,,,,,,,,
lcbench_168329,lcbench,RS,1,200,200,-35.22782516479492,-35.22782516479492,35.22782516479492,,True,0.27607130000251345,0.10824069995578611,0.28628780000144616,10400.0,0.16783060004672734,35.22782516479492,,,,,,,,,,,,,,,,,,,
lcbench_168329,lcbench,RS,2,200,200,-33.565677642822266,-33.565677642822266,33.565677642822266,,True,0.2624525999999605,0.1031521000477369,0.2732507999971858,10400.0,0.15930049995222362,33.565677642822266,,,,,,,,,,,,,,,,,,,
lcbench_168329,lcbench,RS,3,200,200,-33.404476165771484,-33.404476165771484,33.404476165771484,,True,0.2438548999998602,0.09059779987728689,0.25267170000006445,10400.0,0.15325710012257332,33.404476165771484,,,,,,,,,,,,,,,,,,,
lcbench_168329,lcbench,RS,4,200,200,-34.98796463012695,-34.98796463012695,34.98796463012695,,True,0.24726860000373563,0.09063179996155668,0.25485480000497773,10400.0,0.15663680004217895,34.98796463012695,,,,,,,,,,,,,,,,,,,
lcbench_168329,lcbench,RS,5,200,200,-31.658830642700195,-31.658830642700195,31.658830642700195,,True,0.22678330000053393,0.08028499997453764,0.23639739999634912,10400.0,0.1464983000259963,31.658830642700195,,,,,,,,,,,,,,,,,,,
lcbench_168329,lcbench,RS,6,200,200,-24.773014068603516,-24.773014068603516,24.773014068603516,,True,0.24173309999605408,0.08999499998026295,0.2514867999998387,10400.0,0.15173810001579113,24.773014068603516,,,,,,,,,,,,,,,,,,,
lcbench_168329,lcbench,RS,7,200,200,-34.297821044921875,-34.297821044921875,34.297821044921875,,True,0.25201519999973243,0.09577829999761889,0.2627483999967808,10400.0,0.15623690000211354,34.297821044921875,,,,,,,,,,,,,,,,,,,
lcbench_168329,lcbench,RS,8,200,200,-33.235679626464844,-33.235679626464844,33.235679626464844,,True,0.23328490000130842,0.08247690005373443,0.24311419999867212,10400.0,0.150807999947574,33.235679626464844,,,,,,,,,,,,,,,,,,,
lcbench_168329,lcbench,RS,9,200,200,-27.37221336364746,-27.37221336364746,27.37221336364746,,True,0.22496200000023236,0.08045310004672501,0.23465240000223275,10400.0,0.14450889995350735,27.37221336364746,,,,,,,,,,,,,,,,,,,
lcbench_168329,lcbench,RS,10,200,200,-26.129261016845703,-26.129261016845703,26.129261016845703,,True,0.19996420000097714,0.06974809993698727,0.20930270000098972,10400.0,0.13021610006398987,26.129261016845703,,,,,,,,,,,,,,,,,,,
lcbench_168329,lcbench,RS,11,200,200,-29.61979866027832,-29.61979866027832,29.61979866027832,,True,0.21818989999883343,0.07588499987468822,0.2269942000057199,10400.0,0.1423049001241452,29.61979866027832,,,,,,,,,,,,,,,,,,,
lcbench_168329,lcbench,RS,12,200,200,-38.59187698364258,-38.59187698364258,38.59187698364258,,True,0.2114142999998876,0.07332390001829481,0.22214140000141924,10400.0,0.13809039998159278,38.59187698364258,,,,,,,,,,,,,,,,,,,
lcbench_168329,lcbench,RS,13,200,200,-30.926456451416016,-30.926456451416016,30.926456451416016,,True,0.22669060000043828,0.07866470006410964,0.2363790000017616,10400.0,0.14802589993632864,30.926456451416016,,,,,,,,,,,,,,,,,,,
lcbench_168329,lcbench,RS,14,200,200,-32.744693756103516,-32.744693756103516,32.744693756103516,,True,0.22790990000066813,0.08045200000196928,0.23810319999756757,10400.0,0.14745789999869885,32.744693756103516,,,,,,,,,,,,,,,,,,,
lcbench_168329,lcbench,RS,15,200,200,-35.51671600341797,-35.51671600341797,35.51671600341797,,True,0.21809290000237525,0.07677330010483274,0.2278022999962559,10400.0,0.1413195998975425,35.51671600341797,,,,,,,,,,,,,,,,,,,
lcbench_168329,lcbench,RS,16,200,200,-28.35206413269043,-28.35206413269043,28.35206413269043,,True,0.2268915000022389,0.07964620003622258,0.23606309999740915,10400.0,0.14724529996601632,28.35206413269043,,,,,,,,,,,,,,,,,,,
lcbench_168329,lcbench,RS,17,200,200,-30.528047561645508,-30.528047561645508,30.528047561645508,,True,0.22370620000583585,0.0802922999864677,0.23374190000322415,10400.0,0.14341390001936816,30.528047561645508,,,,,,,,,,,,,,,,,,,
lcbench_168329,lcbench,RS,18,200,200,-31.442670822143555,-31.442670822143555,31.442670822143555,,True,0.2306797999990522,0.08304139995743753,0.24029370000062045,10400.0,0.14763840004161466,31.442670822143555,,,,,,,,,,,,,,,,,,,
lcbench_168329,lcbench,RS,19,200,200,-29.36167335510254,-29.36167335510254,29.36167335510254,,True,0.24779940000007628,0.09267239996552235,0.2573575999995228,10400.0,0.15512700003455393,29.36167335510254,,,,,,,,,,,,,,,,,,,
lcbench_168329,lcbench,TPE,0,200,200,-53.14299011230469,-53.14299011230469,53.14299011230469,,True,6.480249800006277,0.15466790001664776,6.52654690000054,10400.0,6.325581899989629,53.14299011230469,,,,,,,,,,,,,,,,,,,
lcbench_168329,lcbench,TPE,1,200,200,-37.741783142089844,-37.741783142089844,37.741783142089844,,True,5.018229799999972,0.14496059993689414,5.029094600002281,10400.0,4.873269200063078,37.741783142089844,,,,,,,,,,,,,,,,,,,
lcbench_168329,lcbench,TPE,2,200,200,-33.754234313964844,-33.754234313964844,33.754234313964844,,True,6.8888197999986005,0.15127859991480364,6.900297299995145,10400.0,6.737541200083797,33.754234313964844,,,,,,,,,,,,,,,,,,,
lcbench_168329,lcbench,TPE,3,200,200,-34.5932731628418,-34.5932731628418,34.5932731628418,,True,6.633537699999579,0.1466074999407283,6.6447209999969346,10400.0,6.4869302000588505,34.5932731628418,,,,,,,,,,,,,,,,,,,
lcbench_168329,lcbench,TPE,4,200,200,-35.41957092285156,-35.41957092285156,35.41957092285156,,True,6.13829160000023,0.1646796000204631,6.18139670000528,10400.0,5.9736119999797666,35.41957092285156,,,,,,,,,,,,,,,,,,,
lcbench_168329,lcbench,TPE,5,200,200,-33.462249755859375,-33.462249755859375,33.462249755859375,,True,4.084406299996772,0.14446190001035575,4.094546599997557,10400.0,3.939944399986416,33.462249755859375,,,,,,,,,,,,,,,,,,,
lcbench_168329,lcbench,TPE,6,200,200,-40.29195022583008,-40.29195022583008,40.29195022583008,,True,5.9778355000016745,0.14845229999627918,6.022082000003138,10400.0,5.829383200005395,40.29195022583008,,,,,,,,,,,,,,,,,,,
lcbench_168329,lcbench,TPE,7,200,200,-44.29553985595703,-44.29553985595703,44.29553985595703,,True,6.575445900001796,0.1491494999936549,6.586287099999026,10400.0,6.426296400008141,44.29553985595703,,,,,,,,,,,,,,,,,,,
lcbench_168329,lcbench,TPE,8,200,200,-35.070945739746094,-35.070945739746094,35.070945739746094,,True,7.9304371000034735,0.15082139996957267,7.971529000002192,10400.0,7.779615700033901,35.070945739746094,,,,,,,,,,,,,,,,,,,
lcbench_168329,lcbench,TPE,9,200,200,-38.82029342651367,-38.82029342651367,38.82029342651367,,True,6.531294500004151,0.14621039997291518,6.542886800001725,10400.0,6.385084100031236,38.82029342651367,,,,,,,,,,,,,,,,,,,
lcbench_168329,lcbench,TPE,10,200,200,-32.86125564575195,-32.86125564575195,32.86125564575195,,True,8.52454339999531,0.1470623999775853,8.565885600000911,10400.0,8.377481000017724,32.86125564575195,,,,,,,,,,,,,,,,,,,
lcbench_168329,lcbench,TPE,11,200,200,-33.01410675048828,-33.01410675048828,33.01410675048828,,True,8.067361000001256,0.15111140003136825,8.07795299999998,10400.0,7.916249599969888,33.01410675048828,,,,,,,,,,,,,,,,,,,
lcbench_168329,lcbench,TPE,12,200,200,-35.89324951171875,-35.89324951171875,35.89324951171875,,True,5.994426200006274,0.15235589997610077,6.004960500002198,10400.0,5.842070300030173,35.89324951171875,,,,,,,,,,,,,,,,,,,
lcbench_168329,lcbench,TPE,13,200,200,-43.490020751953125,-43.490020751953125,43.490020751953125,,True,4.405751999998756,0.14748979999421863,4.418339800002286,10400.0,4.258262200004538,43.490020751953125,,,,,,,,,,,,,,,,,,,
lcbench_168329,lcbench,TPE,14,200,200,-34.704627990722656,-34.704627990722656,34.704627990722656,,True,4.5636097000024165,0.15103880002425285,4.5751602000018465,10400.0,4.412570899978164,34.704627990722656,,,,,,,,,,,,,,,,,,,
lcbench_168329,lcbench,TPE,15,200,200,-47.2436408996582,-47.2436408996582,47.2436408996582,,True,6.812151999998605,0.14723720000620233,6.822696499999438,10400.0,6.6649147999924025,47.2436408996582,,,,,,,,,,,,,,,,,,,
lcbench_168329,lcbench,TPE,16,200,200,-50.755165100097656,-50.755165100097656,50.755165100097656,,True,6.578606499999296,0.14934280001034494,6.589104800004861,10400.0,6.429263699988951,50.755165100097656,,,,,,,,,,,,,,,,,,,
lcbench_168329,lcbench,TPE,17,200,200,-38.52583312988281,-38.52583312988281,38.52583312988281,,True,5.696064699994167,0.15121900002122857,5.70579600000201,10400.0,5.544845699972939,38.52583312988281,,,,,,,,,,,,,,,,,,,
lcbench_168329,lcbench,TPE,18,200,200,-38.2225227355957,-38.2225227355957,38.2225227355957,,True,6.222940700004983,0.1531442999621504,6.262030100006086,10400.0,6.069796400042833,38.2225227355957,,,,,,,,,,,,,,,,,,,
lcbench_168329,lcbench,TPE,19,200,200,-53.66798782348633,-53.66798782348633,53.66798782348633,,True,7.405519300002197,0.14807830000791,7.4162462999956915,10400.0,7.257440999994287,53.66798782348633,,,,,,,,,,,,,,,,,,,
lcbench_168329,lcbench,TPE_HB,0,200,1565,-35.47426986694336,-35.47426986694336,35.47426986694336,,True,8.039171900003566,0.41733379985089414,8.043645900004776,10411.0,7.621838100152672,35.47426986694336,,,,,,,,,,,,,,,,,,,
lcbench_168329,lcbench,TPE_HB,1,200,2068,-39.81471252441406,-39.81471252441406,39.81471252441406,,True,9.547725899996294,0.4388335999683477,9.55434090000199,10405.0,9.108892300027946,39.81471252441406,,,,,,,,,,,,,,,,,,,
lcbench_168329,lcbench,TPE_HB,2,200,1848,-36.52056884765625,-36.52056884765625,36.52056884765625,,True,27.110399500001222,1.0194793998889509,79.72442900000169,10401.0,26.09092010011227,36.52056884765625,,,,,,,,,,,,,,,,,,,
lcbench_168329,lcbench,TPE_HB,3,200,1881,-35.40390396118164,-35.40390396118164,35.40390396118164,,True,18.71297079999931,0.6477356001996668,18.719614199995704,10404.0,18.065235199799645,35.40390396118164,,,,,,,,,,,,,,,,,,,
lcbench_168329,lcbench,TPE_HB,4,200,1338,-38.091739654541016,-38.091739654541016,38.091739654541016,,True,6.291304400001536,0.40794269990874454,6.296104099994409,10412.0,5.883361700092792,38.091739654541016,,,,,,,,,,,,,,,,,,,
lcbench_168329,lcbench,TPE_HB,5,200,1272,-25.467906951904297,-25.467906951904297,25.467906951904297,,True,6.263948400002846,0.39818780004861765,6.269127800005663,10418.0,5.865760599954228,25.467906951904297,,,,,,,,,,,,,,,,,,,
lcbench_168329,lcbench,TPE_HB,6,200,1660,-35.22507095336914,-35.22507095336914,35.22507095336914,,True,13.13827830000082,0.6383288999495562,13.14623980000033,10402.0,12.499949400051264,35.22507095336914,,,,,,,,,,,,,,,,,,,
lcbench_168329,lcbench,TPE_HB,7,200,2222,-36.04191207885742,-36.04191207885742,36.04191207885742,,True,29.840568499996152,0.9622225997663918,29.84760880000249,10414.0,28.87834590022976,36.04191207885742,,,,,,,,,,,,,,,,,,,
lcbench_168329,lcbench,TPE_HB,8,200,1617,-33.2710075378418,-33.2710075378418,33.2710075378418,,True,18.815545500001463,0.6391456997953355,18.823700900000404,10413.0,18.176399800206127,33.2710075378418,,,,,,,,,,,,,,,,,,,
lcbench_168329,lcbench,TPE_HB,9,200,1527,-34.49845504760742,-34.49845504760742,34.49845504760742,,True,10.397756799997296,0.5537416001679958,10.404940799999167,10401.0,9.8440151998293,34.49845504760742,,,,,,,,,,,,,,,,,,,
lcbench_168329,lcbench,TPE_HB,10,200,1130,-29.022199630737305,-29.022199630737305,29.022199630737305,,True,6.372175099997548,0.43946830011554994,6.381558699999005,10403.0,5.9327067998819984,29.022199630737305,,,,,,,,,,,,,,,,,,,
lcbench_168329,lcbench,TPE_HB,11,200,1232,-35.35727310180664,-35.35727310180664,35.35727310180664,,True,6.161069499998121,0.47113750020071166,6.170165999996243,10403.0,5.689931999797409,35.35727310180664,,,,,,,,,,,,,,,,,,,
lcbench_168329,lcbench,TPE_HB,12,200,1363,-22.210918426513672,-22.210918426513672,22.210918426513672,,True,7.2392746999976225,0.5527792998182122,7.245020899994415,10400.0,6.68649540017941,22.210918426513672,,,,,,,,,,,,,,,,,,,
lcbench_168329,lcbench,TPE_HB,13,200,1698,-41.28436279296875,-41.28436279296875,41.28436279296875,,True,12.103897300003155,0.7305907001209562,12.109657499997411,10417.0,11.373306599882198,41.28436279296875,,,,,,,,,,,,,,,,,,,
lcbench_168329,lcbench,TPE_HB,14,200,1253,-31.054784774780273,-31.054784774780273,31.054784774780273,,True,6.212435199995525,0.5260683999440516,6.220296400002553,10420.0,5.6863668000514735,31.054784774780273,,,,,,,,,,,,,,,,,,,
lcbench_168329,lcbench,TPE_HB,15,200,1145,-23.109582901000977,-23.109582901000977,23.109582901000977,,True,5.156746499997098,0.46279079996747896,5.165469500003383,10403.0,4.693955700029619,23.109582901000977,,,,,,,,,,,,,,,,,,,
lcbench_168329,lcbench,TPE_HB,16,200,1678,-33.88065719604492,-33.88065719604492,33.88065719604492,,True,14.063059100000828,0.8543443000744446,14.06964319999679,10409.0,13.208714799926383,33.88065719604492,,,,,,,,,,,,,,,,,,,
lcbench_168329,lcbench,TPE_HB,17,200,1826,-33.17127227783203,-33.17127227783203,33.17127227783203,,True,32.36134039999888,0.9859052000902011,32.36931869999535,10400.0,31.37543519990868,33.17127227783203,,,,,,,,,,,,,,,,,,,
lcbench_168329,lcbench,TPE_HB,18,200,1968,-38.8274040222168,-38.8274040222168,38.8274040222168,,True,20.777701300001354,1.0538383000020985,20.784342499995546,10417.0,19.723862999999255,38.8274040222168,,,,,,,,,,,,,,,,,,,
lcbench_168329,lcbench,TPE_HB,19,200,1584,-35.31871795654297,-35.31871795654297,35.31871795654297,,True,16.064306500004022,0.8312107000674587,16.073324600001797,10416.0,15.233095799936564,35.31871795654297,,,,,,,,,,,,,,,,,,,
lcbench_168330,lcbench,CMAES,0,200,200,-73.43692016601562,-73.43692016601562,73.43692016601562,,True,0.2975640000004205,0.05091290004202165,56.984963099996094,10400.0,0.24665109995839885,73.43692016601562,,,,,,,,,,,,,,,,,,,
lcbench_168330,lcbench,CMAES,1,200,200,-72.74642181396484,-72.74642181396484,72.74642181396484,,True,0.34118080000189366,0.0663304000700009,56.16000129999884,10400.0,0.27485039993189275,72.74642181396484,,,,,,,,,,,,,,,,,,,
lcbench_168330,lcbench,CMAES,2,200,200,-72.05499267578125,-72.05499267578125,72.05499267578125,,True,0.2640250999975251,0.04870210002263775,54.98417270000209,10400.0,0.21532299997488735,72.05499267578125,,,,,,,,,,,,,,,,,,,
lcbench_168330,lcbench,CMAES,3,200,200,-73.5737533569336,-73.5737533569336,73.5737533569336,,True,0.3466296999977203,0.07104750003054505,54.194287400001485,10400.0,0.27558219996717526,73.5737533569336,,,,,,,,,,,,,,,,,,,
lcbench_168330,lcbench,CMAES,4,200,200,-71.25465393066406,-71.25465393066406,71.25465393066406,,True,0.48368610000034096,0.11309210002218606,5.259474300000875,10400.0,0.3705939999781549,71.25465393066406,,,,,,,,,,,,,,,,,,,
lcbench_168330,lcbench,CMAES,5,200,200,-74.36892700195312,-74.36892700195312,74.36892700195312,,True,0.3995582999996259,0.08058849993540207,53.6137660999957,10400.0,0.3189698000642238,74.36892700195312,,,,,,,,,,,,,,,,,,,
lcbench_168330,lcbench,CMAES,6,200,200,-75.29839324951172,-75.29839324951172,75.29839324951172,,True,0.41957040000124834,0.0939398000264191,53.6941794000013,10400.0,0.32563059997482924,75.29839324951172,,,,,,,,,,,,,,,,,,,
lcbench_168330,lcbench,CMAES,7,200,200,-72.71770477294922,-72.71770477294922,72.71770477294922,,True,0.44853210000292165,0.10277999992104014,53.82918210000207,10400.0,0.3457521000818815,72.71770477294922,,,,,,,,,,,,,,,,,,,
lcbench_168330,lcbench,CMAES,8,200,200,-72.42301177978516,-72.42301177978516,72.42301177978516,,True,0.4985448000006727,0.11847740002122009,53.58208179999929,10400.0,0.3800673999794526,72.42301177978516,,,,,,,,,,,,,,,,,,,
lcbench_168330,lcbench,CMAES,9,200,200,-73.39337158203125,-73.39337158203125,73.39337158203125,,True,0.34738259999721777,0.08014949991047615,0.3551380999997491,10400.0,0.2672331000867416,73.39337158203125,,,,,,,,,,,,,,,,,,,
lcbench_168330,lcbench,CMAES,10,200,200,-75.34666442871094,-75.34666442871094,75.34666442871094,,True,0.32491110000410117,0.07474079998792149,0.33159689999592956,10400.0,0.2501703000161797,75.34666442871094,,,,,,,,,,,,,,,,,,,
lcbench_168330,lcbench,CMAES,11,200,200,-73.6028060913086,-73.6028060913086,73.6028060913086,,True,0.32452829999965616,0.07146329992247047,0.33262459999968996,10400.0,0.2530650000771857,73.6028060913086,,,,,,,,,,,,,,,,,,,
lcbench_168330,lcbench,CMAES,12,200,200,-73.97704315185547,-73.97704315185547,73.97704315185547,,True,0.33084210000379244,0.07530969999061199,0.3388572999974713,10400.0,0.25553240001318045,73.97704315185547,,,,,,,,,,,,,,,,,,,
lcbench_168330,lcbench,CMAES,13,200,200,-75.5325698852539,-75.5325698852539,75.5325698852539,,True,0.47488090000115335,0.1141911000086111,53.17999759999657,10400.0,0.36068979999254225,75.5325698852539,,,,,,,,,,,,,,,,,,,
lcbench_168330,lcbench,CMAES,14,200,200,-74.8015365600586,-74.8015365600586,74.8015365600586,,True,0.3396253000028082,0.06575170010182774,0.3482962999987649,10400.0,0.2738735999009805,74.8015365600586,,,,,,,,,,,,,,,,,,,
lcbench_168330,lcbench,CMAES,15,200,200,-73.41647338867188,-73.41647338867188,73.41647338867188,,True,0.22489309999946272,0.043265599946607836,0.2324016999991727,10400.0,0.18162750005285488,73.41647338867188,,,,,,,,,,,,,,,,,,,
lcbench_168330,lcbench,CMAES,16,200,200,-74.05963134765625,-74.05963134765625,74.05963134765625,,True,0.23107469999376917,0.04405720004433533,0.2374433000004501,10400.0,0.18701749994943384,74.05963134765625,,,,,,,,,,,,,,,,,,,
lcbench_168330,lcbench,CMAES,17,200,200,-74.27238464355469,-74.27238464355469,74.27238464355469,,True,0.27986650000093505,0.0539239001009264,0.28719749999436317,10400.0,0.22594259990000864,74.27238464355469,,,,,,,,,,,,,,,,,,,
lcbench_168330,lcbench,CMAES,18,200,200,-75.01298522949219,-75.01298522949219,75.01298522949219,,True,0.20829239999875426,0.03782289993978338,0.21522550000372576,10400.0,0.17046950005897088,75.01298522949219,,,,,,,,,,,,,,,,,,,
lcbench_168330,lcbench,CMAES,19,200,200,-72.06722259521484,-72.06722259521484,72.06722259521484,,True,0.2043106000055559,0.03714719999697991,0.21092169999610633,10400.0,0.167163400008576,72.06722259521484,,,,,,,,,,,,,,,,,,,
lcbench_168330,lcbench,FMP,0,200,200,-71.67079162597656,-71.67079162597656,71.67079162597656,,True,1.5591854999947827,0.12118150023161434,1.5700575000082608,10400.0,1.4380039997631684,71.67079162597656,200.0,-71.67079162597656,0.53125,0.0,0.0,0.0,36.0,1.5589724000019487,0.14008120002108626,1.4188911999808624,0.578125,0.5225225225225225,0.421875,0.5432098765432098,0.0,,"{""T_mcmc"": 0.05021528037835243, ""burnin_fraction"": 0.21939164151847443, ""bw_prior_strength"": 89.80956876532602, ""decoder"": ""soft"", ""emission_mu"": [-0.00946430696609267, 0.0946430696609267, 0.014196460449139003], ""emission_sigma"": [0.05678584179655601, 0.23660767415231673, 0.01892861393218534], ""explore_subsample"": false, ""hmm_window"": 12, ""kde_tau"": 0.006205167444665816, ""n_chains"": 1, ""n_init"": 8, ""orchestrate_every"": 5, ""p_dream"": 0.0, ""rejection_streak"": 24, ""seed"": 0, ""sigma_fraction"": 0.022095999012449814, ""wide_sigma_fraction"": 0.3008503702038378}",,
lcbench_168330,lcbench,FMP,1,200,200,-73.14614868164062,-73.14614868164062,73.14614868164062,,True,1.5684443000063766,0.12605230008193757,1.5822905999957584,10400.0,1.442391999924439,73.14614868164062,200.0,-73.14614868164062,0.4895833333333333,0.0,0.0,0.0,36.0,1.5681918000045698,0.15316579994396307,1.4150260000606067,0.5885416666666666,0.4690265486725664,0.4114583333333333,0.5189873417721519,0.0,,"{""T_mcmc"": 0.05021528037835243, ""burnin_fraction"": 0.21939164151847443, ""bw_prior_strength"": 89.80956876532602, ""decoder"": ""soft"", ""emission_mu"": [-0.00946430696609267, 0.0946430696609267, 0.014196460449139003], ""emission_sigma"": [0.05678584179655601, 0.23660767415231673, 0.01892861393218534], ""explore_subsample"": false, ""hmm_window"": 12, ""kde_tau"": 0.006205167444665816, ""n_chains"": 1, ""n_init"": 8, ""orchestrate_every"": 5, ""p_dream"": 0.0, ""rejection_streak"": 24, ""seed"": 1, ""sigma_fraction"": 0.022095999012449814, ""wide_sigma_fraction"": 0.3008503702038378}",,
lcbench_168330,lcbench,FMP,2,200,200,-70.89486694335938,-70.89486694335938,70.89486694335938,,True,1.5405773999955272,0.1295735998719465,1.5552210000023479,10400.0,1.4110038001235807,70.89486694335938,200.0,-70.89486694335938,0.4270833333333333,0.0,0.0,0.0,36.0,1.5396691000059946,0.14828209977713414,1.3913870002288604,0.5104166666666666,0.40816326530612246,0.4895833333333333,0.44680851063829785,0.0,,"{""T_mcmc"": 0.05021528037835243, ""burnin_fraction"": 0.21939164151847443, ""bw_prior_strength"": 89.80956876532602, ""decoder"": ""soft"", ""emission_mu"": [-0.00946430696609267, 0.0946430696609267, 0.014196460449139003], ""emission_sigma"": [0.05678584179655601, 0.23660767415231673, 0.01892861393218534], ""explore_subsample"": false, ""hmm_window"": 12, ""kde_tau"": 0.006205167444665816, ""n_chains"": 1, ""n_init"": 8, ""orchestrate_every"": 5, ""p_dream"": 0.0, ""rejection_streak"": 24, ""seed"": 2, ""sigma_fraction"": 0.022095999012449814, ""wide_sigma_fraction"": 0.3008503702038378}",,
lcbench_168330,lcbench,FMP,3,200,200,-71.90274047851562,-71.90274047851562,71.90274047851562,,True,1.7575070000020787,0.1358285998867359,1.7729468000034103,10400.0,1.6216784001153428,71.90274047851562,200.0,-71.90274047851562,0.4739583333333333,0.0,0.0,0.0,36.0,1.7572559999971418,0.15866780007490888,1.5985881999222329,0.5260416666666666,0.49504950495049505,0.4739583333333333,0.45054945054945056,0.0,,"{""T_mcmc"": 0.05021528037835243, ""burnin_fraction"": 0.21939164151847443, ""bw_prior_strength"": 89.80956876532602, ""decoder"": ""soft"", ""emission_mu"": [-0.00946430696609267, 0.0946430696609267, 0.014196460449139003], ""emission_sigma"": [0.05678584179655601, 0.23660767415231673, 0.01892861393218534], ""explore_subsample"": false, ""hmm_window"": 12, ""kde_tau"": 0.006205167444665816, ""n_chains"": 1, ""n_init"": 8, ""orchestrate_every"": 5, ""p_dream"": 0.0, ""rejection_streak"": 24, ""seed"": 3, ""sigma_fraction"": 0.022095999012449814, ""wide_sigma_fraction"": 0.3008503702038378}",,
lcbench_168330,lcbench,FMP,4,200,200,-73.66825866699219,-73.66825866699219,73.66825866699219,,True,1.9521849999873666,0.15813030001299921,1.9667103000101633,10400.0,1.7940546999743674,73.66825866699219,200.0,-73.66825866699219,0.5104166666666666,0.0,0.0,0.0,36.0,1.9519378999975743,0.18775169996661134,1.764186200030963,0.5729166666666666,0.5181818181818182,0.4270833333333333,0.5,0.0,,"{""T_mcmc"": 0.05021528037835243, ""burnin_fraction"": 0.21939164151847443, ""bw_prior_strength"": 89.80956876532602, ""decoder"": ""soft"", ""emission_mu"": [-0.00946430696609267, 0.0946430696609267, 0.014196460449139003], ""emission_sigma"": [0.05678584179655601, 0.23660767415231673, 0.01892861393218534], ""explore_subsample"": false, ""hmm_window"": 12, ""kde_tau"": 0.006205167444665816, ""n_chains"": 1, ""n_init"": 8, ""orchestrate_every"": 5, ""p_dream"": 0.0, ""rejection_streak"": 24, ""seed"": 4, ""sigma_fraction"": 0.022095999012449814, ""wide_sigma_fraction"": 0.3008503702038378}",,
lcbench_168330,lcbench,FMP,5,200,200,-72.29493713378906,-72.29493713378906,72.29493713378906,,True,1.5154607000004034,0.12610740003583487,1.530219499996747,10400.0,1.3893532999645686,72.29493713378906,200.0,-72.29493713378906,0.515625,0.0,0.0,0.0,36.0,1.5151460000051884,0.14439730007143226,1.3707486999337561,0.5364583333333334,0.5339805825242718,0.4635416666666667,0.4943820224719101,0.0,,"{""T_mcmc"": 0.05021528037835243, ""burnin_fraction"": 0.21939164151847443, ""bw_prior_strength"": 89.80956876532602, ""decoder"": ""soft"", ""emission_mu"": [-0.00946430696609267, 0.0946430696609267, 0.014196460449139003], ""emission_sigma"": [0.05678584179655601, 0.23660767415231673, 0.01892861393218534], ""explore_subsample"": false, ""hmm_window"": 12, ""kde_tau"": 0.006205167444665816, ""n_chains"": 1, ""n_init"": 8, ""orchestrate_every"": 5, ""p_dream"": 0.0, ""rejection_streak"": 24, ""seed"": 5, ""sigma_fraction"": 0.022095999012449814, ""wide_sigma_fraction"": 0.3008503702038378}",,
lcbench_168330,lcbench,FMP,6,200,200,-74.63422393798828,-74.63422393798828,74.63422393798828,,True,1.944579100003466,0.16199550004967023,1.9625243000045884,10400.0,1.7825835999537958,74.63422393798828,200.0,-74.63422393798828,0.4635416666666667,0.0,0.0,0.0,36.0,1.9443385000049602,0.18646620005893055,1.7578722999460297,0.5416666666666666,0.5288461538461539,0.4583333333333333,0.38636363636363635,0.0,,"{""T_mcmc"": 0.05021528037835243, ""burnin_fraction"": 0.21939164151847443, ""bw_prior_strength"": 89.80956876532602, ""decoder"": ""soft"", ""emission_mu"": [-0.00946430696609267, 0.0946430696609267, 0.014196460449139003], ""emission_sigma"": [0.05678584179655601, 0.23660767415231673, 0.01892861393218534], ""explore_subsample"": false, ""hmm_window"": 12, ""kde_tau"": 0.006205167444665816, ""n_chains"": 1, ""n_init"": 8, ""orchestrate_every"": 5, ""p_dream"": 0.0, ""rejection_streak"": 24, ""seed"": 6, ""sigma_fraction"": 0.022095999012449814, ""wide_sigma_fraction"": 0.3008503702038378}",,
lcbench_168330,lcbench,FMP,7,200,200,-70.12252807617188,-70.12252807617188,70.12252807617188,,True,1.4631260000023758,0.13227429977268912,1.4788913000083994,10400.0,1.3308517002296867,70.12252807617188,200.0,-70.12252807617188,0.546875,0.0,0.0,0.0,36.0,1.4628859000076773,0.1495096999569796,1.3133762000506977,0.578125,0.5765765765765766,0.421875,0.5061728395061729,0.0,,"{""T_mcmc"": 0.05021528037835243, ""burnin_fraction"": 0.21939164151847443, ""bw_prior_strength"": 89.80956876532602, ""decoder"": ""soft"", ""emission_mu"": [-0.00946430696609267, 0.0946430696609267, 0.014196460449139003], ""emission_sigma"": [0.05678584179655601, 0.23660767415231673, 0.01892861393218534], ""explore_subsample"": false, ""hmm_window"": 12, ""kde_tau"": 0.006205167444665816, ""n_chains"": 1, ""n_init"": 8, ""orchestrate_every"": 5, ""p_dream"": 0.0, ""rejection_streak"": 24, ""seed"": 7, ""sigma_fraction"": 0.022095999012449814, ""wide_sigma_fraction"": 0.3008503702038378}",,
lcbench_168330,lcbench,FMP,8,200,200,-75.4828872680664,-75.4828872680664,75.4828872680664,,True,1.413778200003435,0.12859020003816113,1.439312600006815,10400.0,1.2851879999652738,75.4828872680664,200.0,-75.4828872680664,0.4739583333333333,0.0,0.0,0.0,36.0,1.4135337000043364,0.14590829992084764,1.2676254000834888,0.5208333333333334,0.47,0.4791666666666667,0.4782608695652174,0.0,,"{""T_mcmc"": 0.05021528037835243, ""burnin_fraction"": 0.21939164151847443, ""bw_prior_strength"": 89.80956876532602, ""decoder"": ""soft"", ""emission_mu"": [-0.00946430696609267, 0.0946430696609267, 0.014196460449139003], ""emission_sigma"": [0.05678584179655601, 0.23660767415231673, 0.01892861393218534], ""explore_subsample"": false, ""hmm_window"": 12, ""kde_tau"": 0.006205167444665816, ""n_chains"": 1, ""n_init"": 8, ""orchestrate_every"": 5, ""p_dream"": 0.0, ""rejection_streak"": 24, ""seed"": 8, ""sigma_fraction"": 0.022095999012449814, ""wide_sigma_fraction"": 0.3008503702038378}",,
lcbench_168330,lcbench,FMP,9,200,200,-70.9611587524414,-70.9611587524414,70.9611587524414,,True,1.5626393999991706,0.14534340004320256,1.5844497000070987,10400.0,1.417295999955968,70.9611587524414,200.0,-70.9611587524414,0.5208333333333334,0.0,0.0,0.0,36.0,1.5623950000008335,0.16778679998242296,1.3946082000184106,0.609375,0.5470085470085471,0.390625,0.48,0.0,,"{""T_mcmc"": 0.05021528037835243, ""burnin_fraction"": 0.21939164151847443, ""bw_prior_strength"": 89.80956876532602, ""decoder"": ""soft"", ""emission_mu"": [-0.00946430696609267, 0.0946430696609267, 0.014196460449139003], ""emission_sigma"": [0.05678584179655601, 0.23660767415231673, 0.01892861393218534], ""explore_subsample"": false, ""hmm_window"": 12, ""kde_tau"": 0.006205167444665816, ""n_chains"": 1, ""n_init"": 8, ""orchestrate_every"": 5, ""p_dream"": 0.0, ""rejection_streak"": 24, ""seed"": 9, ""sigma_fraction"": 0.022095999012449814, ""wide_sigma_fraction"": 0.3008503702038378}",,
lcbench_168330,lcbench,FMP,10,200,200,-69.48121643066406,-69.48121643066406,69.48121643066406,,True,1.4261818999948446,0.12057479994837195,1.4400605000118958,10400.0,1.3056071000464726,69.48121643066406,200.0,-69.48121643066406,0.5,0.0,0.0,0.0,36.0,1.4259480000037001,0.14153870004520286,1.2844092999584973,0.5572916666666666,0.5420560747663551,0.4427083333333333,0.4470588235294118,0.0,,"{""T_mcmc"": 0.05021528037835243, ""burnin_fraction"": 0.21939164151847443, ""bw_prior_strength"": 89.80956876532602, ""decoder"": ""soft"", ""emission_mu"": [-0.00946430696609267, 0.0946430696609267, 0.014196460449139003], ""emission_sigma"": [0.05678584179655601, 0.23660767415231673, 0.01892861393218534], ""explore_subsample"": false, ""hmm_window"": 12, ""kde_tau"": 0.006205167444665816, ""n_chains"": 1, ""n_init"": 8, ""orchestrate_every"": 5, ""p_dream"": 0.0, ""rejection_streak"": 24, ""seed"": 10, ""sigma_fraction"": 0.022095999012449814, ""wide_sigma_fraction"": 0.3008503702038378}",,
lcbench_168330,lcbench,FMP,11,200,200,-69.42200469970703,-69.42200469970703,69.42200469970703,,True,1.4113594999944326,0.12282660003984347,1.4266857000038726,10400.0,1.288532899954589,69.42200469970703,200.0,-69.42200469970703,0.5208333333333334,0.0,0.0,0.0,36.0,1.4105345999996644,0.14209960000880528,1.268434999990859,0.609375,0.5641025641025641,0.390625,0.4533333333333333,0.0,,"{""T_mcmc"": 0.05021528037835243, ""burnin_fraction"": 0.21939164151847443, ""bw_prior_strength"": 89.80956876532602, ""decoder"": ""soft"", ""emission_mu"": [-0.00946430696609267, 0.0946430696609267, 0.014196460449139003], ""emission_sigma"": [0.05678584179655601, 0.23660767415231673, 0.01892861393218534], ""explore_subsample"": false, ""hmm_window"": 12, ""kde_tau"": 0.006205167444665816, ""n_chains"": 1, ""n_init"": 8, ""orchestrate_every"": 5, ""p_dream"": 0.0, ""rejection_streak"": 24, ""seed"": 11, ""sigma_fraction"": 0.022095999012449814, ""wide_sigma_fraction"": 0.3008503702038378}",,
lcbench_168330,lcbench,FMP,12,200,200,-72.22533416748047,-72.22533416748047,72.22533416748047,,True,1.4133082000043942,0.1286724000237882,1.4291568000044208,10400.0,1.284635799980606,72.22533416748047,200.0,-72.22533416748047,0.5052083333333334,0.0,0.0,0.0,36.0,1.4130699000088498,0.1469696000276599,1.26610029998119,0.5416666666666666,0.5480769230769231,0.4583333333333333,0.45454545454545453,0.0,,"{""T_mcmc"": 0.05021528037835243, ""burnin_fraction"": 0.21939164151847443, ""bw_prior_strength"": 89.80956876532602, ""decoder"": ""soft"", ""emission_mu"": [-0.00946430696609267, 0.0946430696609267, 0.014196460449139003], ""emission_sigma"": [0.05678584179655601, 0.23660767415231673, 0.01892861393218534], ""explore_subsample"": false, ""hmm_window"": 12, ""kde_tau"": 0.006205167444665816, ""n_chains"": 1, ""n_init"": 8, ""orchestrate_every"": 5, ""p_dream"": 0.0, ""rejection_streak"": 24, ""seed"": 12, ""sigma_fraction"": 0.022095999012449814, ""wide_sigma_fraction"": 0.3008503702038378}",,
lcbench_168330,lcbench,FMP,13,200,200,-71.85708618164062,-71.85708618164062,71.85708618164062,,True,1.4492005000065546,0.14359279991185758,1.4711829000007128,10400.0,1.305607700094697,71.85708618164062,200.0,-71.85708618164062,0.5,0.0,0.0,0.0,36.0,1.4489596000057645,0.16168650005420204,1.2872730999515625,0.5625,0.5092592592592593,0.4375,0.4880952380952381,0.0,,"{""T_mcmc"": 0.05021528037835243, ""burnin_fraction"": 0.21939164151847443, ""bw_prior_strength"": 89.80956876532602, ""decoder"": ""soft"", ""emission_mu"": [-0.00946430696609267, 0.0946430696609267, 0.014196460449139003], ""emission_sigma"": [0.05678584179655601, 0.23660767415231673, 0.01892861393218534], ""explore_subsample"": false, ""hmm_window"": 12, ""kde_tau"": 0.006205167444665816, ""n_chains"": 1, ""n_init"": 8, ""orchestrate_every"": 5, ""p_dream"": 0.0, ""rejection_streak"": 24, ""seed"": 13, ""sigma_fraction"": 0.022095999012449814, ""wide_sigma_fraction"": 0.3008503702038378}",,
lcbench_168330,lcbench,FMP,14,200,200,-73.0545425415039,-73.0545425415039,73.0545425415039,,True,1.4359796000062488,0.1276100999530172,1.465411099998164,10400.0,1.3083695000532316,73.0545425415039,200.0,-73.0545425415039,0.421875,0.0,0.0,0.0,36.0,1.4357422000030056,0.14483620005194098,1.2909059999510646,0.53125,0.43137254901960786,0.46875,0.4111111111111111,0.0,,"{""T_mcmc"": 0.05021528037835243, ""burnin_fraction"": 0.21939164151847443, ""bw_prior_strength"": 89.80956876532602, ""decoder"": ""soft"", ""emission_mu"": [-0.00946430696609267, 0.0946430696609267, 0.014196460449139003], ""emission_sigma"": [0.05678584179655601, 0.23660767415231673, 0.01892861393218534], ""explore_subsample"": false, ""hmm_window"": 12, ""kde_tau"": 0.006205167444665816, ""n_chains"": 1, ""n_init"": 8, ""orchestrate_every"": 5, ""p_dream"": 0.0, ""rejection_streak"": 24, ""seed"": 14, ""sigma_fraction"": 0.022095999012449814, ""wide_sigma_fraction"": 0.3008503702038378}",,
lcbench_168330,lcbench,FMP,15,200,200,-75.01141357421875,-75.01141357421875,75.01141357421875,,True,1.423126299996511,0.1287511000118684,1.445902899999055,10400.0,1.2943751999846427,75.01141357421875,200.0,-75.01141357421875,0.5625,0.0,0.0,0.0,36.0,1.4228543000062928,0.14852020007674582,1.274334099929547,0.5677083333333334,0.5871559633027523,0.4322916666666667,0.5301204819277109,0.0,,"{""T_mcmc"": 0.05021528037835243, ""burnin_fraction"": 0.21939164151847443, ""bw_prior_strength"": 89.80956876532602, ""decoder"": ""soft"", ""emission_mu"": [-0.00946430696609267, 0.0946430696609267, 0.014196460449139003], ""emission_sigma"": [0.05678584179655601, 0.23660767415231673, 0.01892861393218534], ""explore_subsample"": false, ""hmm_window"": 12, ""kde_tau"": 0.006205167444665816, ""n_chains"": 1, ""n_init"": 8, ""orchestrate_every"": 5, ""p_dream"": 0.0, ""rejection_streak"": 24, ""seed"": 15, ""sigma_fraction"": 0.022095999012449814, ""wide_sigma_fraction"": 0.3008503702038378}",,
lcbench_168330,lcbench,FMP,16,200,200,-75.2541732788086,-75.2541732788086,75.2541732788086,,True,1.4417418999946676,0.11912689992459491,1.4574780999973882,10400.0,1.3226150000700727,75.2541732788086,200.0,-75.2541732788086,0.5364583333333334,0.0,0.0,0.0,36.0,1.4414982000016607,0.13847410008020233,1.3030240999214584,0.5625,0.5370370370370371,0.4375,0.5357142857142857,0.0,,"{""T_mcmc"": 0.05021528037835243, ""burnin_fraction"": 0.21939164151847443, ""bw_prior_strength"": 89.80956876532602, ""decoder"": ""soft"", ""emission_mu"": [-0.00946430696609267, 0.0946430696609267, 0.014196460449139003], ""emission_sigma"": [0.05678584179655601, 0.23660767415231673, 0.01892861393218534], ""explore_subsample"": false, ""hmm_window"": 12, ""kde_tau"": 0.006205167444665816, ""n_chains"": 1, ""n_init"": 8, ""orchestrate_every"": 5, ""p_dream"": 0.0, ""rejection_streak"": 24, ""seed"": 16, ""sigma_fraction"": 0.022095999012449814, ""wide_sigma_fraction"": 0.3008503702038378}",,
lcbench_168330,lcbench,FMP,17,200,200,-73.9319076538086,-73.9319076538086,73.9319076538086,,True,1.2947553999983938,0.11963319993810728,1.3095599999942351,10400.0,1.1751222000602866,73.9319076538086,200.0,-73.9319076538086,0.6041666666666666,0.0,0.0,0.0,36.0,1.2945140000083484,0.13702829998510424,1.1574857000232441,0.6145833333333334,0.6271186440677966,0.3854166666666667,0.5675675675675675,0.0,,"{""T_mcmc"": 0.05021528037835243, ""burnin_fraction"": 0.21939164151847443, ""bw_prior_strength"": 89.80956876532602, ""decoder"": ""soft"", ""emission_mu"": [-0.00946430696609267, 0.0946430696609267, 0.014196460449139003], ""emission_sigma"": [0.05678584179655601, 0.23660767415231673, 0.01892861393218534], ""explore_subsample"": false, ""hmm_window"": 12, ""kde_tau"": 0.006205167444665816, ""n_chains"": 1, ""n_init"": 8, ""orchestrate_every"": 5, ""p_dream"": 0.0, ""rejection_streak"": 24, ""seed"": 17, ""sigma_fraction"": 0.022095999012449814, ""wide_sigma_fraction"": 0.3008503702038378}",,
lcbench_168330,lcbench,FMP,18,200,200,-72.79624938964844,-72.79624938964844,72.79624938964844,,True,1.3916930999985198,0.12259820014878642,1.4055250999954296,10400.0,1.2690948998497333,72.79624938964844,200.0,-72.79624938964844,0.515625,0.0,0.0,0.0,36.0,1.3914607000042452,0.13954309998371173,1.2519176000205334,0.5625,0.49074074074074076,0.4375,0.5476190476190477,0.0,,"{""T_mcmc"": 0.05021528037835243, ""burnin_fraction"": 0.21939164151847443, ""bw_prior_strength"": 89.80956876532602, ""decoder"": ""soft"", ""emission_mu"": [-0.00946430696609267, 0.0946430696609267, 0.014196460449139003], ""emission_sigma"": [0.05678584179655601, 0.23660767415231673, 0.01892861393218534], ""explore_subsample"": false, ""hmm_window"": 12, ""kde_tau"": 0.006205167444665816, ""n_chains"": 1, ""n_init"": 8, ""orchestrate_every"": 5, ""p_dream"": 0.0, ""rejection_streak"": 24, ""seed"": 18, ""sigma_fraction"": 0.022095999012449814, ""wide_sigma_fraction"": 0.3008503702038378}",,
lcbench_168330,lcbench,FMP,19,200,200,-71.67010498046875,-71.67010498046875,71.67010498046875,,True,1.4360632000025362,0.12813829991500825,1.453717600001255,10400.0,1.307924900087528,71.67010498046875,200.0,-71.67010498046875,0.4791666666666667,0.0,0.0,0.0,36.0,1.435698399989633,0.1450830000685528,1.29061539992108,0.5364583333333334,0.47572815533980584,0.4635416666666667,0.48314606741573035,0.0,,"{""T_mcmc"": 0.05021528037835243, ""burnin_fraction"": 0.21939164151847443, ""bw_prior_strength"": 89.80956876532602, ""decoder"": ""soft"", ""emission_mu"": [-0.00946430696609267, 0.0946430696609267, 0.014196460449139003], ""emission_sigma"": [0.05678584179655601, 0.23660767415231673, 0.01892861393218534], ""explore_subsample"": false, ""hmm_window"": 12, ""kde_tau"": 0.006205167444665816, ""n_chains"": 1, ""n_init"": 8, ""orchestrate_every"": 5, ""p_dream"": 0.0, ""rejection_streak"": 24, ""seed"": 19, ""sigma_fraction"": 0.022095999012449814, ""wide_sigma_fraction"": 0.3008503702038378}",,
lcbench_168330,lcbench,FMP_DREAM,0,200,200,-68.45987701416016,-68.45987701416016,68.45987701416016,,True,1.2083510000084061,0.12929260003147647,1.2229135999950813,10400.0,1.0790583999769296,68.45987701416016,200.0,-68.45987701416016,0.19270833333333334,0.7447916666666666,0.0,0.0,36.0,1.2081248999893432,0.15317050000885502,1.0549543999804882,0.22916666666666666,0.20454545454545456,0.7708333333333334,0.1891891891891892,0.0,,"{""T_mcmc"": 0.05021528037835243, ""burnin_fraction"": 0.21939164151847443, ""bw_prior_strength"": 89.80956876532602, ""decoder"": ""soft"", ""emission_mu"": [-0.00946430696609267, 0.0946430696609267, 0.014196460449139003], ""emission_sigma"": [0.05678584179655601, 0.23660767415231673, 0.01892861393218534], ""explore_subsample"": false, ""hmm_window"": 12, ""kde_tau"": 0.006205167444665816, ""n_chains"": 1, ""n_init"": 8, ""orchestrate_every"": 5, ""p_dream"": 0.7412354684077219, ""rejection_streak"": 24, ""seed"": 0, ""sigma_fraction"": 0.022095999012449814, ""wide_sigma_fraction"": 0.3008503702038378}",,
lcbench_168330,lcbench,FMP_DREAM,1,200,200,-75.36952209472656,-75.36952209472656,75.36952209472656,,True,1.201654199991026,0.12307229993166402,1.2185734999948181,10400.0,1.078581900059362,75.36952209472656,200.0,-75.36952209472656,0.19791666666666666,0.71875,0.0,0.0,36.0,1.2014046000113012,0.1454254998388933,1.055979100172408,0.296875,0.19298245614035087,0.703125,0.2,0.0,,"{""T_mcmc"": 0.05021528037835243, ""burnin_fraction"": 0.21939164151847443, ""bw_prior_strength"": 89.80956876532602, ""decoder"": ""soft"", ""emission_mu"": [-0.00946430696609267, 0.0946430696609267, 0.014196460449139003], ""emission_sigma"": [0.05678584179655601, 0.23660767415231673, 0.01892861393218534], ""explore_subsample"": false, ""hmm_window"": 12, ""kde_tau"": 0.006205167444665816, ""n_chains"": 1, ""n_init"": 8, ""orchestrate_every"": 5, ""p_dream"": 0.7412354684077219, ""rejection_streak"": 24, ""seed"": 1, ""sigma_fraction"": 0.022095999012449814, ""wide_sigma_fraction"": 0.3008503702038378}",,
lcbench_168330,lcbench,FMP_DREAM,2,200,200,-70.08562469482422,-70.08562469482422,70.08562469482422,,True,1.1267473000043537,0.12412020000920165,1.1422535000019707,10400.0,1.002627099995152,70.08562469482422,200.0,-70.08562469482422,0.13541666666666666,0.7760416666666666,0.0,0.0,36.0,1.1264541999989888,0.1448940000263974,0.9815601999725914,0.17708333333333334,0.23529411764705882,0.8229166666666666,0.11392405063291139,0.0,,"{""T_mcmc"": 0.05021528037835243, ""burnin_fraction"": 0.21939164151847443, ""bw_prior_strength"": 89.80956876532602, ""decoder"": ""soft"", ""emission_mu"": [-0.00946430696609267, 0.0946430696609267, 0.014196460449139003], ""emission_sigma"": [0.05678584179655601, 0.23660767415231673, 0.01892861393218534], ""explore_subsample"": false, ""hmm_window"": 12, ""kde_tau"": 0.006205167444665816, ""n_chains"": 1, ""n_init"": 8, ""orchestrate_every"": 5, ""p_dream"": 0.7412354684077219, ""rejection_streak"": 24, ""seed"": 2, ""sigma_fraction"": 0.022095999012449814, ""wide_sigma_fraction"": 0.3008503702038378}",,
lcbench_168330,lcbench,FMP_DREAM,3,200,200,-74.4404525756836,-74.4404525756836,74.4404525756836,,True,1.1318430999963311,0.12283620004018303,1.1542409999965457,10400.0,1.0090068999561481,74.4404525756836,200.0,-74.4404525756836,0.19791666666666666,0.7760416666666666,0.0,0.0,36.0,1.1315994000033243,0.1418507999915164,0.9897486000118079,0.22395833333333334,0.16279069767441862,0.7760416666666666,0.2080536912751678,0.0,,"{""T_mcmc"": 0.05021528037835243, ""burnin_fraction"": 0.21939164151847443, ""bw_prior_strength"": 89.80956876532602, ""decoder"": ""soft"", ""emission_mu"": [-0.00946430696609267, 0.0946430696609267, 0.014196460449139003], ""emission_sigma"": [0.05678584179655601, 0.23660767415231673, 0.01892861393218534], ""explore_subsample"": false, ""hmm_window"": 12, ""kde_tau"": 0.006205167444665816, ""n_chains"": 1, ""n_init"": 8, ""orchestrate_every"": 5, ""p_dream"": 0.7412354684077219, ""rejection_streak"": 24, ""seed"": 3, ""sigma_fraction"": 0.022095999012449814, ""wide_sigma_fraction"": 0.3008503702038378}",,
lcbench_168330,lcbench,FMP_DREAM,4,200,200,-74.5571060180664,-74.5571060180664,74.5571060180664,,True,1.193045499996515,0.12991859998146538,1.2078552000020863,10400.0,1.0631269000150496,74.5571060180664,200.0,-74.5571060180664,0.1875,0.7604166666666666,0.0,0.0,36.0,1.1927973000128986,0.14863090000289958,1.044166400009999,0.22395833333333334,0.23255813953488372,0.7760416666666666,0.174496644295302,0.0,,"{""T_mcmc"": 0.05021528037835243, ""burnin_fraction"": 0.21939164151847443, ""bw_prior_strength"": 89.80956876532602, ""decoder"": ""soft"", ""emission_mu"": [-0.00946430696609267, 0.0946430696609267, 0.014196460449139003], ""emission_sigma"": [0.05678584179655601, 0.23660767415231673, 0.01892861393218534], ""explore_subsample"": false, ""hmm_window"": 12, ""kde_tau"": 0.006205167444665816, ""n_chains"": 1, ""n_init"": 8, ""orchestrate_every"": 5, ""p_dream"": 0.7412354684077219, ""rejection_streak"": 24, ""seed"": 4, ""sigma_fraction"": 0.022095999012449814, ""wide_sigma_fraction"": 0.3008503702038378}",,
lcbench_168330,lcbench,FMP_DREAM,5,200,200,-74.53179931640625,-74.53179931640625,74.53179931640625,,True,1.163959600002272,0.12888049994944595,1.1810095999971963,10400.0,1.035079100052826,74.53179931640625,200.0,-74.53179931640625,0.24479166666666666,0.7604166666666666,0.0,0.0,36.0,1.1636431000079028,0.1506496999936644,1.0129934000142384,0.3072916666666667,0.23728813559322035,0.6927083333333334,0.24812030075187969,0.0,,"{""T_mcmc"": 0.05021528037835243, ""burnin_fraction"": 0.21939164151847443, ""bw_prior_strength"": 89.80956876532602, ""decoder"": ""soft"", ""emission_mu"": [-0.00946430696609267, 0.0946430696609267, 0.014196460449139003], ""emission_sigma"": [0.05678584179655601, 0.23660767415231673, 0.01892861393218534], ""explore_subsample"": false, ""hmm_window"": 12, ""kde_tau"": 0.006205167444665816, ""n_chains"": 1, ""n_init"": 8, ""orchestrate_every"": 5, ""p_dream"": 0.7412354684077219, ""rejection_streak"": 24, ""seed"": 5, ""sigma_fraction"": 0.022095999012449814, ""wide_sigma_fraction"": 0.3008503702038378}",,
lcbench_168330,lcbench,FMP_DREAM,6,200,200,-73.9255599975586,-73.9255599975586,73.9255599975586,,True,1.050589000005857,0.11459399999876041,1.0647905999940122,10400.0,0.9359950000070967,73.9255599975586,200.0,-73.9255599975586,0.18229166666666666,0.78125,0.0,0.0,36.0,1.0503692999918712,0.13267279996944126,0.91769650002243,0.20833333333333334,0.3,0.7760416666666666,0.1476510067114094,0.015625,0.3333333333333333,"{""T_mcmc"": 0.05021528037835243, ""burnin_fraction"": 0.21939164151847443, ""bw_prior_strength"": 89.80956876532602, ""decoder"": ""soft"", ""emission_mu"": [-0.00946430696609267, 0.0946430696609267, 0.014196460449139003], ""emission_sigma"": [0.05678584179655601, 0.23660767415231673, 0.01892861393218534], ""explore_subsample"": false, ""hmm_window"": 12, ""kde_tau"": 0.006205167444665816, ""n_chains"": 1, ""n_init"": 8, ""orchestrate_every"": 5, ""p_dream"": 0.7412354684077219, ""rejection_streak"": 24, ""seed"": 6, ""sigma_fraction"": 0.022095999012449814, ""wide_sigma_fraction"": 0.3008503702038378}",,
lcbench_168330,lcbench,FMP_DREAM,7,200,200,-75.88172912597656,-75.88172912597656,75.88172912597656,,True,1.088682500005234,0.11514489997352939,1.1058018000039738,10400.0,0.9735376000317046,75.88172912597656,200.0,-75.88172912597656,0.25,0.734375,0.0,0.0,36.0,1.0884415000036824,0.1319331000704551,0.9565083999332273,0.3802083333333333,0.273972602739726,0.6197916666666666,0.23529411764705882,0.0,,"{""T_mcmc"": 0.05021528037835243, ""burnin_fraction"": 0.21939164151847443, ""bw_prior_strength"": 89.80956876532602, ""decoder"": ""soft"", ""emission_mu"": [-0.00946430696609267, 0.0946430696609267, 0.014196460449139003], ""emission_sigma"": [0.05678584179655601, 0.23660767415231673, 0.01892861393218534], ""explore_subsample"": false, ""hmm_window"": 12, ""kde_tau"": 0.006205167444665816, ""n_chains"": 1, ""n_init"": 8, ""orchestrate_every"": 5, ""p_dream"": 0.7412354684077219, ""rejection_streak"": 24, ""seed"": 7, ""sigma_fraction"": 0.022095999012449814, ""wide_sigma_fraction"": 0.3008503702038378}",,
lcbench_168330,lcbench,FMP_DREAM,8,200,200,-75.31261444091797,-75.31261444091797,75.31261444091797,,True,1.143505500003812,0.1269722001889022,1.1673920999892289,10400.0,1.0165332998149097,75.31261444091797,200.0,-75.31261444091797,0.16666666666666666,0.7604166666666666,0.0,0.0,36.0,1.1432311999960802,0.14427889992657583,0.9989523000695044,0.3541666666666667,0.14705882352941177,0.640625,0.17073170731707318,0.005208333333333333,1.0,"{""T_mcmc"": 0.05021528037835243, ""burnin_fraction"": 0.21939164151847443, ""bw_prior_strength"": 89.80956876532602, ""decoder"": ""soft"", ""emission_mu"": [-0.00946430696609267, 0.0946430696609267, 0.014196460449139003], ""emission_sigma"": [0.05678584179655601, 0.23660767415231673, 0.01892861393218534], ""explore_subsample"": false, ""hmm_window"": 12, ""kde_tau"": 0.006205167444665816, ""n_chains"": 1, ""n_init"": 8, ""orchestrate_every"": 5, ""p_dream"": 0.7412354684077219, ""rejection_streak"": 24, ""seed"": 8, ""sigma_fraction"": 0.022095999012449814, ""wide_sigma_fraction"": 0.3008503702038378}",,
lcbench_168330,lcbench,FMP_DREAM,9,200,200,-75.42201232910156,-75.42201232910156,75.42201232910156,,True,1.0889435999997659,0.11144909998984076,1.1044241000054171,10400.0,0.9774945000099251,75.42201232910156,200.0,-75.42201232910156,0.2552083333333333,0.75,0.0,0.0,36.0,1.0887105000001611,0.12979510003060568,0.9589153999695554,0.296875,0.24561403508771928,0.6979166666666666,0.2537313432835821,0.005208333333333333,1.0,"{""T_mcmc"": 0.05021528037835243, ""burnin_fraction"": 0.21939164151847443, ""bw_prior_strength"": 89.80956876532602, ""decoder"": ""soft"", ""emission_mu"": [-0.00946430696609267, 0.0946430696609267, 0.014196460449139003], ""emission_sigma"": [0.05678584179655601, 0.23660767415231673, 0.01892861393218534], ""explore_subsample"": false, ""hmm_window"": 12, ""kde_tau"": 0.006205167444665816, ""n_chains"": 1, ""n_init"": 8, ""orchestrate_every"": 5, ""p_dream"": 0.7412354684077219, ""rejection_streak"": 24, ""seed"": 9, ""sigma_fraction"": 0.022095999012449814, ""wide_sigma_fraction"": 0.3008503702038378}",,
lcbench_168330,lcbench,FMP_DREAM,10,200,200,-75.03860473632812,-75.03860473632812,75.03860473632812,,True,1.0543407000077423,0.12022359993716236,1.071967500000028,10400.0,0.9341171000705799,75.03860473632812,200.0,-75.03860473632812,0.19270833333333334,0.8072916666666666,0.0,0.0,36.0,1.0540826999931596,0.1378793999174377,0.9162033000757219,0.21354166666666666,0.1951219512195122,0.78125,0.18666666666666668,0.005208333333333333,1.0,"{""T_mcmc"": 0.05021528037835243, ""burnin_fraction"": 0.21939164151847443, ""bw_prior_strength"": 89.80956876532602, ""decoder"": ""soft"", ""emission_mu"": [-0.00946430696609267, 0.0946430696609267, 0.014196460449139003], ""emission_sigma"": [0.05678584179655601, 0.23660767415231673, 0.01892861393218534], ""explore_subsample"": false, ""hmm_window"": 12, ""kde_tau"": 0.006205167444665816, ""n_chains"": 1, ""n_init"": 8, ""orchestrate_every"": 5, ""p_dream"": 0.7412354684077219, ""rejection_streak"": 24, ""seed"": 10, ""sigma_fraction"": 0.022095999012449814, ""wide_sigma_fraction"": 0.3008503702038378}",,
lcbench_168330,lcbench,FMP_DREAM,11,200,200,-73.29236602783203,-73.29236602783203,73.29236602783203,,True,1.1127403999998933,0.12427289989136625,1.127466200006893,10400.0,0.988467500108527,73.29236602783203,200.0,-73.29236602783203,0.20833333333333334,0.75,0.0,0.0,36.0,1.1124742000101833,0.14336750010261312,0.9691066999075701,0.24479166666666666,0.2553191489361702,0.7552083333333334,0.19310344827586207,0.0,,"{""T_mcmc"": 0.05021528037835243, ""burnin_fraction"": 0.21939164151847443, ""bw_prior_strength"": 89.80956876532602, ""decoder"": ""soft"", ""emission_mu"": [-0.00946430696609267, 0.0946430696609267, 0.014196460449139003], ""emission_sigma"": [0.05678584179655601, 0.23660767415231673, 0.01892861393218534], ""explore_subsample"": false, ""hmm_window"": 12, ""kde_tau"": 0.006205167444665816, ""n_chains"": 1, ""n_init"": 8, ""orchestrate_every"": 5, ""p_dream"": 0.7412354684077219, ""rejection_streak"": 24, ""seed"": 11, ""sigma_fraction"": 0.022095999012449814, ""wide_sigma_fraction"": 0.3008503702038378}",,
lcbench_168330,lcbench,FMP_DREAM,12,200,200,-75.4563980102539,-75.4563980102539,75.4563980102539,,True,1.079165799994371,0.12039169999479782,1.096228099995642,10400.0,0.9587740999995731,75.4563980102539,200.0,-75.4563980102539,0.15625,0.7552083333333334,0.0,0.0,36.0,1.0789496999932453,0.13818810009979643,0.9407615998934489,0.20833333333333334,0.225,0.7916666666666666,0.13815789473684212,0.0,,"{""T_mcmc"": 0.05021528037835243, ""burnin_fraction"": 0.21939164151847443, ""bw_prior_strength"": 89.80956876532602, ""decoder"": ""soft"", ""emission_mu"": [-0.00946430696609267, 0.0946430696609267, 0.014196460449139003], ""emission_sigma"": [0.05678584179655601, 0.23660767415231673, 0.01892861393218534], ""explore_subsample"": false, ""hmm_window"": 12, ""kde_tau"": 0.006205167444665816, ""n_chains"": 1, ""n_init"": 8, ""orchestrate_every"": 5, ""p_dream"": 0.7412354684077219, ""rejection_streak"": 24, ""seed"": 12, ""sigma_fraction"": 0.022095999012449814, ""wide_sigma_fraction"": 0.3008503702038378}",,
lcbench_168330,lcbench,FMP_DREAM,13,200,200,-70.857421875,-70.857421875,70.857421875,,True,1.0236230000009527,0.11049930007720832,1.036927499997546,10400.0,0.9131236999237444,70.857421875,200.0,-70.857421875,0.21354166666666666,0.7447916666666666,0.0,0.0,36.0,1.023396300006425,0.12789970001904294,0.8954965999873821,0.21354166666666666,0.24390243902439024,0.7708333333333334,0.20270270270270271,0.015625,0.3333333333333333,"{""T_mcmc"": 0.05021528037835243, ""burnin_fraction"": 0.21939164151847443, ""bw_prior_strength"": 89.80956876532602, ""decoder"": ""soft"", ""emission_mu"": [-0.00946430696609267, 0.0946430696609267, 0.014196460449139003], ""emission_sigma"": [0.05678584179655601, 0.23660767415231673, 0.01892861393218534], ""explore_subsample"": false, ""hmm_window"": 12, ""kde_tau"": 0.006205167444665816, ""n_chains"": 1, ""n_init"": 8, ""orchestrate_every"": 5, ""p_dream"": 0.7412354684077219, ""rejection_streak"": 24, ""seed"": 13, ""sigma_fraction"": 0.022095999012449814, ""wide_sigma_fraction"": 0.3008503702038378}",,
lcbench_168330,lcbench,FMP_DREAM,14,200,200,-75.14086151123047,-75.14086151123047,75.14086151123047,,True,1.0279568000114523,0.11676100004115142,1.0427151000039885,10400.0,0.9111957999703009,75.14086151123047,200.0,-75.14086151123047,0.24479166666666666,0.796875,0.0,0.0,36.0,1.0277105999994092,0.13415139993594494,0.8935592000634642,0.390625,0.29333333333333333,0.6041666666666666,0.20689655172413793,0.005208333333333333,1.0,"{""T_mcmc"": 0.05021528037835243, ""burnin_fraction"": 0.21939164151847443, ""bw_prior_strength"": 89.80956876532602, ""decoder"": ""soft"", ""emission_mu"": [-0.00946430696609267, 0.0946430696609267, 0.014196460449139003], ""emission_sigma"": [0.05678584179655601, 0.23660767415231673, 0.01892861393218534], ""explore_subsample"": false, ""hmm_window"": 12, ""kde_tau"": 0.006205167444665816, ""n_chains"": 1, ""n_init"": 8, ""orchestrate_every"": 5, ""p_dream"": 0.7412354684077219, ""rejection_streak"": 24, ""seed"": 14, ""sigma_fraction"": 0.022095999012449814, ""wide_sigma_fraction"": 0.3008503702038378}",,
lcbench_168330,lcbench,FMP_DREAM,15,200,200,-73.60308837890625,-73.60308837890625,73.60308837890625,,True,1.0240524000109872,0.11036030000832397,1.0384847999957856,10400.0,0.9136921000026632,73.60308837890625,200.0,-73.60308837890625,0.24479166666666666,0.7760416666666666,0.0,0.0,36.0,1.0238005999999586,0.12852879996353295,0.8952718000364257,0.3333333333333333,0.203125,0.6666666666666666,0.265625,0.0,,"{""T_mcmc"": 0.05021528037835243, ""burnin_fraction"": 0.21939164151847443, ""bw_prior_strength"": 89.80956876532602, ""decoder"": ""soft"", ""emission_mu"": [-0.00946430696609267, 0.0946430696609267, 0.014196460449139003], ""emission_sigma"": [0.05678584179655601, 0.23660767415231673, 0.01892861393218534], ""explore_subsample"": false, ""hmm_window"": 12, ""kde_tau"": 0.006205167444665816, ""n_chains"": 1, ""n_init"": 8, ""orchestrate_every"": 5, ""p_dream"": 0.7412354684077219, ""rejection_streak"": 24, ""seed"": 15, ""sigma_fraction"": 0.022095999012449814, ""wide_sigma_fraction"": 0.3008503702038378}",,
lcbench_168330,lcbench,FMP_DREAM,16,200,200,-68.3643569946289,-68.3643569946289,68.3643569946289,,True,1.0414883999910671,0.1203124000603566,1.0582823000004282,10400.0,0.9211759999307105,68.3643569946289,200.0,-68.3643569946289,0.16145833333333334,0.78125,0.0,0.0,36.0,1.041259000005084,0.137365999922622,0.9038930000824621,0.1875,0.2777777777777778,0.8125,0.1346153846153846,0.0,,"{""T_mcmc"": 0.05021528037835243, ""burnin_fraction"": 0.21939164151847443, ""bw_prior_strength"": 89.80956876532602, ""decoder"": ""soft"", ""emission_mu"": [-0.00946430696609267, 0.0946430696609267, 0.014196460449139003], ""emission_sigma"": [0.05678584179655601, 0.23660767415231673, 0.01892861393218534], ""explore_subsample"": false, ""hmm_window"": 12, ""kde_tau"": 0.006205167444665816, ""n_chains"": 1, ""n_init"": 8, ""orchestrate_every"": 5, ""p_dream"": 0.7412354684077219, ""rejection_streak"": 24, ""seed"": 16, ""sigma_fraction"": 0.022095999012449814, ""wide_sigma_fraction"": 0.3008503702038378}",,
lcbench_168330,lcbench,FMP_DREAM,17,200,200,-74.34098815917969,-74.34098815917969,74.34098815917969,,True,1.0234727999923052,0.10820819990476593,1.0367497999977786,10400.0,0.9152646000875393,74.34098815917969,200.0,-74.34098815917969,0.18229166666666666,0.6927083333333334,0.0,0.0,36.0,1.0232422999979462,0.12456989998463541,0.8986724000133108,0.234375,0.26666666666666666,0.7552083333333334,0.15172413793103448,0.010416666666666666,0.5,"{""T_mcmc"": 0.05021528037835243, ""burnin_fraction"": 0.21939164151847443, ""bw_prior_strength"": 89.80956876532602, ""decoder"": ""soft"", ""emission_mu"": [-0.00946430696609267, 0.0946430696609267, 0.014196460449139003], ""emission_sigma"": [0.05678584179655601, 0.23660767415231673, 0.01892861393218534], ""explore_subsample"": false, ""hmm_window"": 12, ""kde_tau"": 0.006205167444665816, ""n_chains"": 1, ""n_init"": 8, ""orchestrate_every"": 5, ""p_dream"": 0.7412354684077219, ""rejection_streak"": 24, ""seed"": 17, ""sigma_fraction"": 0.022095999012449814, ""wide_sigma_fraction"": 0.3008503702038378}",,
lcbench_168330,lcbench,FMP_DREAM,18,200,200,-74.28145599365234,-74.28145599365234,74.28145599365234,,True,0.9380186000053072,0.10565849991689902,0.9592749000003096,10400.0,0.8323601000884082,74.28145599365234,200.0,-74.28145599365234,0.234375,0.7395833333333334,0.0,0.0,36.0,0.9378110999969067,0.12104480009293184,0.8167662999039749,0.3020833333333333,0.15517241379310345,0.6979166666666666,0.26865671641791045,0.0,,"{""T_mcmc"": 0.05021528037835243, ""burnin_fraction"": 0.21939164151847443, ""bw_prior_strength"": 89.80956876532602, ""decoder"": ""soft"", ""emission_mu"": [-0.00946430696609267, 0.0946430696609267, 0.014196460449139003], ""emission_sigma"": [0.05678584179655601, 0.23660767415231673, 0.01892861393218534], ""explore_subsample"": false, ""hmm_window"": 12, ""kde_tau"": 0.006205167444665816, ""n_chains"": 1, ""n_init"": 8, ""orchestrate_every"": 5, ""p_dream"": 0.7412354684077219, ""rejection_streak"": 24, ""seed"": 18, ""sigma_fraction"": 0.022095999012449814, ""wide_sigma_fraction"": 0.3008503702038378}",,
lcbench_168330,lcbench,FMP_DREAM,19,200,200,-75.39827728271484,-75.39827728271484,75.39827728271484,,True,0.8504134999966482,0.09331089997431263,0.8628545999963535,10400.0,0.7571026000223355,75.39827728271484,200.0,-75.39827728271484,0.25,0.7447916666666666,0.0,0.0,36.0,0.8502044999913778,0.10848409988102503,0.7417204001103528,0.2916666666666667,0.30357142857142855,0.7083333333333334,0.22794117647058823,0.0,,"{""T_mcmc"": 0.05021528037835243, ""burnin_fraction"": 0.21939164151847443, ""bw_prior_strength"": 89.80956876532602, ""decoder"": ""soft"", ""emission_mu"": [-0.00946430696609267, 0.0946430696609267, 0.014196460449139003], ""emission_sigma"": [0.05678584179655601, 0.23660767415231673, 0.01892861393218534], ""explore_subsample"": false, ""hmm_window"": 12, ""kde_tau"": 0.006205167444665816, ""n_chains"": 1, ""n_init"": 8, ""orchestrate_every"": 5, ""p_dream"": 0.7412354684077219, ""rejection_streak"": 24, ""seed"": 19, ""sigma_fraction"": 0.022095999012449814, ""wide_sigma_fraction"": 0.3008503702038378}",,
lcbench_168330,lcbench,GP,0,200,200,-75.77961730957031,-75.77961730957031,75.77961730957031,,True,130.45920269999624,0.14562490006210282,130.47366619999957,10400.0,130.31357779993414,75.77961730957031,,,,,,,,,,,,,,,,,,,
lcbench_168330,lcbench,GP,1,200,200,-72.03836059570312,-72.03836059570312,72.03836059570312,,True,122.96728389999771,0.14958240001578815,122.98081020000245,10400.0,122.81770149998192,72.03836059570312,,,,,,,,,,,,,,,,,,,
lcbench_168330,lcbench,GP,2,200,200,-76.35983276367188,-76.35983276367188,76.35983276367188,,True,123.45268399999622,0.14549370000895578,123.49424809999618,10400.0,123.30719029998727,76.35983276367188,,,,,,,,,,,,,,,,,,,
lcbench_168330,lcbench,GP,3,200,200,-75.815185546875,-75.815185546875,75.815185546875,,True,139.2444039999973,0.15645419997599674,139.2568226000003,10400.0,139.0879498000213,75.815185546875,,,,,,,,,,,,,,,,,,,
lcbench_168330,lcbench,GP,4,200,200,-76.68516540527344,-76.68516540527344,76.68516540527344,,True,138.46068000000378,0.14569960003427695,138.5112889000011,10400.0,138.3149803999695,76.68516540527344,,,,,,,,,,,,,,,,,,,
lcbench_168330,lcbench,GP,5,200,200,-72.040283203125,-72.040283203125,72.040283203125,,True,125.13692839999567,0.15647979995264905,125.15168740000081,10400.0,124.98044860004302,72.040283203125,,,,,,,,,,,,,,,,,,,
lcbench_168330,lcbench,GP,6,200,200,-76.65621185302734,-76.65621185302734,76.65621185302734,,True,119.55944789999921,0.1496200000619865,119.57249389999924,10400.0,119.40982789993723,76.65621185302734,,,,,,,,,,,,,,,,,,,
lcbench_168330,lcbench,GP,7,200,200,-72.16722106933594,-72.16722106933594,72.16722106933594,,True,127.4505336000002,0.15082400002575014,127.46128429999953,10400.0,127.29970959997445,72.16722106933594,,,,,,,,,,,,,,,,,,,
lcbench_168330,lcbench,GP,8,200,200,-75.81720733642578,-75.81720733642578,75.81720733642578,,True,131.76493469999696,0.14360979999037227,131.8112359000006,10400.0,131.62132490000658,75.81720733642578,,,,,,,,,,,,,,,,,,,
lcbench_168330,lcbench,GP,9,200,200,-76.71969604492188,-76.71969604492188,76.71969604492188,,True,128.69818800000212,0.15894019994448172,128.71243150000373,10400.0,128.53924780005764,76.71969604492188,,,,,,,,,,,,,,,,,,,
lcbench_168330,lcbench,GP,10,200,200,-76.7155990600586,-76.7155990600586,76.7155990600586,,True,127.74927870000101,0.14460589999362128,127.76133420000406,10400.0,127.60467280000739,76.7155990600586,,,,,,,,,,,,,,,,,,,
lcbench_168330,lcbench,GP,11,200,200,-72.04096984863281,-72.04096984863281,72.04096984863281,,True,111.32052960000146,0.1478558000162593,111.33416569999827,10400.0,111.1726737999852,72.04096984863281,,,,,,,,,,,,,,,,,,,
lcbench_168330,lcbench,GP,12,200,200,-75.8575668334961,-75.8575668334961,75.8575668334961,,True,127.64059889999771,0.14575070001592394,127.65399320000142,10400.0,127.49484819998179,75.8575668334961,,,,,,,,,,,,,,,,,,,
lcbench_168330,lcbench,GP,13,200,200,-76.71910858154297,-76.71910858154297,76.71910858154297,,True,122.48179789999995,0.15072839997446863,122.49460620000173,10400.0,122.33106950002548,76.71910858154297,,,,,,,,,,,,,,,,,,,
lcbench_168330,lcbench,GP,14,200,200,-76.2918472290039,-76.2918472290039,76.2918472290039,,True,133.22657150000305,0.14398120000987547,133.23736030000146,10400.0,133.08259029999317,76.2918472290039,,,,,,,,,,,,,,,,,,,
lcbench_168330,lcbench,GP,15,200,200,-72.04110717773438,-72.04110717773438,72.04110717773438,,True,104.13997400000517,0.15293739991466282,104.15235939999548,10400.0,103.9870366000905,72.04110717773438,,,,,,,,,,,,,,,,,,,
lcbench_168330,lcbench,GP,16,200,200,-76.18801879882812,-76.18801879882812,76.18801879882812,,True,126.16012350000528,0.15470559999812394,126.17173250000633,10400.0,126.00541790000716,76.18801879882812,,,,,,,,,,,,,,,,,,,
lcbench_168330,lcbench,GP,17,200,200,-75.43855285644531,-75.43855285644531,75.43855285644531,,True,132.88941350000096,0.14799869996204507,132.9022810999959,10400.0,132.7414148000389,75.43855285644531,,,,,,,,,,,,,,,,,,,
lcbench_168330,lcbench,GP,18,200,200,-76.1152572631836,-76.1152572631836,76.1152572631836,,True,129.426209199999,0.16829510005482007,129.44729770000413,10400.0,129.25791409994417,76.1152572631836,,,,,,,,,,,,,,,,,,,
lcbench_168330,lcbench,GP,19,200,200,-76.51437377929688,-76.51437377929688,76.51437377929688,,True,127.14800100000139,0.16170430005149683,127.1573561999976,10400.0,126.98629669994989,76.51437377929688,,,,,,,,,,,,,,,,,,,
lcbench_168330,lcbench,RS,0,200,200,-70.40436553955078,-70.40436553955078,70.40436553955078,,True,0.25898379999853205,0.09934510000312002,0.3005727999989176,10400.0,0.15963869999541203,70.40436553955078,,,,,,,,,,,,,,,,,,,
lcbench_168330,lcbench,RS,1,200,200,-68.10614013671875,-68.10614013671875,68.10614013671875,,True,0.25262759999895934,0.09460179990128381,0.29406659999949625,10400.0,0.15802580009767553,68.10614013671875,,,,,,,,,,,,,,,,,,,
lcbench_168330,lcbench,RS,2,200,200,-67.7415771484375,-67.7415771484375,67.7415771484375,,True,0.25308010000298964,0.09643039989896351,0.26329099999566097,10400.0,0.15664970010402612,67.7415771484375,,,,,,,,,,,,,,,,,,,
lcbench_168330,lcbench,RS,3,200,200,-70.61268615722656,-70.61268615722656,70.61268615722656,,True,0.25635679999686545,0.095473499961372,0.26813649999530753,10400.0,0.16088330003549345,70.61268615722656,,,,,,,,,,,,,,,,,,,
lcbench_168330,lcbench,RS,4,200,200,-68.17723846435547,-68.17723846435547,68.17723846435547,,True,0.2647872000015923,0.10149409998120973,0.2754879999993136,10400.0,0.16329310002038255,68.17723846435547,,,,,,,,,,,,,,,,,,,
lcbench_168330,lcbench,RS,5,200,200,-69.00655364990234,-69.00655364990234,69.00655364990234,,True,0.24735700000019278,0.0949687999964226,0.25838130000192905,10400.0,0.15238820000377018,69.00655364990234,,,,,,,,,,,,,,,,,,,
lcbench_168330,lcbench,RS,6,200,200,-70.24005889892578,-70.24005889892578,70.24005889892578,,True,0.25110409999615513,0.09773180000047432,0.2615568999972311,10400.0,0.1533722999956808,70.24005889892578,,,,,,,,,,,,,,,,,,,
lcbench_168330,lcbench,RS,7,200,200,-70.524658203125,-70.524658203125,70.524658203125,,True,0.26295869999739807,0.10156060007284395,0.2735372000024654,10400.0,0.16139809992455412,70.524658203125,,,,,,,,,,,,,,,,,,,
lcbench_168330,lcbench,RS,8,200,200,-70.69650268554688,-70.69650268554688,70.69650268554688,,True,0.25094100000569597,0.09816940006567165,0.26013489999604644,10400.0,0.15277159994002432,70.69650268554688,,,,,,,,,,,,,,,,,,,
lcbench_168330,lcbench,RS,9,200,200,-70.11851501464844,-70.11851501464844,70.11851501464844,,True,0.2629854999977397,0.10022550000576302,0.2733490000027814,10400.0,0.16275999999197666,70.11851501464844,,,,,,,,,,,,,,,,,,,
lcbench_168330,lcbench,RS,10,200,200,-70.40933227539062,-70.40933227539062,70.40933227539062,,True,0.25563729999703355,0.09853759999532485,0.265803499998583,10400.0,0.1570997000017087,70.40933227539062,,,,,,,,,,,,,,,,,,,
lcbench_168330,lcbench,RS,11,200,200,-68.4269790649414,-68.4269790649414,68.4269790649414,,True,0.25719170000229497,0.09623779998946702,0.26806520000536693,10400.0,0.16095390001282794,68.4269790649414,,,,,,,,,,,,,,,,,,,
lcbench_168330,lcbench,RS,12,200,200,-70.61093139648438,-70.61093139648438,70.61093139648438,,True,0.2551078999968013,0.09378509999078233,0.26503260000026785,10400.0,0.16132280000601895,70.61093139648438,,,,,,,,,,,,,,,,,,,
lcbench_168330,lcbench,RS,13,200,200,-67.6683578491211,-67.6683578491211,67.6683578491211,,True,0.2449334999982966,0.0924439999871538,0.2553960000004736,10400.0,0.1524895000111428,67.6683578491211,,,,,,,,,,,,,,,,,,,
lcbench_168330,lcbench,RS,14,200,200,-68.44512176513672,-68.44512176513672,68.44512176513672,,True,0.2435879000040586,0.09180990000459133,0.2537845999977435,10400.0,0.15177799999946728,68.44512176513672,,,,,,,,,,,,,,,,,,,
lcbench_168330,lcbench,RS,15,200,200,-69.25272369384766,-69.25272369384766,69.25272369384766,,True,0.24435860000085086,0.09289120002358686,0.2542066999958479,10400.0,0.151467399977264,69.25272369384766,,,,,,,,,,,,,,,,,,,
lcbench_168330,lcbench,RS,16,200,200,-68.56546020507812,-68.56546020507812,68.56546020507812,,True,0.24669810000341386,0.09132130006764783,0.2580454999988433,10400.0,0.15537679993576603,68.56546020507812,,,,,,,,,,,,,,,,,,,
lcbench_168330,lcbench,RS,17,200,200,-70.012939453125,-70.012939453125,70.012939453125,,True,0.25400470000022324,0.09571059994050302,0.26370979999774136,10400.0,0.15829410005972022,70.012939453125,,,,,,,,,,,,,,,,,,,
lcbench_168330,lcbench,RS,18,200,200,-68.25439453125,-68.25439453125,68.25439453125,,True,0.23620669999945676,0.08941129999584518,0.24774820000311593,10400.0,0.14679540000361158,68.25439453125,,,,,,,,,,,,,,,,,,,
lcbench_168330,lcbench,RS,19,200,200,-73.17810821533203,-73.17810821533203,73.17810821533203,,True,0.27925999999570195,0.11324219997914042,0.2942874000000302,10400.0,0.16601780001656152,73.17810821533203,,,,,,,,,,,,,,,,,,,
lcbench_168330,lcbench,TPE,0,200,200,-73.8745346069336,-73.8745346069336,73.8745346069336,,True,6.7585707000034745,0.15341199998511001,6.769737499998882,10400.0,6.6051587000183645,73.8745346069336,,,,,,,,,,,,,,,,,,,
lcbench_168330,lcbench,TPE,1,200,200,-61.53229522705078,-61.53229522705078,61.53229522705078,,True,4.3871886000051745,0.15572260000772076,4.397900199997821,10400.0,4.231465999997454,61.53229522705078,,,,,,,,,,,,,,,,,,,
lcbench_168330,lcbench,TPE,2,200,200,-73.13080596923828,-73.13080596923828,73.13080596923828,,True,6.452504900000349,0.150906800001394,6.4631602999943425,10400.0,6.301598099998955,73.13080596923828,,,,,,,,,,,,,,,,,,,
lcbench_168330,lcbench,TPE,3,200,200,-76.562255859375,-76.562255859375,76.562255859375,,True,5.872662000001583,0.15041209999617422,5.884075500005565,10400.0,5.722249900005409,76.562255859375,,,,,,,,,,,,,,,,,,,
lcbench_168330,lcbench,TPE,4,200,200,-76.54254913330078,-76.54254913330078,76.54254913330078,,True,6.178003400003945,0.14815600005385932,6.222797399997944,10400.0,6.029847399950086,76.54254913330078,,,,,,,,,,,,,,,,,,,
lcbench_168330,lcbench,TPE,5,200,200,-75.6440200805664,-75.6440200805664,75.6440200805664,,True,6.933566299994709,0.15619519996107556,6.9450713000042015,10400.0,6.777371100033633,75.6440200805664,,,,,,,,,,,,,,,,,,,
lcbench_168330,lcbench,TPE,6,200,200,-76.44420623779297,-76.44420623779297,76.44420623779297,,True,5.11459509999986,0.15470089997688774,5.158749100002751,10400.0,4.959894200022973,76.44420623779297,,,,,,,,,,,,,,,,,,,
lcbench_168330,lcbench,TPE,7,200,200,-68.21717071533203,-68.21717071533203,68.21717071533203,,True,7.398432899994077,0.16115159998298623,7.408601199997065,10400.0,7.237281300011091,68.21717071533203,,,,,,,,,,,,,,,,,,,
lcbench_168330,lcbench,TPE,8,200,200,-64.5561752319336,-64.5561752319336,64.5561752319336,,True,9.187427900003968,0.15499659998022253,9.229769000005035,10400.0,9.032431300023745,64.5561752319336,,,,,,,,,,,,,,,,,,,
lcbench_168330,lcbench,TPE,9,200,200,-76.18962097167969,-76.18962097167969,76.18962097167969,,True,7.631709100001899,0.14952340006129816,7.644121600002109,10400.0,7.482185699940601,76.18962097167969,,,,,,,,,,,,,,,,,,,
lcbench_168330,lcbench,TPE,10,200,200,-75.44603729248047,-75.44603729248047,75.44603729248047,,True,6.8987242999937735,0.15593209998041857,6.909631700000318,10400.0,6.742792200013355,75.44603729248047,,,,,,,,,,,,,,,,,,,
lcbench_168330,lcbench,TPE,11,200,200,-74.01416015625,-74.01416015625,74.01416015625,,True,5.534782599999744,0.15633529990009265,5.544757900002878,10400.0,5.378447300099651,74.01416015625,,,,,,,,,,,,,,,,,,,
lcbench_168330,lcbench,TPE,12,200,200,-75.26393127441406,-75.26393127441406,75.26393127441406,,True,6.475365400001465,0.15788759995484725,6.521896699996432,10400.0,6.317477800046618,75.26393127441406,,,,,,,,,,,,,,,,,,,
lcbench_168330,lcbench,TPE,13,200,200,-65.65763854980469,-65.65763854980469,65.65763854980469,,True,6.718286300005275,0.1484692000085488,6.729975200003537,10400.0,6.569817099996726,65.65763854980469,,,,,,,,,,,,,,,,,,,
lcbench_168330,lcbench,TPE,14,200,200,-75.64459228515625,-75.64459228515625,75.64459228515625,,True,7.097688299996662,0.15360759993927786,7.108302000000549,10400.0,6.944080700057384,75.64459228515625,,,,,,,,,,,,,,,,,,,
lcbench_168330,lcbench,TPE,15,200,200,-60.989200592041016,-60.989200592041016,60.989200592041016,,True,4.099809899998945,0.1449358999816468,4.108691699999326,10400.0,3.9548740000172984,60.989200592041016,,,,,,,,,,,,,,,,,,,
lcbench_168330,lcbench,TPE,16,200,200,-75.50851440429688,-75.50851440429688,75.50851440429688,,True,6.953560499998275,0.15498069991008379,6.996293299998797,10400.0,6.798579800088191,75.50851440429688,,,,,,,,,,,,,,,,,,,
lcbench_168330,lcbench,TPE,17,200,200,-73.72827911376953,-73.72827911376953,73.72827911376953,,True,6.965927199998987,0.14900979993399233,6.977656600000046,10400.0,6.816917400064995,73.72827911376953,,,,,,,,,,,,,,,,,,,
lcbench_168330,lcbench,TPE,18,200,200,-76.5792007446289,-76.5792007446289,76.5792007446289,,True,4.3545374000023,0.1574504998716293,4.365256199998839,10400.0,4.197086900130671,76.5792007446289,,,,,,,,,,,,,,,,,,,
lcbench_168330,lcbench,TPE,19,200,200,-73.86283874511719,-73.86283874511719,73.86283874511719,,True,6.966238399996655,0.15379999994911486,6.977516300001298,10400.0,6.81243840004754,73.86283874511719,,,,,,,,,,,,,,,,,,,
lcbench_168330,lcbench,TPE_HB,0,200,1625,-71.7182388305664,-71.7182388305664,71.7182388305664,,True,6.983062799998152,0.33809609978925437,6.988202399996226,10401.0,6.644966700208897,71.7182388305664,,,,,,,,,,,,,,,,,,,
lcbench_168330,lcbench,TPE_HB,1,200,1807,-69.05342102050781,-69.05342102050781,69.05342102050781,,True,9.760506999999052,0.5051371999506955,9.767316099998425,10405.0,9.255369800048356,69.05342102050781,,,,,,,,,,,,,,,,,,,
lcbench_168330,lcbench,TPE_HB,2,200,2030,-67.11756134033203,-67.11756134033203,67.11756134033203,,True,14.705795900001249,0.6337269999057753,14.713489599998866,10404.0,14.072068900095474,67.11756134033203,,,,,,,,,,,,,,,,,,,
lcbench_168330,lcbench,TPE_HB,3,200,1716,-73.32984161376953,-73.32984161376953,73.32984161376953,,True,20.513581300001533,0.5349930000957102,20.520492000003287,10412.0,19.978588299905823,73.32984161376953,,,,,,,,,,,,,,,,,,,
lcbench_168330,lcbench,TPE_HB,4,200,2100,-73.73151397705078,-73.73151397705078,73.73151397705078,,True,16.582354999998643,0.6187618999465485,16.587136199996166,10409.0,15.963593100052094,73.73151397705078,,,,,,,,,,,,,,,,,,,
lcbench_168330,lcbench,TPE_HB,5,200,1838,-72.53540802001953,-72.53540802001953,72.53540802001953,,True,17.95064409999759,0.8309017999708885,17.95781200000056,10405.0,17.1197423000267,72.53540802001953,,,,,,,,,,,,,,,,,,,
lcbench_168330,lcbench,TPE_HB,6,200,1338,-66.36687469482422,-66.36687469482422,66.36687469482422,,True,10.502472100000887,0.47696530009125127,10.509751899997354,10408.0,10.025506799909635,66.36687469482422,,,,,,,,,,,,,,,,,,,
lcbench_168330,lcbench,TPE_HB,7,200,1369,-67.79651641845703,-67.79651641845703,67.79651641845703,,True,8.30285559999902,0.47521160014002817,8.308872200002952,10401.0,7.827643999858992,67.79651641845703,,,,,,,,,,,,,,,,,,,
lcbench_168330,lcbench,TPE_HB,8,200,1385,-66.9256820678711,-66.9256820678711,66.9256820678711,,True,7.79592550000234,0.517000900072162,7.803671299996495,10412.0,7.278924599930178,66.9256820678711,,,,,,,,,,,,,,,,,,,
lcbench_168330,lcbench,TPE_HB,9,200,2056,-74.63137817382812,-74.63137817382812,74.63137817382812,,True,33.95006619999913,0.925805199687602,33.95901589999994,10402.0,33.024261000311526,74.63137817382812,,,,,,,,,,,,,,,,,,,
lcbench_168330,lcbench,TPE_HB,10,200,1305,-72.97251892089844,-72.97251892089844,72.97251892089844,,True,11.407358600001317,0.6434790998609969,11.41282499999943,10421.0,10.76387950014032,72.97251892089844,,,,,,,,,,,,,,,,,,,
lcbench_168330,lcbench,TPE_HB,11,200,1535,-70.143798828125,-70.143798828125,70.143798828125,,True,13.602125599994906,0.7831564999942202,13.610881600005087,10401.0,12.818969100000686,70.143798828125,,,,,,,,,,,,,,,,,,,
lcbench_168330,lcbench,TPE_HB,12,200,1357,-62.51118087768555,-62.51118087768555,62.51118087768555,,True,7.514297399997304,0.7081870997790247,7.523516299996118,10409.0,6.806110300218279,62.51118087768555,,,,,,,,,,,,,,,,,,,
lcbench_168330,lcbench,TPE_HB,13,200,1631,-63.858009338378906,-63.858009338378906,63.858009338378906,,True,13.113388099998701,0.8740088999256841,13.12180459999945,10411.0,12.239379200073017,63.858009338378906,,,,,,,,,,,,,,,,,,,
lcbench_168330,lcbench,TPE_HB,14,200,1508,-68.70514678955078,-68.70514678955078,68.70514678955078,,True,13.356529700002284,0.8065746000647778,13.365707000004477,10400.0,12.549955099937506,68.70514678955078,,,,,,,,,,,,,,,,,,,
lcbench_168330,lcbench,TPE_HB,15,200,1255,-59.25476837158203,-59.25476837158203,59.25476837158203,,True,7.481694800000696,0.6778771999743185,7.491912699995737,10414.0,6.8038176000263775,59.25476837158203,,,,,,,,,,,,,,,,,,,
lcbench_168330,lcbench,TPE_HB,16,200,1566,-65.679931640625,-65.679931640625,65.679931640625,,True,15.156871999999566,0.7716960000107065,15.166370099999767,10410.0,14.38517599998886,65.679931640625,,,,,,,,,,,,,,,,,,,
lcbench_168330,lcbench,TPE_HB,17,200,1673,-73.1860580444336,-73.1860580444336,73.1860580444336,,True,17.336317500004952,0.7896761001466075,17.346627500002796,10413.0,16.546641399858345,73.1860580444336,,,,,,,,,,,,,,,,,,,
lcbench_168330,lcbench,TPE_HB,18,200,2113,-76.29330444335938,-76.29330444335938,76.29330444335938,,True,21.98219770000287,0.9021223001545877,21.992258800004493,10411.0,21.080075399848283,76.29330444335938,,,,,,,,,,,,,,,,,,,
lcbench_168330,lcbench,TPE_HB,19,200,1688,-68.31287384033203,-68.31287384033203,68.31287384033203,,True,15.744664400001056,0.7469822000421118,15.755720300003304,10422.0,14.997682199958945,68.31287384033203,,,,,,,,,,,,,,,,,,,
lcbench_168331,lcbench,CMAES,0,200,200,-81.37940216064453,-81.37940216064453,81.37940216064453,,True,0.28829310000583064,0.04797970000799978,58.64314690000174,10400.0,0.24031339999783086,81.37940216064453,,,,,,,,,,,,,,,,,,,
lcbench_168331,lcbench,CMAES,1,200,200,-72.1351547241211,-72.1351547241211,72.1351547241211,,True,0.3083390000028885,0.07129709999571787,0.3163827000025776,10400.0,0.23704190000717063,72.1351547241211,,,,,,,,,,,,,,,,,,,
lcbench_168331,lcbench,CMAES,2,200,200,-74.70016479492188,-74.70016479492188,74.70016479492188,,True,0.6251056999972207,0.15629389994137455,7.916580999997677,10400.0,0.4688118000558461,74.70016479492188,,,,,,,,,,,,,,,,,,,
lcbench_168331,lcbench,CMAES,3,200,200,-68.5774917602539,-68.5774917602539,68.5774917602539,,True,0.48930030000337865,0.1241050999815343,0.5025204000048689,10400.0,0.36519520002184436,68.5774917602539,,,,,,,,,,,,,,,,,,,
lcbench_168331,lcbench,CMAES,4,200,200,-78.21599578857422,-78.21599578857422,78.21599578857422,,True,0.27302249999775086,0.054889600003662053,55.083218799998576,10400.0,0.2181328999940888,78.21599578857422,,,,,,,,,,,,,,,,,,,
lcbench_168331,lcbench,CMAES,5,200,200,-76.61528778076172,-76.61528778076172,76.61528778076172,,True,0.22100620000128401,0.0389811999630183,0.22871440000017174,10400.0,0.18202500003826572,76.61528778076172,,,,,,,,,,,,,,,,,,,
lcbench_168331,lcbench,CMAES,6,200,200,-76.80168151855469,-76.80168151855469,76.80168151855469,,True,0.3205263999989256,0.05808259995683329,55.25752730000386,10400.0,0.26244380004209233,76.80168151855469,,,,,,,,,,,,,,,,,,,
lcbench_168331,lcbench,CMAES,7,200,200,-79.17134857177734,-79.17134857177734,79.17134857177734,,True,0.307816600005026,0.056467499933205545,0.3154281999959494,10400.0,0.25134910007182043,79.17134857177734,,,,,,,,,,,,,,,,,,,
lcbench_168331,lcbench,CMAES,8,200,200,-76.14734649658203,-76.14734649658203,76.14734649658203,,True,0.2847736999974586,0.05443850002484396,54.63805649999995,10400.0,0.23033519997261465,76.14734649658203,,,,,,,,,,,,,,,,,,,
lcbench_168331,lcbench,CMAES,9,200,200,-78.82975006103516,-78.82975006103516,78.82975006103516,,True,0.3433699999950477,0.06750729996565497,0.349643699999433,10400.0,0.2758627000293927,78.82975006103516,,,,,,,,,,,,,,,,,,,
lcbench_168331,lcbench,CMAES,10,200,200,-77.50361633300781,-77.50361633300781,77.50361633300781,,True,0.5128980000008596,0.13306940002075862,0.5230410000003758,10400.0,0.379828599980101,77.50361633300781,,,,,,,,,,,,,,,,,,,
lcbench_168331,lcbench,CMAES,11,200,200,-72.67984771728516,-72.67984771728516,72.67984771728516,,True,0.3375339999984135,0.06675309994898271,54.3873820000008,10400.0,0.2707809000494308,72.67984771728516,,,,,,,,,,,,,,,,,,,
lcbench_168331,lcbench,CMAES,12,200,200,-79.53975677490234,-79.53975677490234,79.53975677490234,,True,0.41204620000644354,0.09587830000236863,0.42220670000097016,10400.0,0.3161679000040749,79.53975677490234,,,,,,,,,,,,,,,,,,,
lcbench_168331,lcbench,CMAES,13,200,200,-75.31017303466797,-75.31017303466797,75.31017303466797,,True,0.4752733999994234,0.11890500005392823,0.48613570000452455,10400.0,0.3563683999454952,75.31017303466797,,,,,,,,,,,,,,,,,,,
lcbench_168331,lcbench,CMAES,14,200,200,-75.82675170898438,-75.82675170898438,75.82675170898438,,True,0.5360895999983768,0.14390339998499257,0.5475542999993195,10400.0,0.3921862000133842,75.82675170898438,,,,,,,,,,,,,,,,,,,
lcbench_168331,lcbench,CMAES,15,200,200,-76.94361877441406,-76.94361877441406,76.94361877441406,,True,0.4001884000026621,0.0879942999818013,53.96670240000094,10400.0,0.3121941000208608,76.94361877441406,,,,,,,,,,,,,,,,,,,
lcbench_168331,lcbench,CMAES,16,200,200,-80.25630187988281,-80.25630187988281,80.25630187988281,,True,0.4525890000004438,0.1068795999744907,0.46260890000121435,10400.0,0.3457094000259531,80.25630187988281,,,,,,,,,,,,,,,,,,,
lcbench_168331,lcbench,CMAES,17,200,200,-78.1296615600586,-78.1296615600586,78.1296615600586,,True,0.4448418000029051,0.10750010007905075,0.45499509999353904,10400.0,0.3373416999238543,78.1296615600586,,,,,,,,,,,,,,,,,,,
lcbench_168331,lcbench,CMAES,18,200,200,-73.54358673095703,-73.54358673095703,73.54358673095703,,True,0.4353996999998344,0.10225760001776507,0.4480580999952508,10400.0,0.33314209998206934,73.54358673095703,,,,,,,,,,,,,,,,,,,
lcbench_168331,lcbench,CMAES,19,200,200,-78.39373016357422,-78.39373016357422,78.39373016357422,,True,0.4381509000013466,0.09663699998054653,53.50869319999765,10400.0,0.34151390002080007,78.39373016357422,,,,,,,,,,,,,,,,,,,
lcbench_168331,lcbench,FMP,0,200,200,-74.68663024902344,-74.68663024902344,74.68663024902344,,True,0.9564577999990433,0.07706429983954877,0.9653408999874955,10400.0,0.8793935001594946,74.68663024902344,200.0,-74.68663024902344,0.515625,0.0,0.0,0.0,36.0,0.9562932999979239,0.08936389989685267,0.8669294001010712,0.5989583333333334,0.5391304347826087,0.4010416666666667,0.4805194805194805,0.0,,"{""T_mcmc"": 0.05021528037835243, ""burnin_fraction"": 0.21939164151847443, ""bw_prior_strength"": 89.80956876532602, ""decoder"": ""soft"", ""emission_mu"": [-0.00946430696609267, 0.0946430696609267, 0.014196460449139003], ""emission_sigma"": [0.05678584179655601, 0.23660767415231673, 0.01892861393218534], ""explore_subsample"": false, ""hmm_window"": 12, ""kde_tau"": 0.006205167444665816, ""n_chains"": 1, ""n_init"": 8, ""orchestrate_every"": 5, ""p_dream"": 0.0, ""rejection_streak"": 24, ""seed"": 0, ""sigma_fraction"": 0.022095999012449814, ""wide_sigma_fraction"": 0.3008503702038378}",,
lcbench_168331,lcbench,FMP,1,200,200,-82.6770248413086,-82.6770248413086,82.6770248413086,,True,0.9703241000097478,0.08084849997248966,0.9821695999999065,10400.0,0.8894756000372581,82.6770248413086,200.0,-82.6770248413086,0.4270833333333333,0.0,0.0,0.0,36.0,0.9701103999977931,0.09327160009706859,0.8768387999007246,0.421875,0.5061728395061729,0.578125,0.36936936936936937,0.0,,"{""T_mcmc"": 0.05021528037835243, ""burnin_fraction"": 0.21939164151847443, ""bw_prior_strength"": 89.80956876532602, ""decoder"": ""soft"", ""emission_mu"": [-0.00946430696609267, 0.0946430696609267, 0.014196460449139003], ""emission_sigma"": [0.05678584179655601, 0.23660767415231673, 0.01892861393218534], ""explore_subsample"": false, ""hmm_window"": 12, ""kde_tau"": 0.006205167444665816, ""n_chains"": 1, ""n_init"": 8, ""orchestrate_every"": 5, ""p_dream"": 0.0, ""rejection_streak"": 24, ""seed"": 1, ""sigma_fraction"": 0.022095999012449814, ""wide_sigma_fraction"": 0.3008503702038378}",,
lcbench_168331,lcbench,FMP,2,200,200,-78.45580291748047,-78.45580291748047,78.45580291748047,,True,1.0028050999972038,0.08201950005604886,1.0148847999953432,10400.0,0.9207855999411549,78.45580291748047,200.0,-78.45580291748047,0.3489583333333333,0.0,0.0,0.0,36.0,1.0025941000058083,0.09488600004988257,0.9077080999559257,0.34375,0.3939393939393939,0.65625,0.3253968253968254,0.0,,"{""T_mcmc"": 0.05021528037835243, ""burnin_fraction"": 0.21939164151847443, ""bw_prior_strength"": 89.80956876532602, ""decoder"": ""soft"", ""emission_mu"": [-0.00946430696609267, 0.0946430696609267, 0.014196460449139003], ""emission_sigma"": [0.05678584179655601, 0.23660767415231673, 0.01892861393218534], ""explore_subsample"": false, ""hmm_window"": 12, ""kde_tau"": 0.006205167444665816, ""n_chains"": 1, ""n_init"": 8, ""orchestrate_every"": 5, ""p_dream"": 0.0, ""rejection_streak"": 24, ""seed"": 2, ""sigma_fraction"": 0.022095999012449814, ""wide_sigma_fraction"": 0.3008503702038378}",,
lcbench_168331,lcbench,FMP,3,200,200,-76.56751251220703,-76.56751251220703,76.56751251220703,,True,1.0454348999919603,0.09285070003534202,1.0562231999938376,10400.0,0.9525841999566182,76.56751251220703,200.0,-76.56751251220703,0.4322916666666667,0.0,0.0,0.0,36.0,1.0452223000029335,0.10602630012726877,0.9391959998756647,0.4479166666666667,0.4186046511627907,0.5520833333333334,0.44339622641509435,0.0,,"{""T_mcmc"": 0.05021528037835243, ""burnin_fraction"": 0.21939164151847443, ""bw_prior_strength"": 89.80956876532602, ""decoder"": ""soft"", ""emission_mu"": [-0.00946430696609267, 0.0946430696609267, 0.014196460449139003], ""emission_sigma"": [0.05678584179655601, 0.23660767415231673, 0.01892861393218534], ""explore_subsample"": false, ""hmm_window"": 12, ""kde_tau"": 0.006205167444665816, ""n_chains"": 1, ""n_init"": 8, ""orchestrate_every"": 5, ""p_dream"": 0.0, ""rejection_streak"": 24, ""seed"": 3, ""sigma_fraction"": 0.022095999012449814, ""wide_sigma_fraction"": 0.3008503702038378}",,
lcbench_168331,lcbench,FMP,4,200,200,-77.00542449951172,-77.00542449951172,77.00542449951172,,True,1.11852029999136,0.0920018000761047,1.1316534000070533,10400.0,1.0265184999152552,77.00542449951172,200.0,-77.00542449951172,0.4010416666666667,0.0,0.0,0.0,36.0,1.118305900003179,0.10603200002515223,1.0122738999780267,0.3802083333333333,0.4931506849315068,0.6197916666666666,0.3445378151260504,0.0,,"{""T_mcmc"": 0.05021528037835243, ""burnin_fraction"": 0.21939164151847443, ""bw_prior_strength"": 89.80956876532602, ""decoder"": ""soft"", ""emission_mu"": [-0.00946430696609267, 0.0946430696609267, 0.014196460449139003], ""emission_sigma"": [0.05678584179655601, 0.23660767415231673, 0.01892861393218534], ""explore_subsample"": false, ""hmm_window"": 12, ""kde_tau"": 0.006205167444665816, ""n_chains"": 1, ""n_init"": 8, ""orchestrate_every"": 5, ""p_dream"": 0.0, ""rejection_streak"": 24, ""seed"": 4, ""sigma_fraction"": 0.022095999012449814, ""wide_sigma_fraction"": 0.3008503702038378}",,
lcbench_168331,lcbench,FMP,5,200,200,-73.58007049560547,-73.58007049560547,73.58007049560547,,True,1.0212349999928847,0.08573019994946662,1.0334751000045799,10400.0,0.9355048000434181,73.58007049560547,200.0,-73.58007049560547,0.4739583333333333,0.0,0.0,0.0,36.0,1.0210240000014892,0.10011359992495272,0.9209104000765365,0.4739583333333333,0.4725274725274725,0.5260416666666666,0.4752475247524752,0.0,,"{""T_mcmc"": 0.05021528037835243, ""burnin_fraction"": 0.21939164151847443, ""bw_prior_strength"": 89.80956876532602, ""decoder"": ""soft"", ""emission_mu"": [-0.00946430696609267, 0.0946430696609267, 0.014196460449139003], ""emission_sigma"": [0.05678584179655601, 0.23660767415231673, 0.01892861393218534], ""explore_subsample"": false, ""hmm_window"": 12, ""kde_tau"": 0.006205167444665816, ""n_chains"": 1, ""n_init"": 8, ""orchestrate_every"": 5, ""p_dream"": 0.0, ""rejection_streak"": 24, ""seed"": 5, ""sigma_fraction"": 0.022095999012449814, ""wide_sigma_fraction"": 0.3008503702038378}",,
lcbench_168331,lcbench,FMP,6,200,200,-78.47047424316406,-78.47047424316406,78.47047424316406,,True,1.0470709999935934,0.09743349993368611,1.0596884999977192,10400.0,0.9496375000599073,78.47047424316406,200.0,-78.47047424316406,0.4114583333333333,0.0,0.0,0.0,36.0,1.046848800004227,0.11128129987628199,0.9355675001279451,0.4427083333333333,0.4470588235294118,0.5572916666666666,0.38317757009345793,0.0,,"{""T_mcmc"": 0.05021528037835243, ""burnin_fraction"": 0.21939164151847443, ""bw_prior_strength"": 89.80956876532602, ""decoder"": ""soft"", ""emission_mu"": [-0.00946430696609267, 0.0946430696609267, 0.014196460449139003], ""emission_sigma"": [0.05678584179655601, 0.23660767415231673, 0.01892861393218534], ""explore_subsample"": false, ""hmm_window"": 12, ""kde_tau"": 0.006205167444665816, ""n_chains"": 1, ""n_init"": 8, ""orchestrate_every"": 5, ""p_dream"": 0.0, ""rejection_streak"": 24, ""seed"": 6, ""sigma_fraction"": 0.022095999012449814, ""wide_sigma_fraction"": 0.3008503702038378}",,
lcbench_168331,lcbench,FMP,7,200,200,-78.4881362915039,-78.4881362915039,78.4881362915039,,True,1.0822094000031939,0.09507059984025545,1.0925639000051888,10400.0,0.9871388001629384,78.4881362915039,200.0,-78.4881362915039,0.3854166666666667,0.0,0.0,0.0,36.0,1.0820257000013953,0.10822470007406082,0.9738009999273345,0.3489583333333333,0.47761194029850745,0.6510416666666666,0.336,0.0,,"{""T_mcmc"": 0.05021528037835243, ""burnin_fraction"": 0.21939164151847443, ""bw_prior_strength"": 89.80956876532602, ""decoder"": ""soft"", ""emission_mu"": [-0.00946430696609267, 0.0946430696609267, 0.014196460449139003], ""emission_sigma"": [0.05678584179655601, 0.23660767415231673, 0.01892861393218534], ""explore_subsample"": false, ""hmm_window"": 12, ""kde_tau"": 0.006205167444665816, ""n_chains"": 1, ""n_init"": 8, ""orchestrate_every"": 5, ""p_dream"": 0.0, ""rejection_streak"": 24, ""seed"": 7, ""sigma_fraction"": 0.022095999012449814, ""wide_sigma_fraction"": 0.3008503702038378}",,
lcbench_168331,lcbench,FMP,8,200,200,-80.51419067382812,-80.51419067382812,80.51419067382812,,True,1.080328299998655,0.09574370013433509,1.092370700003812,10400.0,0.9845845998643199,80.51419067382812,200.0,-80.51419067382812,0.4114583333333333,0.0,0.0,0.0,36.0,1.080128000001423,0.10928149994288106,0.970846500058542,0.421875,0.48148148148148145,0.578125,0.36036036036036034,0.0,,"{""T_mcmc"": 0.05021528037835243, ""burnin_fraction"": 0.21939164151847443, ""bw_prior_strength"": 89.80956876532602, ""decoder"": ""soft"", ""emission_mu"": [-0.00946430696609267, 0.0946430696609267, 0.014196460449139003], ""emission_sigma"": [0.05678584179655601, 0.23660767415231673, 0.01892861393218534], ""explore_subsample"": false, ""hmm_window"": 12, ""kde_tau"": 0.006205167444665816, ""n_chains"": 1, ""n_init"": 8, ""orchestrate_every"": 5, ""p_dream"": 0.0, ""rejection_streak"": 24, ""seed"": 8, ""sigma_fraction"": 0.022095999012449814, ""wide_sigma_fraction"": 0.3008503702038378}",,
lcbench_168331,lcbench,FMP,9,200,200,-79.91749572753906,-79.91749572753906,79.91749572753906,,True,1.0597435000090627,0.09889160000602715,1.0711547999962931,10400.0,0.9608519000030356,79.91749572753906,200.0,-79.91749572753906,0.4895833333333333,0.0,0.0,0.0,36.0,1.0595088999980362,0.11249679996399209,0.9470121000340441,0.4583333333333333,0.5,0.5416666666666666,0.4807692307692308,0.0,,"{""T_mcmc"": 0.05021528037835243, ""burnin_fraction"": 0.21939164151847443, ""bw_prior_strength"": 89.80956876532602, ""decoder"": ""soft"", ""emission_mu"": [-0.00946430696609267, 0.0946430696609267, 0.014196460449139003], ""emission_sigma"": [0.05678584179655601, 0.23660767415231673, 0.01892861393218534], ""explore_subsample"": false, ""hmm_window"": 12, ""kde_tau"": 0.006205167444665816, ""n_chains"": 1, ""n_init"": 8, ""orchestrate_every"": 5, ""p_dream"": 0.0, ""rejection_streak"": 24, ""seed"": 9, ""sigma_fraction"": 0.022095999012449814, ""wide_sigma_fraction"": 0.3008503702038378}",,
lcbench_168331,lcbench,FMP,10,200,200,-76.8037338256836,-76.8037338256836,76.8037338256836,,True,1.079886700012139,0.09712010016664863,1.0930107000021962,10400.0,0.9827665998454904,76.8037338256836,200.0,-76.8037338256836,0.453125,0.0,0.0,0.0,36.0,1.0796332999889273,0.11154110003553797,0.9680921999533894,0.4375,0.5119047619047619,0.5625,0.4074074074074074,0.0,,"{""T_mcmc"": 0.05021528037835243, ""burnin_fraction"": 0.21939164151847443, ""bw_prior_strength"": 89.80956876532602, ""decoder"": ""soft"", ""emission_mu"": [-0.00946430696609267, 0.0946430696609267, 0.014196460449139003], ""emission_sigma"": [0.05678584179655601, 0.23660767415231673, 0.01892861393218534], ""explore_subsample"": false, ""hmm_window"": 12, ""kde_tau"": 0.006205167444665816, ""n_chains"": 1, ""n_init"": 8, ""orchestrate_every"": 5, ""p_dream"": 0.0, ""rejection_streak"": 24, ""seed"": 10, ""sigma_fraction"": 0.022095999012449814, ""wide_sigma_fraction"": 0.3008503702038378}",,
lcbench_168331,lcbench,FMP,11,200,200,-74.02489471435547,-74.02489471435547,74.02489471435547,,True,1.0366425999964122,0.09040830010781065,1.0497331000078702,10400.0,0.9462342998886015,74.02489471435547,200.0,-74.02489471435547,0.4166666666666667,0.0,0.0,0.0,36.0,1.036435400004848,0.1037223001185339,0.932713099886314,0.390625,0.3333333333333333,0.609375,0.4700854700854701,0.0,,"{""T_mcmc"": 0.05021528037835243, ""burnin_fraction"": 0.21939164151847443, ""bw_prior_strength"": 89.80956876532602, ""decoder"": ""soft"", ""emission_mu"": [-0.00946430696609267, 0.0946430696609267, 0.014196460449139003], ""emission_sigma"": [0.05678584179655601, 0.23660767415231673, 0.01892861393218534], ""explore_subsample"": false, ""hmm_window"": 12, ""kde_tau"": 0.006205167444665816, ""n_chains"": 1, ""n_init"": 8, ""orchestrate_every"": 5, ""p_dream"": 0.0, ""rejection_streak"": 24, ""seed"": 11, ""sigma_fraction"": 0.022095999012449814, ""wide_sigma_fraction"": 0.3008503702038378}",,
lcbench_168331,lcbench,FMP,12,200,200,-71.7059326171875,-71.7059326171875,71.7059326171875,,True,1.1161613000003854,0.10282849999202881,1.1289403999981005,10400.0,1.0133328000083566,71.7059326171875,200.0,-71.7059326171875,0.5572916666666666,0.0,0.0,0.0,36.0,1.115951400002814,0.11674820016196463,0.9992031998408493,0.5364583333333334,0.5922330097087378,0.4635416666666667,0.5168539325842697,0.0,,"{""T_mcmc"": 0.05021528037835243, ""burnin_fraction"": 0.21939164151847443, ""bw_prior_strength"": 89.80956876532602, ""decoder"": ""soft"", ""emission_mu"": [-0.00946430696609267, 0.0946430696609267, 0.014196460449139003], ""emission_sigma"": [0.05678584179655601, 0.23660767415231673, 0.01892861393218534], ""explore_subsample"": false, ""hmm_window"": 12, ""kde_tau"": 0.006205167444665816, ""n_chains"": 1, ""n_init"": 8, ""orchestrate_every"": 5, ""p_dream"": 0.0, ""rejection_streak"": 24, ""seed"": 12, ""sigma_fraction"": 0.022095999012449814, ""wide_sigma_fraction"": 0.3008503702038378}",,
lcbench_168331,lcbench,FMP,13,200,200,-77.44140625,-77.44140625,77.44140625,,True,1.095598300002166,0.09495119990606327,1.108640699996613,10400.0,1.0006471000961028,77.44140625,200.0,-77.44140625,0.40625,0.0,0.0,0.0,36.0,1.0953822000010405,0.10891299997456372,0.9864692000264768,0.375,0.4166666666666667,0.625,0.4,0.0,,"{""T_mcmc"": 0.05021528037835243, ""burnin_fraction"": 0.21939164151847443, ""bw_prior_strength"": 89.80956876532602, ""decoder"": ""soft"", ""emission_mu"": [-0.00946430696609267, 0.0946430696609267, 0.014196460449139003], ""emission_sigma"": [0.05678584179655601, 0.23660767415231673, 0.01892861393218534], ""explore_subsample"": false, ""hmm_window"": 12, ""kde_tau"": 0.006205167444665816, ""n_chains"": 1, ""n_init"": 8, ""orchestrate_every"": 5, ""p_dream"": 0.0, ""rejection_streak"": 24, ""seed"": 13, ""sigma_fraction"": 0.022095999012449814, ""wide_sigma_fraction"": 0.3008503702038378}",,
lcbench_168331,lcbench,FMP,14,200,200,-75.05091094970703,-75.05091094970703,75.05091094970703,,True,1.0950929999962682,0.10106220009038225,1.107664900002419,10400.0,0.9940307999058859,75.05091094970703,200.0,-75.05091094970703,0.4479166666666667,0.0,0.0,0.0,36.0,1.0948623000003863,0.11491529994236771,0.9799470000580186,0.40625,0.44871794871794873,0.59375,0.4473684210526316,0.0,,"{""T_mcmc"": 0.05021528037835243, ""burnin_fraction"": 0.21939164151847443, ""bw_prior_strength"": 89.80956876532602, ""decoder"": ""soft"", ""emission_mu"": [-0.00946430696609267, 0.0946430696609267, 0.014196460449139003], ""emission_sigma"": [0.05678584179655601, 0.23660767415231673, 0.01892861393218534], ""explore_subsample"": false, ""hmm_window"": 12, ""kde_tau"": 0.006205167444665816, ""n_chains"": 1, ""n_init"": 8, ""orchestrate_every"": 5, ""p_dream"": 0.0, ""rejection_streak"": 24, ""seed"": 14, ""sigma_fraction"": 0.022095999012449814, ""wide_sigma_fraction"": 0.3008503702038378}",,
lcbench_168331,lcbench,FMP,15,200,200,-77.10830688476562,-77.10830688476562,77.10830688476562,,True,1.044170600012876,0.10216620008577593,1.057713900008821,10400.0,0.9420043999271002,77.10830688476562,200.0,-77.10830688476562,0.5052083333333334,0.0,0.0,0.0,36.0,1.0439564999978757,0.11558489991875831,0.9283716000791173,0.5208333333333334,0.56,0.4791666666666667,0.44565217391304346,0.0,,"{""T_mcmc"": 0.05021528037835243, ""burnin_fraction"": 0.21939164151847443, ""bw_prior_strength"": 89.80956876532602, ""decoder"": ""soft"", ""emission_mu"": [-0.00946430696609267, 0.0946430696609267, 0.014196460449139003], ""emission_sigma"": [0.05678584179655601, 0.23660767415231673, 0.01892861393218534], ""explore_subsample"": false, ""hmm_window"": 12, ""kde_tau"": 0.006205167444665816, ""n_chains"": 1, ""n_init"": 8, ""orchestrate_every"": 5, ""p_dream"": 0.0, ""rejection_streak"": 24, ""seed"": 15, ""sigma_fraction"": 0.022095999012449814, ""wide_sigma_fraction"": 0.3008503702038378}",,
lcbench_168331,lcbench,FMP,16,200,200,-71.41139221191406,-71.41139221191406,71.41139221191406,,True,1.1339119000040228,0.11173369995958637,1.1460809999989579,10400.0,1.0221782000444364,71.41139221191406,200.0,-71.41139221191406,0.5052083333333334,0.0,0.0,0.0,36.0,1.1336847000056878,0.1260643001733115,1.0076203998323763,0.5520833333333334,0.5471698113207547,0.4479166666666667,0.45348837209302323,0.0,,"{""T_mcmc"": 0.05021528037835243, ""burnin_fraction"": 0.21939164151847443, ""bw_prior_strength"": 89.80956876532602, ""decoder"": ""soft"", ""emission_mu"": [-0.00946430696609267, 0.0946430696609267, 0.014196460449139003], ""emission_sigma"": [0.05678584179655601, 0.23660767415231673, 0.01892861393218534], ""explore_subsample"": false, ""hmm_window"": 12, ""kde_tau"": 0.006205167444665816, ""n_chains"": 1, ""n_init"": 8, ""orchestrate_every"": 5, ""p_dream"": 0.0, ""rejection_streak"": 24, ""seed"": 16, ""sigma_fraction"": 0.022095999012449814, ""wide_sigma_fraction"": 0.3008503702038378}",,
lcbench_168331,lcbench,FMP,17,200,200,-79.13783264160156,-79.13783264160156,79.13783264160156,,True,1.1349956000049133,0.1090273000736488,1.1489959000027739,10400.0,1.0259682999312645,79.13783264160156,200.0,-79.13783264160156,0.4270833333333333,0.0,0.0,0.0,36.0,1.134775400001672,0.12534810006036423,1.0094272999413079,0.3958333333333333,0.40789473684210525,0.6041666666666666,0.4396551724137931,0.0,,"{""T_mcmc"": 0.05021528037835243, ""burnin_fraction"": 0.21939164151847443, ""bw_prior_strength"": 89.80956876532602, ""decoder"": ""soft"", ""emission_mu"": [-0.00946430696609267, 0.0946430696609267, 0.014196460449139003], ""emission_sigma"": [0.05678584179655601, 0.23660767415231673, 0.01892861393218534], ""explore_subsample"": false, ""hmm_window"": 12, ""kde_tau"": 0.006205167444665816, ""n_chains"": 1, ""n_init"": 8, ""orchestrate_every"": 5, ""p_dream"": 0.0, ""rejection_streak"": 24, ""seed"": 17, ""sigma_fraction"": 0.022095999012449814, ""wide_sigma_fraction"": 0.3008503702038378}",,
lcbench_168331,lcbench,FMP,18,200,200,-77.62078857421875,-77.62078857421875,77.62078857421875,,True,0.9623808000033023,0.0890541000990197,0.9744247000053292,10400.0,0.8733266999042826,77.62078857421875,200.0,-77.62078857421875,0.4739583333333333,0.0,0.0,0.0,36.0,0.9621386999933748,0.10193749993050005,0.8602012000628747,0.4322916666666667,0.46987951807228917,0.5677083333333334,0.47706422018348627,0.0,,"{""T_mcmc"": 0.05021528037835243, ""burnin_fraction"": 0.21939164151847443, ""bw_prior_strength"": 89.80956876532602, ""decoder"": ""soft"", ""emission_mu"": [-0.00946430696609267, 0.0946430696609267, 0.014196460449139003], ""emission_sigma"": [0.05678584179655601, 0.23660767415231673, 0.01892861393218534], ""explore_subsample"": false, ""hmm_window"": 12, ""kde_tau"": 0.006205167444665816, ""n_chains"": 1, ""n_init"": 8, ""orchestrate_every"": 5, ""p_dream"": 0.0, ""rejection_streak"": 24, ""seed"": 18, ""sigma_fraction"": 0.022095999012449814, ""wide_sigma_fraction"": 0.3008503702038378}",,
lcbench_168331,lcbench,FMP,19,200,200,-77.12257385253906,-77.12257385253906,77.12257385253906,,True,1.015382999990834,0.0915852997568436,1.0274654000095325,10400.0,0.9237977002339903,77.12257385253906,200.0,-77.12257385253906,0.4479166666666667,0.0,0.0,0.0,36.0,1.0151605999999447,0.10473679994174745,0.9104238000581972,0.4270833333333333,0.47560975609756095,0.5729166666666666,0.42727272727272725,0.0,,"{""T_mcmc"": 0.05021528037835243, ""burnin_fraction"": 0.21939164151847443, ""bw_prior_strength"": 89.80956876532602, ""decoder"": ""soft"", ""emission_mu"": [-0.00946430696609267, 0.0946430696609267, 0.014196460449139003], ""emission_sigma"": [0.05678584179655601, 0.23660767415231673, 0.01892861393218534], ""explore_subsample"": false, ""hmm_window"": 12, ""kde_tau"": 0.006205167444665816, ""n_chains"": 1, ""n_init"": 8, ""orchestrate_every"": 5, ""p_dream"": 0.0, ""rejection_streak"": 24, ""seed"": 19, ""sigma_fraction"": 0.022095999012449814, ""wide_sigma_fraction"": 0.3008503702038378}",,
lcbench_168331,lcbench,FMP_DREAM,0,200,200,-82.30696105957031,-82.30696105957031,82.30696105957031,,True,0.7053817999985768,0.08228079993568826,0.7178725000121631,10400.0,0.6231010000628885,82.30696105957031,200.0,-82.30696105957031,0.15625,0.78125,0.0,0.0,36.0,0.7051449999999022,0.09507809992646798,0.6100669000734342,0.15625,0.2,0.8333333333333334,0.14375,0.010416666666666666,0.5,"{""T_mcmc"": 0.05021528037835243, ""burnin_fraction"": 0.21939164151847443, ""bw_prior_strength"": 89.80956876532602, ""decoder"": ""soft"", ""emission_mu"": [-0.00946430696609267, 0.0946430696609267, 0.014196460449139003], ""emission_sigma"": [0.05678584179655601, 0.23660767415231673, 0.01892861393218534], ""explore_subsample"": false, ""hmm_window"": 12, ""kde_tau"": 0.006205167444665816, ""n_chains"": 1, ""n_init"": 8, ""orchestrate_every"": 5, ""p_dream"": 0.7412354684077219, ""rejection_streak"": 24, ""seed"": 0, ""sigma_fraction"": 0.022095999012449814, ""wide_sigma_fraction"": 0.3008503702038378}",,
lcbench_168331,lcbench,FMP_DREAM,1,200,200,-76.1143798828125,-76.1143798828125,76.1143798828125,,True,0.7917181000084383,0.07735070002672728,0.8031054000020958,10400.0,0.7143673999817111,76.1143798828125,200.0,-76.1143798828125,0.20833333333333334,0.7083333333333334,0.0,0.0,36.0,0.7915005000104429,0.0904091000702465,0.7010913999401964,0.25,0.2916666666666667,0.75,0.18055555555555555,0.0,,"{""T_mcmc"": 0.05021528037835243, ""burnin_fraction"": 0.21939164151847443, ""bw_prior_strength"": 89.80956876532602, ""decoder"": ""soft"", ""emission_mu"": [-0.00946430696609267, 0.0946430696609267, 0.014196460449139003], ""emission_sigma"": [0.05678584179655601, 0.23660767415231673, 0.01892861393218534], ""explore_subsample"": false, ""hmm_window"": 12, ""kde_tau"": 0.006205167444665816, ""n_chains"": 1, ""n_init"": 8, ""orchestrate_every"": 5, ""p_dream"": 0.7412354684077219, ""rejection_streak"": 24, ""seed"": 1, ""sigma_fraction"": 0.022095999012449814, ""wide_sigma_fraction"": 0.3008503702038378}",,
lcbench_168331,lcbench,FMP_DREAM,2,200,200,-79.64571380615234,-79.64571380615234,79.64571380615234,,True,0.768185299995821,0.08000949991401285,0.7789939000067534,10400.0,0.6881758000818081,79.64571380615234,200.0,-79.64571380615234,0.21354166666666666,0.7135416666666666,0.0,0.0,36.0,0.7680003999994369,0.09333080002397764,0.6746695999754593,0.2552083333333333,0.3469387755102041,0.7135416666666666,0.1678832116788321,0.03125,0.16666666666666666,"{""T_mcmc"": 0.05021528037835243, ""burnin_fraction"": 0.21939164151847443, ""bw_prior_strength"": 89.80956876532602, ""decoder"": ""soft"", ""emission_mu"": [-0.00946430696609267, 0.0946430696609267, 0.014196460449139003], ""emission_sigma"": [0.05678584179655601, 0.23660767415231673, 0.01892861393218534], ""explore_subsample"": false, ""hmm_window"": 12, ""kde_tau"": 0.006205167444665816, ""n_chains"": 1, ""n_init"": 8, ""orchestrate_every"": 5, ""p_dream"": 0.7412354684077219, ""rejection_streak"": 24, ""seed"": 2, ""sigma_fraction"": 0.022095999012449814, ""wide_sigma_fraction"": 0.3008503702038378}",,
lcbench_168331,lcbench,FMP_DREAM,3,200,200,-80.12904357910156,-80.12904357910156,80.12904357910156,,True,0.7530666999955429,0.0732602998468792,0.7658563000004506,10400.0,0.6798064001486637,80.12904357910156,200.0,-80.12904357910156,0.16145833333333334,0.78125,0.0,0.0,36.0,0.7528336999966996,0.0865144001581939,0.6663192998385057,0.19270833333333334,0.1891891891891892,0.8020833333333334,0.14935064935064934,0.005208333333333333,1.0,"{""T_mcmc"": 0.05021528037835243, ""burnin_fraction"": 0.21939164151847443, ""bw_prior_strength"": 89.80956876532602, ""decoder"": ""soft"", ""emission_mu"": [-0.00946430696609267, 0.0946430696609267, 0.014196460449139003], ""emission_sigma"": [0.05678584179655601, 0.23660767415231673, 0.01892861393218534], ""explore_subsample"": false, ""hmm_window"": 12, ""kde_tau"": 0.006205167444665816, ""n_chains"": 1, ""n_init"": 8, ""orchestrate_every"": 5, ""p_dream"": 0.7412354684077219, ""rejection_streak"": 24, ""seed"": 3, ""sigma_fraction"": 0.022095999012449814, ""wide_sigma_fraction"": 0.3008503702038378}",,
lcbench_168331,lcbench,FMP_DREAM,4,200,200,-82.34527587890625,-82.34527587890625,82.34527587890625,,True,0.9384090000094147,0.0999205001280643,0.9519766000012169,10400.0,0.8384884998813504,82.34527587890625,200.0,-82.34527587890625,0.18229166666666666,0.7864583333333334,0.0,0.0,36.0,0.938175000002957,0.11738999995577615,0.8207850000471808,0.20833333333333334,0.275,0.7760416666666666,0.1476510067114094,0.015625,0.6666666666666666,"{""T_mcmc"": 0.05021528037835243, ""burnin_fraction"": 0.21939164151847443, ""bw_prior_strength"": 89.80956876532602, ""decoder"": ""soft"", ""emission_mu"": [-0.00946430696609267, 0.0946430696609267, 0.014196460449139003], ""emission_sigma"": [0.05678584179655601, 0.23660767415231673, 0.01892861393218534], ""explore_subsample"": false, ""hmm_window"": 12, ""kde_tau"": 0.006205167444665816, ""n_chains"": 1, ""n_init"": 8, ""orchestrate_every"": 5, ""p_dream"": 0.7412354684077219, ""rejection_streak"": 24, ""seed"": 4, ""sigma_fraction"": 0.022095999012449814, ""wide_sigma_fraction"": 0.3008503702038378}",,
lcbench_168331,lcbench,FMP_DREAM,5,200,200,-65.52603149414062,-65.52603149414062,65.52603149414062,,True,0.8914184999885038,0.0953266000142321,0.9022569999942789,10400.0,0.7960918999742717,65.52603149414062,200.0,-65.52603149414062,0.234375,0.7395833333333334,0.0,0.0,36.0,0.8912327999860281,0.11070719989947975,0.7805256000865484,0.40625,0.20512820512820512,0.5885416666666666,0.24778761061946902,0.005208333333333333,1.0,"{""T_mcmc"": 0.05021528037835243, ""burnin_fraction"": 0.21939164151847443, ""bw_prior_strength"": 89.80956876532602, ""decoder"": ""soft"", ""emission_mu"": [-0.00946430696609267, 0.0946430696609267, 0.014196460449139003], ""emission_sigma"": [0.05678584179655601, 0.23660767415231673, 0.01892861393218534], ""explore_subsample"": false, ""hmm_window"": 12, ""kde_tau"": 0.006205167444665816, ""n_chains"": 1, ""n_init"": 8, ""orchestrate_every"": 5, ""p_dream"": 0.7412354684077219, ""rejection_streak"": 24, ""seed"": 5, ""sigma_fraction"": 0.022095999012449814, ""wide_sigma_fraction"": 0.3008503702038378}",,
lcbench_168331,lcbench,FMP_DREAM,6,200,200,-76.65621185302734,-76.65621185302734,76.65621185302734,,True,1.0152478999953019,0.10860749983112328,1.0276386000041384,10400.0,0.9066404001641786,76.65621185302734,200.0,-76.65621185302734,0.1875,0.734375,0.0,0.0,36.0,1.0150284999981523,0.12463850004132837,0.8903899999568239,0.21354166666666666,0.07317073170731707,0.7760416666666666,0.21476510067114093,0.010416666666666666,0.5,"{""T_mcmc"": 0.05021528037835243, ""burnin_fraction"": 0.21939164151847443, ""bw_prior_strength"": 89.80956876532602, ""decoder"": ""soft"", ""emission_mu"": [-0.00946430696609267, 0.0946430696609267, 0.014196460449139003], ""emission_sigma"": [0.05678584179655601, 0.23660767415231673, 0.01892861393218534], ""explore_subsample"": false, ""hmm_window"": 12, ""kde_tau"": 0.006205167444665816, ""n_chains"": 1, ""n_init"": 8, ""orchestrate_every"": 5, ""p_dream"": 0.7412354684077219, ""rejection_streak"": 24, ""seed"": 6, ""sigma_fraction"": 0.022095999012449814, ""wide_sigma_fraction"": 0.3008503702038378}",,
lcbench_168331,lcbench,FMP_DREAM,7,200,200,-75.7388687133789,-75.7388687133789,75.7388687133789,,True,1.0319754000083776,0.10780270000395831,1.045095900000888,10400.0,0.9241727000044193,75.7388687133789,200.0,-75.7388687133789,0.234375,0.7239583333333334,0.0,0.0,36.0,1.031764799990924,0.12423110000963788,0.9075336999812862,0.28125,0.2777777777777778,0.71875,0.21739130434782608,0.0,,"{""T_mcmc"": 0.05021528037835243, ""burnin_fraction"": 0.21939164151847443, ""bw_prior_strength"": 89.80956876532602, ""decoder"": ""soft"", ""emission_mu"": [-0.00946430696609267, 0.0946430696609267, 0.014196460449139003], ""emission_sigma"": [0.05678584179655601, 0.23660767415231673, 0.01892861393218534], ""explore_subsample"": false, ""hmm_window"": 12, ""kde_tau"": 0.006205167444665816, ""n_chains"": 1, ""n_init"": 8, ""orchestrate_every"": 5, ""p_dream"": 0.7412354684077219, ""rejection_streak"": 24, ""seed"": 7, ""sigma_fraction"": 0.022095999012449814, ""wide_sigma_fraction"": 0.3008503702038378}",,
lcbench_168331,lcbench,FMP_DREAM,8,200,200,-78.93943786621094,-78.93943786621094,78.93943786621094,,True,0.9678681000077631,0.10157959995558485,0.9799849999981234,10400.0,0.8662885000521783,78.93943786621094,200.0,-78.93943786621094,0.13541666666666666,0.8177083333333334,0.0,0.0,36.0,0.9676486999960616,0.11773260003246833,0.8499160999635933,0.13541666666666666,0.19230769230769232,0.8645833333333334,0.12650602409638553,0.0,,"{""T_mcmc"": 0.05021528037835243, ""burnin_fraction"": 0.21939164151847443, ""bw_prior_strength"": 89.80956876532602, ""decoder"": ""soft"", ""emission_mu"": [-0.00946430696609267, 0.0946430696609267, 0.014196460449139003], ""emission_sigma"": [0.05678584179655601, 0.23660767415231673, 0.01892861393218534], ""explore_subsample"": false, ""hmm_window"": 12, ""kde_tau"": 0.006205167444665816, ""n_chains"": 1, ""n_init"": 8, ""orchestrate_every"": 5, ""p_dream"": 0.7412354684077219, ""rejection_streak"": 24, ""seed"": 8, ""sigma_fraction"": 0.022095999012449814, ""wide_sigma_fraction"": 0.3008503702038378}",,
lcbench_168331,lcbench,FMP_DREAM,9,200,200,-78.47810363769531,-78.47810363769531,78.47810363769531,,True,0.9814327000058256,0.10268379995250143,0.9936111999995774,10400.0,0.8787489000533242,78.47810363769531,200.0,-78.47810363769531,0.203125,0.7552083333333334,0.0,0.0,36.0,0.9811688000045251,0.11872369982302189,0.8624451001815032,0.22395833333333334,0.09302325581395349,0.7708333333333334,0.22972972972972974,0.005208333333333333,1.0,"{""T_mcmc"": 0.05021528037835243, ""burnin_fraction"": 0.21939164151847443, ""bw_prior_strength"": 89.80956876532602, ""decoder"": ""soft"", ""emission_mu"": [-0.00946430696609267, 0.0946430696609267, 0.014196460449139003], ""emission_sigma"": [0.05678584179655601, 0.23660767415231673, 0.01892861393218534], ""explore_subsample"": false, ""hmm_window"": 12, ""kde_tau"": 0.006205167444665816, ""n_chains"": 1, ""n_init"": 8, ""orchestrate_every"": 5, ""p_dream"": 0.7412354684077219, ""rejection_streak"": 24, ""seed"": 9, ""sigma_fraction"": 0.022095999012449814, ""wide_sigma_fraction"": 0.3008503702038378}",,
lcbench_168331,lcbench,FMP_DREAM,10,200,200,-78.96623992919922,-78.96623992919922,78.96623992919922,,True,1.0797577000048477,0.11031550001644064,1.0962948000087636,10400.0,0.9694421999884071,78.96623992919922,200.0,-78.96623992919922,0.18229166666666666,0.765625,0.0,0.0,36.0,1.0795000999933109,0.12637189995439257,0.9531282000389183,0.21354166666666666,0.1951219512195122,0.7864583333333334,0.17880794701986755,0.0,,"{""T_mcmc"": 0.05021528037835243, ""burnin_fraction"": 0.21939164151847443, ""bw_prior_strength"": 89.80956876532602, ""decoder"": ""soft"", ""emission_mu"": [-0.00946430696609267, 0.0946430696609267, 0.014196460449139003], ""emission_sigma"": [0.05678584179655601, 0.23660767415231673, 0.01892861393218534], ""explore_subsample"": false, ""hmm_window"": 12, ""kde_tau"": 0.006205167444665816, ""n_chains"": 1, ""n_init"": 8, ""orchestrate_every"": 5, ""p_dream"": 0.7412354684077219, ""rejection_streak"": 24, ""seed"": 10, ""sigma_fraction"": 0.022095999012449814, ""wide_sigma_fraction"": 0.3008503702038378}",,
lcbench_168331,lcbench,FMP_DREAM,11,200,200,-77.74568939208984,-77.74568939208984,77.74568939208984,,True,1.1433801999955904,0.11834549997001886,1.157519999993383,10400.0,1.0250347000255715,77.74568939208984,200.0,-77.74568939208984,0.16145833333333334,0.7552083333333334,0.0,0.0,36.0,1.1428222000104142,0.1371817000763258,1.0056404999340884,0.171875,0.30303030303030304,0.828125,0.1320754716981132,0.0,,"{""T_mcmc"": 0.05021528037835243, ""burnin_fraction"": 0.21939164151847443, ""bw_prior_strength"": 89.80956876532602, ""decoder"": ""soft"", ""emission_mu"": [-0.00946430696609267, 0.0946430696609267, 0.014196460449139003], ""emission_sigma"": [0.05678584179655601, 0.23660767415231673, 0.01892861393218534], ""explore_subsample"": false, ""hmm_window"": 12, ""kde_tau"": 0.006205167444665816, ""n_chains"": 1, ""n_init"": 8, ""orchestrate_every"": 5, ""p_dream"": 0.7412354684077219, ""rejection_streak"": 24, ""seed"": 11, ""sigma_fraction"": 0.022095999012449814, ""wide_sigma_fraction"": 0.3008503702038378}",,
lcbench_168331,lcbench,FMP_DREAM,12,200,200,-76.76756286621094,-76.76756286621094,76.76756286621094,,True,1.088178499994683,0.1290900001040427,1.1035282999946503,10400.0,0.9590884998906404,76.76756286621094,200.0,-76.76756286621094,0.171875,0.7864583333333334,0.0,0.0,36.0,1.0879511000093771,0.14958550001028925,0.9383655999990879,0.1875,0.3055555555555556,0.8072916666666666,0.13548387096774195,0.005208333333333333,1.0,"{""T_mcmc"": 0.05021528037835243, ""burnin_fraction"": 0.21939164151847443, ""bw_prior_strength"": 89.80956876532602, ""decoder"": ""soft"", ""emission_mu"": [-0.00946430696609267, 0.0946430696609267, 0.014196460449139003], ""emission_sigma"": [0.05678584179655601, 0.23660767415231673, 0.01892861393218534], ""explore_subsample"": false, ""hmm_window"": 12, ""kde_tau"": 0.006205167444665816, ""n_chains"": 1, ""n_init"": 8, ""orchestrate_every"": 5, ""p_dream"": 0.7412354684077219, ""rejection_streak"": 24, ""seed"": 12, ""sigma_fraction"": 0.022095999012449814, ""wide_sigma_fraction"": 0.3008503702038378}",,
lcbench_168331,lcbench,FMP_DREAM,13,200,200,-77.53112030029297,-77.53112030029297,77.53112030029297,,True,1.104537999999593,0.1223972001025686,1.120838199989521,10400.0,0.9821407998970244,77.53112030029297,200.0,-77.53112030029297,0.234375,0.7135416666666666,0.0,0.0,36.0,1.104300199993304,0.1439315999741666,0.9603686000191374,0.3333333333333333,0.34375,0.6666666666666666,0.1796875,0.0,,"{""T_mcmc"": 0.05021528037835243, ""burnin_fraction"": 0.21939164151847443, ""bw_prior_strength"": 89.80956876532602, ""decoder"": ""soft"", ""emission_mu"": [-0.00946430696609267, 0.0946430696609267, 0.014196460449139003], ""emission_sigma"": [0.05678584179655601, 0.23660767415231673, 0.01892861393218534], ""explore_subsample"": false, ""hmm_window"": 12, ""kde_tau"": 0.006205167444665816, ""n_chains"": 1, ""n_init"": 8, ""orchestrate_every"": 5, ""p_dream"": 0.7412354684077219, ""rejection_streak"": 24, ""seed"": 13, ""sigma_fraction"": 0.022095999012449814, ""wide_sigma_fraction"": 0.3008503702038378}",,
lcbench_168331,lcbench,FMP_DREAM,14,200,200,-63.310203552246094,-63.310203552246094,63.310203552246094,,True,1.0660728999937419,0.11335590004455298,1.0809284999995725,10400.0,0.9527169999491889,63.310203552246094,200.0,-63.310203552246094,0.19791666666666666,0.7916666666666666,0.0,0.0,36.0,1.0658276000031037,0.14049209989025258,0.9253355001128512,0.203125,0.3333333333333333,0.796875,0.16339869281045752,0.0,,"{""T_mcmc"": 0.05021528037835243, ""burnin_fraction"": 0.21939164151847443, ""bw_prior_strength"": 89.80956876532602, ""decoder"": ""soft"", ""emission_mu"": [-0.00946430696609267, 0.0946430696609267, 0.014196460449139003], ""emission_sigma"": [0.05678584179655601, 0.23660767415231673, 0.01892861393218534], ""explore_subsample"": false, ""hmm_window"": 12, ""kde_tau"": 0.006205167444665816, ""n_chains"": 1, ""n_init"": 8, ""orchestrate_every"": 5, ""p_dream"": 0.7412354684077219, ""rejection_streak"": 24, ""seed"": 14, ""sigma_fraction"": 0.022095999012449814, ""wide_sigma_fraction"": 0.3008503702038378}",,
lcbench_168331,lcbench,FMP_DREAM,15,200,200,-79.05606079101562,-79.05606079101562,79.05606079101562,,True,1.0739962000079686,0.1312897000752855,1.0983698000054574,10400.0,0.9427064999326831,79.05606079101562,200.0,-79.05606079101562,0.21354166666666666,0.734375,0.0,0.0,36.0,1.0737808999983827,0.14981749988510273,0.9239634001132799,0.23958333333333334,0.1956521739130435,0.75,0.2152777777777778,0.010416666666666666,0.5,"{""T_mcmc"": 0.05021528037835243, ""burnin_fraction"": 0.21939164151847443, ""bw_prior_strength"": 89.80956876532602, ""decoder"": ""soft"", ""emission_mu"": [-0.00946430696609267, 0.0946430696609267, 0.014196460449139003], ""emission_sigma"": [0.05678584179655601, 0.23660767415231673, 0.01892861393218534], ""explore_subsample"": false, ""hmm_window"": 12, ""kde_tau"": 0.006205167444665816, ""n_chains"": 1, ""n_init"": 8, ""orchestrate_every"": 5, ""p_dream"": 0.7412354684077219, ""rejection_streak"": 24, ""seed"": 15, ""sigma_fraction"": 0.022095999012449814, ""wide_sigma_fraction"": 0.3008503702038378}",,
lcbench_168331,lcbench,FMP_DREAM,16,200,200,-74.94905853271484,-74.94905853271484,74.94905853271484,,True,1.243999199999962,0.16175570010091178,1.2597887000010815,10400.0,1.0822434998990502,74.94905853271484,200.0,-74.94905853271484,0.22395833333333334,0.8072916666666666,0.0,0.0,36.0,1.2437642000004416,0.1848813000251539,1.0588828999752877,0.28125,0.25925925925925924,0.71875,0.21014492753623187,0.0,,"{""T_mcmc"": 0.05021528037835243, ""burnin_fraction"": 0.21939164151847443, ""bw_prior_strength"": 89.80956876532602, ""decoder"": ""soft"", ""emission_mu"": [-0.00946430696609267, 0.0946430696609267, 0.014196460449139003], ""emission_sigma"": [0.05678584179655601, 0.23660767415231673, 0.01892861393218534], ""explore_subsample"": false, ""hmm_window"": 12, ""kde_tau"": 0.006205167444665816, ""n_chains"": 1, ""n_init"": 8, ""orchestrate_every"": 5, ""p_dream"": 0.7412354684077219, ""rejection_streak"": 24, ""seed"": 16, ""sigma_fraction"": 0.022095999012449814, ""wide_sigma_fraction"": 0.3008503702038378}",,
lcbench_168331,lcbench,FMP_DREAM,17,200,200,-76.91529846191406,-76.91529846191406,76.91529846191406,,True,1.2716954000061378,0.1234093999810284,1.2921671000076458,10400.0,1.1482860000251094,76.91529846191406,200.0,-76.91529846191406,0.19791666666666666,0.7135416666666666,0.0,0.0,36.0,1.2714450000057695,0.14069790003122762,1.130747099974542,0.203125,0.28205128205128205,0.7864583333333334,0.17218543046357615,0.010416666666666666,0.5,"{""T_mcmc"": 0.05021528037835243, ""burnin_fraction"": 0.21939164151847443, ""bw_prior_strength"": 89.80956876532602, ""decoder"": ""soft"", ""emission_mu"": [-0.00946430696609267, 0.0946430696609267, 0.014196460449139003], ""emission_sigma"": [0.05678584179655601, 0.23660767415231673, 0.01892861393218534], ""explore_subsample"": false, ""hmm_window"": 12, ""kde_tau"": 0.006205167444665816, ""n_chains"": 1, ""n_init"": 8, ""orchestrate_every"": 5, ""p_dream"": 0.7412354684077219, ""rejection_streak"": 24, ""seed"": 17, ""sigma_fraction"": 0.022095999012449814, ""wide_sigma_fraction"": 0.3008503702038378}",,
lcbench_168331,lcbench,FMP_DREAM,18,200,200,-79.8160400390625,-79.8160400390625,79.8160400390625,,True,1.1945197000022745,0.1164461000735173,1.207379100000253,10400.0,1.0780735999287572,79.8160400390625,200.0,-79.8160400390625,0.23958333333333334,0.7083333333333334,0.0,0.0,36.0,1.194282700002077,0.13637200005177874,1.0579106999502983,0.22395833333333334,0.18604651162790697,0.7604166666666666,0.2465753424657534,0.015625,0.6666666666666666,"{""T_mcmc"": 0.05021528037835243, ""burnin_fraction"": 0.21939164151847443, ""bw_prior_strength"": 89.80956876532602, ""decoder"": ""soft"", ""emission_mu"": [-0.00946430696609267, 0.0946430696609267, 0.014196460449139003], ""emission_sigma"": [0.05678584179655601, 0.23660767415231673, 0.01892861393218534], ""explore_subsample"": false, ""hmm_window"": 12, ""kde_tau"": 0.006205167444665816, ""n_chains"": 1, ""n_init"": 8, ""orchestrate_every"": 5, ""p_dream"": 0.7412354684077219, ""rejection_streak"": 24, ""seed"": 18, ""sigma_fraction"": 0.022095999012449814, ""wide_sigma_fraction"": 0.3008503702038378}",,
lcbench_168331,lcbench,FMP_DREAM,19,200,200,-79.85045623779297,-79.85045623779297,79.85045623779297,,True,1.1845158000069205,0.11342659998626914,1.196611200008192,10400.0,1.0710892000206513,79.85045623779297,200.0,-79.85045623779297,0.17708333333333334,0.7864583333333334,0.0,0.0,36.0,1.1842710000055376,0.1336593000596622,1.0506116999458754,0.17708333333333334,0.17647058823529413,0.8125,0.16666666666666666,0.010416666666666666,1.0,"{""T_mcmc"": 0.05021528037835243, ""burnin_fraction"": 0.21939164151847443, ""bw_prior_strength"": 89.80956876532602, ""decoder"": ""soft"", ""emission_mu"": [-0.00946430696609267, 0.0946430696609267, 0.014196460449139003], ""emission_sigma"": [0.05678584179655601, 0.23660767415231673, 0.01892861393218534], ""explore_subsample"": false, ""hmm_window"": 12, ""kde_tau"": 0.006205167444665816, ""n_chains"": 1, ""n_init"": 8, ""orchestrate_every"": 5, ""p_dream"": 0.7412354684077219, ""rejection_streak"": 24, ""seed"": 19, ""sigma_fraction"": 0.022095999012449814, ""wide_sigma_fraction"": 0.3008503702038378}",,
lcbench_168331,lcbench,GP,0,200,200,-86.88076782226562,-86.88076782226562,86.88076782226562,,True,101.72678129999986,0.1441573999763932,101.74036570000317,10400.0,101.58262390002346,86.88076782226562,,,,,,,,,,,,,,,,,,,
lcbench_168331,lcbench,GP,1,200,200,-86.88076782226562,-86.88076782226562,86.88076782226562,,True,117.74050360000547,0.16034510003373725,117.76062890000321,10400.0,117.58015849997173,86.88076782226562,,,,,,,,,,,,,,,,,,,
lcbench_168331,lcbench,GP,2,200,200,-86.88076782226562,-86.88076782226562,86.88076782226562,,True,106.44708159999573,0.15100380003423197,106.46022870000161,10400.0,106.2960777999615,86.88076782226562,,,,,,,,,,,,,,,,,,,
lcbench_168331,lcbench,GP,3,200,200,-86.88076782226562,-86.88076782226562,86.88076782226562,,True,112.72978230000444,0.16071499994723126,112.75155369999993,10400.0,112.56906730005721,86.88076782226562,,,,,,,,,,,,,,,,,,,
lcbench_168331,lcbench,GP,4,200,200,-86.88076782226562,-86.88076782226562,86.88076782226562,,True,104.8691306000037,0.1470898000188754,104.91662460000225,10400.0,104.72204079998482,86.88076782226562,,,,,,,,,,,,,,,,,,,
lcbench_168331,lcbench,GP,5,200,200,-86.88076782226562,-86.88076782226562,86.88076782226562,,True,107.68400459999975,0.16058040004281793,107.7082012000028,10400.0,107.52342419995693,86.88076782226562,,,,,,,,,,,,,,,,,,,
lcbench_168331,lcbench,GP,6,200,200,-86.88076782226562,-86.88076782226562,86.88076782226562,,True,110.39152209999884,0.146753200016974,110.40615609999804,10400.0,110.24476889998186,86.88076782226562,,,,,,,,,,,,,,,,,,,
lcbench_168331,lcbench,GP,7,200,200,-86.88076782226562,-86.88076782226562,86.88076782226562,,True,103.71537610000087,0.15541450006276136,103.73320840000088,10400.0,103.5599615999381,86.88076782226562,,,,,,,,,,,,,,,,,,,
lcbench_168331,lcbench,GP,8,200,200,-86.88076782226562,-86.88076782226562,86.88076782226562,,True,99.09191270000156,0.14519849995122058,99.11005920000025,10400.0,98.94671420005034,86.88076782226562,,,,,,,,,,,,,,,,,,,
lcbench_168331,lcbench,GP,9,200,200,-86.88076782226562,-86.88076782226562,86.88076782226562,,True,106.08914089999598,0.1598803000015323,106.11743879999995,10400.0,105.92926059999445,86.88076782226562,,,,,,,,,,,,,,,,,,,
lcbench_168331,lcbench,GP,10,200,200,-83.48932647705078,-83.48932647705078,83.48932647705078,,True,105.84566070000437,0.14895600004092557,105.85976389999996,10400.0,105.69670469996345,83.48932647705078,,,,,,,,,,,,,,,,,,,
lcbench_168331,lcbench,GP,11,200,200,-86.88076782226562,-86.88076782226562,86.88076782226562,,True,105.82219020000048,0.1547902000384056,105.83937259999948,10400.0,105.66739999996207,86.88076782226562,,,,,,,,,,,,,,,,,,,
lcbench_168331,lcbench,GP,12,200,200,-86.88076782226562,-86.88076782226562,86.88076782226562,,True,116.47736099999747,0.14978430001065135,116.48799119999603,10400.0,116.32757669998682,86.88076782226562,,,,,,,,,,,,,,,,,,,
lcbench_168331,lcbench,GP,13,200,200,-86.88076782226562,-86.88076782226562,86.88076782226562,,True,116.44549330000154,0.1498852000295301,116.46010050000041,10400.0,116.29560809997201,86.88076782226562,,,,,,,,,,,,,,,,,,,
lcbench_168331,lcbench,GP,14,200,200,-86.88076782226562,-86.88076782226562,86.88076782226562,,True,109.97771199999988,0.14782139995804755,109.98631329999625,10400.0,109.82989060004184,86.88076782226562,,,,,,,,,,,,,,,,,,,
lcbench_168331,lcbench,GP,15,200,200,-81.37940216064453,-81.37940216064453,81.37940216064453,,True,101.9265247000003,0.16219650000857655,101.94104159999551,10400.0,101.76432819999172,81.37940216064453,,,,,,,,,,,,,,,,,,,
lcbench_168331,lcbench,GP,16,200,200,-86.88076782226562,-86.88076782226562,86.88076782226562,,True,102.46424999999726,0.14907510006742086,102.47753340000054,10400.0,102.31517489992984,86.88076782226562,,,,,,,,,,,,,,,,,,,
lcbench_168331,lcbench,GP,17,200,200,-86.88076782226562,-86.88076782226562,86.88076782226562,,True,94.07227289999719,0.1542420999830938,94.09793160000117,10400.0,93.9180308000141,86.88076782226562,,,,,,,,,,,,,,,,,,,
lcbench_168331,lcbench,GP,18,200,200,-86.88076782226562,-86.88076782226562,86.88076782226562,,True,104.75103700000182,0.1552355999519932,104.76328189999913,10400.0,104.59580140004982,86.88076782226562,,,,,,,,,,,,,,,,,,,
lcbench_168331,lcbench,GP,19,200,200,-86.88076782226562,-86.88076782226562,86.88076782226562,,True,115.91963170000236,0.15231439999479335,115.94277700000384,10400.0,115.76731730000756,86.88076782226562,,,,,,,,,,,,,,,,,,,
lcbench_168331,lcbench,RS,0,200,200,-58.798240661621094,-58.798240661621094,58.798240661621094,,True,0.2638632999951369,0.10367189998942195,0.30782759999419795,10400.0,0.16019140000571497,58.798240661621094,,,,,,,,,,,,,,,,,,,
lcbench_168331,lcbench,RS,1,200,200,-63.65711212158203,-63.65711212158203,63.65711212158203,,True,0.2776889000015217,0.1108280000044033,0.3098679999966407,10400.0,0.1668608999971184,63.65711212158203,,,,,,,,,,,,,,,,,,,
lcbench_168331,lcbench,RS,2,200,200,-63.25359344482422,-63.25359344482422,63.25359344482422,,True,0.25675809999665944,0.09983450006257044,0.2672078000032343,10400.0,0.156923599934089,63.25359344482422,,,,,,,,,,,,,,,,,,,
lcbench_168331,lcbench,RS,3,200,200,-70.68720245361328,-70.68720245361328,70.68720245361328,,True,0.26372689999698196,0.10461880004731938,0.27349080000567483,10400.0,0.15910809994966257,70.68720245361328,,,,,,,,,,,,,,,,,,,
lcbench_168331,lcbench,RS,4,200,200,-67.1331787109375,-67.1331787109375,67.1331787109375,,True,0.2598772999990615,0.10267899995233165,0.2704915000067558,10400.0,0.15719830004672986,67.1331787109375,,,,,,,,,,,,,,,,,,,
lcbench_168331,lcbench,RS,5,200,200,-62.192813873291016,-62.192813873291016,62.192813873291016,,True,0.26595670000097016,0.10705520010378677,0.27605900000344263,10400.0,0.15890149989718338,62.192813873291016,,,,,,,,,,,,,,,,,,,
lcbench_168331,lcbench,RS,6,200,200,-65.81085205078125,-65.81085205078125,65.81085205078125,,True,0.29473419999703765,0.12267210001300555,0.3050239000003785,10400.0,0.1720620999840321,65.81085205078125,,,,,,,,,,,,,,,,,,,
lcbench_168331,lcbench,RS,7,200,200,-68.27587890625,-68.27587890625,68.27587890625,,True,0.2968239000038011,0.12562979993526824,0.3071760000020731,10400.0,0.17119410006853286,68.27587890625,,,,,,,,,,,,,,,,,,,
lcbench_168331,lcbench,RS,8,200,200,-68.16241455078125,-68.16241455078125,68.16241455078125,,True,0.317356400002609,0.12878029995044926,0.3640981999997166,10400.0,0.18857610005215975,68.16241455078125,,,,,,,,,,,,,,,,,,,
lcbench_168331,lcbench,RS,9,200,200,-61.93983459472656,-61.93983459472656,61.93983459472656,,True,0.3076121999984025,0.1269948000626755,0.32432149999658577,10400.0,0.180617399935727,61.93983459472656,,,,,,,,,,,,,,,,,,,
lcbench_168331,lcbench,RS,10,200,200,-63.17028045654297,-63.17028045654297,63.17028045654297,,True,0.30582370000047376,0.1277033000078518,0.3176898000019719,10400.0,0.17812039999262197,63.17028045654297,,,,,,,,,,,,,,,,,,,
lcbench_168331,lcbench,RS,11,200,200,-62.2995491027832,-62.2995491027832,62.2995491027832,,True,0.3430597999977181,0.17181140004686313,0.3530019000027096,10400.0,0.17124839995085495,62.2995491027832,,,,,,,,,,,,,,,,,,,
lcbench_168331,lcbench,RS,12,200,200,-69.58678436279297,-69.58678436279297,69.58678436279297,,True,0.2736864000034984,0.1102260000188835,0.28587370000605006,10400.0,0.16346039998461492,69.58678436279297,,,,,,,,,,,,,,,,,,,
lcbench_168331,lcbench,RS,13,200,200,-62.09040832519531,-62.09040832519531,62.09040832519531,,True,0.3205846999990172,0.1292836000211537,0.3308843999984674,10400.0,0.1913010999778635,62.09040832519531,,,,,,,,,,,,,,,,,,,
lcbench_168331,lcbench,RS,14,200,200,-67.47322845458984,-67.47322845458984,67.47322845458984,,True,0.3254575999962981,0.14032669994048774,0.3366105000022799,10400.0,0.18513090005581034,67.47322845458984,,,,,,,,,,,,,,,,,,,
lcbench_168331,lcbench,RS,15,200,200,-76.59146881103516,-76.59146881103516,76.59146881103516,,True,0.28492130000086036,0.11216469996725209,0.2949095000003581,10400.0,0.17275660003360827,76.59146881103516,,,,,,,,,,,,,,,,,,,
lcbench_168331,lcbench,RS,16,200,200,-63.658809661865234,-63.658809661865234,63.658809661865234,,True,0.3276782000029925,0.13027430001966422,0.3765325999993365,10400.0,0.1974038999833283,63.658809661865234,,,,,,,,,,,,,,,,,,,
lcbench_168331,lcbench,RS,17,200,200,-67.1358642578125,-67.1358642578125,67.1358642578125,,True,0.27504830000543734,0.10737329997937195,0.28500050000002375,10400.0,0.1676750000260654,67.1358642578125,,,,,,,,,,,,,,,,,,,
lcbench_168331,lcbench,RS,18,200,200,-71.97669219970703,-71.97669219970703,71.97669219970703,,True,0.26875899999868125,0.10961050003243145,0.2790342000007513,10400.0,0.1591484999662498,71.97669219970703,,,,,,,,,,,,,,,,,,,
lcbench_168331,lcbench,RS,19,200,200,-60.75084686279297,-60.75084686279297,60.75084686279297,,True,0.2644559000036679,0.10214000003179535,0.2829353999986779,10400.0,0.16231589997187257,60.75084686279297,,,,,,,,,,,,,,,,,,,
lcbench_168331,lcbench,TPE,0,200,200,-80.24221801757812,-80.24221801757812,80.24221801757812,,True,5.608538799999224,0.15188859999761917,5.620015500004229,10400.0,5.456650200001604,80.24221801757812,,,,,,,,,,,,,,,,,,,
lcbench_168331,lcbench,TPE,1,200,200,-79.24567413330078,-79.24567413330078,79.24567413330078,,True,6.495286099998339,0.1518841000070097,6.506018899999617,10400.0,6.343401999991329,79.24567413330078,,,,,,,,,,,,,,,,,,,
lcbench_168331,lcbench,TPE,2,200,200,-67.47837829589844,-67.47837829589844,67.47837829589844,,True,6.774246899993159,0.14892220000911038,6.786247999996704,10400.0,6.6253246999840485,67.47837829589844,,,,,,,,,,,,,,,,,,,
lcbench_168331,lcbench,TPE,3,200,200,-82.72151184082031,-82.72151184082031,82.72151184082031,,True,4.746368400003121,0.14864610000222456,4.7570704000027035,10400.0,4.597722300000896,82.72151184082031,,,,,,,,,,,,,,,,,,,
lcbench_168331,lcbench,TPE,4,200,200,-78.60903930664062,-78.60903930664062,78.60903930664062,,True,8.409571700001834,0.14894119998643873,8.42002009999851,10400.0,8.260630500015395,78.60903930664062,,,,,,,,,,,,,,,,,,,
lcbench_168331,lcbench,TPE,5,200,200,-68.1758041381836,-68.1758041381836,68.1758041381836,,True,5.462612099996477,0.1468033000055584,5.4729260000021895,10400.0,5.3158087999909185,68.1758041381836,,,,,,,,,,,,,,,,,,,
lcbench_168331,lcbench,TPE,6,200,200,-81.773681640625,-81.773681640625,81.773681640625,,True,7.401911000000837,0.14995429991540732,7.413053100004618,10400.0,7.2519567000854295,81.773681640625,,,,,,,,,,,,,,,,,,,
lcbench_168331,lcbench,TPE,7,200,200,-79.26714324951172,-79.26714324951172,79.26714324951172,,True,6.285044600001129,0.15695009999762988,6.29750839999906,10400.0,6.128094500003499,79.26714324951172,,,,,,,,,,,,,,,,,,,
lcbench_168331,lcbench,TPE,8,200,200,-80.91260528564453,-80.91260528564453,80.91260528564453,,True,8.396678099998098,0.14987229997495888,8.444361899993964,10400.0,8.24680580002314,80.91260528564453,,,,,,,,,,,,,,,,,,,
lcbench_168331,lcbench,TPE,9,200,200,-81.1685791015625,-81.1685791015625,81.1685791015625,,True,9.161131900000328,0.14929310001753038,9.17146700000012,10400.0,9.011838799982797,81.1685791015625,,,,,,,,,,,,,,,,,,,
lcbench_168331,lcbench,TPE,10,200,200,-83.35916900634766,-83.35916900634766,83.35916900634766,,True,8.364179099997273,0.15071469997928943,8.40745109999989,10400.0,8.213464400017983,83.35916900634766,,,,,,,,,,,,,,,,,,,
lcbench_168331,lcbench,TPE,11,200,200,-80.43498992919922,-80.43498992919922,80.43498992919922,,True,4.901821000006748,0.14951550003752345,4.910978400002932,10400.0,4.752305499969225,80.43498992919922,,,,,,,,,,,,,,,,,,,
lcbench_168331,lcbench,TPE,12,200,200,-80.71408081054688,-80.71408081054688,80.71408081054688,,True,4.36503310000262,0.1494615000410704,4.405876400000125,10400.0,4.2155715999615495,80.71408081054688,,,,,,,,,,,,,,,,,,,
lcbench_168331,lcbench,TPE,13,200,200,-65.00382232666016,-65.00382232666016,65.00382232666016,,True,4.804017499998736,0.14780389998486498,4.813708900001075,10400.0,4.656213600013871,65.00382232666016,,,,,,,,,,,,,,,,,,,
lcbench_168331,lcbench,TPE,14,200,200,-78.2477798461914,-78.2477798461914,78.2477798461914,,True,6.910796699994535,0.15095189994462999,6.952996699998039,10400.0,6.759844800049905,78.2477798461914,,,,,,,,,,,,,,,,,,,
lcbench_168331,lcbench,TPE,15,200,200,-71.62610626220703,-71.62610626220703,71.62610626220703,,True,4.280649899999844,0.1450938999769278,4.293725199997425,10400.0,4.135556000022916,71.62610626220703,,,,,,,,,,,,,,,,,,,
lcbench_168331,lcbench,TPE,16,200,200,-79.2928466796875,-79.2928466796875,79.2928466796875,,True,5.936117799996282,0.14896239996596705,5.982171499999822,10400.0,5.787155400030315,79.2928466796875,,,,,,,,,,,,,,,,,,,
lcbench_168331,lcbench,TPE,17,200,200,-79.78316497802734,-79.78316497802734,79.78316497802734,,True,6.222791499996674,0.1424215000733966,6.232689199998276,10400.0,6.080369999923278,79.78316497802734,,,,,,,,,,,,,,,,,,,
lcbench_168331,lcbench,TPE,18,200,200,-84.4644546508789,-84.4644546508789,84.4644546508789,,True,5.283269699997618,0.14851539997471264,5.293934699999227,10400.0,5.134754300022905,84.4644546508789,,,,,,,,,,,,,,,,,,,
lcbench_168331,lcbench,TPE,19,200,200,-69.04051971435547,-69.04051971435547,69.04051971435547,,True,6.221556500000588,0.13874870003928663,6.231820900000457,10400.0,6.0828077999613015,69.04051971435547,,,,,,,,,,,,,,,,,,,
lcbench_168331,lcbench,TPE_HB,0,200,1536,-63.67836380004883,-63.67836380004883,63.67836380004883,,True,15.644287999995868,0.6270061999821337,15.653755399995134,10414.0,15.017281800013734,63.67836380004883,,,,,,,,,,,,,,,,,,,
lcbench_168331,lcbench,TPE_HB,1,200,1855,-67.83065795898438,-67.83065795898438,67.83065795898438,,True,27.671393600001466,1.0719565998879261,80.31937050000124,10408.0,26.59943700011354,67.83065795898438,,,,,,,,,,,,,,,,,,,
lcbench_168331,lcbench,TPE_HB,2,200,2180,-75.708251953125,-75.708251953125,75.708251953125,,True,29.69745939999848,1.3362015001184773,82.30767890000425,10403.0,28.361257899880002,75.708251953125,,,,,,,,,,,,,,,,,,,
lcbench_168331,lcbench,TPE_HB,3,200,1887,-82.09874725341797,-82.09874725341797,82.09874725341797,,True,16.477476299995033,0.44478190009249374,16.484909799997695,10407.0,16.03269439990254,82.09874725341797,,,,,,,,,,,,,,,,,,,
lcbench_168331,lcbench,TPE_HB,4,200,1255,-60.56376647949219,-60.56376647949219,60.56376647949219,,True,3.672854299999017,0.29163590005919104,3.678496200001973,10401.0,3.3812183999398258,60.56376647949219,,,,,,,,,,,,,,,,,,,
lcbench_168331,lcbench,TPE_HB,5,200,1367,-50.85924530029297,-50.85924530029297,50.85924530029297,,True,3.598785799993493,0.2690872999228304,3.604691399996227,10406.0,3.3296985000706627,50.85924530029297,,,,,,,,,,,,,,,,,,,
lcbench_168331,lcbench,TPE_HB,6,200,1914,-66.59410095214844,-66.59410095214844,66.59410095214844,,True,22.081057499999588,0.5775926001297194,22.086878300004173,10410.0,21.50346489986987,66.59410095214844,,,,,,,,,,,,,,,,,,,
lcbench_168331,lcbench,TPE_HB,7,200,1447,-52.756591796875,-52.756591796875,52.756591796875,,True,12.378029800005606,0.5705321997156716,12.382976000000781,10406.0,11.807497600289935,52.756591796875,,,,,,,,,,,,,,,,,,,
lcbench_168331,lcbench,TPE_HB,8,200,1425,-63.31938171386719,-63.31938171386719,63.31938171386719,,True,11.774778099999821,0.585033600065799,11.782101799995871,10417.0,11.189744499934022,63.31938171386719,,,,,,,,,,,,,,,,,,,
lcbench_168331,lcbench,TPE_HB,9,200,2056,-66.97842407226562,-66.97842407226562,66.97842407226562,,True,26.812818899998092,1.0663247997508734,26.820510500001546,10406.0,25.74649410024722,66.97842407226562,,,,,,,,,,,,,,,,,,,
lcbench_168331,lcbench,TPE_HB,10,200,1610,-77.73130798339844,-77.73130798339844,77.73130798339844,,True,20.397333199995046,0.8151862998638535,20.405019599995285,10417.0,19.582146900131193,77.73130798339844,,,,,,,,,,,,,,,,,,,
lcbench_168331,lcbench,TPE_HB,11,200,1188,-60.574974060058594,-60.574974060058594,60.574974060058594,,True,8.901480100001208,0.5184934998324024,8.910383499998716,10404.0,8.382986600168806,60.574974060058594,,,,,,,,,,,,,,,,,,,
lcbench_168331,lcbench,TPE_HB,12,200,1622,-65.27567291259766,-65.27567291259766,65.27567291259766,,True,17.50492349999695,0.8284486001066398,17.51446379999834,10401.0,16.67647489989031,65.27567291259766,,,,,,,,,,,,,,,,,,,
lcbench_168331,lcbench,TPE_HB,13,200,1852,-68.40675354003906,-68.40675354003906,68.40675354003906,,True,16.935754899997846,0.9650779999501538,16.945651000001817,10413.0,15.970676900047692,68.40675354003906,,,,,,,,,,,,,,,,,,,
lcbench_168331,lcbench,TPE_HB,14,200,1441,-55.52494430541992,-55.52494430541992,55.52494430541992,,True,9.022777700003644,0.7309660999380867,9.032062699996459,10409.0,8.291811600065557,55.52494430541992,,,,,,,,,,,,,,,,,,,
lcbench_168331,lcbench,TPE_HB,15,200,1563,-52.63296890258789,-52.63296890258789,52.63296890258789,,True,24.697103800004697,0.8531839998540818,24.7066105000049,10400.0,23.843919800150616,52.63296890258789,,,,,,,,,,,,,,,,,,,
lcbench_168331,lcbench,TPE_HB,16,200,1827,-66.9530029296875,-66.9530029296875,66.9530029296875,,True,17.27643910000188,1.042722099868115,17.286109699998633,10411.0,16.233717000133765,66.9530029296875,,,,,,,,,,,,,,,,,,,
lcbench_168331,lcbench,TPE_HB,17,200,1832,-60.737056732177734,-60.737056732177734,60.737056732177734,,True,33.355194100004155,1.0766635001200484,33.36724259999755,10412.0,32.27853059988411,60.737056732177734,,,,,,,,,,,,,,,,,,,
lcbench_168331,lcbench,TPE_HB,18,200,1754,-80.62883758544922,-80.62883758544922,80.62883758544922,,True,18.324264900002163,1.0342167000562767,18.333590499998536,10409.0,17.290048199945886,80.62883758544922,,,,,,,,,,,,,,,,,,,
lcbench_168331,lcbench,TPE_HB,19,200,1647,-73.27042388916016,-73.27042388916016,73.27042388916016,,True,23.008162299993273,0.9758305996801937,23.019083999999566,10413.0,22.03233170031308,73.27042388916016,,,,,,,,,,,,,,,,,,,
lcbench_168910,lcbench,CMAES,0,200,200,-87.03368377685547,-87.03368377685547,87.03368377685547,,True,0.6558726000002935,0.15592420004395535,7.676061199999822,10400.0,0.4999483999563381,87.03368377685547,,,,,,,,,,,,,,,,,,,
lcbench_168910,lcbench,CMAES,1,200,200,-71.84159851074219,-71.84159851074219,71.84159851074219,,True,0.3116860999944038,0.051521399975172244,55.046518000002834,10400.0,0.26016470001923153,71.84159851074219,,,,,,,,,,,,,,,,,,,
lcbench_168910,lcbench,CMAES,2,200,200,-78.46118927001953,-78.46118927001953,78.46118927001953,,True,0.5817031999977189,0.14263659997232025,0.595222099997045,10400.0,0.43906660002539866,78.46118927001953,,,,,,,,,,,,,,,,,,,
lcbench_168910,lcbench,CMAES,3,200,200,-69.70448303222656,-69.70448303222656,69.70448303222656,,True,0.5579673999964143,0.1319879000002402,0.5717473000040627,10400.0,0.4259794999961741,69.70448303222656,,,,,,,,,,,,,,,,,,,
lcbench_168910,lcbench,CMAES,4,200,200,-70.32598876953125,-70.32598876953125,70.32598876953125,,True,0.5826334999946994,0.14537239999481244,0.5946225999941817,10400.0,0.43726109999988694,70.32598876953125,,,,,,,,,,,,,,,,,,,
lcbench_168910,lcbench,CMAES,5,200,200,-77.6031723022461,-77.6031723022461,77.6031723022461,,True,0.547293500007072,0.1352128000362427,0.5582973000055063,10400.0,0.4120806999708293,77.6031723022461,,,,,,,,,,,,,,,,,,,
lcbench_168910,lcbench,CMAES,6,200,200,-74.49030303955078,-74.49030303955078,74.49030303955078,,True,0.5214276999977301,0.12288980000448646,0.5321823000049335,10400.0,0.3985378999932436,74.49030303955078,,,,,,,,,,,,,,,,,,,
lcbench_168910,lcbench,CMAES,7,200,200,-80.50466918945312,-80.50466918945312,80.50466918945312,,True,0.5205551999970339,0.12561499991716119,0.5355361999972956,10400.0,0.39494020007987274,80.50466918945312,,,,,,,,,,,,,,,,,,,
lcbench_168910,lcbench,CMAES,8,200,200,-83.42788696289062,-83.42788696289062,83.42788696289062,,True,0.5188273000021582,0.12580250004248228,0.5324240999980248,10400.0,0.3930247999596759,83.42788696289062,,,,,,,,,,,,,,,,,,,
lcbench_168910,lcbench,CMAES,9,200,200,-83.18287658691406,-83.18287658691406,83.18287658691406,,True,0.4756353999982821,0.11005109998222906,0.4868298000001232,10400.0,0.365584300016053,83.18287658691406,,,,,,,,,,,,,,,,,,,
lcbench_168910,lcbench,CMAES,10,200,200,-75.70059967041016,-75.70059967041016,75.70059967041016,,True,0.5434513000000152,0.13273480004136218,0.5560674000007566,10400.0,0.410716499958653,75.70059967041016,,,,,,,,,,,,,,,,,,,
lcbench_168910,lcbench,CMAES,11,200,200,-86.37779998779297,-86.37779998779297,86.37779998779297,,True,0.6031689000010374,0.15188070001022425,0.6143861999953515,10400.0,0.45128819999081315,86.37779998779297,,,,,,,,,,,,,,,,,,,
lcbench_168910,lcbench,CMAES,12,200,200,-84.65121459960938,-84.65121459960938,84.65121459960938,,True,0.504698600001575,0.11714100006065564,0.5156566000005114,10400.0,0.3875575999409193,84.65121459960938,,,,,,,,,,,,,,,,,,,
lcbench_168910,lcbench,CMAES,13,200,200,-69.80625915527344,-69.80625915527344,69.80625915527344,,True,0.5211472000009962,0.12646389995643403,0.5342080999980681,10400.0,0.3946833000445622,69.80625915527344,,,,,,,,,,,,,,,,,,,
lcbench_168910,lcbench,CMAES,14,200,200,-80.26548767089844,-80.26548767089844,80.26548767089844,,True,0.550820600001316,0.13480720006191405,0.562255600001663,10400.0,0.416013399939402,80.26548767089844,,,,,,,,,,,,,,,,,,,
lcbench_168910,lcbench,CMAES,15,200,200,-81.63218688964844,-81.63218688964844,81.63218688964844,,True,0.5701591999968514,0.13822450003499398,0.5800420999948983,10400.0,0.4319346999618574,81.63218688964844,,,,,,,,,,,,,,,,,,,
lcbench_168910,lcbench,CMAES,16,200,200,-85.2312240600586,-85.2312240600586,85.2312240600586,,True,0.4626836000024923,0.10331430002406705,0.47452530000009574,10400.0,0.35936929997842526,85.2312240600586,,,,,,,,,,,,,,,,,,,
lcbench_168910,lcbench,CMAES,17,200,200,-70.42356872558594,-70.42356872558594,70.42356872558594,,True,0.5309732000023359,0.12632489998213714,0.5419387000001734,10400.0,0.4046483000201988,70.42356872558594,,,,,,,,,,,,,,,,,,,
lcbench_168910,lcbench,CMAES,18,200,200,-79.25232696533203,-79.25232696533203,79.25232696533203,,True,0.5790801999974065,0.14750100004312117,0.5905392999993637,10400.0,0.4315791999542853,79.25232696533203,,,,,,,,,,,,,,,,,,,
lcbench_168910,lcbench,CMAES,19,200,200,-80.7177734375,-80.7177734375,80.7177734375,,True,0.5595446000006632,0.14543179998872802,0.56857659999514,10400.0,0.4141128000119352,80.7177734375,,,,,,,,,,,,,,,,,,,
lcbench_168910,lcbench,FMP,0,200,200,-70.2271957397461,-70.2271957397461,70.2271957397461,,True,0.7731697999988683,0.06613519979873672,7.403952099994058,10400.0,0.7070346002001315,70.2271957397461,200.0,-70.2271957397461,0.6510416666666666,0.0,0.0,0.0,36.0,0.772981100002653,0.07656510002561845,0.6964159999770345,0.8229166666666666,0.6708860759493671,0.17708333333333334,0.5588235294117647,0.0,,"{""T_mcmc"": 0.05021528037835243, ""burnin_fraction"": 0.21939164151847443, ""bw_prior_strength"": 89.80956876532602, ""decoder"": ""soft"", ""emission_mu"": [-0.00946430696609267, 0.0946430696609267, 0.014196460449139003], ""emission_sigma"": [0.05678584179655601, 0.23660767415231673, 0.01892861393218534], ""explore_subsample"": false, ""hmm_window"": 12, ""kde_tau"": 0.006205167444665816, ""n_chains"": 1, ""n_init"": 8, ""orchestrate_every"": 5, ""p_dream"": 0.0, ""rejection_streak"": 24, ""seed"": 0, ""sigma_fraction"": 0.022095999012449814, ""wide_sigma_fraction"": 0.3008503702038378}",,
lcbench_168910,lcbench,FMP,1,200,200,-82.44365692138672,-82.44365692138672,82.44365692138672,,True,1.4918423000053735,0.12467030007974245,58.27676409999549,10400.0,1.367171999925631,82.44365692138672,200.0,-82.44365692138672,0.515625,0.0,0.0,0.0,36.0,1.4915560000081314,0.14225810003699735,1.349297899971134,0.5677083333333334,0.46788990825688076,0.4322916666666667,0.5783132530120482,0.0,,"{""T_mcmc"": 0.05021528037835243, ""burnin_fraction"": 0.21939164151847443, ""bw_prior_strength"": 89.80956876532602, ""decoder"": ""soft"", ""emission_mu"": [-0.00946430696609267, 0.0946430696609267, 0.014196460449139003], ""emission_sigma"": [0.05678584179655601, 0.23660767415231673, 0.01892861393218534], ""explore_subsample"": false, ""hmm_window"": 12, ""kde_tau"": 0.006205167444665816, ""n_chains"": 1, ""n_init"": 8, ""orchestrate_every"": 5, ""p_dream"": 0.0, ""rejection_streak"": 24, ""seed"": 1, ""sigma_fraction"": 0.022095999012449814, ""wide_sigma_fraction"": 0.3008503702038378}",,
lcbench_168910,lcbench,FMP,2,200,200,-71.6400375366211,-71.6400375366211,71.6400375366211,,True,0.935435100007453,0.07784609997179359,47.6271526000055,10400.0,0.8575890000356594,71.6400375366211,200.0,-71.6400375366211,0.5677083333333334,0.0,0.0,0.0,36.0,0.935210299998289,0.0898972000577487,0.8453130999405403,0.75,0.6041666666666666,0.25,0.4583333333333333,0.0,,"{""T_mcmc"": 0.05021528037835243, ""burnin_fraction"": 0.21939164151847443, ""bw_prior_strength"": 89.80956876532602, ""decoder"": ""soft"", ""emission_mu"": [-0.00946430696609267, 0.0946430696609267, 0.014196460449139003], ""emission_sigma"": [0.05678584179655601, 0.23660767415231673, 0.01892861393218534], ""explore_subsample"": false, ""hmm_window"": 12, ""kde_tau"": 0.006205167444665816, ""n_chains"": 1, ""n_init"": 8, ""orchestrate_every"": 5, ""p_dream"": 0.0, ""rejection_streak"": 24, ""seed"": 2, ""sigma_fraction"": 0.022095999012449814, ""wide_sigma_fraction"": 0.3008503702038378}",,
lcbench_168910,lcbench,FMP,3,200,200,-68.23200225830078,-68.23200225830078,68.23200225830078,,True,1.0000157000031322,0.08775159997458104,47.70178399998986,10400.0,0.9122641000285512,68.23200225830078,200.0,-68.23200225830078,0.484375,0.0,0.0,0.0,36.0,0.9997675999911735,0.10080870003730524,0.8989588999538682,0.7708333333333334,0.5,0.22916666666666666,0.4318181818181818,0.0,,"{""T_mcmc"": 0.05021528037835243, ""burnin_fraction"": 0.21939164151847443, ""bw_prior_strength"": 89.80956876532602, ""decoder"": ""soft"", ""emission_mu"": [-0.00946430696609267, 0.0946430696609267, 0.014196460449139003], ""emission_sigma"": [0.05678584179655601, 0.23660767415231673, 0.01892861393218534], ""explore_subsample"": false, ""hmm_window"": 12, ""kde_tau"": 0.006205167444665816, ""n_chains"": 1, ""n_init"": 8, ""orchestrate_every"": 5, ""p_dream"": 0.0, ""rejection_streak"": 24, ""seed"": 3, ""sigma_fraction"": 0.022095999012449814, ""wide_sigma_fraction"": 0.3008503702038378}",,
lcbench_168910,lcbench,FMP,4,200,200,-69.74637603759766,-69.74637603759766,69.74637603759766,,True,1.5342439000087325,0.12625189981190488,58.30407800000103,10400.0,1.4079920001968276,69.74637603759766,200.0,-69.74637603759766,0.6354166666666666,0.0,0.0,0.0,36.0,1.5339239000022644,0.148744699996314,1.3851792000059504,0.8177083333333334,0.6242038216560509,0.18229166666666666,0.6857142857142857,0.0,,"{""T_mcmc"": 0.05021528037835243, ""burnin_fraction"": 0.21939164151847443, ""bw_prior_strength"": 89.80956876532602, ""decoder"": ""soft"", ""emission_mu"": [-0.00946430696609267, 0.0946430696609267, 0.014196460449139003], ""emission_sigma"": [0.05678584179655601, 0.23660767415231673, 0.01892861393218534], ""explore_subsample"": false, ""hmm_window"": 12, ""kde_tau"": 0.006205167444665816, ""n_chains"": 1, ""n_init"": 8, ""orchestrate_every"": 5, ""p_dream"": 0.0, ""rejection_streak"": 24, ""seed"": 4, ""sigma_fraction"": 0.022095999012449814, ""wide_sigma_fraction"": 0.3008503702038378}",,
lcbench_168910,lcbench,FMP,5,200,200,-67.67184448242188,-67.67184448242188,67.67184448242188,,True,0.9053020999999717,0.07916259983903728,47.586073500002385,10400.0,0.8261395001609344,67.67184448242188,200.0,-67.67184448242188,0.5572916666666666,0.0,0.0,0.0,36.0,0.9051172999897972,0.09117569989757612,0.813941600092221,0.84375,0.5679012345679012,0.15625,0.5,0.0,,"{""T_mcmc"": 0.05021528037835243, ""burnin_fraction"": 0.21939164151847443, ""bw_prior_strength"": 89.80956876532602, ""decoder"": ""soft"", ""emission_mu"": [-0.00946430696609267, 0.0946430696609267, 0.014196460449139003], ""emission_sigma"": [0.05678584179655601, 0.23660767415231673, 0.01892861393218534], ""explore_subsample"": false, ""hmm_window"": 12, ""kde_tau"": 0.006205167444665816, ""n_chains"": 1, ""n_init"": 8, ""orchestrate_every"": 5, ""p_dream"": 0.0, ""rejection_streak"": 24, ""seed"": 5, ""sigma_fraction"": 0.022095999012449814, ""wide_sigma_fraction"": 0.3008503702038378}",,
lcbench_168910,lcbench,FMP,6,200,200,-71.5166244506836,-71.5166244506836,71.5166244506836,,True,1.4248797000036575,0.12451349999173544,58.248179999995045,10400.0,1.300366200011922,71.5166244506836,200.0,-71.5166244506836,0.6197916666666666,0.0,0.0,0.0,36.0,1.4245393000019249,0.14207830003579147,1.2824609999661334,0.8020833333333334,0.6103896103896104,0.19791666666666666,0.6578947368421053,0.0,,"{""T_mcmc"": 0.05021528037835243, ""burnin_fraction"": 0.21939164151847443, ""bw_prior_strength"": 89.80956876532602, ""decoder"": ""soft"", ""emission_mu"": [-0.00946430696609267, 0.0946430696609267, 0.014196460449139003], ""emission_sigma"": [0.05678584179655601, 0.23660767415231673, 0.01892861393218534], ""explore_subsample"": false, ""hmm_window"": 12, ""kde_tau"": 0.006205167444665816, ""n_chains"": 1, ""n_init"": 8, ""orchestrate_every"": 5, ""p_dream"": 0.0, ""rejection_streak"": 24, ""seed"": 6, ""sigma_fraction"": 0.022095999012449814, ""wide_sigma_fraction"": 0.3008503702038378}",,
lcbench_168910,lcbench,FMP,7,200,200,-85.37667846679688,-85.37667846679688,85.37667846679688,,True,0.971422699993127,0.08186389997717924,47.67436319999979,10400.0,0.8895588000159478,85.37667846679688,200.0,-85.37667846679688,0.46875,0.0,0.0,0.0,36.0,0.9711848000006285,0.09401930011517834,0.8771654998854501,0.515625,0.5757575757575758,0.484375,0.3548387096774194,0.0,,"{""T_mcmc"": 0.05021528037835243, ""burnin_fraction"": 0.21939164151847443, ""bw_prior_strength"": 89.80956876532602, ""decoder"": ""soft"", ""emission_mu"": [-0.00946430696609267, 0.0946430696609267, 0.014196460449139003], ""emission_sigma"": [0.05678584179655601, 0.23660767415231673, 0.01892861393218534], ""explore_subsample"": false, ""hmm_window"": 12, ""kde_tau"": 0.006205167444665816, ""n_chains"": 1, ""n_init"": 8, ""orchestrate_every"": 5, ""p_dream"": 0.0, ""rejection_streak"": 24, ""seed"": 7, ""sigma_fraction"": 0.022095999012449814, ""wide_sigma_fraction"": 0.3008503702038378}",,
lcbench_168910,lcbench,FMP,8,200,200,-70.91339874267578,-70.91339874267578,70.91339874267578,,True,1.4615241999999853,0.12528339996060822,58.28778919999604,10400.0,1.336240800039377,70.91339874267578,200.0,-70.91339874267578,0.6510416666666666,0.0,0.0,0.0,36.0,1.4612313000106951,0.14346499992825557,1.3177663000824396,0.9166666666666666,0.6477272727272727,0.08333333333333333,0.6875,0.0,,"{""T_mcmc"": 0.05021528037835243, ""burnin_fraction"": 0.21939164151847443, ""bw_prior_strength"": 89.80956876532602, ""decoder"": ""soft"", ""emission_mu"": [-0.00946430696609267, 0.0946430696609267, 0.014196460449139003], ""emission_sigma"": [0.05678584179655601, 0.23660767415231673, 0.01892861393218534], ""explore_subsample"": false, ""hmm_window"": 12, ""kde_tau"": 0.006205167444665816, ""n_chains"": 1, ""n_init"": 8, ""orchestrate_every"": 5, ""p_dream"": 0.0, ""rejection_streak"": 24, ""seed"": 8, ""sigma_fraction"": 0.022095999012449814, ""wide_sigma_fraction"": 0.3008503702038378}",,
lcbench_168910,lcbench,FMP,9,200,200,-79.09436798095703,-79.09436798095703,79.09436798095703,,True,0.8778622999961954,0.07752820001041982,47.56081319999066,10400.0,0.8003340999857755,79.09436798095703,200.0,-79.09436798095703,0.59375,0.0,0.0,0.0,36.0,0.8776230000075884,0.08901580011297483,0.7886071998946136,0.6822916666666666,0.6641221374045801,0.3177083333333333,0.4426229508196721,0.0,,"{""T_mcmc"": 0.05021528037835243, ""burnin_fraction"": 0.21939164151847443, ""bw_prior_strength"": 89.80956876532602, ""decoder"": ""soft"", ""emission_mu"": [-0.00946430696609267, 0.0946430696609267, 0.014196460449139003], ""emission_sigma"": [0.05678584179655601, 0.23660767415231673, 0.01892861393218534], ""explore_subsample"": false, ""hmm_window"": 12, ""kde_tau"": 0.006205167444665816, ""n_chains"": 1, ""n_init"": 8, ""orchestrate_every"": 5, ""p_dream"": 0.0, ""rejection_streak"": 24, ""seed"": 9, ""sigma_fraction"": 0.022095999012449814, ""wide_sigma_fraction"": 0.3008503702038378}",,
lcbench_168910,lcbench,FMP,10,200,200,-82.11283874511719,-82.11283874511719,82.11283874511719,,True,1.491162100006477,0.13464819989167154,58.29236240001046,10400.0,1.3565139001148054,82.11283874511719,200.0,-82.11283874511719,0.5260416666666666,0.0,0.0,0.0,36.0,1.4908651000005193,0.15148520002549049,1.3393798999750288,0.59375,0.5964912280701754,0.40625,0.4230769230769231,0.0,,"{""T_mcmc"": 0.05021528037835243, ""burnin_fraction"": 0.21939164151847443, ""bw_prior_strength"": 89.80956876532602, ""decoder"": ""soft"", ""emission_mu"": [-0.00946430696609267, 0.0946430696609267, 0.014196460449139003], ""emission_sigma"": [0.05678584179655601, 0.23660767415231673, 0.01892861393218534], ""explore_subsample"": false, ""hmm_window"": 12, ""kde_tau"": 0.006205167444665816, ""n_chains"": 1, ""n_init"": 8, ""orchestrate_every"": 5, ""p_dream"": 0.0, ""rejection_streak"": 24, ""seed"": 10, ""sigma_fraction"": 0.022095999012449814, ""wide_sigma_fraction"": 0.3008503702038378}",,
lcbench_168910,lcbench,FMP,11,200,200,-70.39899444580078,-70.39899444580078,70.39899444580078,,True,0.5251559000025736,0.03854320004757028,67.26483569999982,10400.0,0.48661269995500334,70.39899444580078,200.0,-70.39899444580078,0.5104166666666666,0.0,0.0,0.0,36.0,0.5250108000036562,0.046293600025819615,0.47871719997783657,0.734375,0.574468085106383,0.265625,0.3333333333333333,0.0,,"{""T_mcmc"": 0.05021528037835243, ""burnin_fraction"": 0.21939164151847443, ""bw_prior_strength"": 89.80956876532602, ""decoder"": ""soft"", ""emission_mu"": [-0.00946430696609267, 0.0946430696609267, 0.014196460449139003], ""emission_sigma"": [0.05678584179655601, 0.23660767415231673, 0.01892861393218534], ""explore_subsample"": false, ""hmm_window"": 12, ""kde_tau"": 0.006205167444665816, ""n_chains"": 1, ""n_init"": 8, ""orchestrate_every"": 5, ""p_dream"": 0.0, ""rejection_streak"": 24, ""seed"": 11, ""sigma_fraction"": 0.022095999012449814, ""wide_sigma_fraction"": 0.3008503702038378}",,
lcbench_168910,lcbench,FMP,12,200,200,-71.08402252197266,-71.08402252197266,71.08402252197266,,True,0.5891009999904782,0.05552399989392143,0.5973480999964522,10400.0,0.5335770000965567,71.08402252197266,200.0,-71.08402252197266,0.5833333333333334,0.0,0.0,0.0,36.0,0.588954199993168,0.06372660008491948,0.5252275999082485,0.71875,0.5434782608695652,0.28125,0.6851851851851852,0.0,,"{""T_mcmc"": 0.05021528037835243, ""burnin_fraction"": 0.21939164151847443, ""bw_prior_strength"": 89.80956876532602, ""decoder"": ""soft"", ""emission_mu"": [-0.00946430696609267, 0.0946430696609267, 0.014196460449139003], ""emission_sigma"": [0.05678584179655601, 0.23660767415231673, 0.01892861393218534], ""explore_subsample"": false, ""hmm_window"": 12, ""kde_tau"": 0.006205167444665816, ""n_chains"": 1, ""n_init"": 8, ""orchestrate_every"": 5, ""p_dream"": 0.0, ""rejection_streak"": 24, ""seed"": 12, ""sigma_fraction"": 0.022095999012449814, ""wide_sigma_fraction"": 0.3008503702038378}",,
lcbench_168910,lcbench,FMP,13,200,200,-67.93760681152344,-67.93760681152344,67.93760681152344,,True,0.6910587000020314,0.06148240000766236,0.6991345999995247,10400.0,0.629576299994369,67.93760681152344,200.0,-67.93760681152344,0.5989583333333334,0.0,0.0,0.0,36.0,0.6909141999931308,0.07057590002659708,0.6203382999665337,0.8645833333333334,0.6024096385542169,0.13541666666666666,0.5769230769230769,0.0,,"{""T_mcmc"": 0.05021528037835243, ""burnin_fraction"": 0.21939164151847443, ""bw_prior_strength"": 89.80956876532602, ""decoder"": ""soft"", ""emission_mu"": [-0.00946430696609267, 0.0946430696609267, 0.014196460449139003], ""emission_sigma"": [0.05678584179655601, 0.23660767415231673, 0.01892861393218534], ""explore_subsample"": false, ""hmm_window"": 12, ""kde_tau"": 0.006205167444665816, ""n_chains"": 1, ""n_init"": 8, ""orchestrate_every"": 5, ""p_dream"": 0.0, ""rejection_streak"": 24, ""seed"": 13, ""sigma_fraction"": 0.022095999012449814, ""wide_sigma_fraction"": 0.3008503702038378}",,
lcbench_168910,lcbench,FMP,14,200,200,-70.76531219482422,-70.76531219482422,70.76531219482422,,True,0.49605159999919124,0.0461358999600634,0.5019055000011576,10400.0,0.44991570003912784,70.76531219482422,200.0,-70.76531219482422,0.6614583333333334,0.0,0.0,0.0,36.0,0.4959208999935072,0.05354519990214612,0.44237570009136107,0.8697916666666666,0.6526946107784432,0.13020833333333334,0.72,0.0,,"{""T_mcmc"": 0.05021528037835243, ""burnin_fraction"": 0.21939164151847443, ""bw_prior_strength"": 89.80956876532602, ""decoder"": ""soft"", ""emission_mu"": [-0.00946430696609267, 0.0946430696609267, 0.014196460449139003], ""emission_sigma"": [0.05678584179655601, 0.23660767415231673, 0.01892861393218534], ""explore_subsample"": false, ""hmm_window"": 12, ""kde_tau"": 0.006205167444665816, ""n_chains"": 1, ""n_init"": 8, ""orchestrate_every"": 5, ""p_dream"": 0.0, ""rejection_streak"": 24, ""seed"": 14, ""sigma_fraction"": 0.022095999012449814, ""wide_sigma_fraction"": 0.3008503702038378}",,
lcbench_168910,lcbench,FMP,15,200,200,-71.83049774169922,-71.83049774169922,71.83049774169922,,True,0.6720686000044225,0.05308319987670984,0.6778502999950433,10400.0,0.6189854001277126,71.83049774169922,200.0,-71.83049774169922,0.640625,0.0,0.0,0.0,36.0,0.6719434999977238,0.06156060003559105,0.6103828999621328,0.8489583333333334,0.6687116564417178,0.15104166666666666,0.4827586206896552,0.0,,"{""T_mcmc"": 0.05021528037835243, ""burnin_fraction"": 0.21939164151847443, ""bw_prior_strength"": 89.80956876532602, ""decoder"": ""soft"", ""emission_mu"": [-0.00946430696609267, 0.0946430696609267, 0.014196460449139003], ""emission_sigma"": [0.05678584179655601, 0.23660767415231673, 0.01892861393218534], ""explore_subsample"": false, ""hmm_window"": 12, ""kde_tau"": 0.006205167444665816, ""n_chains"": 1, ""n_init"": 8, ""orchestrate_every"": 5, ""p_dream"": 0.0, ""rejection_streak"": 24, ""seed"": 15, ""sigma_fraction"": 0.022095999012449814, ""wide_sigma_fraction"": 0.3008503702038378}",,
lcbench_168910,lcbench,FMP,16,200,200,-69.69318389892578,-69.69318389892578,69.69318389892578,,True,0.4813286999997217,0.03989860006549861,0.48868840000068303,10400.0,0.4414300999342231,69.69318389892578,200.0,-69.69318389892578,0.6145833333333334,0.0,0.0,0.0,36.0,0.4811951000010595,0.04676719999406487,0.4344279000069946,0.7708333333333334,0.6283783783783784,0.22916666666666666,0.5681818181818182,0.0,,"{""T_mcmc"": 0.05021528037835243, ""burnin_fraction"": 0.21939164151847443, ""bw_prior_strength"": 89.80956876532602, ""decoder"": ""soft"", ""emission_mu"": [-0.00946430696609267, 0.0946430696609267, 0.014196460449139003], ""emission_sigma"": [0.05678584179655601, 0.23660767415231673, 0.01892861393218534], ""explore_subsample"": false, ""hmm_window"": 12, ""kde_tau"": 0.006205167444665816, ""n_chains"": 1, ""n_init"": 8, ""orchestrate_every"": 5, ""p_dream"": 0.0, ""rejection_streak"": 24, ""seed"": 16, ""sigma_fraction"": 0.022095999012449814, ""wide_sigma_fraction"": 0.3008503702038378}",,
lcbench_168910,lcbench,FMP,17,200,200,-82.5619888305664,-82.5619888305664,82.5619888305664,,True,0.5960817000013776,0.04659389998414554,0.6033538999909069,10400.0,0.5494878000172321,82.5619888305664,200.0,-82.5619888305664,0.5052083333333334,0.0,0.0,0.0,36.0,0.5959645999973873,0.05444799993711058,0.5415166000602767,0.6041666666666666,0.5603448275862069,0.3958333333333333,0.42105263157894735,0.0,,"{""T_mcmc"": 0.05021528037835243, ""burnin_fraction"": 0.21939164151847443, ""bw_prior_strength"": 89.80956876532602, ""decoder"": ""soft"", ""emission_mu"": [-0.00946430696609267, 0.0946430696609267, 0.014196460449139003], ""emission_sigma"": [0.05678584179655601, 0.23660767415231673, 0.01892861393218534], ""explore_subsample"": false, ""hmm_window"": 12, ""kde_tau"": 0.006205167444665816, ""n_chains"": 1, ""n_init"": 8, ""orchestrate_every"": 5, ""p_dream"": 0.0, ""rejection_streak"": 24, ""seed"": 17, ""sigma_fraction"": 0.022095999012449814, ""wide_sigma_fraction"": 0.3008503702038378}",,
lcbench_168910,lcbench,FMP,18,200,200,-68.3034896850586,-68.3034896850586,68.3034896850586,,True,0.7323670000041602,0.052220199824660085,0.7413209999940591,10400.0,0.6801468001795001,68.3034896850586,200.0,-68.3034896850586,0.6145833333333334,0.0,0.0,0.0,36.0,0.7322211999999126,0.06112899993604515,0.6710922000638675,0.796875,0.6078431372549019,0.203125,0.6410256410256411,0.0,,"{""T_mcmc"": 0.05021528037835243, ""burnin_fraction"": 0.21939164151847443, ""bw_prior_strength"": 89.80956876532602, ""decoder"": ""soft"", ""emission_mu"": [-0.00946430696609267, 0.0946430696609267, 0.014196460449139003], ""emission_sigma"": [0.05678584179655601, 0.23660767415231673, 0.01892861393218534], ""explore_subsample"": false, ""hmm_window"": 12, ""kde_tau"": 0.006205167444665816, ""n_chains"": 1, ""n_init"": 8, ""orchestrate_every"": 5, ""p_dream"": 0.0, ""rejection_streak"": 24, ""seed"": 18, ""sigma_fraction"": 0.022095999012449814, ""wide_sigma_fraction"": 0.3008503702038378}",,
lcbench_168910,lcbench,FMP,19,200,200,-68.48429870605469,-68.48429870605469,68.48429870605469,,True,0.690286199998809,0.05285759997786954,0.6961038000008557,10400.0,0.6374286000209395,68.48429870605469,200.0,-68.48429870605469,0.5729166666666666,0.0,0.0,0.0,36.0,0.6901699000009103,0.06135830009588972,0.6288115999050206,0.7239583333333334,0.6115107913669064,0.2760416666666667,0.4716981132075472,0.0,,"{""T_mcmc"": 0.05021528037835243, ""burnin_fraction"": 0.21939164151847443, ""bw_prior_strength"": 89.80956876532602, ""decoder"": ""soft"", ""emission_mu"": [-0.00946430696609267, 0.0946430696609267, 0.014196460449139003], ""emission_sigma"": [0.05678584179655601, 0.23660767415231673, 0.01892861393218534], ""explore_subsample"": false, ""hmm_window"": 12, ""kde_tau"": 0.006205167444665816, ""n_chains"": 1, ""n_init"": 8, ""orchestrate_every"": 5, ""p_dream"": 0.0, ""rejection_streak"": 24, ""seed"": 19, ""sigma_fraction"": 0.022095999012449814, ""wide_sigma_fraction"": 0.3008503702038378}",,
lcbench_168910,lcbench,FMP_DREAM,0,200,200,-69.24136352539062,-69.24136352539062,69.24136352539062,,True,0.5448115000035614,0.049764300012611784,0.5530983000062406,10400.0,0.4950471999909496,69.24136352539062,200.0,-69.24136352539062,0.3697916666666667,0.7864583333333334,0.0,0.0,36.0,0.5446273000125075,0.058948800069629215,0.48567849994287826,0.5885416666666666,0.4778761061946903,0.4114583333333333,0.21518987341772153,0.0,,"{""T_mcmc"": 0.05021528037835243, ""burnin_fraction"": 0.21939164151847443, ""bw_prior_strength"": 89.80956876532602, ""decoder"": ""soft"", ""emission_mu"": [-0.00946430696609267, 0.0946430696609267, 0.014196460449139003], ""emission_sigma"": [0.05678584179655601, 0.23660767415231673, 0.01892861393218534], ""explore_subsample"": false, ""hmm_window"": 12, ""kde_tau"": 0.006205167444665816, ""n_chains"": 1, ""n_init"": 8, ""orchestrate_every"": 5, ""p_dream"": 0.7412354684077219, ""rejection_streak"": 24, ""seed"": 0, ""sigma_fraction"": 0.022095999012449814, ""wide_sigma_fraction"": 0.3008503702038378}",,
lcbench_168910,lcbench,FMP_DREAM,1,200,200,-83.4078369140625,-83.4078369140625,83.4078369140625,,True,0.6562201000051573,0.07821250017150305,0.6729875000019092,10400.0,0.5780075998336542,83.4078369140625,200.0,-83.4078369140625,0.2552083333333333,0.7135416666666666,0.0,0.0,36.0,0.656040399990161,0.09063929987314623,0.5654011001170147,0.3489583333333333,0.2537313432835821,0.6510416666666666,0.256,0.0,,"{""T_mcmc"": 0.05021528037835243, ""burnin_fraction"": 0.21939164151847443, ""bw_prior_strength"": 89.80956876532602, ""decoder"": ""soft"", ""emission_mu"": [-0.00946430696609267, 0.0946430696609267, 0.014196460449139003], ""emission_sigma"": [0.05678584179655601, 0.23660767415231673, 0.01892861393218534], ""explore_subsample"": false, ""hmm_window"": 12, ""kde_tau"": 0.006205167444665816, ""n_chains"": 1, ""n_init"": 8, ""orchestrate_every"": 5, ""p_dream"": 0.7412354684077219, ""rejection_streak"": 24, ""seed"": 1, ""sigma_fraction"": 0.022095999012449814, ""wide_sigma_fraction"": 0.3008503702038378}",,
lcbench_168910,lcbench,FMP_DREAM,2,200,200,-81.83890533447266,-81.83890533447266,81.83890533447266,,True,0.3944811999972444,0.04660500014142599,0.40109850000590086,10400.0,0.3478761998558184,81.83890533447266,200.0,-81.83890533447266,0.18229166666666666,0.796875,0.0,0.0,36.0,0.3943682999961311,0.054161000065505505,0.3402072999306256,0.2916666666666667,0.19642857142857142,0.6875,0.17424242424242425,0.020833333333333332,0.25,"{""T_mcmc"": 0.05021528037835243, ""burnin_fraction"": 0.21939164151847443, ""bw_prior_strength"": 89.80956876532602, ""decoder"": ""soft"", ""emission_mu"": [-0.00946430696609267, 0.0946430696609267, 0.014196460449139003], ""emission_sigma"": [0.05678584179655601, 0.23660767415231673, 0.01892861393218534], ""explore_subsample"": false, ""hmm_window"": 12, ""kde_tau"": 0.006205167444665816, ""n_chains"": 1, ""n_init"": 8, ""orchestrate_every"": 5, ""p_dream"": 0.7412354684077219, ""rejection_streak"": 24, ""seed"": 2, ""sigma_fraction"": 0.022095999012449814, ""wide_sigma_fraction"": 0.3008503702038378}",,
lcbench_168910,lcbench,FMP_DREAM,3,200,200,-75.45769500732422,-75.45769500732422,75.45769500732422,,True,0.38422069999796804,0.0393210001202533,0.39156660001026466,10400.0,0.34489969987771474,75.45769500732422,200.0,-75.45769500732422,0.3229166666666667,0.7239583333333334,0.0,0.0,36.0,0.3840739000006579,0.046645799971884117,0.33742810002877377,0.546875,0.3619047619047619,0.4427083333333333,0.27058823529411763,0.010416666666666666,0.5,"{""T_mcmc"": 0.05021528037835243, ""burnin_fraction"": 0.21939164151847443, ""bw_prior_strength"": 89.80956876532602, ""decoder"": ""soft"", ""emission_mu"": [-0.00946430696609267, 0.0946430696609267, 0.014196460449139003], ""emission_sigma"": [0.05678584179655601, 0.23660767415231673, 0.01892861393218534], ""explore_subsample"": false, ""hmm_window"": 12, ""kde_tau"": 0.006205167444665816, ""n_chains"": 1, ""n_init"": 8, ""orchestrate_every"": 5, ""p_dream"": 0.7412354684077219, ""rejection_streak"": 24, ""seed"": 3, ""sigma_fraction"": 0.022095999012449814, ""wide_sigma_fraction"": 0.3008503702038378}",,
lcbench_168910,lcbench,FMP_DREAM,4,200,200,-84.38072204589844,-84.38072204589844,84.38072204589844,,True,0.3968196000059834,0.04034679985488765,0.404456799995387,10400.0,0.3564728001510957,84.38072204589844,200.0,-84.38072204589844,0.3177083333333333,0.7291666666666666,0.0,0.0,36.0,0.39668230000825133,0.04781669986550696,0.34886560014274437,0.515625,0.35353535353535354,0.484375,0.27956989247311825,0.0,,"{""T_mcmc"": 0.05021528037835243, ""burnin_fraction"": 0.21939164151847443, ""bw_prior_strength"": 89.80956876532602, ""decoder"": ""soft"", ""emission_mu"": [-0.00946430696609267, 0.0946430696609267, 0.014196460449139003], ""emission_sigma"": [0.05678584179655601, 0.23660767415231673, 0.01892861393218534], ""explore_subsample"": false, ""hmm_window"": 12, ""kde_tau"": 0.006205167444665816, ""n_chains"": 1, ""n_init"": 8, ""orchestrate_every"": 5, ""p_dream"": 0.7412354684077219, ""rejection_streak"": 24, ""seed"": 4, ""sigma_fraction"": 0.022095999012449814, ""wide_sigma_fraction"": 0.3008503702038378}",,
lcbench_168910,lcbench,FMP_DREAM,5,200,200,-84.16597747802734,-84.16597747802734,84.16597747802734,,True,0.370381599990651,0.03763449992402457,0.3761538999970071,10400.0,0.33274710006662644,84.16597747802734,200.0,-84.16597747802734,0.22395833333333334,0.7760416666666666,0.0,0.0,36.0,0.3702601999975741,0.044689100090181455,0.32557109990739264,0.4791666666666667,0.25,0.5208333333333334,0.2,0.0,,"{""T_mcmc"": 0.05021528037835243, ""burnin_fraction"": 0.21939164151847443, ""bw_prior_strength"": 89.80956876532602, ""decoder"": ""soft"", ""emission_mu"": [-0.00946430696609267, 0.0946430696609267, 0.014196460449139003], ""emission_sigma"": [0.05678584179655601, 0.23660767415231673, 0.01892861393218534], ""explore_subsample"": false, ""hmm_window"": 12, ""kde_tau"": 0.006205167444665816, ""n_chains"": 1, ""n_init"": 8, ""orchestrate_every"": 5, ""p_dream"": 0.7412354684077219, ""rejection_streak"": 24, ""seed"": 5, ""sigma_fraction"": 0.022095999012449814, ""wide_sigma_fraction"": 0.3008503702038378}",,
lcbench_168910,lcbench,FMP_DREAM,6,200,200,-75.42718505859375,-75.42718505859375,75.42718505859375,,True,0.3880917999922531,0.039539099889225326,0.39631709999230225,10400.0,0.34855270010302775,75.42718505859375,200.0,-75.42718505859375,0.2604166666666667,0.7447916666666666,0.0,0.0,36.0,0.3879512999992585,0.046778599891695194,0.3411727001075633,0.4166666666666667,0.35,0.578125,0.1891891891891892,0.005208333333333333,1.0,"{""T_mcmc"": 0.05021528037835243, ""burnin_fraction"": 0.21939164151847443, ""bw_prior_strength"": 89.80956876532602, ""decoder"": ""soft"", ""emission_mu"": [-0.00946430696609267, 0.0946430696609267, 0.014196460449139003], ""emission_sigma"": [0.05678584179655601, 0.23660767415231673, 0.01892861393218534], ""explore_subsample"": false, ""hmm_window"": 12, ""kde_tau"": 0.006205167444665816, ""n_chains"": 1, ""n_init"": 8, ""orchestrate_every"": 5, ""p_dream"": 0.7412354684077219, ""rejection_streak"": 24, ""seed"": 6, ""sigma_fraction"": 0.022095999012449814, ""wide_sigma_fraction"": 0.3008503702038378}",,
lcbench_168910,lcbench,FMP_DREAM,7,200,200,-71.58786010742188,-71.58786010742188,71.58786010742188,,True,0.3899304999940796,0.0405545998364687,0.39568590000271797,10400.0,0.3493759001576109,71.58786010742188,200.0,-71.58786010742188,0.4114583333333333,0.7447916666666666,0.0,0.0,36.0,0.3898040000058245,0.04790780000621453,0.34189619999960996,0.6927083333333334,0.42105263157894735,0.3072916666666667,0.3898305084745763,0.0,,"{""T_mcmc"": 0.05021528037835243, ""burnin_fraction"": 0.21939164151847443, ""bw_prior_strength"": 89.80956876532602, ""decoder"": ""soft"", ""emission_mu"": [-0.00946430696609267, 0.0946430696609267, 0.014196460449139003], ""emission_sigma"": [0.05678584179655601, 0.23660767415231673, 0.01892861393218534], ""explore_subsample"": false, ""hmm_window"": 12, ""kde_tau"": 0.006205167444665816, ""n_chains"": 1, ""n_init"": 8, ""orchestrate_every"": 5, ""p_dream"": 0.7412354684077219, ""rejection_streak"": 24, ""seed"": 7, ""sigma_fraction"": 0.022095999012449814, ""wide_sigma_fraction"": 0.3008503702038378}",,
lcbench_168910,lcbench,FMP_DREAM,8,200,200,-71.47270965576172,-71.47270965576172,71.47270965576172,,True,0.39874679999775253,0.042256699976860546,0.4062928999919677,10400.0,0.356490100020892,71.47270965576172,200.0,-71.47270965576172,0.23958333333333334,0.765625,0.0,0.0,36.0,0.39859889999206644,0.049871299881488085,0.34872760011057835,0.3489583333333333,0.40298507462686567,0.6354166666666666,0.14754098360655737,0.015625,0.3333333333333333,"{""T_mcmc"": 0.05021528037835243, ""burnin_fraction"": 0.21939164151847443, ""bw_prior_strength"": 89.80956876532602, ""decoder"": ""soft"", ""emission_mu"": [-0.00946430696609267, 0.0946430696609267, 0.014196460449139003], ""emission_sigma"": [0.05678584179655601, 0.23660767415231673, 0.01892861393218534], ""explore_subsample"": false, ""hmm_window"": 12, ""kde_tau"": 0.006205167444665816, ""n_chains"": 1, ""n_init"": 8, ""orchestrate_every"": 5, ""p_dream"": 0.7412354684077219, ""rejection_streak"": 24, ""seed"": 8, ""sigma_fraction"": 0.022095999012449814, ""wide_sigma_fraction"": 0.3008503702038378}",,
lcbench_168910,lcbench,FMP_DREAM,9,200,200,-72.40864562988281,-72.40864562988281,72.40864562988281,,True,0.3950077000044985,0.04016540000156965,0.4017865000059828,10400.0,0.3548423000029288,72.40864562988281,200.0,-72.40864562988281,0.2604166666666667,0.7291666666666666,0.0,0.0,36.0,0.39487639999424573,0.04747510000015609,0.34740129999408964,0.3541666666666667,0.29411764705882354,0.6458333333333334,0.24193548387096775,0.0,,"{""T_mcmc"": 0.05021528037835243, ""burnin_fraction"": 0.21939164151847443, ""bw_prior_strength"": 89.80956876532602, ""decoder"": ""soft"", ""emission_mu"": [-0.00946430696609267, 0.0946430696609267, 0.014196460449139003], ""emission_sigma"": [0.05678584179655601, 0.23660767415231673, 0.01892861393218534], ""explore_subsample"": false, ""hmm_window"": 12, ""kde_tau"": 0.006205167444665816, ""n_chains"": 1, ""n_init"": 8, ""orchestrate_every"": 5, ""p_dream"": 0.7412354684077219, ""rejection_streak"": 24, ""seed"": 9, ""sigma_fraction"": 0.022095999012449814, ""wide_sigma_fraction"": 0.3008503702038378}",,
lcbench_168910,lcbench,FMP_DREAM,10,200,200,-70.30305480957031,-70.30305480957031,70.30305480957031,,True,0.3859009000007063,0.03992979998292867,0.39439580000180285,10400.0,0.34597110001777764,70.30305480957031,200.0,-70.30305480957031,0.3072916666666667,0.7864583333333334,0.0,0.0,36.0,0.3857298999937484,0.047279199949116446,0.33845070004463196,0.46875,0.4,0.53125,0.22549019607843138,0.0,,"{""T_mcmc"": 0.05021528037835243, ""burnin_fraction"": 0.21939164151847443, ""bw_prior_strength"": 89.80956876532602, ""decoder"": ""soft"", ""emission_mu"": [-0.00946430696609267, 0.0946430696609267, 0.014196460449139003], ""emission_sigma"": [0.05678584179655601, 0.23660767415231673, 0.01892861393218534], ""explore_subsample"": false, ""hmm_window"": 12, ""kde_tau"": 0.006205167444665816, ""n_chains"": 1, ""n_init"": 8, ""orchestrate_every"": 5, ""p_dream"": 0.7412354684077219, ""rejection_streak"": 24, ""seed"": 10, ""sigma_fraction"": 0.022095999012449814, ""wide_sigma_fraction"": 0.3008503702038378}",,
lcbench_168910,lcbench,FMP_DREAM,11,200,200,-73.91427612304688,-73.91427612304688,73.91427612304688,,True,0.3880716999992728,0.04062919995340053,0.39557320000312757,10400.0,0.3474425000458723,73.91427612304688,200.0,-73.91427612304688,0.34375,0.75,0.0,0.0,36.0,0.3879103000072064,0.04805729995132424,0.33985300005588215,0.4947916666666667,0.45263157894736844,0.5052083333333334,0.23711340206185566,0.0,,"{""T_mcmc"": 0.05021528037835243, ""burnin_fraction"": 0.21939164151847443, ""bw_prior_strength"": 89.80956876532602, ""decoder"": ""soft"", ""emission_mu"": [-0.00946430696609267, 0.0946430696609267, 0.014196460449139003], ""emission_sigma"": [0.05678584179655601, 0.23660767415231673, 0.01892861393218534], ""explore_subsample"": false, ""hmm_window"": 12, ""kde_tau"": 0.006205167444665816, ""n_chains"": 1, ""n_init"": 8, ""orchestrate_every"": 5, ""p_dream"": 0.7412354684077219, ""rejection_streak"": 24, ""seed"": 11, ""sigma_fraction"": 0.022095999012449814, ""wide_sigma_fraction"": 0.3008503702038378}",,
lcbench_168910,lcbench,FMP_DREAM,12,200,200,-70.31082916259766,-70.31082916259766,70.31082916259766,,True,0.3862112999922829,0.03944980002415832,0.39372670000011567,10400.0,0.34676149996812455,70.31082916259766,200.0,-70.31082916259766,0.28125,0.7395833333333334,0.0,0.0,36.0,0.3860588999959873,0.04665519997070078,0.3394037000252865,0.4635416666666667,0.38202247191011235,0.5364583333333334,0.1941747572815534,0.0,,"{""T_mcmc"": 0.05021528037835243, ""burnin_fraction"": 0.21939164151847443, ""bw_prior_strength"": 89.80956876532602, ""decoder"": ""soft"", ""emission_mu"": [-0.00946430696609267, 0.0946430696609267, 0.014196460449139003], ""emission_sigma"": [0.05678584179655601, 0.23660767415231673, 0.01892861393218534], ""explore_subsample"": false, ""hmm_window"": 12, ""kde_tau"": 0.006205167444665816, ""n_chains"": 1, ""n_init"": 8, ""orchestrate_every"": 5, ""p_dream"": 0.7412354684077219, ""rejection_streak"": 24, ""seed"": 12, ""sigma_fraction"": 0.022095999012449814, ""wide_sigma_fraction"": 0.3008503702038378}",,
lcbench_168910,lcbench,FMP_DREAM,13,200,200,-84.59569549560547,-84.59569549560547,84.59569549560547,,True,0.37318390001019,0.038911999930860475,0.37904620000335854,10400.0,0.3342719000793295,84.59569549560547,200.0,-84.59569549560547,0.19270833333333334,0.8072916666666666,0.0,0.0,36.0,0.3730703000037465,0.04613399981462862,0.3269363001891179,0.34375,0.25757575757575757,0.640625,0.15447154471544716,0.015625,0.3333333333333333,"{""T_mcmc"": 0.05021528037835243, ""burnin_fraction"": 0.21939164151847443, ""bw_prior_strength"": 89.80956876532602, ""decoder"": ""soft"", ""emission_mu"": [-0.00946430696609267, 0.0946430696609267, 0.014196460449139003], ""emission_sigma"": [0.05678584179655601, 0.23660767415231673, 0.01892861393218534], ""explore_subsample"": false, ""hmm_window"": 12, ""kde_tau"": 0.006205167444665816, ""n_chains"": 1, ""n_init"": 8, ""orchestrate_every"": 5, ""p_dream"": 0.7412354684077219, ""rejection_streak"": 24, ""seed"": 13, ""sigma_fraction"": 0.022095999012449814, ""wide_sigma_fraction"": 0.3008503702038378}",,
lcbench_168910,lcbench,FMP_DREAM,14,200,200,-69.92285919189453,-69.92285919189453,69.92285919189453,,True,0.46481250000942964,0.044144899933598936,0.4716010999982245,10400.0,0.4206676000758307,69.92285919189453,200.0,-69.92285919189453,0.3489583333333333,0.7395833333333334,0.0,0.0,36.0,0.4646857000043383,0.052238299962482415,0.41244740004185587,0.5625,0.4074074074074074,0.4375,0.27380952380952384,0.0,,"{""T_mcmc"": 0.05021528037835243, ""burnin_fraction"": 0.21939164151847443, ""bw_prior_strength"": 89.80956876532602, ""decoder"": ""soft"", ""emission_mu"": [-0.00946430696609267, 0.0946430696609267, 0.014196460449139003], ""emission_sigma"": [0.05678584179655601, 0.23660767415231673, 0.01892861393218534], ""explore_subsample"": false, ""hmm_window"": 12, ""kde_tau"": 0.006205167444665816, ""n_chains"": 1, ""n_init"": 8, ""orchestrate_every"": 5, ""p_dream"": 0.7412354684077219, ""rejection_streak"": 24, ""seed"": 14, ""sigma_fraction"": 0.022095999012449814, ""wide_sigma_fraction"": 0.3008503702038378}",,
lcbench_168910,lcbench,FMP_DREAM,15,200,200,-82.10124969482422,-82.10124969482422,82.10124969482422,,True,0.47112630000628997,0.04688219999661669,0.48448470000585075,10400.0,0.4242441000096733,82.10124969482422,200.0,-82.10124969482422,0.203125,0.71875,0.0,0.0,36.0,0.47097629999916535,0.05535579993738793,0.4156205000617774,0.2604166666666667,0.3,0.7135416666666666,0.16058394160583941,0.026041666666666668,0.4,"{""T_mcmc"": 0.05021528037835243, ""burnin_fraction"": 0.21939164151847443, ""bw_prior_strength"": 89.80956876532602, ""decoder"": ""soft"", ""emission_mu"": [-0.00946430696609267, 0.0946430696609267, 0.014196460449139003], ""emission_sigma"": [0.05678584179655601, 0.23660767415231673, 0.01892861393218534], ""explore_subsample"": false, ""hmm_window"": 12, ""kde_tau"": 0.006205167444665816, ""n_chains"": 1, ""n_init"": 8, ""orchestrate_every"": 5, ""p_dream"": 0.7412354684077219, ""rejection_streak"": 24, ""seed"": 15, ""sigma_fraction"": 0.022095999012449814, ""wide_sigma_fraction"": 0.3008503702038378}",,
lcbench_168910,lcbench,FMP_DREAM,16,200,200,-76.8041763305664,-76.8041763305664,76.8041763305664,,True,0.44753320000017993,0.04579730004479643,0.45522360000177287,10400.0,0.4017358999553835,76.8041763305664,200.0,-76.8041763305664,0.3072916666666667,0.7708333333333334,0.0,0.0,36.0,0.44737770000938326,0.054100100096547976,0.3932775999128353,0.5833333333333334,0.35714285714285715,0.4114583333333333,0.22784810126582278,0.005208333333333333,1.0,"{""T_mcmc"": 0.05021528037835243, ""burnin_fraction"": 0.21939164151847443, ""bw_prior_strength"": 89.80956876532602, ""decoder"": ""soft"", ""emission_mu"": [-0.00946430696609267, 0.0946430696609267, 0.014196460449139003], ""emission_sigma"": [0.05678584179655601, 0.23660767415231673, 0.01892861393218534], ""explore_subsample"": false, ""hmm_window"": 12, ""kde_tau"": 0.006205167444665816, ""n_chains"": 1, ""n_init"": 8, ""orchestrate_every"": 5, ""p_dream"": 0.7412354684077219, ""rejection_streak"": 24, ""seed"": 16, ""sigma_fraction"": 0.022095999012449814, ""wide_sigma_fraction"": 0.3008503702038378}",,
lcbench_168910,lcbench,FMP_DREAM,17,200,200,-80.52156066894531,-80.52156066894531,80.52156066894531,,True,0.6313636999984737,0.060481999898911454,0.6378335000044899,10400.0,0.5708817000995623,80.52156066894531,200.0,-80.52156066894531,0.20833333333333334,0.71875,0.0,0.0,36.0,0.631239900001674,0.0709842000505887,0.5602556999510853,0.390625,0.2,0.609375,0.21367521367521367,0.0,,"{""T_mcmc"": 0.05021528037835243, ""burnin_fraction"": 0.21939164151847443, ""bw_prior_strength"": 89.80956876532602, ""decoder"": ""soft"", ""emission_mu"": [-0.00946430696609267, 0.0946430696609267, 0.014196460449139003], ""emission_sigma"": [0.05678584179655601, 0.23660767415231673, 0.01892861393218534], ""explore_subsample"": false, ""hmm_window"": 12, ""kde_tau"": 0.006205167444665816, ""n_chains"": 1, ""n_init"": 8, ""orchestrate_every"": 5, ""p_dream"": 0.7412354684077219, ""rejection_streak"": 24, ""seed"": 17, ""sigma_fraction"": 0.022095999012449814, ""wide_sigma_fraction"": 0.3008503702038378}",,
lcbench_168910,lcbench,FMP_DREAM,18,200,200,-71.93648529052734,-71.93648529052734,71.93648529052734,,True,0.44367419999616686,0.04848470019351225,0.45331279998936225,10400.0,0.3951894998026546,71.93648529052734,200.0,-71.93648529052734,0.3854166666666667,0.71875,0.0,0.0,36.0,0.44352539999817964,0.05666789994575083,0.3868575000524288,0.6927083333333334,0.45864661654135336,0.2864583333333333,0.21818181818181817,0.020833333333333332,0.25,"{""T_mcmc"": 0.05021528037835243, ""burnin_fraction"": 0.21939164151847443, ""bw_prior_strength"": 89.80956876532602, ""decoder"": ""soft"", ""emission_mu"": [-0.00946430696609267, 0.0946430696609267, 0.014196460449139003], ""emission_sigma"": [0.05678584179655601, 0.23660767415231673, 0.01892861393218534], ""explore_subsample"": false, ""hmm_window"": 12, ""kde_tau"": 0.006205167444665816, ""n_chains"": 1, ""n_init"": 8, ""orchestrate_every"": 5, ""p_dream"": 0.7412354684077219, ""rejection_streak"": 24, ""seed"": 18, ""sigma_fraction"": 0.022095999012449814, ""wide_sigma_fraction"": 0.3008503702038378}",,
lcbench_168910,lcbench,FMP_DREAM,19,200,200,-77.0114517211914,-77.0114517211914,77.0114517211914,,True,0.3834891000005882,0.03919670001778286,0.38939189999655355,10400.0,0.34429239998280536,77.0114517211914,200.0,-77.0114517211914,0.2760416666666667,0.7552083333333334,0.0,0.0,36.0,0.3833658999938052,0.04633140008081682,0.3370344999129884,0.4635416666666667,0.2808988764044944,0.5364583333333334,0.27184466019417475,0.0,,"{""T_mcmc"": 0.05021528037835243, ""burnin_fraction"": 0.21939164151847443, ""bw_prior_strength"": 89.80956876532602, ""decoder"": ""soft"", ""emission_mu"": [-0.00946430696609267, 0.0946430696609267, 0.014196460449139003], ""emission_sigma"": [0.05678584179655601, 0.23660767415231673, 0.01892861393218534], ""explore_subsample"": false, ""hmm_window"": 12, ""kde_tau"": 0.006205167444665816, ""n_chains"": 1, ""n_init"": 8, ""orchestrate_every"": 5, ""p_dream"": 0.7412354684077219, ""rejection_streak"": 24, ""seed"": 19, ""sigma_fraction"": 0.022095999012449814, ""wide_sigma_fraction"": 0.3008503702038378}",,
lcbench_168910,lcbench,GP,0,200,200,-88.0491943359375,-88.0491943359375,88.0491943359375,,True,108.52860250000231,0.14552380004170118,108.54205599999841,10400.0,108.3830786999606,88.0491943359375,,,,,,,,,,,,,,,,,,,
lcbench_168910,lcbench,GP,1,200,200,-88.7685546875,-88.7685546875,88.7685546875,,True,120.13015109999833,0.14791500003775582,120.14123809999728,10400.0,119.98223609996057,88.7685546875,,,,,,,,,,,,,,,,,,,
lcbench_168910,lcbench,GP,2,200,200,-88.76686096191406,-88.76686096191406,88.76686096191406,,True,136.2709279999981,0.1476089000425418,136.32143880000513,10400.0,136.12331909995555,88.76686096191406,,,,,,,,,,,,,,,,,,,
lcbench_168910,lcbench,GP,3,200,200,-88.76686096191406,-88.76686096191406,88.76686096191406,,True,131.19888219999848,0.14740899995376822,131.21576020000066,10400.0,131.0514732000447,88.76686096191406,,,,,,,,,,,,,,,,,,,
lcbench_168910,lcbench,GP,4,200,200,-88.76719665527344,-88.76719665527344,88.76719665527344,,True,115.11138080000092,0.1489531998959137,115.12460029999784,10400.0,114.962427600105,88.76719665527344,,,,,,,,,,,,,,,,,,,
lcbench_168910,lcbench,GP,5,200,200,-88.04718017578125,-88.04718017578125,88.04718017578125,,True,124.13807539999834,0.14616790004947688,124.14979599999788,10400.0,123.99190749994887,88.04718017578125,,,,,,,,,,,,,,,,,,,
lcbench_168910,lcbench,GP,6,200,200,-88.7638168334961,-88.7638168334961,88.7638168334961,,True,122.6533877000038,0.14680540002154885,122.66422529999545,10400.0,122.50658229998226,88.7638168334961,,,,,,,,,,,,,,,,,,,
lcbench_168910,lcbench,GP,7,200,200,-88.66871643066406,-88.66871643066406,88.66871643066406,,True,118.68725419999828,0.14908710002782755,118.6986076999965,10400.0,118.53816709997045,88.66871643066406,,,,,,,,,,,,,,,,,,,
lcbench_168910,lcbench,GP,8,200,200,-88.76787567138672,-88.76787567138672,88.76787567138672,,True,109.48237619999418,0.14925290003156988,109.49461280000105,10400.0,109.33312329996261,88.76787567138672,,,,,,,,,,,,,,,,,,,
lcbench_168910,lcbench,GP,9,200,200,-88.7059326171875,-88.7059326171875,88.7059326171875,,True,120.83745110000018,0.1455952000032994,120.8545579000056,10400.0,120.69185589999688,88.7059326171875,,,,,,,,,,,,,,,,,,,
lcbench_168910,lcbench,GP,10,200,200,-88.76753997802734,-88.76753997802734,88.76753997802734,,True,122.0311201999939,0.15964630000235047,122.04864770000131,10400.0,121.87147389999154,88.76753997802734,,,,,,,,,,,,,,,,,,,
lcbench_168910,lcbench,GP,11,200,200,-88.76686096191406,-88.76686096191406,88.76686096191406,,True,110.48758449999877,0.14563880001514917,110.49896839999565,10400.0,110.34194569998363,88.76686096191406,,,,,,,,,,,,,,,,,,,
lcbench_168910,lcbench,GP,12,200,200,-88.70626831054688,-88.70626831054688,88.70626831054688,,True,143.64465370000107,0.15302449995215284,143.6538064999986,10400.0,143.49162920004892,88.70626831054688,,,,,,,,,,,,,,,,,,,
lcbench_168910,lcbench,GP,13,200,200,-88.52947235107422,-88.52947235107422,88.52947235107422,,True,143.6424843000059,0.15453059996070806,143.65403170000354,10400.0,143.48795370004518,88.52947235107422,,,,,,,,,,,,,,,,,,,
lcbench_168910,lcbench,GP,14,200,200,-88.57473754882812,-88.57473754882812,88.57473754882812,,True,129.9167224999983,0.14949569998134393,129.9282405999984,10400.0,129.76722680001694,88.57473754882812,,,,,,,,,,,,,,,,,,,
lcbench_168910,lcbench,GP,15,200,200,-88.7479019165039,-88.7479019165039,88.7479019165039,,True,135.47940209999797,0.15663970002060523,135.48929069999576,10400.0,135.32276239997736,88.7479019165039,,,,,,,,,,,,,,,,,,,
lcbench_168910,lcbench,GP,16,200,200,-88.76821899414062,-88.76821899414062,88.76821899414062,,True,131.38769190000312,0.14806579994910862,131.3999815999996,10400.0,131.239626100054,88.76821899414062,,,,,,,,,,,,,,,,,,,
lcbench_168910,lcbench,GP,17,200,200,-88.76821899414062,-88.76821899414062,88.76821899414062,,True,123.21712710000429,0.1516665000017383,123.22794720000093,10400.0,123.06546060000255,88.76821899414062,,,,,,,,,,,,,,,,,,,
lcbench_168910,lcbench,GP,18,200,200,-88.76719665527344,-88.76719665527344,88.76719665527344,,True,124.19987240000046,0.14880160000029719,124.21099059999688,10400.0,124.05107080000016,88.76719665527344,,,,,,,,,,,,,,,,,,,
lcbench_168910,lcbench,GP,19,200,200,-88.76787567138672,-88.76787567138672,88.76787567138672,,True,118.72622749999573,0.1555087001179345,118.74025580000307,10400.0,118.5707187998778,88.76787567138672,,,,,,,,,,,,,,,,,,,
lcbench_168910,lcbench,RS,0,200,200,-72.7142333984375,-72.7142333984375,72.7142333984375,,True,0.3326396999982535,0.13737380000384292,0.3774702000009711,10400.0,0.19526589999441057,72.7142333984375,,,,,,,,,,,,,,,,,,,
lcbench_168910,lcbench,RS,1,200,200,-71.97161865234375,-71.97161865234375,71.97161865234375,,True,0.3198273999951198,0.12984439999854658,0.36345380000420846,10400.0,0.1899829999965732,71.97161865234375,,,,,,,,,,,,,,,,,,,
lcbench_168910,lcbench,RS,2,200,200,-70.600830078125,-70.600830078125,70.600830078125,,True,0.3003162000022712,0.13130609998188447,0.3549593999996432,10400.0,0.16901010002038674,70.600830078125,,,,,,,,,,,,,,,,,,,
lcbench_168910,lcbench,RS,3,200,200,-68.5355224609375,-68.5355224609375,68.5355224609375,,True,0.25444559999596095,0.09611590000713477,0.2654733999952441,10400.0,0.15832969998882618,68.5355224609375,,,,,,,,,,,,,,,,,,,
lcbench_168910,lcbench,RS,4,200,200,-75.83586120605469,-75.83586120605469,75.83586120605469,,True,0.25224899999739137,0.09422500006621704,0.26317919999564765,10400.0,0.15802399993117433,75.83586120605469,,,,,,,,,,,,,,,,,,,
lcbench_168910,lcbench,RS,5,200,200,-72.76598358154297,-72.76598358154297,72.76598358154297,,True,0.25682769999548327,0.09539080003742129,0.2672301000056905,10400.0,0.16143689995806199,72.76598358154297,,,,,,,,,,,,,,,,,,,
lcbench_168910,lcbench,RS,6,200,200,-69.81704711914062,-69.81704711914062,69.81704711914062,,True,0.26784459999907995,0.10660540001117624,0.27786099999502767,10400.0,0.1612391999879037,69.81704711914062,,,,,,,,,,,,,,,,,,,
lcbench_168910,lcbench,RS,7,200,200,-75.48965454101562,-75.48965454101562,75.48965454101562,,True,0.279074899997795,0.10674319994723191,0.29051110000000335,10400.0,0.17233170005056309,75.48965454101562,,,,,,,,,,,,,,,,,,,
lcbench_168910,lcbench,RS,8,200,200,-71.9576187133789,-71.9576187133789,71.9576187133789,,True,0.27064509999763686,0.10607689997414127,0.281957399995008,10400.0,0.1645682000234956,71.9576187133789,,,,,,,,,,,,,,,,,,,
lcbench_168910,lcbench,RS,9,200,200,-73.59831237792969,-73.59831237792969,73.59831237792969,,True,0.25172079999902053,0.09802869999111863,0.26165019999461947,10400.0,0.1536921000079019,73.59831237792969,,,,,,,,,,,,,,,,,,,
lcbench_168910,lcbench,RS,10,200,200,-70.0582275390625,-70.0582275390625,70.0582275390625,,True,0.2598359999974491,0.1002865000264137,0.2706021999983932,10400.0,0.1595494999710354,70.0582275390625,,,,,,,,,,,,,,,,,,,
lcbench_168910,lcbench,RS,11,200,200,-70.86444854736328,-70.86444854736328,70.86444854736328,,True,0.24127040000166744,0.09142869998322567,0.25224619999789866,10400.0,0.14984170001844177,70.86444854736328,,,,,,,,,,,,,,,,,,,
lcbench_168910,lcbench,RS,12,200,200,-77.53274536132812,-77.53274536132812,77.53274536132812,,True,0.25614889999997104,0.09807629998249467,0.26620700000057695,10400.0,0.15807260001747636,77.53274536132812,,,,,,,,,,,,,,,,,,,
lcbench_168910,lcbench,RS,13,200,200,-69.65557098388672,-69.65557098388672,69.65557098388672,,True,0.24724959999730345,0.09408389999589417,0.258125199994538,10400.0,0.15316570000140928,69.65557098388672,,,,,,,,,,,,,,,,,,,
lcbench_168910,lcbench,RS,14,200,200,-73.25519561767578,-73.25519561767578,73.25519561767578,,True,0.25305350000417093,0.09694389998912811,0.2628056000030483,10400.0,0.15610960001504282,73.25519561767578,,,,,,,,,,,,,,,,,,,
lcbench_168910,lcbench,RS,15,200,200,-74.18319702148438,-74.18319702148438,74.18319702148438,,True,0.2589007999995374,0.09891849994164659,0.26936209999985294,10400.0,0.15998230005789082,74.18319702148438,,,,,,,,,,,,,,,,,,,
lcbench_168910,lcbench,RS,16,200,200,-75.07482147216797,-75.07482147216797,75.07482147216797,,True,0.26904279999871505,0.10285619991918793,0.27965560000302503,10400.0,0.16618660007952712,75.07482147216797,,,,,,,,,,,,,,,,,,,
lcbench_168910,lcbench,RS,17,200,200,-71.42678833007812,-71.42678833007812,71.42678833007812,,True,0.266767200002505,0.10241659999883268,0.27704629999789177,10400.0,0.1643506000036723,71.42678833007812,,,,,,,,,,,,,,,,,,,
lcbench_168910,lcbench,RS,18,200,200,-75.15447998046875,-75.15447998046875,75.15447998046875,,True,0.2630879999996978,0.10215080007765209,0.3056603999939398,10400.0,0.1609371999220457,75.15447998046875,,,,,,,,,,,,,,,,,,,
lcbench_168910,lcbench,RS,19,200,200,-68.37753295898438,-68.37753295898438,68.37753295898438,,True,0.25789919999806443,0.09924629997840384,0.26919720000296365,10400.0,0.1586529000196606,68.37753295898438,,,,,,,,,,,,,,,,,,,
lcbench_168910,lcbench,TPE,0,200,200,-84.19070434570312,-84.19070434570312,84.19070434570312,,True,5.8997797000047285,0.1451772000073106,5.910407799994573,10400.0,5.754602499997418,84.19070434570312,,,,,,,,,,,,,,,,,,,
lcbench_168910,lcbench,TPE,1,200,200,-71.13447570800781,-71.13447570800781,71.13447570800781,,True,6.328865499999665,0.14706950000254437,6.339603399996122,10400.0,6.181795999997121,71.13447570800781,,,,,,,,,,,,,,,,,,,
lcbench_168910,lcbench,TPE,2,200,200,-73.15103149414062,-73.15103149414062,73.15103149414062,,True,7.16627879999578,0.14752359999693,7.177433600001677,10400.0,7.01875519999885,73.15103149414062,,,,,,,,,,,,,,,,,,,
lcbench_168910,lcbench,TPE,3,200,200,-68.92801666259766,-68.92801666259766,68.92801666259766,,True,5.314954600005876,0.14801790003548376,5.32528729999467,10400.0,5.1669366999703925,68.92801666259766,,,,,,,,,,,,,,,,,,,
lcbench_168910,lcbench,TPE,4,200,200,-86.65833282470703,-86.65833282470703,86.65833282470703,,True,6.774052499997197,0.14993999999569496,6.817977200000314,10400.0,6.624112500001502,86.65833282470703,,,,,,,,,,,,,,,,,,,
lcbench_168910,lcbench,TPE,5,200,200,-73.41072845458984,-73.41072845458984,73.41072845458984,,True,9.246744399999443,0.1482805999548873,9.290070899995044,10400.0,9.098463800044556,73.41072845458984,,,,,,,,,,,,,,,,,,,
lcbench_168910,lcbench,TPE,6,200,200,-81.61007690429688,-81.61007690429688,81.61007690429688,,True,5.4613009999957285,0.14833700006420258,5.471811799994612,10400.0,5.312963999931526,81.61007690429688,,,,,,,,,,,,,,,,,,,
lcbench_168910,lcbench,TPE,7,200,200,-87.05792236328125,-87.05792236328125,87.05792236328125,,True,6.1554106999974465,0.15299749995028833,6.16790420000325,10400.0,6.002413200047158,87.05792236328125,,,,,,,,,,,,,,,,,,,
lcbench_168910,lcbench,TPE,8,200,200,-87.61162567138672,-87.61162567138672,87.61162567138672,,True,6.109560600001714,0.1479734999811626,6.119043700004113,10400.0,5.961587100020552,87.61162567138672,,,,,,,,,,,,,,,,,,,
lcbench_168910,lcbench,TPE,9,200,200,-73.17642974853516,-73.17642974853516,73.17642974853516,,True,6.717046000005212,0.15070680002099834,6.727026599997771,10400.0,6.566339199984213,73.17642974853516,,,,,,,,,,,,,,,,,,,
lcbench_168910,lcbench,TPE,10,200,200,-73.21831512451172,-73.21831512451172,73.21831512451172,,True,7.7931119999993825,0.14738650003710063,7.842393900005845,10400.0,7.645725499962282,73.21831512451172,,,,,,,,,,,,,,,,,,,
lcbench_168910,lcbench,TPE,11,200,200,-68.97734069824219,-68.97734069824219,68.97734069824219,,True,6.173097400002007,0.14414720003696857,6.183657200002926,10400.0,6.028950199965038,68.97734069824219,,,,,,,,,,,,,,,,,,,
lcbench_168910,lcbench,TPE,12,200,200,-72.78361511230469,-72.78361511230469,72.78361511230469,,True,7.983284200003254,0.15106710002874024,8.025280500005465,10400.0,7.832217099974514,72.78361511230469,,,,,,,,,,,,,,,,,,,
lcbench_168910,lcbench,TPE,13,200,200,-68.47175598144531,-68.47175598144531,68.47175598144531,,True,4.36062099999981,0.1481253999445471,4.3710456999979215,10400.0,4.212495600055263,68.47175598144531,,,,,,,,,,,,,,,,,,,
lcbench_168910,lcbench,TPE,14,200,200,-86.50739288330078,-86.50739288330078,86.50739288330078,,True,6.079252699993958,0.14678039999853354,6.090434300000197,10400.0,5.932472299995425,86.50739288330078,,,,,,,,,,,,,,,,,,,
lcbench_168910,lcbench,TPE,15,200,200,-79.53216552734375,-79.53216552734375,79.53216552734375,,True,8.53310970000166,0.14621820006868802,8.543314099995769,10400.0,8.386891499932972,79.53216552734375,,,,,,,,,,,,,,,,,,,
lcbench_168910,lcbench,TPE,16,200,200,-72.82860565185547,-72.82860565185547,72.82860565185547,,True,7.866727000000537,0.14840240004559746,7.910261800003354,10400.0,7.71832459995494,72.82860565185547,,,,,,,,,,,,,,,,,,,
lcbench_168910,lcbench,TPE,17,200,200,-86.71620178222656,-86.71620178222656,86.71620178222656,,True,6.220461900004011,0.14910019998933421,6.229737200003001,10400.0,6.071361700014677,86.71620178222656,,,,,,,,,,,,,,,,,,,
lcbench_168910,lcbench,TPE,18,200,200,-71.25900268554688,-71.25900268554688,71.25900268554688,,True,6.191288500005612,0.14825910000217846,6.201180800002476,10400.0,6.043029400003434,71.25900268554688,,,,,,,,,,,,,,,,,,,
lcbench_168910,lcbench,TPE,19,200,200,-87.7889404296875,-87.7889404296875,87.7889404296875,,True,6.180170200001157,0.14322549991629785,6.190021300004446,10400.0,6.0369447000848595,87.7889404296875,,,,,,,,,,,,,,,,,,,
lcbench_168910,lcbench,TPE_HB,0,200,1716,-77.90541076660156,-77.90541076660156,77.90541076660156,,True,22.354357999996864,0.9872443001077045,22.367318600001454,10405.0,21.36711369988916,77.90541076660156,,,,,,,,,,,,,,,,,,,
lcbench_168910,lcbench,TPE_HB,1,200,1714,-66.56845092773438,-66.56845092773438,66.56845092773438,,True,16.202074200002244,0.725007399894821,70.58847719999903,10408.0,15.477066800107423,66.56845092773438,,,,,,,,,,,,,,,,,,,
lcbench_168910,lcbench,TPE_HB,2,200,1816,-80.79232025146484,-80.79232025146484,80.79232025146484,,True,23.9310495000027,0.9529036000822089,77.92878480000218,10405.0,22.97814589992049,80.79232025146484,,,,,,,,,,,,,,,,,,,
lcbench_168910,lcbench,TPE_HB,3,200,1817,-67.68126678466797,-67.68126678466797,67.68126678466797,,True,28.37597680000181,0.9746585001121275,82.26096619999589,10424.0,27.40131829988968,67.68126678466797,,,,,,,,,,,,,,,,,,,
lcbench_168910,lcbench,TPE_HB,4,200,2034,-69.28839874267578,-69.28839874267578,69.28839874267578,,True,26.89163859999826,1.0666896999246092,80.54462269999931,10416.0,25.82494890007365,69.28839874267578,,,,,,,,,,,,,,,,,,,
lcbench_168910,lcbench,TPE_HB,5,200,2238,-70.56610107421875,-70.56610107421875,70.56610107421875,,True,54.77715950000129,1.2880358000984415,108.08626050000021,10412.0,53.48912369990285,70.56610107421875,,,,,,,,,,,,,,,,,,,
lcbench_168910,lcbench,TPE_HB,6,200,1489,-71.97449493408203,-71.97449493408203,71.97449493408203,,True,25.164854299997387,0.7878533999610227,78.0910029000006,10404.0,24.377000900036364,71.97449493408203,,,,,,,,,,,,,,,,,,,
lcbench_168910,lcbench,TPE_HB,7,200,1721,-68.95681762695312,-68.95681762695312,68.95681762695312,,True,18.569001600000774,0.9442529999578255,71.40617029999703,10412.0,17.62474860004295,68.95681762695312,,,,,,,,,,,,,,,,,,,
lcbench_168910,lcbench,TPE_HB,8,200,1637,-69.1842041015625,-69.1842041015625,69.1842041015625,,True,17.411588000002666,0.9314525998634053,69.98400899999979,10404.0,16.48013540013926,69.1842041015625,,,,,,,,,,,,,,,,,,,
lcbench_168910,lcbench,TPE_HB,9,200,1925,-86.29348754882812,-86.29348754882812,86.29348754882812,,True,16.687529200004064,0.419463399972301,16.69392979999975,10401.0,16.268065800031764,86.29348754882812,,,,,,,,,,,,,,,,,,,
lcbench_168910,lcbench,TPE_HB,10,200,1466,-69.05316162109375,-69.05316162109375,69.05316162109375,,True,12.30907479999587,0.4234115002254839,12.313574100000551,10403.0,11.885663299770385,69.05316162109375,,,,,,,,,,,,,,,,,,,
lcbench_168910,lcbench,TPE_HB,11,200,2289,-64.87773132324219,-64.87773132324219,64.87773132324219,,True,23.361376500004553,0.7597370001749368,23.36895160000131,10400.0,22.601639499829616,64.87773132324219,,,,,,,,,,,,,,,,,,,
lcbench_168910,lcbench,TPE_HB,12,200,1843,-75.52306365966797,-75.52306365966797,75.52306365966797,,True,20.543638299997838,0.6924533000419615,20.548952899996948,10420.0,19.851184999955876,75.52306365966797,,,,,,,,,,,,,,,,,,,
lcbench_168910,lcbench,TPE_HB,13,200,1871,-69.0406494140625,-69.0406494140625,69.0406494140625,,True,14.739388699999836,0.9304642998613417,14.747537199997168,10423.0,13.808924400138494,69.0406494140625,,,,,,,,,,,,,,,,,,,
lcbench_168910,lcbench,TPE_HB,14,200,1383,-65.46394348144531,-65.46394348144531,65.46394348144531,,True,12.639905500000168,0.7610336000652751,12.649854099996446,10405.0,11.878871899934893,65.46394348144531,,,,,,,,,,,,,,,,,,,
lcbench_168910,lcbench,TPE_HB,15,200,1776,-68.3917465209961,-68.3917465209961,68.3917465209961,,True,20.317509799999243,1.0307976002804935,20.32787660000031,10417.0,19.28671219971875,68.3917465209961,,,,,,,,,,,,,,,,,,,
lcbench_168910,lcbench,TPE_HB,16,200,2019,-76.05879974365234,-76.05879974365234,76.05879974365234,,True,22.26219459999993,1.1885796003844007,22.272298099996988,10404.0,21.07361499961553,76.05879974365234,,,,,,,,,,,,,,,,,,,
lcbench_168910,lcbench,TPE_HB,17,200,2078,-72.53083801269531,-72.53083801269531,72.53083801269531,,True,51.130589299995336,1.2232318998940173,51.13996870000119,10414.0,49.90735740010132,72.53083801269531,,,,,,,,,,,,,,,,,,,
lcbench_168910,lcbench,TPE_HB,18,200,1926,-70.50555419921875,-70.50555419921875,70.50555419921875,,True,40.78051100000448,1.1198393997183302,40.79069449999952,10406.0,39.66067160028615,70.50555419921875,,,,,,,,,,,,,,,,,,,
lcbench_168910,lcbench,TPE_HB,19,200,1891,-68.65575408935547,-68.65575408935547,68.65575408935547,,True,19.772106099997472,1.0796085999681964,19.782775100000435,10416.0,18.692497500029276,68.65575408935547,,,,,,,,,,,,,,,,,,,
lcbench_189873,lcbench,CMAES,0,200,200,-97.21576690673828,-97.21576690673828,97.21576690673828,,True,0.23530530000425642,0.04375849994539749,56.82893220000551,10400.0,0.19154680005885893,97.21576690673828,,,,,,,,,,,,,,,,,,,
lcbench_189873,lcbench,CMAES,1,200,200,-95.15123748779297,-95.15123748779297,95.15123748779297,,True,0.60061709999718,0.15197570002783323,6.197383399994578,10400.0,0.4486413999693468,95.15123748779297,,,,,,,,,,,,,,,,,,,
lcbench_189873,lcbench,CMAES,2,200,200,-93.60497283935547,-93.60497283935547,93.60497283935547,,True,0.21061660000123084,0.0384818999300478,54.75965040000301,10400.0,0.17213470007118303,93.60497283935547,,,,,,,,,,,,,,,,,,,
lcbench_189873,lcbench,CMAES,3,200,200,-94.73003387451172,-94.73003387451172,94.73003387451172,,True,0.3250530000004801,0.059357799975259695,54.50330309999845,10400.0,0.2656952000252204,94.73003387451172,,,,,,,,,,,,,,,,,,,
lcbench_189873,lcbench,CMAES,4,200,200,-93.1483154296875,-93.1483154296875,93.1483154296875,,True,0.35748980000062147,0.06687450002937112,54.44851729999937,10400.0,0.29061529997125035,93.1483154296875,,,,,,,,,,,,,,,,,,,
lcbench_189873,lcbench,CMAES,5,200,200,-84.4332046508789,-84.4332046508789,84.4332046508789,,True,0.502524399998947,0.12565789997461252,0.5143567999984953,10400.0,0.3768665000243345,84.4332046508789,,,,,,,,,,,,,,,,,,,
lcbench_189873,lcbench,CMAES,6,200,200,-92.90062713623047,-92.90062713623047,92.90062713623047,,True,0.4792391000009957,0.12614109995774925,0.49067810000269674,10400.0,0.35309800004324643,92.90062713623047,,,,,,,,,,,,,,,,,,,
lcbench_189873,lcbench,CMAES,7,200,200,-94.02726745605469,-94.02726745605469,94.02726745605469,,True,0.4459262000018498,0.11145440007385332,0.45624279999901773,10400.0,0.33447179992799647,94.02726745605469,,,,,,,,,,,,,,,,,,,
lcbench_189873,lcbench,CMAES,8,200,200,-93.90503692626953,-93.90503692626953,93.90503692626953,,True,0.5529095999954734,0.14447870001458796,0.5623119000010774,10400.0,0.40843089998088544,93.90503692626953,,,,,,,,,,,,,,,,,,,
lcbench_189873,lcbench,CMAES,9,200,200,-97.46900939941406,-97.46900939941406,97.46900939941406,,True,0.48795329999848036,0.12028639993513934,0.4994315000003553,10400.0,0.367666900063341,97.46900939941406,,,,,,,,,,,,,,,,,,,
lcbench_189873,lcbench,CMAES,10,200,200,-94.73979187011719,-94.73979187011719,94.73979187011719,,True,0.3638428999984171,0.07263060005061561,53.7613055000038,10400.0,0.2912122999478015,94.73979187011719,,,,,,,,,,,,,,,,,,,
lcbench_189873,lcbench,CMAES,11,200,200,-93.72466278076172,-93.72466278076172,93.72466278076172,,True,0.46958620000077644,0.1094683000119403,0.4797404000055394,10400.0,0.36011789998883614,93.72466278076172,,,,,,,,,,,,,,,,,,,
lcbench_189873,lcbench,CMAES,12,200,200,-98.64917755126953,-98.64917755126953,98.64917755126953,,True,0.5015629999979865,0.12536759998329217,0.5111336000045412,10400.0,0.3761954000146943,98.64917755126953,,,,,,,,,,,,,,,,,,,
lcbench_189873,lcbench,CMAES,13,200,200,-90.47137451171875,-90.47137451171875,90.47137451171875,,True,0.436304899994866,0.09908549991087057,0.4467676999993273,10400.0,0.3372194000839954,90.47137451171875,,,,,,,,,,,,,,,,,,,
lcbench_189873,lcbench,CMAES,14,200,200,-89.343017578125,-89.343017578125,89.343017578125,,True,0.44044160000339616,0.09699760001967661,0.45053460000053747,10400.0,0.34344399998371955,89.343017578125,,,,,,,,,,,,,,,,,,,
lcbench_189873,lcbench,CMAES,15,200,200,-92.96585083007812,-92.96585083007812,92.96585083007812,,True,0.43099480000091717,0.10179259998403722,0.4389932999984012,10400.0,0.32920220001687994,92.96585083007812,,,,,,,,,,,,,,,,,,,
lcbench_189873,lcbench,CMAES,16,200,200,-96.0593490600586,-96.0593490600586,96.0593490600586,,True,0.45113080000010086,0.11048469998786459,0.4614344000001438,10400.0,0.3406461000122363,96.0593490600586,,,,,,,,,,,,,,,,,,,
lcbench_189873,lcbench,CMAES,17,200,200,-93.12948608398438,-93.12948608398438,93.12948608398438,,True,0.2893716999969911,0.06019450002349913,0.2967955999993137,10400.0,0.22917719997349195,93.12948608398438,,,,,,,,,,,,,,,,,,,
lcbench_189873,lcbench,CMAES,18,200,200,-89.30145263671875,-89.30145263671875,89.30145263671875,,True,0.40629900000203634,0.08930199990572874,0.4142610999988392,10400.0,0.3169970000963076,89.30145263671875,,,,,,,,,,,,,,,,,,,
lcbench_189873,lcbench,CMAES,19,200,200,-96.56341552734375,-96.56341552734375,96.56341552734375,,True,0.3719908999992185,0.09274369994818699,0.3821375999978045,10400.0,0.27924720005103154,96.56341552734375,,,,,,,,,,,,,,,,,,,
lcbench_189873,lcbench,FMP,0,200,200,-58.81248474121094,-58.81248474121094,58.81248474121094,,True,0.5778080000018235,0.05432319996180013,0.5843285000009928,10400.0,0.5234848000400234,58.81248474121094,200.0,-58.81248474121094,0.6302083333333334,0.0,0.0,0.0,36.0,0.5776579999946989,0.062312700028996915,0.515345299965702,0.6614583333333334,0.6377952755905512,0.3385416666666667,0.6153846153846154,0.0,,"{""T_mcmc"": 0.05021528037835243, ""burnin_fraction"": 0.21939164151847443, ""bw_prior_strength"": 89.80956876532602, ""decoder"": ""soft"", ""emission_mu"": [-0.00946430696609267, 0.0946430696609267, 0.014196460449139003], ""emission_sigma"": [0.05678584179655601, 0.23660767415231673, 0.01892861393218534], ""explore_subsample"": false, ""hmm_window"": 12, ""kde_tau"": 0.006205167444665816, ""n_chains"": 1, ""n_init"": 8, ""orchestrate_every"": 5, ""p_dream"": 0.0, ""rejection_streak"": 24, ""seed"": 0, ""sigma_fraction"": 0.022095999012449814, ""wide_sigma_fraction"": 0.3008503702038378}",,
lcbench_189873,lcbench,FMP,1,200,200,-93.94802856445312,-93.94802856445312,93.94802856445312,,True,0.5128302000084659,0.05075989998294972,0.5199241999944206,10400.0,0.4620703000255162,93.94802856445312,200.0,-93.94802856445312,0.5104166666666666,0.0,0.0,0.0,36.0,0.5126856999995653,0.058266800158889964,0.4544188998406753,0.7135416666666666,0.5547445255474452,0.2864583333333333,0.4,0.0,,"{""T_mcmc"": 0.05021528037835243, ""burnin_fraction"": 0.21939164151847443, ""bw_prior_strength"": 89.80956876532602, ""decoder"": ""soft"", ""emission_mu"": [-0.00946430696609267, 0.0946430696609267, 0.014196460449139003], ""emission_sigma"": [0.05678584179655601, 0.23660767415231673, 0.01892861393218534], ""explore_subsample"": false, ""hmm_window"": 12, ""kde_tau"": 0.006205167444665816, ""n_chains"": 1, ""n_init"": 8, ""orchestrate_every"": 5, ""p_dream"": 0.0, ""rejection_streak"": 24, ""seed"": 1, ""sigma_fraction"": 0.022095999012449814, ""wide_sigma_fraction"": 0.3008503702038378}",,
lcbench_189873,lcbench,FMP,2,200,200,-90.2490463256836,-90.2490463256836,90.2490463256836,,True,0.6435310999950161,0.05924250000680331,0.6491245999932289,10400.0,0.5842885999882128,90.2490463256836,200.0,-90.2490463256836,0.4635416666666667,0.0,0.0,0.0,36.0,0.6433996000123443,0.06772570007888135,0.575673899933463,0.7291666666666666,0.4928571428571429,0.2708333333333333,0.38461538461538464,0.0,,"{""T_mcmc"": 0.05021528037835243, ""burnin_fraction"": 0.21939164151847443, ""bw_prior_strength"": 89.80956876532602, ""decoder"": ""soft"", ""emission_mu"": [-0.00946430696609267, 0.0946430696609267, 0.014196460449139003], ""emission_sigma"": [0.05678584179655601, 0.23660767415231673, 0.01892861393218534], ""explore_subsample"": false, ""hmm_window"": 12, ""kde_tau"": 0.006205167444665816, ""n_chains"": 1, ""n_init"": 8, ""orchestrate_every"": 5, ""p_dream"": 0.0, ""rejection_streak"": 24, ""seed"": 2, ""sigma_fraction"": 0.022095999012449814, ""wide_sigma_fraction"": 0.3008503702038378}",,
lcbench_189873,lcbench,FMP,3,200,200,-91.82600402832031,-91.82600402832031,91.82600402832031,,True,0.5042361999949208,0.050518299991381355,0.5105796999996528,10400.0,0.4537179000035394,91.82600402832031,200.0,-91.82600402832031,0.5052083333333334,0.0,0.0,0.0,36.0,0.5040793999942252,0.058011599991004914,0.4460678000032203,0.765625,0.5034013605442177,0.234375,0.5111111111111111,0.0,,"{""T_mcmc"": 0.05021528037835243, ""burnin_fraction"": 0.21939164151847443, ""bw_prior_strength"": 89.80956876532602, ""decoder"": ""soft"", ""emission_mu"": [-0.00946430696609267, 0.0946430696609267, 0.014196460449139003], ""emission_sigma"": [0.05678584179655601, 0.23660767415231673, 0.01892861393218534], ""explore_subsample"": false, ""hmm_window"": 12, ""kde_tau"": 0.006205167444665816, ""n_chains"": 1, ""n_init"": 8, ""orchestrate_every"": 5, ""p_dream"": 0.0, ""rejection_streak"": 24, ""seed"": 3, ""sigma_fraction"": 0.022095999012449814, ""wide_sigma_fraction"": 0.3008503702038378}",,
lcbench_189873,lcbench,FMP,4,200,200,-91.42161560058594,-91.42161560058594,91.42161560058594,,True,0.6089000999927521,0.057781200055615045,0.6150332999968668,10400.0,0.551118899937137,91.42161560058594,200.0,-91.42161560058594,0.4947916666666667,0.0,0.0,0.0,36.0,0.6087721999938367,0.06594730011420324,0.5428248998796334,0.828125,0.49056603773584906,0.171875,0.5151515151515151,0.0,,"{""T_mcmc"": 0.05021528037835243, ""burnin_fraction"": 0.21939164151847443, ""bw_prior_strength"": 89.80956876532602, ""decoder"": ""soft"", ""emission_mu"": [-0.00946430696609267, 0.0946430696609267, 0.014196460449139003], ""emission_sigma"": [0.05678584179655601, 0.23660767415231673, 0.01892861393218534], ""explore_subsample"": false, ""hmm_window"": 12, ""kde_tau"": 0.006205167444665816, ""n_chains"": 1, ""n_init"": 8, ""orchestrate_every"": 5, ""p_dream"": 0.0, ""rejection_streak"": 24, ""seed"": 4, ""sigma_fraction"": 0.022095999012449814, ""wide_sigma_fraction"": 0.3008503702038378}",,
lcbench_189873,lcbench,FMP,5,200,200,-92.80322265625,-92.80322265625,92.80322265625,,True,0.5108260999986669,0.050318199981120415,0.5167253999970853,10400.0,0.4605079000175465,92.80322265625,200.0,-92.80322265625,0.5052083333333334,0.0,0.0,0.0,36.0,0.5107017999980599,0.057652799936477095,0.4530490000615828,0.6927083333333334,0.5639097744360902,0.3072916666666667,0.3728813559322034,0.0,,"{""T_mcmc"": 0.05021528037835243, ""burnin_fraction"": 0.21939164151847443, ""bw_prior_strength"": 89.80956876532602, ""decoder"": ""soft"", ""emission_mu"": [-0.00946430696609267, 0.0946430696609267, 0.014196460449139003], ""emission_sigma"": [0.05678584179655601, 0.23660767415231673, 0.01892861393218534], ""explore_subsample"": false, ""hmm_window"": 12, ""kde_tau"": 0.006205167444665816, ""n_chains"": 1, ""n_init"": 8, ""orchestrate_every"": 5, ""p_dream"": 0.0, ""rejection_streak"": 24, ""seed"": 5, ""sigma_fraction"": 0.022095999012449814, ""wide_sigma_fraction"": 0.3008503702038378}",,
lcbench_189873,lcbench,FMP,6,200,200,-95.1897201538086,-95.1897201538086,95.1897201538086,,True,0.6236314999987371,0.06088260003889445,0.631263500006753,10400.0,0.5627488999598427,95.1897201538086,200.0,-95.1897201538086,0.3854166666666667,0.0,0.0,0.0,36.0,0.6234554999973625,0.06934999999066349,0.554105500006699,0.671875,0.4186046511627907,0.328125,0.31746031746031744,0.0,,"{""T_mcmc"": 0.05021528037835243, ""burnin_fraction"": 0.21939164151847443, ""bw_prior_strength"": 89.80956876532602, ""decoder"": ""soft"", ""emission_mu"": [-0.00946430696609267, 0.0946430696609267, 0.014196460449139003], ""emission_sigma"": [0.05678584179655601, 0.23660767415231673, 0.01892861393218534], ""explore_subsample"": false, ""hmm_window"": 12, ""kde_tau"": 0.006205167444665816, ""n_chains"": 1, ""n_init"": 8, ""orchestrate_every"": 5, ""p_dream"": 0.0, ""rejection_streak"": 24, ""seed"": 6, ""sigma_fraction"": 0.022095999012449814, ""wide_sigma_fraction"": 0.3008503702038378}",,
lcbench_189873,lcbench,FMP,7,200,200,-91.07318878173828,-91.07318878173828,91.07318878173828,,True,0.5053065000101924,0.050060700057656504,0.5131861999980174,10400.0,0.4552457999525359,91.07318878173828,200.0,-91.07318878173828,0.6041666666666666,0.0,0.0,0.0,36.0,0.5051591999945231,0.05754549990524538,0.4476137000892777,0.84375,0.5987654320987654,0.15625,0.6333333333333333,0.0,,"{""T_mcmc"": 0.05021528037835243, ""burnin_fraction"": 0.21939164151847443, ""bw_prior_strength"": 89.80956876532602, ""decoder"": ""soft"", ""emission_mu"": [-0.00946430696609267, 0.0946430696609267, 0.014196460449139003], ""emission_sigma"": [0.05678584179655601, 0.23660767415231673, 0.01892861393218534], ""explore_subsample"": false, ""hmm_window"": 12, ""kde_tau"": 0.006205167444665816, ""n_chains"": 1, ""n_init"": 8, ""orchestrate_every"": 5, ""p_dream"": 0.0, ""rejection_streak"": 24, ""seed"": 7, ""sigma_fraction"": 0.022095999012449814, ""wide_sigma_fraction"": 0.3008503702038378}",,
lcbench_189873,lcbench,FMP,8,200,200,-90.2073974609375,-90.2073974609375,90.2073974609375,,True,0.6584756999945967,0.0627600000007078,0.6653020000085235,10400.0,0.5957156999938888,90.2073974609375,200.0,-90.2073974609375,0.6197916666666666,0.0,0.0,0.0,36.0,0.6583150999940699,0.07146970002213493,0.586845399971935,0.7864583333333334,0.6291390728476821,0.21354166666666666,0.5853658536585366,0.0,,"{""T_mcmc"": 0.05021528037835243, ""burnin_fraction"": 0.21939164151847443, ""bw_prior_strength"": 89.80956876532602, ""decoder"": ""soft"", ""emission_mu"": [-0.00946430696609267, 0.0946430696609267, 0.014196460449139003], ""emission_sigma"": [0.05678584179655601, 0.23660767415231673, 0.01892861393218534], ""explore_subsample"": false, ""hmm_window"": 12, ""kde_tau"": 0.006205167444665816, ""n_chains"": 1, ""n_init"": 8, ""orchestrate_every"": 5, ""p_dream"": 0.0, ""rejection_streak"": 24, ""seed"": 8, ""sigma_fraction"": 0.022095999012449814, ""wide_sigma_fraction"": 0.3008503702038378}",,
lcbench_189873,lcbench,FMP,9,200,200,-90.16886138916016,-90.16886138916016,90.16886138916016,,True,0.5593398000055458,0.058374900108901784,0.5746516999934101,10400.0,0.5009648998966441,90.16886138916016,200.0,-90.16886138916016,0.5729166666666666,0.0,0.0,0.0,36.0,0.5591688999993494,0.06673710001632571,0.49243179998302367,0.7916666666666666,0.5394736842105263,0.20833333333333334,0.7,0.0,,"{""T_mcmc"": 0.05021528037835243, ""burnin_fraction"": 0.21939164151847443, ""bw_prior_strength"": 89.80956876532602, ""decoder"": ""soft"", ""emission_mu"": [-0.00946430696609267, 0.0946430696609267, 0.014196460449139003], ""emission_sigma"": [0.05678584179655601, 0.23660767415231673, 0.01892861393218534], ""explore_subsample"": false, ""hmm_window"": 12, ""kde_tau"": 0.006205167444665816, ""n_chains"": 1, ""n_init"": 8, ""orchestrate_every"": 5, ""p_dream"": 0.0, ""rejection_streak"": 24, ""seed"": 9, ""sigma_fraction"": 0.022095999012449814, ""wide_sigma_fraction"": 0.3008503702038378}",,
lcbench_189873,lcbench,FMP,10,200,200,-92.09366607666016,-92.09366607666016,92.09366607666016,,True,0.6503479999955744,0.06083539994142484,0.6572832999954699,10400.0,0.5895126000541495,92.09366607666016,200.0,-92.09366607666016,0.5364583333333334,0.0,0.0,0.0,36.0,0.6502096000040183,0.06945149997773115,0.5807581000262871,0.6927083333333334,0.556390977443609,0.3072916666666667,0.4915254237288136,0.0,,"{""T_mcmc"": 0.05021528037835243, ""burnin_fraction"": 0.21939164151847443, ""bw_prior_strength"": 89.80956876532602, ""decoder"": ""soft"", ""emission_mu"": [-0.00946430696609267, 0.0946430696609267, 0.014196460449139003], ""emission_sigma"": [0.05678584179655601, 0.23660767415231673, 0.01892861393218534], ""explore_subsample"": false, ""hmm_window"": 12, ""kde_tau"": 0.006205167444665816, ""n_chains"": 1, ""n_init"": 8, ""orchestrate_every"": 5, ""p_dream"": 0.0, ""rejection_streak"": 24, ""seed"": 10, ""sigma_fraction"": 0.022095999012449814, ""wide_sigma_fraction"": 0.3008503702038378}",,
lcbench_189873,lcbench,FMP,11,200,200,-92.45552062988281,-92.45552062988281,92.45552062988281,,True,0.5174092999950517,0.05180510014179163,0.5243835000001127,10400.0,0.46560419985326007,92.45552062988281,200.0,-92.45552062988281,0.5,0.0,0.0,0.0,36.0,0.5172280000115279,0.05928109992237296,0.45794690008915495,0.671875,0.5348837209302325,0.328125,0.42857142857142855,0.0,,"{""T_mcmc"": 0.05021528037835243, ""burnin_fraction"": 0.21939164151847443, ""bw_prior_strength"": 89.80956876532602, ""decoder"": ""soft"", ""emission_mu"": [-0.00946430696609267, 0.0946430696609267, 0.014196460449139003], ""emission_sigma"": [0.05678584179655601, 0.23660767415231673, 0.01892861393218534], ""explore_subsample"": false, ""hmm_window"": 12, ""kde_tau"": 0.006205167444665816, ""n_chains"": 1, ""n_init"": 8, ""orchestrate_every"": 5, ""p_dream"": 0.0, ""rejection_streak"": 24, ""seed"": 11, ""sigma_fraction"": 0.022095999012449814, ""wide_sigma_fraction"": 0.3008503702038378}",,
lcbench_189873,lcbench,FMP,12,200,200,-88.75365447998047,-88.75365447998047,88.75365447998047,,True,0.6265820999979042,0.06200739985797554,0.6359238000004552,10400.0,0.5645747001399286,88.75365447998047,200.0,-88.75365447998047,0.5885416666666666,0.0,0.0,0.0,36.0,0.6262761000107275,0.07049279994680546,0.5557833000639221,0.671875,0.5968992248062015,0.328125,0.5714285714285714,0.0,,"{""T_mcmc"": 0.05021528037835243, ""burnin_fraction"": 0.21939164151847443, ""bw_prior_strength"": 89.80956876532602, ""decoder"": ""soft"", ""emission_mu"": [-0.00946430696609267, 0.0946430696609267, 0.014196460449139003], ""emission_sigma"": [0.05678584179655601, 0.23660767415231673, 0.01892861393218534], ""explore_subsample"": false, ""hmm_window"": 12, ""kde_tau"": 0.006205167444665816, ""n_chains"": 1, ""n_init"": 8, ""orchestrate_every"": 5, ""p_dream"": 0.0, ""rejection_streak"": 24, ""seed"": 12, ""sigma_fraction"": 0.022095999012449814, ""wide_sigma_fraction"": 0.3008503702038378}",,
lcbench_189873,lcbench,FMP,13,200,200,-89.83514404296875,-89.83514404296875,89.83514404296875,,True,0.5491579000081401,0.0595464000798529,0.5589651000045706,10400.0,0.48961149992828723,89.83514404296875,200.0,-89.83514404296875,0.5260416666666666,0.0,0.0,0.0,36.0,0.5489882999972906,0.06771039997693151,0.4812779000203591,0.6875,0.5303030303030303,0.3125,0.5166666666666667,0.0,,"{""T_mcmc"": 0.05021528037835243, ""burnin_fraction"": 0.21939164151847443, ""bw_prior_strength"": 89.80956876532602, ""decoder"": ""soft"", ""emission_mu"": [-0.00946430696609267, 0.0946430696609267, 0.014196460449139003], ""emission_sigma"": [0.05678584179655601, 0.23660767415231673, 0.01892861393218534], ""explore_subsample"": false, ""hmm_window"": 12, ""kde_tau"": 0.006205167444665816, ""n_chains"": 1, ""n_init"": 8, ""orchestrate_every"": 5, ""p_dream"": 0.0, ""rejection_streak"": 24, ""seed"": 13, ""sigma_fraction"": 0.022095999012449814, ""wide_sigma_fraction"": 0.3008503702038378}",,
lcbench_189873,lcbench,FMP,14,200,200,-57.679569244384766,-57.679569244384766,57.679569244384766,,True,0.574564200011082,0.057953600204200484,0.5814623000042047,10400.0,0.5166105998068815,57.679569244384766,200.0,-57.679569244384766,0.5052083333333334,0.0,0.0,0.0,36.0,0.5744170999969356,0.066354500115267,0.5080625998816686,0.625,0.475,0.375,0.5555555555555556,0.0,,"{""T_mcmc"": 0.05021528037835243, ""burnin_fraction"": 0.21939164151847443, ""bw_prior_strength"": 89.80956876532602, ""decoder"": ""soft"", ""emission_mu"": [-0.00946430696609267, 0.0946430696609267, 0.014196460449139003], ""emission_sigma"": [0.05678584179655601, 0.23660767415231673, 0.01892861393218534], ""explore_subsample"": false, ""hmm_window"": 12, ""kde_tau"": 0.006205167444665816, ""n_chains"": 1, ""n_init"": 8, ""orchestrate_every"": 5, ""p_dream"": 0.0, ""rejection_streak"": 24, ""seed"": 14, ""sigma_fraction"": 0.022095999012449814, ""wide_sigma_fraction"": 0.3008503702038378}",,
lcbench_189873,lcbench,FMP,15,200,200,-57.86027526855469,-57.86027526855469,57.86027526855469,,True,0.5062036000017542,0.049683400051435456,0.5146824999974342,10400.0,0.4565201999503188,57.86027526855469,200.0,-57.86027526855469,0.5625,0.0,0.0,0.0,36.0,0.5060670000093523,0.05706580015248619,0.44900119985686615,0.6354166666666666,0.5655737704918032,0.3645833333333333,0.5571428571428572,0.0,,"{""T_mcmc"": 0.05021528037835243, ""burnin_fraction"": 0.21939164151847443, ""bw_prior_strength"": 89.80956876532602, ""decoder"": ""soft"", ""emission_mu"": [-0.00946430696609267, 0.0946430696609267, 0.014196460449139003], ""emission_sigma"": [0.05678584179655601, 0.23660767415231673, 0.01892861393218534], ""explore_subsample"": false, ""hmm_window"": 12, ""kde_tau"": 0.006205167444665816, ""n_chains"": 1, ""n_init"": 8, ""orchestrate_every"": 5, ""p_dream"": 0.0, ""rejection_streak"": 24, ""seed"": 15, ""sigma_fraction"": 0.022095999012449814, ""wide_sigma_fraction"": 0.3008503702038378}",,
lcbench_189873,lcbench,FMP,16,200,200,-90.65343475341797,-90.65343475341797,90.65343475341797,,True,0.6305406999890693,0.060568599932594225,0.638228199997684,10400.0,0.569972100056475,90.65343475341797,200.0,-90.65343475341797,0.515625,0.0,0.0,0.0,36.0,0.6304104000009829,0.06878479996521492,0.561625600035768,0.6302083333333334,0.5206611570247934,0.3697916666666667,0.5070422535211268,0.0,,"{""T_mcmc"": 0.05021528037835243, ""burnin_fraction"": 0.21939164151847443, ""bw_prior_strength"": 89.80956876532602, ""decoder"": ""soft"", ""emission_mu"": [-0.00946430696609267, 0.0946430696609267, 0.014196460449139003], ""emission_sigma"": [0.05678584179655601, 0.23660767415231673, 0.01892861393218534], ""explore_subsample"": false, ""hmm_window"": 12, ""kde_tau"": 0.006205167444665816, ""n_chains"": 1, ""n_init"": 8, ""orchestrate_every"": 5, ""p_dream"": 0.0, ""rejection_streak"": 24, ""seed"": 16, ""sigma_fraction"": 0.022095999012449814, ""wide_sigma_fraction"": 0.3008503702038378}",,
lcbench_189873,lcbench,FMP,17,200,200,-92.7791519165039,-92.7791519165039,92.7791519165039,,True,0.5080606000119587,0.05025280012341682,0.5142849000112619,10400.0,0.4578077998885419,92.7791519165039,200.0,-92.7791519165039,0.4583333333333333,0.0,0.0,0.0,36.0,0.5079192999983206,0.05761079990770668,0.45030850009061396,0.546875,0.5619047619047619,0.453125,0.3333333333333333,0.0,,"{""T_mcmc"": 0.05021528037835243, ""burnin_fraction"": 0.21939164151847443, ""bw_prior_strength"": 89.80956876532602, ""decoder"": ""soft"", ""emission_mu"": [-0.00946430696609267, 0.0946430696609267, 0.014196460449139003], ""emission_sigma"": [0.05678584179655601, 0.23660767415231673, 0.01892861393218534], ""explore_subsample"": false, ""hmm_window"": 12, ""kde_tau"": 0.006205167444665816, ""n_chains"": 1, ""n_init"": 8, ""orchestrate_every"": 5, ""p_dream"": 0.0, ""rejection_streak"": 24, ""seed"": 17, ""sigma_fraction"": 0.022095999012449814, ""wide_sigma_fraction"": 0.3008503702038378}",,
lcbench_189873,lcbench,FMP,18,200,200,-89.06602478027344,-89.06602478027344,89.06602478027344,,True,0.6126940999965882,0.058091400045668706,0.6206371000007493,10400.0,0.5546026999509195,89.06602478027344,200.0,-89.06602478027344,0.4739583333333333,0.0,0.0,0.0,36.0,0.6125445000070613,0.06658469999092631,0.545959800016135,0.6145833333333334,0.5084745762711864,0.3854166666666667,0.4189189189189189,0.0,,"{""T_mcmc"": 0.05021528037835243, ""burnin_fraction"": 0.21939164151847443, ""bw_prior_strength"": 89.80956876532602, ""decoder"": ""soft"", ""emission_mu"": [-0.00946430696609267, 0.0946430696609267, 0.014196460449139003], ""emission_sigma"": [0.05678584179655601, 0.23660767415231673, 0.01892861393218534], ""explore_subsample"": false, ""hmm_window"": 12, ""kde_tau"": 0.006205167444665816, ""n_chains"": 1, ""n_init"": 8, ""orchestrate_every"": 5, ""p_dream"": 0.0, ""rejection_streak"": 24, ""seed"": 18, ""sigma_fraction"": 0.022095999012449814, ""wide_sigma_fraction"": 0.3008503702038378}",,
lcbench_189873,lcbench,FMP,19,200,200,-61.06858825683594,-61.06858825683594,61.06858825683594,,True,0.5109123000002,0.05017529996985104,0.5177917999972124,10400.0,0.460737000030349,61.06858825683594,200.0,-61.06858825683594,0.4583333333333333,0.0,0.0,0.0,36.0,0.5107602999923984,0.0577213998476509,0.45303890014474746,0.6197916666666666,0.48739495798319327,0.3802083333333333,0.410958904109589,0.0,,"{""T_mcmc"": 0.05021528037835243, ""burnin_fraction"": 0.21939164151847443, ""bw_prior_strength"": 89.80956876532602, ""decoder"": ""soft"", ""emission_mu"": [-0.00946430696609267, 0.0946430696609267, 0.014196460449139003], ""emission_sigma"": [0.05678584179655601, 0.23660767415231673, 0.01892861393218534], ""explore_subsample"": false, ""hmm_window"": 12, ""kde_tau"": 0.006205167444665816, ""n_chains"": 1, ""n_init"": 8, ""orchestrate_every"": 5, ""p_dream"": 0.0, ""rejection_streak"": 24, ""seed"": 19, ""sigma_fraction"": 0.022095999012449814, ""wide_sigma_fraction"": 0.3008503702038378}",,
lcbench_189873,lcbench,FMP_DREAM,0,200,200,-87.24376678466797,-87.24376678466797,87.24376678466797,,True,0.45210719999158755,0.05003140014014207,0.4580178999894997,10400.0,0.4020757998514455,87.24376678466797,200.0,-87.24376678466797,0.2864583333333333,0.8177083333333334,0.0,0.0,36.0,0.45198499999241903,0.05824309999297839,0.39374189999944065,0.453125,0.3333333333333333,0.546875,0.24761904761904763,0.0,,"{""T_mcmc"": 0.05021528037835243, ""burnin_fraction"": 0.21939164151847443, ""bw_prior_strength"": 89.80956876532602, ""decoder"": ""soft"", ""emission_mu"": [-0.00946430696609267, 0.0946430696609267, 0.014196460449139003], ""emission_sigma"": [0.05678584179655601, 0.23660767415231673, 0.01892861393218534], ""explore_subsample"": false, ""hmm_window"": 12, ""kde_tau"": 0.006205167444665816, ""n_chains"": 1, ""n_init"": 8, ""orchestrate_every"": 5, ""p_dream"": 0.7412354684077219, ""rejection_streak"": 24, ""seed"": 0, ""sigma_fraction"": 0.022095999012449814, ""wide_sigma_fraction"": 0.3008503702038378}",,
lcbench_189873,lcbench,FMP_DREAM,1,200,200,-94.77195739746094,-94.77195739746094,94.77195739746094,,True,0.4042719999997644,0.047759199849679135,0.41116789999068715,10400.0,0.35651280015008524,94.77195739746094,200.0,-94.77195739746094,0.15625,0.765625,0.0,0.0,36.0,0.4041150999983074,0.05562750001263339,0.348487599985674,0.3697916666666667,0.23943661971830985,0.6302083333333334,0.10743801652892562,0.0,,"{""T_mcmc"": 0.05021528037835243, ""burnin_fraction"": 0.21939164151847443, ""bw_prior_strength"": 89.80956876532602, ""decoder"": ""soft"", ""emission_mu"": [-0.00946430696609267, 0.0946430696609267, 0.014196460449139003], ""emission_sigma"": [0.05678584179655601, 0.23660767415231673, 0.01892861393218534], ""explore_subsample"": false, ""hmm_window"": 12, ""kde_tau"": 0.006205167444665816, ""n_chains"": 1, ""n_init"": 8, ""orchestrate_every"": 5, ""p_dream"": 0.7412354684077219, ""rejection_streak"": 24, ""seed"": 1, ""sigma_fraction"": 0.022095999012449814, ""wide_sigma_fraction"": 0.3008503702038378}",,
lcbench_189873,lcbench,FMP_DREAM,2,200,200,-87.84991455078125,-87.84991455078125,87.84991455078125,,True,0.40486090000194963,0.04650339999352582,0.41301319999911357,10400.0,0.3583575000084238,87.84991455078125,200.0,-87.84991455078125,0.25,0.7395833333333334,0.0,0.0,36.0,0.4047144000069238,0.0544602000300074,0.3502541999769164,0.453125,0.3333333333333333,0.546875,0.18095238095238095,0.0,,"{""T_mcmc"": 0.05021528037835243, ""burnin_fraction"": 0.21939164151847443, ""bw_prior_strength"": 89.80956876532602, ""decoder"": ""soft"", ""emission_mu"": [-0.00946430696609267, 0.0946430696609267, 0.014196460449139003], ""emission_sigma"": [0.05678584179655601, 0.23660767415231673, 0.01892861393218534], ""explore_subsample"": false, ""hmm_window"": 12, ""kde_tau"": 0.006205167444665816, ""n_chains"": 1, ""n_init"": 8, ""orchestrate_every"": 5, ""p_dream"": 0.7412354684077219, ""rejection_streak"": 24, ""seed"": 2, ""sigma_fraction"": 0.022095999012449814, ""wide_sigma_fraction"": 0.3008503702038378}",,
lcbench_189873,lcbench,FMP_DREAM,3,200,200,-91.23452758789062,-91.23452758789062,91.23452758789062,,True,0.40145469999697525,0.046380100000533275,0.41092130000470206,10400.0,0.355074599996442,91.23452758789062,200.0,-91.23452758789062,0.21354166666666666,0.7760416666666666,0.0,0.0,36.0,0.4013244000088889,0.05401149997487664,0.3473129000340123,0.3541666666666667,0.23529411764705882,0.6458333333333334,0.20161290322580644,0.0,,"{""T_mcmc"": 0.05021528037835243, ""burnin_fraction"": 0.21939164151847443, ""bw_prior_strength"": 89.80956876532602, ""decoder"": ""soft"", ""emission_mu"": [-0.00946430696609267, 0.0946430696609267, 0.014196460449139003], ""emission_sigma"": [0.05678584179655601, 0.23660767415231673, 0.01892861393218534], ""explore_subsample"": false, ""hmm_window"": 12, ""kde_tau"": 0.006205167444665816, ""n_chains"": 1, ""n_init"": 8, ""orchestrate_every"": 5, ""p_dream"": 0.7412354684077219, ""rejection_streak"": 24, ""seed"": 3, ""sigma_fraction"": 0.022095999012449814, ""wide_sigma_fraction"": 0.3008503702038378}",,
lcbench_189873,lcbench,FMP_DREAM,4,200,200,-91.55528259277344,-91.55528259277344,91.55528259277344,,True,0.4046355000027688,0.04549499986751471,0.4120575999986613,10400.0,0.3591405001352541,91.55528259277344,200.0,-91.55528259277344,0.25,0.71875,0.0,0.0,36.0,0.40448640000249725,0.053019600090919994,0.35146679991157725,0.4114583333333333,0.27848101265822783,0.5677083333333334,0.22018348623853212,0.020833333333333332,0.5,"{""T_mcmc"": 0.05021528037835243, ""burnin_fraction"": 0.21939164151847443, ""bw_prior_strength"": 89.80956876532602, ""decoder"": ""soft"", ""emission_mu"": [-0.00946430696609267, 0.0946430696609267, 0.014196460449139003], ""emission_sigma"": [0.05678584179655601, 0.23660767415231673, 0.01892861393218534], ""explore_subsample"": false, ""hmm_window"": 12, ""kde_tau"": 0.006205167444665816, ""n_chains"": 1, ""n_init"": 8, ""orchestrate_every"": 5, ""p_dream"": 0.7412354684077219, ""rejection_streak"": 24, ""seed"": 4, ""sigma_fraction"": 0.022095999012449814, ""wide_sigma_fraction"": 0.3008503702038378}",,
lcbench_189873,lcbench,FMP_DREAM,5,200,200,-92.91657257080078,-92.91657257080078,92.91657257080078,,True,0.42746859999897424,0.04783740003767889,0.4337987000035355,10400.0,0.37963119996129535,92.91657257080078,200.0,-92.91657257080078,0.20833333333333334,0.7447916666666666,0.0,0.0,36.0,0.4273432000045432,0.0557767999562202,0.371566400048323,0.3854166666666667,0.22972972972972974,0.6145833333333334,0.19491525423728814,0.0,,"{""T_mcmc"": 0.05021528037835243, ""burnin_fraction"": 0.21939164151847443, ""bw_prior_strength"": 89.80956876532602, ""decoder"": ""soft"", ""emission_mu"": [-0.00946430696609267, 0.0946430696609267, 0.014196460449139003], ""emission_sigma"": [0.05678584179655601, 0.23660767415231673, 0.01892861393218534], ""explore_subsample"": false, ""hmm_window"": 12, ""kde_tau"": 0.006205167444665816, ""n_chains"": 1, ""n_init"": 8, ""orchestrate_every"": 5, ""p_dream"": 0.7412354684077219, ""rejection_streak"": 24, ""seed"": 5, ""sigma_fraction"": 0.022095999012449814, ""wide_sigma_fraction"": 0.3008503702038378}",,
lcbench_189873,lcbench,FMP_DREAM,6,200,200,-90.74235534667969,-90.74235534667969,90.74235534667969,,True,0.4221319000062067,0.05013350002991501,0.42958729999372736,10400.0,0.3719983999762917,90.74235534667969,200.0,-90.74235534667969,0.22395833333333334,0.7447916666666666,0.0,0.0,36.0,0.4219900000025518,0.058220400067511946,0.3637695999350399,0.3697916666666667,0.28169014084507044,0.6302083333333334,0.19008264462809918,0.0,,"{""T_mcmc"": 0.05021528037835243, ""burnin_fraction"": 0.21939164151847443, ""bw_prior_strength"": 89.80956876532602, ""decoder"": ""soft"", ""emission_mu"": [-0.00946430696609267, 0.0946430696609267, 0.014196460449139003], ""emission_sigma"": [0.05678584179655601, 0.23660767415231673, 0.01892861393218534], ""explore_subsample"": false, ""hmm_window"": 12, ""kde_tau"": 0.006205167444665816, ""n_chains"": 1, ""n_init"": 8, ""orchestrate_every"": 5, ""p_dream"": 0.7412354684077219, ""rejection_streak"": 24, ""seed"": 6, ""sigma_fraction"": 0.022095999012449814, ""wide_sigma_fraction"": 0.3008503702038378}",,
lcbench_189873,lcbench,FMP_DREAM,7,200,200,-92.21002197265625,-92.21002197265625,92.21002197265625,,True,0.4157219999906374,0.04852040020341519,0.42331949999788776,10400.0,0.3672015997872222,92.21002197265625,200.0,-92.21002197265625,0.23958333333333334,0.78125,0.0,0.0,36.0,0.4155754999956116,0.05654049992153887,0.35903500007407274,0.4010416666666667,0.2077922077922078,0.59375,0.2543859649122807,0.005208333333333333,1.0,"{""T_mcmc"": 0.05021528037835243, ""burnin_fraction"": 0.21939164151847443, ""bw_prior_strength"": 89.80956876532602, ""decoder"": ""soft"", ""emission_mu"": [-0.00946430696609267, 0.0946430696609267, 0.014196460449139003], ""emission_sigma"": [0.05678584179655601, 0.23660767415231673, 0.01892861393218534], ""explore_subsample"": false, ""hmm_window"": 12, ""kde_tau"": 0.006205167444665816, ""n_chains"": 1, ""n_init"": 8, ""orchestrate_every"": 5, ""p_dream"": 0.7412354684077219, ""rejection_streak"": 24, ""seed"": 7, ""sigma_fraction"": 0.022095999012449814, ""wide_sigma_fraction"": 0.3008503702038378}",,
lcbench_189873,lcbench,FMP_DREAM,8,200,200,-87.80166625976562,-87.80166625976562,87.80166625976562,,True,0.40952489999472164,0.047101499993004836,0.4169681000057608,10400.0,0.3624234000017168,87.80166625976562,200.0,-87.80166625976562,0.13541666666666666,0.7864583333333334,0.0,0.0,36.0,0.4093738000083249,0.0549567999842111,0.3544170000241138,0.21875,0.16666666666666666,0.78125,0.12666666666666668,0.0,,"{""T_mcmc"": 0.05021528037835243, ""burnin_fraction"": 0.21939164151847443, ""bw_prior_strength"": 89.80956876532602, ""decoder"": ""soft"", ""emission_mu"": [-0.00946430696609267, 0.0946430696609267, 0.014196460449139003], ""emission_sigma"": [0.05678584179655601, 0.23660767415231673, 0.01892861393218534], ""explore_subsample"": false, ""hmm_window"": 12, ""kde_tau"": 0.006205167444665816, ""n_chains"": 1, ""n_init"": 8, ""orchestrate_every"": 5, ""p_dream"": 0.7412354684077219, ""rejection_streak"": 24, ""seed"": 8, ""sigma_fraction"": 0.022095999012449814, ""wide_sigma_fraction"": 0.3008503702038378}",,
lcbench_189873,lcbench,FMP_DREAM,9,200,200,-92.5571517944336,-92.5571517944336,92.5571517944336,,True,0.42508769998676144,0.05048450002504978,0.4332550999970408,10400.0,0.37460319996171165,92.5571517944336,200.0,-92.5571517944336,0.2760416666666667,0.7083333333333334,0.0,0.0,36.0,0.4249383999995189,0.058607400045730174,0.3663309999537887,0.3333333333333333,0.375,0.65625,0.2222222222222222,0.010416666666666666,0.5,"{""T_mcmc"": 0.05021528037835243, ""burnin_fraction"": 0.21939164151847443, ""bw_prior_strength"": 89.80956876532602, ""decoder"": ""soft"", ""emission_mu"": [-0.00946430696609267, 0.0946430696609267, 0.014196460449139003], ""emission_sigma"": [0.05678584179655601, 0.23660767415231673, 0.01892861393218534], ""explore_subsample"": false, ""hmm_window"": 12, ""kde_tau"": 0.006205167444665816, ""n_chains"": 1, ""n_init"": 8, ""orchestrate_every"": 5, ""p_dream"": 0.7412354684077219, ""rejection_streak"": 24, ""seed"": 9, ""sigma_fraction"": 0.022095999012449814, ""wide_sigma_fraction"": 0.3008503702038378}",,
lcbench_189873,lcbench,FMP_DREAM,10,200,200,-93.618896484375,-93.618896484375,93.618896484375,,True,0.41430959998979233,0.05316129993298091,0.4219888999941759,10400.0,0.3611483000568114,93.618896484375,200.0,-93.618896484375,0.22395833333333334,0.7708333333333334,0.0,0.0,36.0,0.4141634999978123,0.061208800034364685,0.35295469996344764,0.3802083333333333,0.2876712328767123,0.6197916666666666,0.18487394957983194,0.0,,"{""T_mcmc"": 0.05021528037835243, ""burnin_fraction"": 0.21939164151847443, ""bw_prior_strength"": 89.80956876532602, ""decoder"": ""soft"", ""emission_mu"": [-0.00946430696609267, 0.0946430696609267, 0.014196460449139003], ""emission_sigma"": [0.05678584179655601, 0.23660767415231673, 0.01892861393218534], ""explore_subsample"": false, ""hmm_window"": 12, ""kde_tau"": 0.006205167444665816, ""n_chains"": 1, ""n_init"": 8, ""orchestrate_every"": 5, ""p_dream"": 0.7412354684077219, ""rejection_streak"": 24, ""seed"": 10, ""sigma_fraction"": 0.022095999012449814, ""wide_sigma_fraction"": 0.3008503702038378}",,
lcbench_189873,lcbench,FMP_DREAM,11,200,200,-92.87227630615234,-92.87227630615234,92.87227630615234,,True,0.4371717999893008,0.052882700052578,0.44500870000047144,10400.0,0.3842890999367228,92.87227630615234,200.0,-92.87227630615234,0.25,0.734375,0.0,0.0,36.0,0.4370212000067113,0.0608936000498943,0.376127599956817,0.4166666666666667,0.275,0.5625,0.23148148148148148,0.020833333333333332,0.25,"{""T_mcmc"": 0.05021528037835243, ""burnin_fraction"": 0.21939164151847443, ""bw_prior_strength"": 89.80956876532602, ""decoder"": ""soft"", ""emission_mu"": [-0.00946430696609267, 0.0946430696609267, 0.014196460449139003], ""emission_sigma"": [0.05678584179655601, 0.23660767415231673, 0.01892861393218534], ""explore_subsample"": false, ""hmm_window"": 12, ""kde_tau"": 0.006205167444665816, ""n_chains"": 1, ""n_init"": 8, ""orchestrate_every"": 5, ""p_dream"": 0.7412354684077219, ""rejection_streak"": 24, ""seed"": 11, ""sigma_fraction"": 0.022095999012449814, ""wide_sigma_fraction"": 0.3008503702038378}",,
lcbench_189873,lcbench,FMP_DREAM,12,200,200,-85.20911407470703,-85.20911407470703,85.20911407470703,,True,0.45470309999655,0.052066099902731366,0.46251079998910427,10400.0,0.40263700009381864,85.20911407470703,200.0,-85.20911407470703,0.21354166666666666,0.7447916666666666,0.0,0.0,36.0,0.4545490000018617,0.06024869992688764,0.3943003000749741,0.3229166666666667,0.3064516129032258,0.65625,0.16666666666666666,0.020833333333333332,0.25,"{""T_mcmc"": 0.05021528037835243, ""burnin_fraction"": 0.21939164151847443, ""bw_prior_strength"": 89.80956876532602, ""decoder"": ""soft"", ""emission_mu"": [-0.00946430696609267, 0.0946430696609267, 0.014196460449139003], ""emission_sigma"": [0.05678584179655601, 0.23660767415231673, 0.01892861393218534], ""explore_subsample"": false, ""hmm_window"": 12, ""kde_tau"": 0.006205167444665816, ""n_chains"": 1, ""n_init"": 8, ""orchestrate_every"": 5, ""p_dream"": 0.7412354684077219, ""rejection_streak"": 24, ""seed"": 12, ""sigma_fraction"": 0.022095999012449814, ""wide_sigma_fraction"": 0.3008503702038378}",,
lcbench_189873,lcbench,FMP_DREAM,13,200,200,-91.84842681884766,-91.84842681884766,91.84842681884766,,True,0.40949629999522585,0.04867959985858761,0.41707989999849815,10400.0,0.36081670013663825,91.84842681884766,200.0,-91.84842681884766,0.2552083333333333,0.7604166666666666,0.0,0.0,36.0,0.40933209999639075,0.05665399998542853,0.3526781000109622,0.3958333333333333,0.27631578947368424,0.5989583333333334,0.23478260869565218,0.005208333333333333,1.0,"{""T_mcmc"": 0.05021528037835243, ""burnin_fraction"": 0.21939164151847443, ""bw_prior_strength"": 89.80956876532602, ""decoder"": ""soft"", ""emission_mu"": [-0.00946430696609267, 0.0946430696609267, 0.014196460449139003], ""emission_sigma"": [0.05678584179655601, 0.23660767415231673, 0.01892861393218534], ""explore_subsample"": false, ""hmm_window"": 12, ""kde_tau"": 0.006205167444665816, ""n_chains"": 1, ""n_init"": 8, ""orchestrate_every"": 5, ""p_dream"": 0.7412354684077219, ""rejection_streak"": 24, ""seed"": 13, ""sigma_fraction"": 0.022095999012449814, ""wide_sigma_fraction"": 0.3008503702038378}",,
lcbench_189873,lcbench,FMP_DREAM,14,200,200,-89.21292114257812,-89.21292114257812,89.21292114257812,,True,0.3963038000074448,0.04707090012379922,0.4029441000020597,10400.0,0.3492328998836456,89.21292114257812,200.0,-89.21292114257812,0.2708333333333333,0.796875,0.0,0.0,36.0,0.3961785999999847,0.0547283999476349,0.34145020005234983,0.4583333333333333,0.25,0.5416666666666666,0.28846153846153844,0.0,,"{""T_mcmc"": 0.05021528037835243, ""burnin_fraction"": 0.21939164151847443, ""bw_prior_strength"": 89.80956876532602, ""decoder"": ""soft"", ""emission_mu"": [-0.00946430696609267, 0.0946430696609267, 0.014196460449139003], ""emission_sigma"": [0.05678584179655601, 0.23660767415231673, 0.01892861393218534], ""explore_subsample"": false, ""hmm_window"": 12, ""kde_tau"": 0.006205167444665816, ""n_chains"": 1, ""n_init"": 8, ""orchestrate_every"": 5, ""p_dream"": 0.7412354684077219, ""rejection_streak"": 24, ""seed"": 14, ""sigma_fraction"": 0.022095999012449814, ""wide_sigma_fraction"": 0.3008503702038378}",,
lcbench_189873,lcbench,FMP_DREAM,15,200,200,-88.51697540283203,-88.51697540283203,88.51697540283203,,True,0.4008285000018077,0.04849400014791172,0.4087578000035137,10400.0,0.352334499853896,88.51697540283203,200.0,-88.51697540283203,0.2760416666666667,0.796875,0.0,0.0,36.0,0.4006814000022132,0.056508100155042484,0.3441732998471707,0.3958333333333333,0.3157894736842105,0.6041666666666666,0.25,0.0,,"{""T_mcmc"": 0.05021528037835243, ""burnin_fraction"": 0.21939164151847443, ""bw_prior_strength"": 89.80956876532602, ""decoder"": ""soft"", ""emission_mu"": [-0.00946430696609267, 0.0946430696609267, 0.014196460449139003], ""emission_sigma"": [0.05678584179655601, 0.23660767415231673, 0.01892861393218534], ""explore_subsample"": false, ""hmm_window"": 12, ""kde_tau"": 0.006205167444665816, ""n_chains"": 1, ""n_init"": 8, ""orchestrate_every"": 5, ""p_dream"": 0.7412354684077219, ""rejection_streak"": 24, ""seed"": 15, ""sigma_fraction"": 0.022095999012449814, ""wide_sigma_fraction"": 0.3008503702038378}",,
lcbench_189873,lcbench,FMP_DREAM,16,200,200,-93.33718872070312,-93.33718872070312,93.33718872070312,,True,0.41157909999310505,0.04778009993606247,0.4195343000028515,10400.0,0.3637990000570426,93.33718872070312,200.0,-93.33718872070312,0.28125,0.7083333333333334,0.0,0.0,36.0,0.4114317000057781,0.05558270003530197,0.35584899997047614,0.5520833333333334,0.2641509433962264,0.4479166666666667,0.3023255813953488,0.0,,"{""T_mcmc"": 0.05021528037835243, ""burnin_fraction"": 0.21939164151847443, ""bw_prior_strength"": 89.80956876532602, ""decoder"": ""soft"", ""emission_mu"": [-0.00946430696609267, 0.0946430696609267, 0.014196460449139003], ""emission_sigma"": [0.05678584179655601, 0.23660767415231673, 0.01892861393218534], ""explore_subsample"": false, ""hmm_window"": 12, ""kde_tau"": 0.006205167444665816, ""n_chains"": 1, ""n_init"": 8, ""orchestrate_every"": 5, ""p_dream"": 0.7412354684077219, ""rejection_streak"": 24, ""seed"": 16, ""sigma_fraction"": 0.022095999012449814, ""wide_sigma_fraction"": 0.3008503702038378}",,
lcbench_189873,lcbench,FMP_DREAM,17,200,200,-92.5179672241211,-92.5179672241211,92.5179672241211,,True,0.4163455999951111,0.04958520001673605,0.42793730000266805,10400.0,0.36676039997837506,92.5179672241211,200.0,-92.5179672241211,0.22916666666666666,0.7083333333333334,0.0,0.0,36.0,0.41619839999475516,0.057694599992828444,0.3585038000019267,0.4479166666666667,0.29069767441860467,0.5520833333333334,0.1792452830188679,0.0,,"{""T_mcmc"": 0.05021528037835243, ""burnin_fraction"": 0.21939164151847443, ""bw_prior_strength"": 89.80956876532602, ""decoder"": ""soft"", ""emission_mu"": [-0.00946430696609267, 0.0946430696609267, 0.014196460449139003], ""emission_sigma"": [0.05678584179655601, 0.23660767415231673, 0.01892861393218534], ""explore_subsample"": false, ""hmm_window"": 12, ""kde_tau"": 0.006205167444665816, ""n_chains"": 1, ""n_init"": 8, ""orchestrate_every"": 5, ""p_dream"": 0.7412354684077219, ""rejection_streak"": 24, ""seed"": 17, ""sigma_fraction"": 0.022095999012449814, ""wide_sigma_fraction"": 0.3008503702038378}",,
lcbench_189873,lcbench,FMP_DREAM,18,200,200,-93.94265747070312,-93.94265747070312,93.94265747070312,,True,0.42255210000439547,0.05089939970639534,0.4301785999996355,10400.0,0.3716527002980001,93.94265747070312,200.0,-93.94265747070312,0.21875,0.7291666666666666,0.0,0.0,36.0,0.42240190001029987,0.05895590013824403,0.36344599987205584,0.3489583333333333,0.23880597014925373,0.6510416666666666,0.208,0.0,,"{""T_mcmc"": 0.05021528037835243, ""burnin_fraction"": 0.21939164151847443, ""bw_prior_strength"": 89.80956876532602, ""decoder"": ""soft"", ""emission_mu"": [-0.00946430696609267, 0.0946430696609267, 0.014196460449139003], ""emission_sigma"": [0.05678584179655601, 0.23660767415231673, 0.01892861393218534], ""explore_subsample"": false, ""hmm_window"": 12, ""kde_tau"": 0.006205167444665816, ""n_chains"": 1, ""n_init"": 8, ""orchestrate_every"": 5, ""p_dream"": 0.7412354684077219, ""rejection_streak"": 24, ""seed"": 18, ""sigma_fraction"": 0.022095999012449814, ""wide_sigma_fraction"": 0.3008503702038378}",,
lcbench_189873,lcbench,FMP_DREAM,19,200,200,-93.788330078125,-93.788330078125,93.788330078125,,True,0.48193750000791624,0.0642764000367606,0.4886524999892572,10400.0,0.41766109997115564,93.788330078125,200.0,-93.788330078125,0.2604166666666667,0.75,0.0,0.0,36.0,0.48180810001213104,0.07313769996108022,0.4086704000510508,0.3854166666666667,0.22972972972972974,0.6145833333333334,0.2796610169491525,0.0,,"{""T_mcmc"": 0.05021528037835243, ""burnin_fraction"": 0.21939164151847443, ""bw_prior_strength"": 89.80956876532602, ""decoder"": ""soft"", ""emission_mu"": [-0.00946430696609267, 0.0946430696609267, 0.014196460449139003], ""emission_sigma"": [0.05678584179655601, 0.23660767415231673, 0.01892861393218534], ""explore_subsample"": false, ""hmm_window"": 12, ""kde_tau"": 0.006205167444665816, ""n_chains"": 1, ""n_init"": 8, ""orchestrate_every"": 5, ""p_dream"": 0.7412354684077219, ""rejection_streak"": 24, ""seed"": 19, ""sigma_fraction"": 0.022095999012449814, ""wide_sigma_fraction"": 0.3008503702038378}",,
lcbench_189873,lcbench,GP,0,200,200,-99.12976837158203,-99.12976837158203,99.12976837158203,,True,127.36718619999738,0.1471596999981557,127.41555540000263,10400.0,127.22002649999922,99.12976837158203,,,,,,,,,,,,,,,,,,,
lcbench_189873,lcbench,GP,1,200,200,-99.12976837158203,-99.12976837158203,99.12976837158203,,True,111.1842484000008,0.15306029991188552,111.19540050000069,10400.0,111.03118810008891,99.12976837158203,,,,,,,,,,,,,,,,,,,
lcbench_189873,lcbench,GP,2,200,200,-99.12976837158203,-99.12976837158203,99.12976837158203,,True,111.68482199999562,0.1516640999907395,111.73393159999978,10400.0,111.53315790000488,99.12976837158203,,,,,,,,,,,,,,,,,,,
lcbench_189873,lcbench,GP,3,200,200,-99.12976837158203,-99.12976837158203,99.12976837158203,,True,110.78557430000365,0.15797130000282777,110.79866220000258,10400.0,110.62760300000082,99.12976837158203,,,,,,,,,,,,,,,,,,,
lcbench_189873,lcbench,GP,4,200,200,-99.12976837158203,-99.12976837158203,99.12976837158203,,True,120.9593734999944,0.14583119993767468,121.00461879999784,10400.0,120.81354230005672,99.12976837158203,,,,,,,,,,,,,,,,,,,
lcbench_189873,lcbench,GP,5,200,200,-99.12976837158203,-99.12976837158203,99.12976837158203,,True,112.83230909999838,0.1583003000341705,112.84252330000163,10400.0,112.67400879996421,99.12976837158203,,,,,,,,,,,,,,,,,,,
lcbench_189873,lcbench,GP,6,200,200,-99.12976837158203,-99.12976837158203,99.12976837158203,,True,115.7605629000027,0.15006619999621762,115.77225229999749,10400.0,115.61049670000648,99.12976837158203,,,,,,,,,,,,,,,,,,,
lcbench_189873,lcbench,GP,7,200,200,-99.12976837158203,-99.12976837158203,99.12976837158203,,True,103.44338799999969,0.15301049993286142,103.45641980000073,10400.0,103.29037750006682,99.12976837158203,,,,,,,,,,,,,,,,,,,
lcbench_189873,lcbench,GP,8,200,200,-99.12976837158203,-99.12976837158203,99.12976837158203,,True,112.73290009999619,0.1503578999763704,112.74909630000184,10400.0,112.58254220001982,99.12976837158203,,,,,,,,,,,,,,,,,,,
lcbench_189873,lcbench,GP,9,200,200,-99.12976837158203,-99.12976837158203,99.12976837158203,,True,110.44049310000264,0.1599589000325068,110.45282619999489,10400.0,110.28053419997013,99.12976837158203,,,,,,,,,,,,,,,,,,,
lcbench_189873,lcbench,GP,10,200,200,-99.12976837158203,-99.12976837158203,99.12976837158203,,True,103.66486219999933,0.1467506000190042,103.67833609999798,10400.0,103.51811159998033,99.12976837158203,,,,,,,,,,,,,,,,,,,
lcbench_189873,lcbench,GP,11,200,200,-99.12976837158203,-99.12976837158203,99.12976837158203,,True,95.46463490000315,0.14539910000894452,95.47661190000508,10400.0,95.3192357999942,99.12976837158203,,,,,,,,,,,,,,,,,,,
lcbench_189873,lcbench,GP,12,200,200,-99.12976837158203,-99.12976837158203,99.12976837158203,,True,123.84263839999767,0.1470739000287722,123.85596999999689,10400.0,123.6955644999689,99.12976837158203,,,,,,,,,,,,,,,,,,,
lcbench_189873,lcbench,GP,13,200,200,-99.12976837158203,-99.12976837158203,99.12976837158203,,True,117.13307139999961,0.14841390004585264,117.14469180000015,10400.0,116.98465749995376,99.12976837158203,,,,,,,,,,,,,,,,,,,
lcbench_189873,lcbench,GP,14,200,200,-99.12976837158203,-99.12976837158203,99.12976837158203,,True,117.33207549999497,0.14809979995334288,117.34458330000052,10400.0,117.18397570004163,99.12976837158203,,,,,,,,,,,,,,,,,,,
lcbench_189873,lcbench,GP,15,200,200,-99.12976837158203,-99.12976837158203,99.12976837158203,,True,113.43559690000257,0.15280760001041926,113.44966350000323,10400.0,113.28278929999215,99.12976837158203,,,,,,,,,,,,,,,,,,,
lcbench_189873,lcbench,GP,16,200,200,-99.12976837158203,-99.12976837158203,99.12976837158203,,True,113.0139726999987,0.1558602000004612,113.02294310000434,10400.0,112.85811249999824,99.12976837158203,,,,,,,,,,,,,,,,,,,
lcbench_189873,lcbench,GP,17,200,200,-99.12976837158203,-99.12976837158203,99.12976837158203,,True,106.17810909999389,0.153264400025364,106.19017679999524,10400.0,106.02484469996853,99.12976837158203,,,,,,,,,,,,,,,,,,,
lcbench_189873,lcbench,GP,18,200,200,-99.12976837158203,-99.12976837158203,99.12976837158203,,True,113.81059079999977,0.15411609996226616,113.81909260000248,10400.0,113.6564747000375,99.12976837158203,,,,,,,,,,,,,,,,,,,
lcbench_189873,lcbench,GP,19,200,200,-99.12976837158203,-99.12976837158203,99.12976837158203,,True,106.9840641999981,0.1521481000527274,106.99601180000172,10400.0,106.83191609994537,99.12976837158203,,,,,,,,,,,,,,,,,,,
lcbench_189873,lcbench,RS,0,200,200,-84.04630279541016,-84.04630279541016,84.04630279541016,,True,0.2511116999958176,0.09405889997287886,0.2884868000037386,10400.0,0.15705280002293875,84.04630279541016,,,,,,,,,,,,,,,,,,,
lcbench_189873,lcbench,RS,1,200,200,-81.55374908447266,-81.55374908447266,81.55374908447266,,True,0.27477680000447435,0.10598060002666898,0.31654490000073565,10400.0,0.16879619997780537,81.55374908447266,,,,,,,,,,,,,,,,,,,
lcbench_189873,lcbench,RS,2,200,200,-83.52978515625,-83.52978515625,83.52978515625,,True,0.2978975000005448,0.12147299997013761,0.30891890000202693,10400.0,0.17642450003040722,83.52978515625,,,,,,,,,,,,,,,,,,,
lcbench_189873,lcbench,RS,3,200,200,-87.37299346923828,-87.37299346923828,87.37299346923828,,True,0.29114059999847086,0.11608700003125705,0.3030646999977762,10400.0,0.1750535999672138,87.37299346923828,,,,,,,,,,,,,,,,,,,
lcbench_189873,lcbench,RS,4,200,200,-85.31221771240234,-85.31221771240234,85.31221771240234,,True,0.26518369999394054,0.10355319998780033,0.27659940000012284,10400.0,0.1616305000061402,85.31221771240234,,,,,,,,,,,,,,,,,,,
lcbench_189873,lcbench,RS,5,200,200,-86.48330688476562,-86.48330688476562,86.48330688476562,,True,0.25524549999681767,0.09837620001781033,0.26878600000054576,10400.0,0.15686929997900734,86.48330688476562,,,,,,,,,,,,,,,,,,,
lcbench_189873,lcbench,RS,6,200,200,-78.92845153808594,-78.92845153808594,78.92845153808594,,True,0.25557239999761805,0.09607769991271198,0.2661205999975209,10400.0,0.15949470008490607,78.92845153808594,,,,,,,,,,,,,,,,,,,
lcbench_189873,lcbench,RS,7,200,200,-85.34574127197266,-85.34574127197266,85.34574127197266,,True,0.2530325999978231,0.09590600001683924,0.26318690000334755,10400.0,0.15712659998098388,85.34574127197266,,,,,,,,,,,,,,,,,,,
lcbench_189873,lcbench,RS,8,200,200,-86.16783142089844,-86.16783142089844,86.16783142089844,,True,0.2467709000047762,0.09452800004510209,0.2562696000022697,10400.0,0.1522428999596741,86.16783142089844,,,,,,,,,,,,,,,,,,,
lcbench_189873,lcbench,RS,9,200,200,-79.62840270996094,-79.62840270996094,79.62840270996094,,True,0.2332377999991877,0.08665900004416471,0.24417220000032103,10400.0,0.146578799955023,79.62840270996094,,,,,,,,,,,,,,,,,,,
lcbench_189873,lcbench,RS,10,200,200,-82.2677230834961,-82.2677230834961,82.2677230834961,,True,0.2524671999999555,0.09356569997180486,0.2629430000015418,10400.0,0.15890150002815062,82.2677230834961,,,,,,,,,,,,,,,,,,,
lcbench_189873,lcbench,RS,11,200,200,-81.31175994873047,-81.31175994873047,81.31175994873047,,True,0.28376709999429295,0.1148126999833039,0.2935790000046836,10400.0,0.16895440001098905,81.31175994873047,,,,,,,,,,,,,,,,,,,
lcbench_189873,lcbench,RS,12,200,200,-86.1024398803711,-86.1024398803711,86.1024398803711,,True,0.24576749999687308,0.09260519999224925,0.255204600005527,10400.0,0.15316230000462383,86.1024398803711,,,,,,,,,,,,,,,,,,,
lcbench_189873,lcbench,RS,13,200,200,-79.3458023071289,-79.3458023071289,79.3458023071289,,True,0.27315220000309637,0.11070540005312068,0.28318760000547627,10400.0,0.16244679994997568,79.3458023071289,,,,,,,,,,,,,,,,,,,
lcbench_189873,lcbench,RS,14,200,200,-86.96366119384766,-86.96366119384766,86.96366119384766,,True,0.2602012999996077,0.10355909995996626,0.2710527000017464,10400.0,0.15664220003964147,86.96366119384766,,,,,,,,,,,,,,,,,,,
lcbench_189873,lcbench,RS,15,200,200,-90.6288833618164,-90.6288833618164,90.6288833618164,,True,0.2610069000002113,0.10078479999356205,0.2715277999959653,10400.0,0.16022210000664927,90.6288833618164,,,,,,,,,,,,,,,,,,,
lcbench_189873,lcbench,RS,16,200,200,-83.38079833984375,-83.38079833984375,83.38079833984375,,True,0.27816190000157803,0.10963309993530856,0.29202149999764515,10400.0,0.16852880006626947,83.38079833984375,,,,,,,,,,,,,,,,,,,
lcbench_189873,lcbench,RS,17,200,200,-83.97611999511719,-83.97611999511719,83.97611999511719,,True,0.24101090000476688,0.0914411000412656,0.2514149999988149,10400.0,0.14956979996350128,83.97611999511719,,,,,,,,,,,,,,,,,,,
lcbench_189873,lcbench,RS,18,200,200,-89.60685729980469,-89.60685729980469,89.60685729980469,,True,0.27733189999707974,0.11321219996898435,0.3136374000023352,10400.0,0.1641197000280954,89.60685729980469,,,,,,,,,,,,,,,,,,,
lcbench_189873,lcbench,RS,19,200,200,-81.86700439453125,-81.86700439453125,81.86700439453125,,True,0.2504597999941325,0.09734009999374393,0.2616987000001245,10400.0,0.15311970000038855,81.86700439453125,,,,,,,,,,,,,,,,,,,
lcbench_189873,lcbench,TPE,0,200,200,-92.89212036132812,-92.89212036132812,92.89212036132812,,True,6.359779699996579,0.145857999988948,6.370532000000821,10400.0,6.213921700007631,92.89212036132812,,,,,,,,,,,,,,,,,,,
lcbench_189873,lcbench,TPE,1,200,200,-85.58047485351562,-85.58047485351562,85.58047485351562,,True,5.516332400002284,0.14370519998192322,5.526235899997118,10400.0,5.372627200020361,85.58047485351562,,,,,,,,,,,,,,,,,,,
lcbench_189873,lcbench,TPE,2,200,200,-89.91845703125,-89.91845703125,89.91845703125,,True,6.130490800002008,0.14894909998838557,6.14436850000493,10400.0,5.981541700013622,89.91845703125,,,,,,,,,,,,,,,,,,,
lcbench_189873,lcbench,TPE,3,200,200,-61.8090705871582,-61.8090705871582,61.8090705871582,,True,6.89353839999967,0.14822099990851711,6.904619299995829,10400.0,6.745317400091153,61.8090705871582,,,,,,,,,,,,,,,,,,,
lcbench_189873,lcbench,TPE,4,200,200,-90.99470520019531,-90.99470520019531,90.99470520019531,,True,6.8972693999967305,0.14969670006394153,6.905082500001299,10400.0,6.747572699932789,90.99470520019531,,,,,,,,,,,,,,,,,,,
lcbench_189873,lcbench,TPE,5,200,200,-88.89054107666016,-88.89054107666016,88.89054107666016,,True,4.705256599998393,0.1568373000700376,4.713630599995668,10400.0,4.548419299928355,88.89054107666016,,,,,,,,,,,,,,,,,,,
lcbench_189873,lcbench,TPE,6,200,200,-91.03671264648438,-91.03671264648438,91.03671264648438,,True,8.3139880000017,0.1505139000073541,8.352629799999704,10400.0,8.163474099994346,91.03671264648438,,,,,,,,,,,,,,,,,,,
lcbench_189873,lcbench,TPE,7,200,200,-94.58235168457031,-94.58235168457031,94.58235168457031,,True,6.864885199996934,0.1518072000471875,6.8756965000065975,10400.0,6.713077999949746,94.58235168457031,,,,,,,,,,,,,,,,,,,
lcbench_189873,lcbench,TPE,8,200,200,-90.31792449951172,-90.31792449951172,90.31792449951172,,True,8.19021470000007,0.14888020005309954,8.232908300000418,10400.0,8.04133449994697,90.31792449951172,,,,,,,,,,,,,,,,,,,
lcbench_189873,lcbench,TPE,9,200,200,-89.4125747680664,-89.4125747680664,89.4125747680664,,True,6.112556899999618,0.14564680009061703,6.12230410000484,10400.0,5.966910099909001,89.4125747680664,,,,,,,,,,,,,,,,,,,
lcbench_189873,lcbench,TPE,10,200,200,-90.7596664428711,-90.7596664428711,90.7596664428711,,True,8.641409199997724,0.14581860003090696,8.683031600005052,10400.0,8.495590599966818,90.7596664428711,,,,,,,,,,,,,,,,,,,
lcbench_189873,lcbench,TPE,11,200,200,-93.01161193847656,-93.01161193847656,93.01161193847656,,True,4.734458099999756,0.1424632000271231,4.745769399996789,10400.0,4.591994899972633,93.01161193847656,,,,,,,,,,,,,,,,,,,
lcbench_189873,lcbench,TPE,12,200,200,-84.42869567871094,-84.42869567871094,84.42869567871094,,True,5.782176900000195,0.14621169998281403,5.7932720000026166,10400.0,5.635965200017381,84.42869567871094,,,,,,,,,,,,,,,,,,,
lcbench_189873,lcbench,TPE,13,200,200,-86.18656921386719,-86.18656921386719,86.18656921386719,,True,6.9467293999987305,0.1546350000135135,6.957242100004805,10400.0,6.792094399985217,86.18656921386719,,,,,,,,,,,,,,,,,,,
lcbench_189873,lcbench,TPE,14,200,200,-92.4005126953125,-92.4005126953125,92.4005126953125,,True,7.502674199997273,0.1475374000146985,7.512920399996801,10400.0,7.355136799982574,92.4005126953125,,,,,,,,,,,,,,,,,,,
lcbench_189873,lcbench,TPE,15,200,200,-90.82304382324219,-90.82304382324219,90.82304382324219,,True,5.596999499997764,0.14652260002912953,5.6085277999955,10400.0,5.450476899968635,90.82304382324219,,,,,,,,,,,,,,,,,,,
lcbench_189873,lcbench,TPE,16,200,200,-94.96485137939453,-94.96485137939453,94.96485137939453,,True,6.856831899996905,0.15389570001570974,6.86828599999717,10400.0,6.702936199981195,94.96485137939453,,,,,,,,,,,,,,,,,,,
lcbench_189873,lcbench,TPE,17,200,200,-92.43260192871094,-92.43260192871094,92.43260192871094,,True,4.931638999994902,0.1478311999962898,4.945763299998362,10400.0,4.783807799998613,92.43260192871094,,,,,,,,,,,,,,,,,,,
lcbench_189873,lcbench,TPE,18,200,200,-91.21051788330078,-91.21051788330078,91.21051788330078,,True,4.535327199999301,0.15067939992877655,4.5761467999982415,10400.0,4.384647800070525,91.21051788330078,,,,,,,,,,,,,,,,,,,
lcbench_189873,lcbench,TPE,19,200,200,-93.49291229248047,-93.49291229248047,93.49291229248047,,True,6.220452699999441,0.14147669995145407,6.2350153000006685,10400.0,6.078976000047987,93.49291229248047,,,,,,,,,,,,,,,,,,,
lcbench_189873,lcbench,TPE_HB,0,200,1990,-92.43330383300781,-92.43330383300781,92.43330383300781,,True,15.174860799997987,0.6256007999618305,15.182537399996363,10400.0,14.549260000036156,92.43330383300781,,,,,,,,,,,,,,,,,,,
lcbench_189873,lcbench,TPE_HB,1,200,2127,-91.12948608398438,-91.12948608398438,91.12948608398438,,True,24.282687899998564,1.1966491000785027,77.51107110000157,10400.0,23.08603879992006,91.12948608398438,,,,,,,,,,,,,,,,,,,
lcbench_189873,lcbench,TPE_HB,2,200,2042,-90.85457611083984,-90.85457611083984,90.85457611083984,,True,33.20909259999462,1.157121900083439,86.43731219999609,10402.0,32.05197069991118,90.85457611083984,,,,,,,,,,,,,,,,,,,
lcbench_189873,lcbench,TPE_HB,3,200,1910,-91.96096801757812,-91.96096801757812,91.96096801757812,,True,30.868818300004932,1.066463300048781,83.86207500000455,10401.0,29.80235499995615,91.96096801757812,,,,,,,,,,,,,,,,,,,
lcbench_189873,lcbench,TPE_HB,4,200,2084,-93.96379852294922,-93.96379852294922,93.96379852294922,,True,32.04211249999935,1.1822915001466754,84.71161690000008,10410.0,30.859820999852673,93.96379852294922,,,,,,,,,,,,,,,,,,,
lcbench_189873,lcbench,TPE_HB,5,200,1901,-89.79094696044922,-89.79094696044922,89.79094696044922,,True,7.834139999999024,0.3357997002240154,7.838860200005001,10409.0,7.498340299775009,89.79094696044922,,,,,,,,,,,,,,,,,,,
lcbench_189873,lcbench,TPE_HB,6,200,2114,-93.62032318115234,-93.62032318115234,93.62032318115234,,True,12.156674300000304,0.3993972999523976,12.162777199999255,10417.0,11.757277000047907,93.62032318115234,,,,,,,,,,,,,,,,,,,
lcbench_189873,lcbench,TPE_HB,7,200,2125,-92.22128295898438,-92.22128295898438,92.22128295898438,,True,24.51747819999582,0.6721252997813281,24.523903200002678,10400.0,23.845352900214493,92.22128295898438,,,,,,,,,,,,,,,,,,,
lcbench_189873,lcbench,TPE_HB,8,200,1855,-85.11912536621094,-85.11912536621094,85.11912536621094,,True,21.03480000000127,0.6821054997926694,21.039603299999726,10405.0,20.3526945002086,85.11912536621094,,,,,,,,,,,,,,,,,,,
lcbench_189873,lcbench,TPE_HB,9,200,2090,-90.58948516845703,-90.58948516845703,90.58948516845703,,True,29.59506759999931,0.9738803999280208,29.600273399999423,10404.0,28.62118720007129,90.58948516845703,,,,,,,,,,,,,,,,,,,
lcbench_189873,lcbench,TPE_HB,10,200,2088,-91.36235046386719,-91.36235046386719,91.36235046386719,,True,39.83597870000085,1.020617899906938,39.84426080000412,10404.0,38.81536080009391,91.36235046386719,,,,,,,,,,,,,,,,,,,
lcbench_189873,lcbench,TPE_HB,11,200,1569,-91.29928588867188,-91.29928588867188,91.29928588867188,,True,13.000757800000429,0.6766788004388218,13.009447800002818,10403.0,12.324078999561607,91.29928588867188,,,,,,,,,,,,,,,,,,,
lcbench_189873,lcbench,TPE_HB,12,200,1985,-60.82215118408203,-60.82215118408203,60.82215118408203,,True,21.425878499998362,1.0208780000612023,21.435088300000643,10401.0,20.40500049993716,60.82215118408203,,,,,,,,,,,,,,,,,,,
lcbench_189873,lcbench,TPE_HB,13,200,1949,-92.8864517211914,-92.8864517211914,92.8864517211914,,True,18.652673799995682,1.0848124001495307,18.663864599999215,10408.0,17.56786139984615,92.8864517211914,,,,,,,,,,,,,,,,,,,
lcbench_189873,lcbench,TPE_HB,14,200,1712,-86.96366119384766,-86.96366119384766,86.96366119384766,,True,16.40958959999989,0.9434979999787174,16.419582599999558,10400.0,15.466091600021173,86.96366119384766,,,,,,,,,,,,,,,,,,,
lcbench_189873,lcbench,TPE_HB,15,200,1645,-58.36426544189453,-58.36426544189453,58.36426544189453,,True,24.510856499997317,0.9227907999011222,24.52069009999832,10421.0,23.588065700096195,58.36426544189453,,,,,,,,,,,,,,,,,,,
lcbench_189873,lcbench,TPE_HB,16,200,1814,-92.97223663330078,-92.97223663330078,92.97223663330078,,True,28.183095599997614,1.0094745000315015,28.19384120000177,10400.0,27.173621099966113,92.97223663330078,,,,,,,,,,,,,,,,,,,
lcbench_189873,lcbench,TPE_HB,17,200,1700,-90.26832580566406,-90.26832580566406,90.26832580566406,,True,32.3302343999967,0.9651090999032022,32.33991629999946,10401.0,31.365125300093496,90.26832580566406,,,,,,,,,,,,,,,,,,,
lcbench_189873,lcbench,TPE_HB,18,200,1763,-93.07159423828125,-93.07159423828125,93.07159423828125,,True,21.72164160000102,1.0049329003377352,21.731749799997488,10412.0,20.716708699663286,93.07159423828125,,,,,,,,,,,,,,,,,,,
lcbench_189873,lcbench,TPE_HB,19,200,1981,-57.4878044128418,-57.4878044128418,57.4878044128418,,True,27.181459599996742,1.1580407998044393,27.192566099998658,10400.0,26.023418800192303,57.4878044128418,,,,,,,,,,,,,,,,,,,
lcbench_189906,lcbench,CMAES,0,200,200,-93.5674819946289,-93.5674819946289,93.5674819946289,,True,0.21127400000113994,0.037707299990870524,55.572293700002774,10400.0,0.17356670001026941,93.5674819946289,,,,,,,,,,,,,,,,,,,
lcbench_189906,lcbench,CMAES,1,200,200,-90.72988891601562,-90.72988891601562,90.72988891601562,,True,0.3888303999992786,0.09254570004850393,5.023550100006105,10400.0,0.29628469995077467,90.72988891601562,,,,,,,,,,,,,,,,,,,
lcbench_189906,lcbench,CMAES,2,200,200,-91.46661376953125,-91.46661376953125,91.46661376953125,,True,0.32333569999900647,0.05980629992700415,53.80360690000089,10400.0,0.2635294000720023,91.46661376953125,,,,,,,,,,,,,,,,,,,
lcbench_189906,lcbench,CMAES,3,200,200,-92.13829040527344,-92.13829040527344,92.13829040527344,,True,0.32766930000070715,0.0648949000169523,53.7721068000028,10400.0,0.26277439998375485,92.13829040527344,,,,,,,,,,,,,,,,,,,
lcbench_189906,lcbench,CMAES,4,200,200,-94.37763977050781,-94.37763977050781,94.37763977050781,,True,0.31358100000215927,0.07061390001035761,53.788069299997005,10400.0,0.24296709999180166,94.37763977050781,,,,,,,,,,,,,,,,,,,
lcbench_189906,lcbench,CMAES,5,200,200,-91.1885986328125,-91.1885986328125,91.1885986328125,,True,0.38690589999896474,0.07755390007514507,53.72549369999615,10400.0,0.3093519999238197,91.1885986328125,,,,,,,,,,,,,,,,,,,
lcbench_189906,lcbench,CMAES,6,200,200,-93.3475112915039,-93.3475112915039,93.3475112915039,,True,0.3534648999993806,0.08419299992965534,0.3635158000033698,10400.0,0.26927190006972523,93.3475112915039,,,,,,,,,,,,,,,,,,,
lcbench_189906,lcbench,CMAES,7,200,200,-91.18094635009766,-91.18094635009766,91.18094635009766,,True,0.435822499995993,0.09323910003877245,53.89635719999933,10400.0,0.34258339995722054,91.18094635009766,,,,,,,,,,,,,,,,,,,
lcbench_189906,lcbench,CMAES,8,200,200,-93.58712005615234,-93.58712005615234,93.58712005615234,,True,0.2993219999989378,0.06510449993947987,0.3072131000008085,10400.0,0.23421750005945796,93.58712005615234,,,,,,,,,,,,,,,,,,,
lcbench_189906,lcbench,CMAES,9,200,200,-92.89884948730469,-92.89884948730469,92.89884948730469,,True,0.4260517000002437,0.11682759998075198,0.4351524000012432,10400.0,0.30922410001949174,92.89884948730469,,,,,,,,,,,,,,,,,,,
lcbench_189906,lcbench,CMAES,10,200,200,-93.23149871826172,-93.23149871826172,93.23149871826172,,True,0.4279982000007294,0.09218739994685166,53.732559699994454,10400.0,0.33581080005387776,93.23149871826172,,,,,,,,,,,,,,,,,,,
lcbench_189906,lcbench,CMAES,11,200,200,-91.98973846435547,-91.98973846435547,91.98973846435547,,True,0.32151620000513503,0.07576310005242703,0.32910000000265427,10400.0,0.245753099952708,91.98973846435547,,,,,,,,,,,,,,,,,,,
lcbench_189906,lcbench,CMAES,12,200,200,-91.62480926513672,-91.62480926513672,91.62480926513672,,True,0.3478291999999783,0.08049019998725271,0.3557297000006656,10400.0,0.2673390000127256,91.62480926513672,,,,,,,,,,,,,,,,,,,
lcbench_189906,lcbench,CMAES,13,200,200,-92.43717956542969,-92.43717956542969,92.43717956542969,,True,0.4332892000020365,0.11601059993699891,0.4417119999998249,10400.0,0.3172786000650376,92.43717956542969,,,,,,,,,,,,,,,,,,,
lcbench_189906,lcbench,CMAES,14,200,200,-91.74862670898438,-91.74862670898438,91.74862670898438,,True,0.5923872999992454,0.15649679997295607,53.55160860000615,10400.0,0.4358905000262894,91.74862670898438,,,,,,,,,,,,,,,,,,,
lcbench_189906,lcbench,CMAES,15,200,200,-92.2860336303711,-92.2860336303711,92.2860336303711,,True,0.33587570000236155,0.07599649996700464,0.3433398999986821,10400.0,0.2598792000353569,92.2860336303711,,,,,,,,,,,,,,,,,,,
lcbench_189906,lcbench,CMAES,16,200,200,-93.70321655273438,-93.70321655273438,93.70321655273438,,True,0.34270049999759067,0.07845339996129042,0.34966849999909755,10400.0,0.26424710003630025,93.70321655273438,,,,,,,,,,,,,,,,,,,
lcbench_189906,lcbench,CMAES,17,200,200,-91.34840393066406,-91.34840393066406,91.34840393066406,,True,0.39698840000346536,0.09784130000480218,0.4053751999963424,10400.0,0.2991470999986632,91.34840393066406,,,,,,,,,,,,,,,,,,,
lcbench_189906,lcbench,CMAES,18,200,200,-94.20390319824219,-94.20390319824219,94.20390319824219,,True,0.5118282000039471,0.12343689996487228,53.19896359999984,10400.0,0.38839130003907485,94.20390319824219,,,,,,,,,,,,,,,,,,,
lcbench_189906,lcbench,CMAES,19,200,200,-91.81759643554688,-91.81759643554688,91.81759643554688,,True,0.24504230000457028,0.04727329998422647,0.2533095000035246,10400.0,0.1977690000203438,91.81759643554688,,,,,,,,,,,,,,,,,,,
lcbench_189906,lcbench,FMP,0,200,200,-94.654541015625,-94.654541015625,94.654541015625,,True,0.5902573999919696,0.04764209990389645,0.6014378999971086,10400.0,0.5426153000880731,94.654541015625,200.0,-94.654541015625,0.5,0.0,0.0,0.0,36.0,0.5900454000075115,0.0552232998306863,0.5348221001768252,0.6197916666666666,0.5126050420168067,0.3802083333333333,0.4794520547945205,0.0,,"{""T_mcmc"": 0.05021528037835243, ""burnin_fraction"": 0.21939164151847443, ""bw_prior_strength"": 89.80956876532602, ""decoder"": ""soft"", ""emission_mu"": [-0.00946430696609267, 0.0946430696609267, 0.014196460449139003], ""emission_sigma"": [0.05678584179655601, 0.23660767415231673, 0.01892861393218534], ""explore_subsample"": false, ""hmm_window"": 12, ""kde_tau"": 0.006205167444665816, ""n_chains"": 1, ""n_init"": 8, ""orchestrate_every"": 5, ""p_dream"": 0.0, ""rejection_streak"": 24, ""seed"": 0, ""sigma_fraction"": 0.022095999012449814, ""wide_sigma_fraction"": 0.3008503702038378}",,
lcbench_189906,lcbench,FMP,1,200,200,-93.10639953613281,-93.10639953613281,93.10639953613281,,True,0.6620762000093237,0.06444329989608377,0.6844319000083487,10400.0,0.5976329001132399,93.10639953613281,200.0,-93.10639953613281,0.5625,0.0,0.0,0.0,36.0,0.6615275000076508,0.07476620010857005,0.5867612998990808,0.578125,0.5585585585585585,0.421875,0.5679012345679012,0.0,,"{""T_mcmc"": 0.05021528037835243, ""burnin_fraction"": 0.21939164151847443, ""bw_prior_strength"": 89.80956876532602, ""decoder"": ""soft"", ""emission_mu"": [-0.00946430696609267, 0.0946430696609267, 0.014196460449139003], ""emission_sigma"": [0.05678584179655601, 0.23660767415231673, 0.01892861393218534], ""explore_subsample"": false, ""hmm_window"": 12, ""kde_tau"": 0.006205167444665816, ""n_chains"": 1, ""n_init"": 8, ""orchestrate_every"": 5, ""p_dream"": 0.0, ""rejection_streak"": 24, ""seed"": 1, ""sigma_fraction"": 0.022095999012449814, ""wide_sigma_fraction"": 0.3008503702038378}",,
lcbench_189906,lcbench,FMP,2,200,200,-91.31356811523438,-91.31356811523438,91.31356811523438,,True,0.4810552999988431,0.040239299880340695,0.4886098999995738,10400.0,0.4408160001185024,91.31356811523438,200.0,-91.31356811523438,0.53125,0.0,0.0,0.0,36.0,0.48087510000914335,0.047111399995628744,0.4337637000135146,0.6041666666666666,0.5689655172413793,0.3958333333333333,0.47368421052631576,0.0,,"{""T_mcmc"": 0.05021528037835243, ""burnin_fraction"": 0.21939164151847443, ""bw_prior_strength"": 89.80956876532602, ""decoder"": ""soft"", ""emission_mu"": [-0.00946430696609267, 0.0946430696609267, 0.014196460449139003], ""emission_sigma"": [0.05678584179655601, 0.23660767415231673, 0.01892861393218534], ""explore_subsample"": false, ""hmm_window"": 12, ""kde_tau"": 0.006205167444665816, ""n_chains"": 1, ""n_init"": 8, ""orchestrate_every"": 5, ""p_dream"": 0.0, ""rejection_streak"": 24, ""seed"": 2, ""sigma_fraction"": 0.022095999012449814, ""wide_sigma_fraction"": 0.3008503702038378}",,
lcbench_189906,lcbench,FMP,3,200,200,-88.65011596679688,-88.65011596679688,88.65011596679688,,True,0.627693399990676,0.05214260006323457,0.6359596000111196,10400.0,0.5755507999274414,88.65011596679688,200.0,-88.65011596679688,0.6354166666666666,0.0,0.0,0.0,36.0,0.6275525000091875,0.06054139995831065,0.5670111000508768,0.7760416666666666,0.6174496644295302,0.22395833333333334,0.6976744186046512,0.0,,"{""T_mcmc"": 0.05021528037835243, ""burnin_fraction"": 0.21939164151847443, ""bw_prior_strength"": 89.80956876532602, ""decoder"": ""soft"", ""emission_mu"": [-0.00946430696609267, 0.0946430696609267, 0.014196460449139003], ""emission_sigma"": [0.05678584179655601, 0.23660767415231673, 0.01892861393218534], ""explore_subsample"": false, ""hmm_window"": 12, ""kde_tau"": 0.006205167444665816, ""n_chains"": 1, ""n_init"": 8, ""orchestrate_every"": 5, ""p_dream"": 0.0, ""rejection_streak"": 24, ""seed"": 3, ""sigma_fraction"": 0.022095999012449814, ""wide_sigma_fraction"": 0.3008503702038378}",,
lcbench_189906,lcbench,FMP,4,200,200,-90.37754821777344,-90.37754821777344,90.37754821777344,,True,0.4743670000025304,0.040270499914186075,0.4807388000044739,10400.0,0.43409650008834433,90.37754821777344,200.0,-90.37754821777344,0.6041666666666666,0.0,0.0,0.0,36.0,0.4742212999990443,0.04709769999317359,0.4271236000058707,0.75,0.6111111111111112,0.25,0.5833333333333334,0.0,,"{""T_mcmc"": 0.05021528037835243, ""burnin_fraction"": 0.21939164151847443, ""bw_prior_strength"": 89.80956876532602, ""decoder"": ""soft"", ""emission_mu"": [-0.00946430696609267, 0.0946430696609267, 0.014196460449139003], ""emission_sigma"": [0.05678584179655601, 0.23660767415231673, 0.01892861393218534], ""explore_subsample"": false, ""hmm_window"": 12, ""kde_tau"": 0.006205167444665816, ""n_chains"": 1, ""n_init"": 8, ""orchestrate_every"": 5, ""p_dream"": 0.0, ""rejection_streak"": 24, ""seed"": 4, ""sigma_fraction"": 0.022095999012449814, ""wide_sigma_fraction"": 0.3008503702038378}",,
lcbench_189906,lcbench,FMP,5,200,200,-91.2394027709961,-91.2394027709961,91.2394027709961,,True,0.7115753999969456,0.05449110007612035,0.7211606000055326,10400.0,0.6570842999208253,91.2394027709961,200.0,-91.2394027709961,0.5625,0.0,0.0,0.0,36.0,0.7113785999972606,0.06335409998428077,0.6480245000129798,0.6927083333333334,0.6090225563909775,0.3072916666666667,0.4576271186440678,0.0,,"{""T_mcmc"": 0.05021528037835243, ""burnin_fraction"": 0.21939164151847443, ""bw_prior_strength"": 89.80956876532602, ""decoder"": ""soft"", ""emission_mu"": [-0.00946430696609267, 0.0946430696609267, 0.014196460449139003], ""emission_sigma"": [0.05678584179655601, 0.23660767415231673, 0.01892861393218534], ""explore_subsample"": false, ""hmm_window"": 12, ""kde_tau"": 0.006205167444665816, ""n_chains"": 1, ""n_init"": 8, ""orchestrate_every"": 5, ""p_dream"": 0.0, ""rejection_streak"": 24, ""seed"": 5, ""sigma_fraction"": 0.022095999012449814, ""wide_sigma_fraction"": 0.3008503702038378}",,
lcbench_189906,lcbench,FMP,6,200,200,-93.287353515625,-93.287353515625,93.287353515625,,True,0.5196655000036117,0.04483010010153521,0.5260684999957448,10400.0,0.47483539990207646,93.287353515625,200.0,-93.287353515625,0.4166666666666667,0.0,0.0,0.0,36.0,0.5195300000050338,0.052239400043617934,0.46729059996141586,0.4895833333333333,0.5425531914893617,0.5104166666666666,0.29591836734693877,0.0,,"{""T_mcmc"": 0.05021528037835243, ""burnin_fraction"": 0.21939164151847443, ""bw_prior_strength"": 89.80956876532602, ""decoder"": ""soft"", ""emission_mu"": [-0.00946430696609267, 0.0946430696609267, 0.014196460449139003], ""emission_sigma"": [0.05678584179655601, 0.23660767415231673, 0.01892861393218534], ""explore_subsample"": false, ""hmm_window"": 12, ""kde_tau"": 0.006205167444665816, ""n_chains"": 1, ""n_init"": 8, ""orchestrate_every"": 5, ""p_dream"": 0.0, ""rejection_streak"": 24, ""seed"": 6, ""sigma_fraction"": 0.022095999012449814, ""wide_sigma_fraction"": 0.3008503702038378}",,
lcbench_189906,lcbench,FMP,7,200,200,-90.88612365722656,-90.88612365722656,90.88612365722656,,True,0.6359909000020707,0.0474501999997301,0.6436294000013731,10400.0,0.5885407000023406,90.88612365722656,200.0,-90.88612365722656,0.4947916666666667,0.0,0.0,0.0,36.0,0.6358540000073845,0.05552059995534364,0.5803334000520408,0.5520833333333334,0.5849056603773585,0.4479166666666667,0.38372093023255816,0.0,,"{""T_mcmc"": 0.05021528037835243, ""burnin_fraction"": 0.21939164151847443, ""bw_prior_strength"": 89.80956876532602, ""decoder"": ""soft"", ""emission_mu"": [-0.00946430696609267, 0.0946430696609267, 0.014196460449139003], ""emission_sigma"": [0.05678584179655601, 0.23660767415231673, 0.01892861393218534], ""explore_subsample"": false, ""hmm_window"": 12, ""kde_tau"": 0.006205167444665816, ""n_chains"": 1, ""n_init"": 8, ""orchestrate_every"": 5, ""p_dream"": 0.0, ""rejection_streak"": 24, ""seed"": 7, ""sigma_fraction"": 0.022095999012449814, ""wide_sigma_fraction"": 0.3008503702038378}",,
lcbench_189906,lcbench,FMP,8,200,200,-89.68517303466797,-89.68517303466797,89.68517303466797,,True,0.7587264999892795,0.07045259984442964,0.7683432000048924,10400.0,0.6882739001448499,89.68517303466797,200.0,-89.68517303466797,0.5572916666666666,0.0,0.0,0.0,36.0,0.7585411000036402,0.08045389989274554,0.6780872001108946,0.625,0.5916666666666667,0.375,0.5,0.0,,"{""T_mcmc"": 0.05021528037835243, ""burnin_fraction"": 0.21939164151847443, ""bw_prior_strength"": 89.80956876532602, ""decoder"": ""soft"", ""emission_mu"": [-0.00946430696609267, 0.0946430696609267, 0.014196460449139003], ""emission_sigma"": [0.05678584179655601, 0.23660767415231673, 0.01892861393218534], ""explore_subsample"": false, ""hmm_window"": 12, ""kde_tau"": 0.006205167444665816, ""n_chains"": 1, ""n_init"": 8, ""orchestrate_every"": 5, ""p_dream"": 0.0, ""rejection_streak"": 24, ""seed"": 8, ""sigma_fraction"": 0.022095999012449814, ""wide_sigma_fraction"": 0.3008503702038378}",,
lcbench_189906,lcbench,FMP,9,200,200,-94.03085327148438,-94.03085327148438,94.03085327148438,,True,0.8117065999977058,0.08238879997225013,0.8235333999909926,10400.0,0.7293178000254557,94.03085327148438,200.0,-94.03085327148438,0.546875,0.0,0.0,0.0,36.0,0.8114972000039415,0.09336110012372956,0.718136099880212,0.5833333333333334,0.5803571428571429,0.4166666666666667,0.5,0.0,,"{""T_mcmc"": 0.05021528037835243, ""burnin_fraction"": 0.21939164151847443, ""bw_prior_strength"": 89.80956876532602, ""decoder"": ""soft"", ""emission_mu"": [-0.00946430696609267, 0.0946430696609267, 0.014196460449139003], ""emission_sigma"": [0.05678584179655601, 0.23660767415231673, 0.01892861393218534], ""explore_subsample"": false, ""hmm_window"": 12, ""kde_tau"": 0.006205167444665816, ""n_chains"": 1, ""n_init"": 8, ""orchestrate_every"": 5, ""p_dream"": 0.0, ""rejection_streak"": 24, ""seed"": 9, ""sigma_fraction"": 0.022095999012449814, ""wide_sigma_fraction"": 0.3008503702038378}",,
lcbench_189906,lcbench,FMP,10,200,200,-93.27738952636719,-93.27738952636719,93.27738952636719,,True,1.0053856000013184,0.0862417999014724,1.0159451000072295,10400.0,0.919143800099846,93.27738952636719,200.0,-93.27738952636719,0.546875,0.0,0.0,0.0,36.0,1.005151699995622,0.09943849997944199,0.90571320001618,0.5729166666666666,0.6545454545454545,0.4270833333333333,0.4024390243902439,0.0,,"{""T_mcmc"": 0.05021528037835243, ""burnin_fraction"": 0.21939164151847443, ""bw_prior_strength"": 89.80956876532602, ""decoder"": ""soft"", ""emission_mu"": [-0.00946430696609267, 0.0946430696609267, 0.014196460449139003], ""emission_sigma"": [0.05678584179655601, 0.23660767415231673, 0.01892861393218534], ""explore_subsample"": false, ""hmm_window"": 12, ""kde_tau"": 0.006205167444665816, ""n_chains"": 1, ""n_init"": 8, ""orchestrate_every"": 5, ""p_dream"": 0.0, ""rejection_streak"": 24, ""seed"": 10, ""sigma_fraction"": 0.022095999012449814, ""wide_sigma_fraction"": 0.3008503702038378}",,
lcbench_189906,lcbench,FMP,11,200,200,-94.22834777832031,-94.22834777832031,94.22834777832031,,True,0.928508500001044,0.07784460007678717,0.9387267999991309,10400.0,0.8506638999242568,94.22834777832031,200.0,-94.22834777832031,0.5520833333333334,0.0,0.0,0.0,36.0,0.9282984000019496,0.09023420001904014,0.8380641999829095,0.6666666666666666,0.59375,0.3333333333333333,0.46875,0.0,,"{""T_mcmc"": 0.05021528037835243, ""burnin_fraction"": 0.21939164151847443, ""bw_prior_strength"": 89.80956876532602, ""decoder"": ""soft"", ""emission_mu"": [-0.00946430696609267, 0.0946430696609267, 0.014196460449139003], ""emission_sigma"": [0.05678584179655601, 0.23660767415231673, 0.01892861393218534], ""explore_subsample"": false, ""hmm_window"": 12, ""kde_tau"": 0.006205167444665816, ""n_chains"": 1, ""n_init"": 8, ""orchestrate_every"": 5, ""p_dream"": 0.0, ""rejection_streak"": 24, ""seed"": 11, ""sigma_fraction"": 0.022095999012449814, ""wide_sigma_fraction"": 0.3008503702038378}",,
lcbench_189906,lcbench,FMP,12,200,200,-86.58894348144531,-86.58894348144531,86.58894348144531,,True,0.9304831000044942,0.07531009986996651,0.942254800000228,10400.0,0.8551730001345277,86.58894348144531,200.0,-86.58894348144531,0.5833333333333334,0.0,0.0,0.0,36.0,0.930258699998376,0.08787100003974047,0.8423876999586355,0.65625,0.5873015873015873,0.34375,0.5757575757575758,0.0,,"{""T_mcmc"": 0.05021528037835243, ""burnin_fraction"": 0.21939164151847443, ""bw_prior_strength"": 89.80956876532602, ""decoder"": ""soft"", ""emission_mu"": [-0.00946430696609267, 0.0946430696609267, 0.014196460449139003], ""emission_sigma"": [0.05678584179655601, 0.23660767415231673, 0.01892861393218534], ""explore_subsample"": false, ""hmm_window"": 12, ""kde_tau"": 0.006205167444665816, ""n_chains"": 1, ""n_init"": 8, ""orchestrate_every"": 5, ""p_dream"": 0.0, ""rejection_streak"": 24, ""seed"": 12, ""sigma_fraction"": 0.022095999012449814, ""wide_sigma_fraction"": 0.3008503702038378}",,
lcbench_189906,lcbench,FMP,13,200,200,-87.07220458984375,-87.07220458984375,87.07220458984375,,True,0.8372541999997338,0.06965239996497985,0.8439056999923196,10400.0,0.767601800034754,87.07220458984375,200.0,-87.07220458984375,0.5677083333333334,0.0,0.0,0.0,36.0,0.8371031999995466,0.08099540001421701,0.7561077999853296,0.6458333333333334,0.6209677419354839,0.3541666666666667,0.47058823529411764,0.0,,"{""T_mcmc"": 0.05021528037835243, ""burnin_fraction"": 0.21939164151847443, ""bw_prior_strength"": 89.80956876532602, ""decoder"": ""soft"", ""emission_mu"": [-0.00946430696609267, 0.0946430696609267, 0.014196460449139003], ""emission_sigma"": [0.05678584179655601, 0.23660767415231673, 0.01892861393218534], ""explore_subsample"": false, ""hmm_window"": 12, ""kde_tau"": 0.006205167444665816, ""n_chains"": 1, ""n_init"": 8, ""orchestrate_every"": 5, ""p_dream"": 0.0, ""rejection_streak"": 24, ""seed"": 13, ""sigma_fraction"": 0.022095999012449814, ""wide_sigma_fraction"": 0.3008503702038378}",,
lcbench_189906,lcbench,FMP,14,200,200,-90.353759765625,-90.353759765625,90.353759765625,,True,0.9583172999991802,0.07652579998830333,0.9663356999953976,10400.0,0.8817915000108769,90.353759765625,200.0,-90.353759765625,0.5989583333333334,0.0,0.0,0.0,36.0,0.958161900009145,0.08901969990984071,0.8691422000993043,0.7916666666666666,0.6052631578947368,0.20833333333333334,0.575,0.0,,"{""T_mcmc"": 0.05021528037835243, ""burnin_fraction"": 0.21939164151847443, ""bw_prior_strength"": 89.80956876532602, ""decoder"": ""soft"", ""emission_mu"": [-0.00946430696609267, 0.0946430696609267, 0.014196460449139003], ""emission_sigma"": [0.05678584179655601, 0.23660767415231673, 0.01892861393218534], ""explore_subsample"": false, ""hmm_window"": 12, ""kde_tau"": 0.006205167444665816, ""n_chains"": 1, ""n_init"": 8, ""orchestrate_every"": 5, ""p_dream"": 0.0, ""rejection_streak"": 24, ""seed"": 14, ""sigma_fraction"": 0.022095999012449814, ""wide_sigma_fraction"": 0.3008503702038378}",,
lcbench_189906,lcbench,FMP,15,200,200,-92.78728485107422,-92.78728485107422,92.78728485107422,,True,0.8096965000004275,0.0754170000582235,0.8219060999981593,10400.0,0.734279499942204,92.78728485107422,200.0,-92.78728485107422,0.5989583333333334,0.0,0.0,0.0,36.0,0.8094804000138538,0.08638820007035974,0.723092199943494,0.7552083333333334,0.6344827586206897,0.24479166666666666,0.48936170212765956,0.0,,"{""T_mcmc"": 0.05021528037835243, ""burnin_fraction"": 0.21939164151847443, ""bw_prior_strength"": 89.80956876532602, ""decoder"": ""soft"", ""emission_mu"": [-0.00946430696609267, 0.0946430696609267, 0.014196460449139003], ""emission_sigma"": [0.05678584179655601, 0.23660767415231673, 0.01892861393218534], ""explore_subsample"": false, ""hmm_window"": 12, ""kde_tau"": 0.006205167444665816, ""n_chains"": 1, ""n_init"": 8, ""orchestrate_every"": 5, ""p_dream"": 0.0, ""rejection_streak"": 24, ""seed"": 15, ""sigma_fraction"": 0.022095999012449814, ""wide_sigma_fraction"": 0.3008503702038378}",,
lcbench_189906,lcbench,FMP,16,200,200,-91.2982406616211,-91.2982406616211,91.2982406616211,,True,1.0021984000049997,0.08410820012795739,1.0147313999914331,10400.0,0.9180901998770423,91.2982406616211,200.0,-91.2982406616211,0.6145833333333334,0.0,0.0,0.0,36.0,1.0019802000024356,0.0974217000475619,0.9045584999548737,0.71875,0.6304347826086957,0.28125,0.5740740740740741,0.0,,"{""T_mcmc"": 0.05021528037835243, ""burnin_fraction"": 0.21939164151847443, ""bw_prior_strength"": 89.80956876532602, ""decoder"": ""soft"", ""emission_mu"": [-0.00946430696609267, 0.0946430696609267, 0.014196460449139003], ""emission_sigma"": [0.05678584179655601, 0.23660767415231673, 0.01892861393218534], ""explore_subsample"": false, ""hmm_window"": 12, ""kde_tau"": 0.006205167444665816, ""n_chains"": 1, ""n_init"": 8, ""orchestrate_every"": 5, ""p_dream"": 0.0, ""rejection_streak"": 24, ""seed"": 16, ""sigma_fraction"": 0.022095999012449814, ""wide_sigma_fraction"": 0.3008503702038378}",,
lcbench_189906,lcbench,FMP,17,200,200,-93.52002716064453,-93.52002716064453,93.52002716064453,,True,0.8874291000101948,0.0795672999083763,0.8977926000079606,10400.0,0.8078618001018185,93.52002716064453,200.0,-93.52002716064453,0.5625,0.0,0.0,0.0,36.0,0.887250399988261,0.09206000000995118,0.7951903999783099,0.6458333333333334,0.6370967741935484,0.3541666666666667,0.4264705882352941,0.0,,"{""T_mcmc"": 0.05021528037835243, ""burnin_fraction"": 0.21939164151847443, ""bw_prior_strength"": 89.80956876532602, ""decoder"": ""soft"", ""emission_mu"": [-0.00946430696609267, 0.0946430696609267, 0.014196460449139003], ""emission_sigma"": [0.05678584179655601, 0.23660767415231673, 0.01892861393218534], ""explore_subsample"": false, ""hmm_window"": 12, ""kde_tau"": 0.006205167444665816, ""n_chains"": 1, ""n_init"": 8, ""orchestrate_every"": 5, ""p_dream"": 0.0, ""rejection_streak"": 24, ""seed"": 17, ""sigma_fraction"": 0.022095999012449814, ""wide_sigma_fraction"": 0.3008503702038378}",,
lcbench_189906,lcbench,FMP,18,200,200,-92.89849853515625,-92.89849853515625,92.89849853515625,,True,0.9506326999980956,0.0802463001164142,0.9595034999947529,10400.0,0.8703863998816814,92.89849853515625,200.0,-92.89849853515625,0.6875,0.0,0.0,0.0,36.0,0.9504723999998532,0.09283230011351407,0.8576400998863392,0.8489583333333334,0.6809815950920245,0.15104166666666666,0.7241379310344828,0.0,,"{""T_mcmc"": 0.05021528037835243, ""burnin_fraction"": 0.21939164151847443, ""bw_prior_strength"": 89.80956876532602, ""decoder"": ""soft"", ""emission_mu"": [-0.00946430696609267, 0.0946430696609267, 0.014196460449139003], ""emission_sigma"": [0.05678584179655601, 0.23660767415231673, 0.01892861393218534], ""explore_subsample"": false, ""hmm_window"": 12, ""kde_tau"": 0.006205167444665816, ""n_chains"": 1, ""n_init"": 8, ""orchestrate_every"": 5, ""p_dream"": 0.0, ""rejection_streak"": 24, ""seed"": 18, ""sigma_fraction"": 0.022095999012449814, ""wide_sigma_fraction"": 0.3008503702038378}",,
lcbench_189906,lcbench,FMP,19,200,200,-92.12247467041016,-92.12247467041016,92.12247467041016,,True,0.9615612000052352,0.08172990001912694,0.9712958000018261,10400.0,0.8798312999861082,92.12247467041016,200.0,-92.12247467041016,0.515625,0.0,0.0,0.0,36.0,0.9613639000017429,0.09431719995336607,0.8670467000483768,0.5052083333333334,0.5876288659793815,0.4947916666666667,0.4421052631578947,0.0,,"{""T_mcmc"": 0.05021528037835243, ""burnin_fraction"": 0.21939164151847443, ""bw_prior_strength"": 89.80956876532602, ""decoder"": ""soft"", ""emission_mu"": [-0.00946430696609267, 0.0946430696609267, 0.014196460449139003], ""emission_sigma"": [0.05678584179655601, 0.23660767415231673, 0.01892861393218534], ""explore_subsample"": false, ""hmm_window"": 12, ""kde_tau"": 0.006205167444665816, ""n_chains"": 1, ""n_init"": 8, ""orchestrate_every"": 5, ""p_dream"": 0.0, ""rejection_streak"": 24, ""seed"": 19, ""sigma_fraction"": 0.022095999012449814, ""wide_sigma_fraction"": 0.3008503702038378}",,
lcbench_189906,lcbench,FMP_DREAM,0,200,200,-92.2089614868164,-92.2089614868164,92.2089614868164,,True,0.7317462000064552,0.07360220003465656,0.7442037999862805,10400.0,0.6581439999717986,92.2089614868164,200.0,-92.2089614868164,0.2864583333333333,0.7708333333333334,0.0,0.0,36.0,0.7315208999934839,0.08659199994872324,0.6449289000447607,0.484375,0.3010752688172043,0.515625,0.2727272727272727,0.0,,"{""T_mcmc"": 0.05021528037835243, ""burnin_fraction"": 0.21939164151847443, ""bw_prior_strength"": 89.80956876532602, ""decoder"": ""soft"", ""emission_mu"": [-0.00946430696609267, 0.0946430696609267, 0.014196460449139003], ""emission_sigma"": [0.05678584179655601, 0.23660767415231673, 0.01892861393218534], ""explore_subsample"": false, ""hmm_window"": 12, ""kde_tau"": 0.006205167444665816, ""n_chains"": 1, ""n_init"": 8, ""orchestrate_every"": 5, ""p_dream"": 0.7412354684077219, ""rejection_streak"": 24, ""seed"": 0, ""sigma_fraction"": 0.022095999012449814, ""wide_sigma_fraction"": 0.3008503702038378}",,
lcbench_189906,lcbench,FMP_DREAM,1,200,200,-91.2324447631836,-91.2324447631836,91.2324447631836,,True,0.8021945000073174,0.08249329996760935,0.82052670000121,10400.0,0.7197012000397081,91.2324447631836,200.0,-91.2324447631836,0.2864583333333333,0.765625,0.0,0.0,36.0,0.8020120000001043,0.09573850000742823,0.7062734999926761,0.4375,0.38095238095238093,0.5625,0.21296296296296297,0.0,,"{""T_mcmc"": 0.05021528037835243, ""burnin_fraction"": 0.21939164151847443, ""bw_prior_strength"": 89.80956876532602, ""decoder"": ""soft"", ""emission_mu"": [-0.00946430696609267, 0.0946430696609267, 0.014196460449139003], ""emission_sigma"": [0.05678584179655601, 0.23660767415231673, 0.01892861393218534], ""explore_subsample"": false, ""hmm_window"": 12, ""kde_tau"": 0.006205167444665816, ""n_chains"": 1, ""n_init"": 8, ""orchestrate_every"": 5, ""p_dream"": 0.7412354684077219, ""rejection_streak"": 24, ""seed"": 1, ""sigma_fraction"": 0.022095999012449814, ""wide_sigma_fraction"": 0.3008503702038378}",,
lcbench_189906,lcbench,FMP_DREAM,2,200,200,-91.95710754394531,-91.95710754394531,91.95710754394531,,True,0.9592509999929462,0.0924378999916371,0.9713063999952283,10400.0,0.8668131000013091,91.95710754394531,200.0,-91.95710754394531,0.3229166666666667,0.7395833333333334,0.0,0.0,36.0,0.9590301999996882,0.11122019992035348,0.8478100000793347,0.484375,0.34408602150537637,0.515625,0.30303030303030304,0.0,,"{""T_mcmc"": 0.05021528037835243, ""burnin_fraction"": 0.21939164151847443, ""bw_prior_strength"": 89.80956876532602, ""decoder"": ""soft"", ""emission_mu"": [-0.00946430696609267, 0.0946430696609267, 0.014196460449139003], ""emission_sigma"": [0.05678584179655601, 0.23660767415231673, 0.01892861393218534], ""explore_subsample"": false, ""hmm_window"": 12, ""kde_tau"": 0.006205167444665816, ""n_chains"": 1, ""n_init"": 8, ""orchestrate_every"": 5, ""p_dream"": 0.7412354684077219, ""rejection_streak"": 24, ""seed"": 2, ""sigma_fraction"": 0.022095999012449814, ""wide_sigma_fraction"": 0.3008503702038378}",,
lcbench_189906,lcbench,FMP_DREAM,3,200,200,-91.14547729492188,-91.14547729492188,91.14547729492188,,True,0.9299391999957152,0.09431149998272303,0.9400917000020854,10400.0,0.8356277000129921,91.14547729492188,200.0,-91.14547729492188,0.22916666666666666,0.734375,0.0,0.0,36.0,0.9296957000042312,0.1088079999317415,0.8208877000724897,0.390625,0.25333333333333335,0.6041666666666666,0.20689655172413793,0.005208333333333333,1.0,"{""T_mcmc"": 0.05021528037835243, ""burnin_fraction"": 0.21939164151847443, ""bw_prior_strength"": 89.80956876532602, ""decoder"": ""soft"", ""emission_mu"": [-0.00946430696609267, 0.0946430696609267, 0.014196460449139003], ""emission_sigma"": [0.05678584179655601, 0.23660767415231673, 0.01892861393218534], ""explore_subsample"": false, ""hmm_window"": 12, ""kde_tau"": 0.006205167444665816, ""n_chains"": 1, ""n_init"": 8, ""orchestrate_every"": 5, ""p_dream"": 0.7412354684077219, ""rejection_streak"": 24, ""seed"": 3, ""sigma_fraction"": 0.022095999012449814, ""wide_sigma_fraction"": 0.3008503702038378}",,
lcbench_189906,lcbench,FMP_DREAM,4,200,200,-93.75756072998047,-93.75756072998047,93.75756072998047,,True,0.9012054999911925,0.09090399993874598,0.9138421000097878,10400.0,0.8103015000524465,93.75756072998047,200.0,-93.75756072998047,0.28125,0.7083333333333334,0.0,0.0,36.0,0.9009789999981876,0.10648179995769169,0.794497200040496,0.375,0.4305555555555556,0.625,0.19166666666666668,0.0,,"{""T_mcmc"": 0.05021528037835243, ""burnin_fraction"": 0.21939164151847443, ""bw_prior_strength"": 89.80956876532602, ""decoder"": ""soft"", ""emission_mu"": [-0.00946430696609267, 0.0946430696609267, 0.014196460449139003], ""emission_sigma"": [0.05678584179655601, 0.23660767415231673, 0.01892861393218534], ""explore_subsample"": false, ""hmm_window"": 12, ""kde_tau"": 0.006205167444665816, ""n_chains"": 1, ""n_init"": 8, ""orchestrate_every"": 5, ""p_dream"": 0.7412354684077219, ""rejection_streak"": 24, ""seed"": 4, ""sigma_fraction"": 0.022095999012449814, ""wide_sigma_fraction"": 0.3008503702038378}",,
lcbench_189906,lcbench,FMP_DREAM,5,200,200,-94.34127807617188,-94.34127807617188,94.34127807617188,,True,0.8857255000039004,0.08425969998643268,0.8972807000100147,10400.0,0.8014658000174677,94.34127807617188,200.0,-94.34127807617188,0.296875,0.765625,0.0,0.0,36.0,0.8854769000026863,0.09866269993653987,0.7868142000661464,0.5989583333333334,0.3217391304347826,0.4010416666666667,0.2597402597402597,0.0,,"{""T_mcmc"": 0.05021528037835243, ""burnin_fraction"": 0.21939164151847443, ""bw_prior_strength"": 89.80956876532602, ""decoder"": ""soft"", ""emission_mu"": [-0.00946430696609267, 0.0946430696609267, 0.014196460449139003], ""emission_sigma"": [0.05678584179655601, 0.23660767415231673, 0.01892861393218534], ""explore_subsample"": false, ""hmm_window"": 12, ""kde_tau"": 0.006205167444665816, ""n_chains"": 1, ""n_init"": 8, ""orchestrate_every"": 5, ""p_dream"": 0.7412354684077219, ""rejection_streak"": 24, ""seed"": 5, ""sigma_fraction"": 0.022095999012449814, ""wide_sigma_fraction"": 0.3008503702038378}",,
lcbench_189906,lcbench,FMP_DREAM,6,200,200,-92.6917724609375,-92.6917724609375,92.6917724609375,,True,1.052925799987861,0.0960673999361461,1.064339900010964,10400.0,0.9568584000517149,92.6917724609375,200.0,-92.6917724609375,0.3072916666666667,0.71875,0.0,0.0,36.0,1.0526886000006925,0.1127741000673268,0.9399144999333657,0.7291666666666666,0.3142857142857143,0.2708333333333333,0.28846153846153844,0.0,,"{""T_mcmc"": 0.05021528037835243, ""burnin_fraction"": 0.21939164151847443, ""bw_prior_strength"": 89.80956876532602, ""decoder"": ""soft"", ""emission_mu"": [-0.00946430696609267, 0.0946430696609267, 0.014196460449139003], ""emission_sigma"": [0.05678584179655601, 0.23660767415231673, 0.01892861393218534], ""explore_subsample"": false, ""hmm_window"": 12, ""kde_tau"": 0.006205167444665816, ""n_chains"": 1, ""n_init"": 8, ""orchestrate_every"": 5, ""p_dream"": 0.7412354684077219, ""rejection_streak"": 24, ""seed"": 6, ""sigma_fraction"": 0.022095999012449814, ""wide_sigma_fraction"": 0.3008503702038378}",,
lcbench_189906,lcbench,FMP_DREAM,7,200,200,-91.3877944946289,-91.3877944946289,91.3877944946289,,True,0.8940938000014285,0.10760909989767242,0.9055365999956848,10400.0,0.786484700103756,91.3877944946289,200.0,-91.3877944946289,0.3958333333333333,0.75,0.0,0.0,36.0,0.8938886000105413,0.1223623999976553,0.771526200012886,0.5572916666666666,0.4672897196261682,0.4427083333333333,0.3058823529411765,0.0,,"{""T_mcmc"": 0.05021528037835243, ""burnin_fraction"": 0.21939164151847443, ""bw_prior_strength"": 89.80956876532602, ""decoder"": ""soft"", ""emission_mu"": [-0.00946430696609267, 0.0946430696609267, 0.014196460449139003], ""emission_sigma"": [0.05678584179655601, 0.23660767415231673, 0.01892861393218534], ""explore_subsample"": false, ""hmm_window"": 12, ""kde_tau"": 0.006205167444665816, ""n_chains"": 1, ""n_init"": 8, ""orchestrate_every"": 5, ""p_dream"": 0.7412354684077219, ""rejection_streak"": 24, ""seed"": 7, ""sigma_fraction"": 0.022095999012449814, ""wide_sigma_fraction"": 0.3008503702038378}",,
lcbench_189906,lcbench,FMP_DREAM,8,200,200,-92.31595611572266,-92.31595611572266,92.31595611572266,,True,0.8370161999919219,0.08462319997488521,0.8505364999873564,10400.0,0.7523930000170367,92.31595611572266,200.0,-92.31595611572266,0.3541666666666667,0.78125,0.0,0.0,36.0,0.8368236999958754,0.09886260000348557,0.7379610999923898,0.53125,0.4215686274509804,0.46875,0.2777777777777778,0.0,,"{""T_mcmc"": 0.05021528037835243, ""burnin_fraction"": 0.21939164151847443, ""bw_prior_strength"": 89.80956876532602, ""decoder"": ""soft"", ""emission_mu"": [-0.00946430696609267, 0.0946430696609267, 0.014196460449139003], ""emission_sigma"": [0.05678584179655601, 0.23660767415231673, 0.01892861393218534], ""explore_subsample"": false, ""hmm_window"": 12, ""kde_tau"": 0.006205167444665816, ""n_chains"": 1, ""n_init"": 8, ""orchestrate_every"": 5, ""p_dream"": 0.7412354684077219, ""rejection_streak"": 24, ""seed"": 8, ""sigma_fraction"": 0.022095999012449814, ""wide_sigma_fraction"": 0.3008503702038378}",,
lcbench_189906,lcbench,FMP_DREAM,9,200,200,-93.19451904296875,-93.19451904296875,93.19451904296875,,True,0.6640650000044843,0.07136879999598023,0.6761024000006728,10400.0,0.5926962000085041,93.19451904296875,200.0,-93.19451904296875,0.3177083333333333,0.75,0.0,0.0,36.0,0.6638549999915995,0.08339279993379023,0.5804622000578092,0.4947916666666667,0.30526315789473685,0.5052083333333334,0.32989690721649484,0.0,,"{""T_mcmc"": 0.05021528037835243, ""burnin_fraction"": 0.21939164151847443, ""bw_prior_strength"": 89.80956876532602, ""decoder"": ""soft"", ""emission_mu"": [-0.00946430696609267, 0.0946430696609267, 0.014196460449139003], ""emission_sigma"": [0.05678584179655601, 0.23660767415231673, 0.01892861393218534], ""explore_subsample"": false, ""hmm_window"": 12, ""kde_tau"": 0.006205167444665816, ""n_chains"": 1, ""n_init"": 8, ""orchestrate_every"": 5, ""p_dream"": 0.7412354684077219, ""rejection_streak"": 24, ""seed"": 9, ""sigma_fraction"": 0.022095999012449814, ""wide_sigma_fraction"": 0.3008503702038378}",,
lcbench_189906,lcbench,FMP_DREAM,10,200,200,-94.10118103027344,-94.10118103027344,94.10118103027344,,True,0.7719521999970311,0.07965080007852521,0.7822084000072209,10400.0,0.6923013999185059,94.10118103027344,200.0,-94.10118103027344,0.2916666666666667,0.7552083333333334,0.0,0.0,36.0,0.7717811000038637,0.09290769994549919,0.6788734000583645,0.5416666666666666,0.33653846153846156,0.4583333333333333,0.23863636363636365,0.0,,"{""T_mcmc"": 0.05021528037835243, ""burnin_fraction"": 0.21939164151847443, ""bw_prior_strength"": 89.80956876532602, ""decoder"": ""soft"", ""emission_mu"": [-0.00946430696609267, 0.0946430696609267, 0.014196460449139003], ""emission_sigma"": [0.05678584179655601, 0.23660767415231673, 0.01892861393218534], ""explore_subsample"": false, ""hmm_window"": 12, ""kde_tau"": 0.006205167444665816, ""n_chains"": 1, ""n_init"": 8, ""orchestrate_every"": 5, ""p_dream"": 0.7412354684077219, ""rejection_streak"": 24, ""seed"": 10, ""sigma_fraction"": 0.022095999012449814, ""wide_sigma_fraction"": 0.3008503702038378}",,
lcbench_189906,lcbench,FMP_DREAM,11,200,200,-91.64508819580078,-91.64508819580078,91.64508819580078,,True,0.760411600000225,0.07565160005469806,0.7732994999969378,10400.0,0.6847599999455269,91.64508819580078,200.0,-91.64508819580078,0.3177083333333333,0.7395833333333334,0.0,0.0,36.0,0.7601881000009598,0.08883119997335598,0.6713569000276038,0.5104166666666666,0.3469387755102041,0.4895833333333333,0.2872340425531915,0.0,,"{""T_mcmc"": 0.05021528037835243, ""burnin_fraction"": 0.21939164151847443, ""bw_prior_strength"": 89.80956876532602, ""decoder"": ""soft"", ""emission_mu"": [-0.00946430696609267, 0.0946430696609267, 0.014196460449139003], ""emission_sigma"": [0.05678584179655601, 0.23660767415231673, 0.01892861393218534], ""explore_subsample"": false, ""hmm_window"": 12, ""kde_tau"": 0.006205167444665816, ""n_chains"": 1, ""n_init"": 8, ""orchestrate_every"": 5, ""p_dream"": 0.7412354684077219, ""rejection_streak"": 24, ""seed"": 11, ""sigma_fraction"": 0.022095999012449814, ""wide_sigma_fraction"": 0.3008503702038378}",,
lcbench_189906,lcbench,FMP_DREAM,12,200,200,-90.50761413574219,-90.50761413574219,90.50761413574219,,True,0.8108449999999721,0.0870714998600306,0.8216614999982994,10400.0,0.7237735001399415,90.50761413574219,200.0,-90.50761413574219,0.359375,0.7604166666666666,0.0,0.0,36.0,0.8106652999995276,0.10075050003069919,0.7099147999688284,0.5416666666666666,0.4519230769230769,0.4583333333333333,0.25,0.0,,"{""T_mcmc"": 0.05021528037835243, ""burnin_fraction"": 0.21939164151847443, ""bw_prior_strength"": 89.80956876532602, ""decoder"": ""soft"", ""emission_mu"": [-0.00946430696609267, 0.0946430696609267, 0.014196460449139003], ""emission_sigma"": [0.05678584179655601, 0.23660767415231673, 0.01892861393218534], ""explore_subsample"": false, ""hmm_window"": 12, ""kde_tau"": 0.006205167444665816, ""n_chains"": 1, ""n_init"": 8, ""orchestrate_every"": 5, ""p_dream"": 0.7412354684077219, ""rejection_streak"": 24, ""seed"": 12, ""sigma_fraction"": 0.022095999012449814, ""wide_sigma_fraction"": 0.3008503702038378}",,
lcbench_189906,lcbench,FMP_DREAM,13,200,200,-92.46151733398438,-92.46151733398438,92.46151733398438,,True,0.7597241999901598,0.07532740016176831,0.7702229999995325,10400.0,0.6843967998283915,92.46151733398438,200.0,-92.46151733398438,0.2864583333333333,0.7291666666666666,0.0,0.0,36.0,0.7595434000104433,0.08840229996712878,0.6711411000433145,0.46875,0.26666666666666666,0.53125,0.30392156862745096,0.0,,"{""T_mcmc"": 0.05021528037835243, ""burnin_fraction"": 0.21939164151847443, ""bw_prior_strength"": 89.80956876532602, ""decoder"": ""soft"", ""emission_mu"": [-0.00946430696609267, 0.0946430696609267, 0.014196460449139003], ""emission_sigma"": [0.05678584179655601, 0.23660767415231673, 0.01892861393218534], ""explore_subsample"": false, ""hmm_window"": 12, ""kde_tau"": 0.006205167444665816, ""n_chains"": 1, ""n_init"": 8, ""orchestrate_every"": 5, ""p_dream"": 0.7412354684077219, ""rejection_streak"": 24, ""seed"": 13, ""sigma_fraction"": 0.022095999012449814, ""wide_sigma_fraction"": 0.3008503702038378}",,
lcbench_189906,lcbench,FMP_DREAM,14,200,200,-91.09194946289062,-91.09194946289062,91.09194946289062,,True,0.7960665999999037,0.07635810007923283,0.8082868000055896,10400.0,0.7197084999206709,91.09194946289062,200.0,-91.09194946289062,0.3229166666666667,0.765625,0.0,0.0,36.0,0.7958554999931948,0.08970680003403686,0.706148699959158,0.4270833333333333,0.43902439024390244,0.5729166666666666,0.23636363636363636,0.0,,"{""T_mcmc"": 0.05021528037835243, ""burnin_fraction"": 0.21939164151847443, ""bw_prior_strength"": 89.80956876532602, ""decoder"": ""soft"", ""emission_mu"": [-0.00946430696609267, 0.0946430696609267, 0.014196460449139003], ""emission_sigma"": [0.05678584179655601, 0.23660767415231673, 0.01892861393218534], ""explore_subsample"": false, ""hmm_window"": 12, ""kde_tau"": 0.006205167444665816, ""n_chains"": 1, ""n_init"": 8, ""orchestrate_every"": 5, ""p_dream"": 0.7412354684077219, ""rejection_streak"": 24, ""seed"": 14, ""sigma_fraction"": 0.022095999012449814, ""wide_sigma_fraction"": 0.3008503702038378}",,
lcbench_189906,lcbench,FMP_DREAM,15,200,200,-93.31475830078125,-93.31475830078125,93.31475830078125,,True,0.8206055999908131,0.07625989995722193,0.8328536000044551,10400.0,0.7443457000335911,93.31475830078125,200.0,-93.31475830078125,0.3020833333333333,0.71875,0.0,0.0,36.0,0.8203673000098206,0.08982330012077,0.7305439998890506,0.640625,0.2764227642276423,0.359375,0.34782608695652173,0.0,,"{""T_mcmc"": 0.05021528037835243, ""burnin_fraction"": 0.21939164151847443, ""bw_prior_strength"": 89.80956876532602, ""decoder"": ""soft"", ""emission_mu"": [-0.00946430696609267, 0.0946430696609267, 0.014196460449139003], ""emission_sigma"": [0.05678584179655601, 0.23660767415231673, 0.01892861393218534], ""explore_subsample"": false, ""hmm_window"": 12, ""kde_tau"": 0.006205167444665816, ""n_chains"": 1, ""n_init"": 8, ""orchestrate_every"": 5, ""p_dream"": 0.7412354684077219, ""rejection_streak"": 24, ""seed"": 15, ""sigma_fraction"": 0.022095999012449814, ""wide_sigma_fraction"": 0.3008503702038378}",,
lcbench_189906,lcbench,FMP_DREAM,16,200,200,-90.80641174316406,-90.80641174316406,90.80641174316406,,True,0.7872351999976672,0.07520469996961765,0.7992420000082348,10400.0,0.7120305000280496,90.80641174316406,200.0,-90.80641174316406,0.3072916666666667,0.7760416666666666,0.0,0.0,36.0,0.7869980000104988,0.08859480010869447,0.6984031999018043,0.5520833333333334,0.3113207547169811,0.4479166666666667,0.3023255813953488,0.0,,"{""T_mcmc"": 0.05021528037835243, ""burnin_fraction"": 0.21939164151847443, ""bw_prior_strength"": 89.80956876532602, ""decoder"": ""soft"", ""emission_mu"": [-0.00946430696609267, 0.0946430696609267, 0.014196460449139003], ""emission_sigma"": [0.05678584179655601, 0.23660767415231673, 0.01892861393218534], ""explore_subsample"": false, ""hmm_window"": 12, ""kde_tau"": 0.006205167444665816, ""n_chains"": 1, ""n_init"": 8, ""orchestrate_every"": 5, ""p_dream"": 0.7412354684077219, ""rejection_streak"": 24, ""seed"": 16, ""sigma_fraction"": 0.022095999012449814, ""wide_sigma_fraction"": 0.3008503702038378}",,
lcbench_189906,lcbench,FMP_DREAM,17,200,200,-93.32223510742188,-93.32223510742188,93.32223510742188,,True,0.745221599994693,0.07015759999922011,0.7544753999973182,10400.0,0.6750639999954728,93.32223510742188,200.0,-93.32223510742188,0.234375,0.7604166666666666,0.0,0.0,36.0,0.7450485000008484,0.08249479986261576,0.6625537001382327,0.3385416666666667,0.3076923076923077,0.6614583333333334,0.1968503937007874,0.0,,"{""T_mcmc"": 0.05021528037835243, ""burnin_fraction"": 0.21939164151847443, ""bw_prior_strength"": 89.80956876532602, ""decoder"": ""soft"", ""emission_mu"": [-0.00946430696609267, 0.0946430696609267, 0.014196460449139003], ""emission_sigma"": [0.05678584179655601, 0.23660767415231673, 0.01892861393218534], ""explore_subsample"": false, ""hmm_window"": 12, ""kde_tau"": 0.006205167444665816, ""n_chains"": 1, ""n_init"": 8, ""orchestrate_every"": 5, ""p_dream"": 0.7412354684077219, ""rejection_streak"": 24, ""seed"": 17, ""sigma_fraction"": 0.022095999012449814, ""wide_sigma_fraction"": 0.3008503702038378}",,
lcbench_189906,lcbench,FMP_DREAM,18,200,200,-93.00629425048828,-93.00629425048828,93.00629425048828,,True,0.7095255000022007,0.07428679995064158,0.7187484000023687,10400.0,0.6352387000515591,93.00629425048828,200.0,-93.00629425048828,0.3020833333333333,0.6979166666666666,0.0,0.0,36.0,0.7093477000016719,0.08603350004705135,0.6233141999546206,0.6041666666666666,0.3017241379310345,0.3958333333333333,0.3026315789473684,0.0,,"{""T_mcmc"": 0.05021528037835243, ""burnin_fraction"": 0.21939164151847443, ""bw_prior_strength"": 89.80956876532602, ""decoder"": ""soft"", ""emission_mu"": [-0.00946430696609267, 0.0946430696609267, 0.014196460449139003], ""emission_sigma"": [0.05678584179655601, 0.23660767415231673, 0.01892861393218534], ""explore_subsample"": false, ""hmm_window"": 12, ""kde_tau"": 0.006205167444665816, ""n_chains"": 1, ""n_init"": 8, ""orchestrate_every"": 5, ""p_dream"": 0.7412354684077219, ""rejection_streak"": 24, ""seed"": 18, ""sigma_fraction"": 0.022095999012449814, ""wide_sigma_fraction"": 0.3008503702038378}",,
lcbench_189906,lcbench,FMP_DREAM,19,200,200,-92.45939636230469,-92.45939636230469,92.45939636230469,,True,0.6730286999954842,0.06892040008096956,0.6838427999900887,10400.0,0.6041082999145146,92.45939636230469,200.0,-92.45939636230469,0.2552083333333333,0.7708333333333334,0.0,0.0,36.0,0.6728432999952929,0.08105239996802993,0.591790900027263,0.4322916666666667,0.25301204819277107,0.5416666666666666,0.25961538461538464,0.026041666666666668,0.2,"{""T_mcmc"": 0.05021528037835243, ""burnin_fraction"": 0.21939164151847443, ""bw_prior_strength"": 89.80956876532602, ""decoder"": ""soft"", ""emission_mu"": [-0.00946430696609267, 0.0946430696609267, 0.014196460449139003], ""emission_sigma"": [0.05678584179655601, 0.23660767415231673, 0.01892861393218534], ""explore_subsample"": false, ""hmm_window"": 12, ""kde_tau"": 0.006205167444665816, ""n_chains"": 1, ""n_init"": 8, ""orchestrate_every"": 5, ""p_dream"": 0.7412354684077219, ""rejection_streak"": 24, ""seed"": 19, ""sigma_fraction"": 0.022095999012449814, ""wide_sigma_fraction"": 0.3008503702038378}",,
lcbench_189906,lcbench,GP,0,200,200,-94.68993377685547,-94.68993377685547,94.68993377685547,,True,116.17352169999504,0.14046050002070842,116.18877359999897,10400.0,116.03306119997433,94.68993377685547,,,,,,,,,,,,,,,,,,,
lcbench_189906,lcbench,GP,1,200,200,-94.69245910644531,-94.69245910644531,94.69245910644531,,True,145.33302189999813,0.14715309996245196,145.34662160000153,10400.0,145.18586880003568,94.69245910644531,,,,,,,,,,,,,,,,,,,
lcbench_189906,lcbench,GP,2,200,200,-94.69281768798828,-94.69281768798828,94.69281768798828,,True,141.16890830000193,0.1416494999648421,141.18273789999512,10400.0,141.0272588000371,94.69281768798828,,,,,,,,,,,,,,,,,,,
lcbench_189906,lcbench,GP,3,200,200,-94.68956756591797,-94.68956756591797,94.68956756591797,,True,136.87965599999734,0.1435737000356312,136.89154260000214,10400.0,136.7360822999617,94.68956756591797,,,,,,,,,,,,,,,,,,,
lcbench_189906,lcbench,GP,4,200,200,-94.68775939941406,-94.68775939941406,94.68775939941406,,True,130.82025840000279,0.1448268000021926,130.8327588999964,10400.0,130.6754316000006,94.68775939941406,,,,,,,,,,,,,,,,,,,
lcbench_189906,lcbench,GP,5,200,200,-94.93877410888672,-94.93877410888672,94.93877410888672,,True,149.37168889999884,0.14167850001103943,149.38509840000188,10400.0,149.2300103999878,94.93877410888672,,,,,,,,,,,,,,,,,,,
lcbench_189906,lcbench,GP,6,200,200,-94.93297576904297,-94.93297576904297,94.93297576904297,,True,120.36777140000049,0.1470015000741114,120.41690199999721,10400.0,120.22076989992638,94.93297576904297,,,,,,,,,,,,,,,,,,,
lcbench_189906,lcbench,GP,7,200,200,-94.69823455810547,-94.69823455810547,94.69823455810547,,True,120.32131220000156,0.14802549998421455,120.33040579999943,10400.0,120.17328670001734,94.69823455810547,,,,,,,,,,,,,,,,,,,
lcbench_189906,lcbench,GP,8,200,200,-94.94855499267578,-94.94855499267578,94.94855499267578,,True,143.1349685000023,0.14444350001576822,143.1461935000043,10400.0,142.99052499998652,94.94855499267578,,,,,,,,,,,,,,,,,,,
lcbench_189906,lcbench,GP,9,200,200,-94.95326232910156,-94.95326232910156,94.95326232910156,,True,150.49541649999446,0.14480019998154603,150.50822499999776,10400.0,150.35061630001292,94.95326232910156,,,,,,,,,,,,,,,,,,,
lcbench_189906,lcbench,GP,10,200,200,-94.68775939941406,-94.68775939941406,94.68775939941406,,True,139.74473529999523,0.15414500003680587,139.75531590000173,10400.0,139.59059029995842,94.68775939941406,,,,,,,,,,,,,,,,,,,
lcbench_189906,lcbench,GP,11,200,200,-94.68848419189453,-94.68848419189453,94.68848419189453,,True,124.19753789999959,0.14431449998664903,124.21089719999873,10400.0,124.05322340001294,94.68848419189453,,,,,,,,,,,,,,,,,,,
lcbench_189906,lcbench,GP,12,200,200,-94.93551635742188,-94.93551635742188,94.93551635742188,,True,142.23202130000573,0.1477857999780099,142.41548649999459,10400.0,142.08423550002772,94.93551635742188,,,,,,,,,,,,,,,,,,,
lcbench_189906,lcbench,GP,13,200,200,-94.9025650024414,-94.9025650024414,94.9025650024414,,True,146.64779499999713,0.15192850001039915,146.66001899999537,10400.0,146.49586649998673,94.9025650024414,,,,,,,,,,,,,,,,,,,
lcbench_189906,lcbench,GP,14,200,200,-94.94963836669922,-94.94963836669922,94.94963836669922,,True,145.92145390000223,0.14311550004640594,145.93236409999372,10400.0,145.77833839995583,94.94963836669922,,,,,,,,,,,,,,,,,,,
lcbench_189906,lcbench,GP,15,200,200,-94.93913269042969,-94.93913269042969,94.93913269042969,,True,138.7341551999998,0.14335190001293086,138.74646779999603,10400.0,138.59080329998687,94.93913269042969,,,,,,,,,,,,,,,,,,,
lcbench_189906,lcbench,GP,16,200,200,-94.68487548828125,-94.68487548828125,94.68487548828125,,True,136.6710174999971,0.15060609992360696,136.68390060000092,10400.0,136.5204114000735,94.68487548828125,,,,,,,,,,,,,,,,,,,
lcbench_189906,lcbench,GP,17,200,200,-94.89134216308594,-94.89134216308594,94.89134216308594,,True,134.19305210000311,0.1475430999416858,134.20639040000242,10400.0,134.04550900006143,94.89134216308594,,,,,,,,,,,,,,,,,,,
lcbench_189906,lcbench,GP,18,200,200,-94.68234252929688,-94.68234252929688,94.68234252929688,,True,128.3947635000004,0.14595349995943252,128.40991709999798,10400.0,128.24881000004098,94.68234252929688,,,,,,,,,,,,,,,,,,,
lcbench_189906,lcbench,GP,19,200,200,-94.689208984375,-94.689208984375,94.689208984375,,True,120.37625760000083,0.14952980002999539,120.38994829999865,10400.0,120.22672779997083,94.689208984375,,,,,,,,,,,,,,,,,,,
lcbench_189906,lcbench,RS,0,200,200,-90.79498291015625,-90.79498291015625,90.79498291015625,,True,0.2356344999934663,0.08553040001424961,0.26785450000170385,10400.0,0.1501040999792167,90.79498291015625,,,,,,,,,,,,,,,,,,,
lcbench_189906,lcbench,RS,1,200,200,-89.84200286865234,-89.84200286865234,89.84200286865234,,True,0.2494684999983292,0.09221910001360811,0.2897339999981341,10400.0,0.1572493999847211,89.84200286865234,,,,,,,,,,,,,,,,,,,
lcbench_189906,lcbench,RS,2,200,200,-89.79369354248047,-89.79369354248047,89.79369354248047,,True,0.2382861000005505,0.08657399998628534,0.24781139999686275,10400.0,0.15171210001426516,89.79369354248047,,,,,,,,,,,,,,,,,,,
lcbench_189906,lcbench,RS,3,200,200,-87.04397583007812,-87.04397583007812,87.04397583007812,,True,0.22709799999574898,0.08294840000598924,0.2368261999945389,10400.0,0.14414959998975974,87.04397583007812,,,,,,,,,,,,,,,,,,,
lcbench_189906,lcbench,RS,4,200,200,-88.71540832519531,-88.71540832519531,88.71540832519531,,True,0.2947643000006792,0.11661860006279312,0.3040285000024596,10400.0,0.1781456999378861,88.71540832519531,,,,,,,,,,,,,,,,,,,
lcbench_189906,lcbench,RS,5,200,200,-88.598388671875,-88.598388671875,88.598388671875,,True,0.2971744999958901,0.11571009993349435,0.3082918999934918,10400.0,0.18146440006239573,88.598388671875,,,,,,,,,,,,,,,,,,,
lcbench_189906,lcbench,RS,6,200,200,-87.4960708618164,-87.4960708618164,87.4960708618164,,True,0.2518534000046202,0.0937611999179353,0.26198359999398235,10400.0,0.1580922000866849,87.4960708618164,,,,,,,,,,,,,,,,,,,
lcbench_189906,lcbench,RS,7,200,200,-90.30931091308594,-90.30931091308594,90.30931091308594,,True,0.24606290000519948,0.09064990004844731,0.25578020000102697,10400.0,0.15541299995675217,90.30931091308594,,,,,,,,,,,,,,,,,,,
lcbench_189906,lcbench,RS,8,200,200,-90.90449523925781,-90.90449523925781,90.90449523925781,,True,0.25174349999724654,0.09519339998951182,0.2614419000019552,10400.0,0.15655010000773473,90.90449523925781,,,,,,,,,,,,,,,,,,,
lcbench_189906,lcbench,RS,9,200,200,-88.8956298828125,-88.8956298828125,88.8956298828125,,True,0.24005880000186153,0.09031870001490461,0.250061699996877,10400.0,0.14974009998695692,88.8956298828125,,,,,,,,,,,,,,,,,,,
lcbench_189906,lcbench,RS,10,200,200,-88.78311920166016,-88.78311920166016,88.78311920166016,,True,0.22966900000028545,0.08224040005734423,0.23988800000370247,10400.0,0.14742859994294122,88.78311920166016,,,,,,,,,,,,,,,,,,,
lcbench_189906,lcbench,RS,11,200,200,-85.74484252929688,-85.74484252929688,85.74484252929688,,True,0.24117210000258638,0.08671499997581122,0.2511462999973446,10400.0,0.15445710002677515,85.74484252929688,,,,,,,,,,,,,,,,,,,
lcbench_189906,lcbench,RS,12,200,200,-89.07146453857422,-89.07146453857422,89.07146453857422,,True,0.20527900000161026,0.07302400004118681,0.21486490000097547,10400.0,0.13225499996042345,89.07146453857422,,,,,,,,,,,,,,,,,,,
lcbench_189906,lcbench,RS,13,200,200,-89.7341079711914,-89.7341079711914,89.7341079711914,,True,0.21001769999566022,0.07427910000114935,0.21951309999712976,10400.0,0.13573859999451088,89.7341079711914,,,,,,,,,,,,,,,,,,,
lcbench_189906,lcbench,RS,14,200,200,-88.86376190185547,-88.86376190185547,88.86376190185547,,True,0.20351629999640863,0.07268689999909839,0.2121871999988798,10400.0,0.13082939999731025,88.86376190185547,,,,,,,,,,,,,,,,,,,
lcbench_189906,lcbench,RS,15,200,200,-89.49105834960938,-89.49105834960938,89.49105834960938,,True,0.24002769999788143,0.08780150005623,0.2497979999970994,10400.0,0.15222619994165143,89.49105834960938,,,,,,,,,,,,,,,,,,,
lcbench_189906,lcbench,RS,16,200,200,-90.00837707519531,-90.00837707519531,90.00837707519531,,True,0.236834600000293,0.09070110002357978,0.24674509999749716,10400.0,0.1461334999767132,90.00837707519531,,,,,,,,,,,,,,,,,,,
lcbench_189906,lcbench,RS,17,200,200,-87.7574691772461,-87.7574691772461,87.7574691772461,,True,0.2575877999988734,0.10144469999067951,0.2912166999958572,10400.0,0.15614310000819387,87.7574691772461,,,,,,,,,,,,,,,,,,,
lcbench_189906,lcbench,RS,18,200,200,-92.11966705322266,-92.11966705322266,92.11966705322266,,True,0.24285370000143303,0.09300629999052035,0.2531632000027457,10400.0,0.14984740001091268,92.11966705322266,,,,,,,,,,,,,,,,,,,
lcbench_189906,lcbench,RS,19,200,200,-87.53980255126953,-87.53980255126953,87.53980255126953,,True,0.21760809999977937,0.0784447000187356,0.227977299997292,10400.0,0.13916339998104377,87.53980255126953,,,,,,,,,,,,,,,,,,,
lcbench_189906,lcbench,TPE,0,200,200,-90.62957763671875,-90.62957763671875,90.62957763671875,,True,6.030877299999702,0.1395321000381955,6.041601199998695,10400.0,5.891345199961506,90.62957763671875,,,,,,,,,,,,,,,,,,,
lcbench_189906,lcbench,TPE,1,200,200,-91.9834213256836,-91.9834213256836,91.9834213256836,,True,6.413645499997074,0.14116490002925275,6.424109799998405,10400.0,6.272480599967821,91.9834213256836,,,,,,,,,,,,,,,,,,,
lcbench_189906,lcbench,TPE,2,200,200,-91.14791107177734,-91.14791107177734,91.14791107177734,,True,5.5740137999964645,0.13599089998024283,5.584545899997465,10400.0,5.438022900016222,91.14791107177734,,,,,,,,,,,,,,,,,,,
lcbench_189906,lcbench,TPE,3,200,200,-94.4338150024414,-94.4338150024414,94.4338150024414,,True,6.26088119999622,0.1481971000757767,6.27125160000287,10400.0,6.112684099920443,94.4338150024414,,,,,,,,,,,,,,,,,,,
lcbench_189906,lcbench,TPE,4,200,200,-91.9620132446289,-91.9620132446289,91.9620132446289,,True,7.141068800003268,0.14547449992824113,7.1855423000015435,10400.0,6.995594300075027,91.9620132446289,,,,,,,,,,,,,,,,,,,
lcbench_189906,lcbench,TPE,5,200,200,-91.33656311035156,-91.33656311035156,91.33656311035156,,True,4.369057600000815,0.14785840007971274,4.380785699999251,10400.0,4.221199199921102,91.33656311035156,,,,,,,,,,,,,,,,,,,
lcbench_189906,lcbench,TPE,6,200,200,-92.87333679199219,-92.87333679199219,92.87333679199219,,True,5.014035600004718,0.14954270001180703,5.023757700000715,10400.0,4.864492899992911,92.87333679199219,,,,,,,,,,,,,,,,,,,
lcbench_189906,lcbench,TPE,7,200,200,-91.80989074707031,-91.80989074707031,91.80989074707031,,True,5.705460899996979,0.1495703999826219,5.749071999998705,10400.0,5.555890500014357,91.80989074707031,,,,,,,,,,,,,,,,,,,
lcbench_189906,lcbench,TPE,8,200,200,-92.25927734375,-92.25927734375,92.25927734375,,True,7.63032309999835,0.14414430002943845,7.670709600002738,10400.0,7.486178799968911,92.25927734375,,,,,,,,,,,,,,,,,,,
lcbench_189906,lcbench,TPE,9,200,200,-91.21016693115234,-91.21016693115234,91.21016693115234,,True,6.666461900000286,0.14699419996031793,6.7115929999999935,10400.0,6.519467700039968,91.21016693115234,,,,,,,,,,,,,,,,,,,
lcbench_189906,lcbench,TPE,10,200,200,-94.4237289428711,-94.4237289428711,94.4237289428711,,True,6.011997699999483,0.16163169994979398,6.022740600004909,10400.0,5.850366000049689,94.4237289428711,,,,,,,,,,,,,,,,,,,
lcbench_189906,lcbench,TPE,11,200,200,-91.32262420654297,-91.32262420654297,91.32262420654297,,True,4.276147199998377,0.1442621999885887,4.318188000004739,10400.0,4.131885000009788,91.32262420654297,,,,,,,,,,,,,,,,,,,
lcbench_189906,lcbench,TPE,12,200,200,-90.4699935913086,-90.4699935913086,90.4699935913086,,True,4.7572966000007,0.1466422999437782,4.767348099994706,10400.0,4.610654300056922,90.4699935913086,,,,,,,,,,,,,,,,,,,
lcbench_189906,lcbench,TPE,13,200,200,-91.92414093017578,-91.92414093017578,91.92414093017578,,True,6.878985699993791,0.14826899996842258,6.889784999999392,10400.0,6.7307167000253685,91.92414093017578,,,,,,,,,,,,,,,,,,,
lcbench_189906,lcbench,TPE,14,200,200,-91.15486907958984,-91.15486907958984,91.15486907958984,,True,5.388778500004264,0.14155470001423964,5.39977910000016,10400.0,5.247223799990024,91.15486907958984,,,,,,,,,,,,,,,,,,,
lcbench_189906,lcbench,TPE,15,200,200,-91.30660247802734,-91.30660247802734,91.30660247802734,,True,6.132944499993755,0.1443246000126237,6.1440309999961755,10400.0,5.988619899981131,91.30660247802734,,,,,,,,,,,,,,,,,,,
lcbench_189906,lcbench,TPE,16,200,200,-89.31303405761719,-89.31303405761719,89.31303405761719,,True,6.133876100000634,0.14346290001412854,6.176282100001117,10400.0,5.990413199986506,89.31303405761719,,,,,,,,,,,,,,,,,,,
lcbench_189906,lcbench,TPE,17,200,200,-94.5141830444336,-94.5141830444336,94.5141830444336,,True,6.33621399999538,0.14545169996563345,6.346401900002093,10400.0,6.190762300029746,94.5141830444336,,,,,,,,,,,,,,,,,,,
lcbench_189906,lcbench,TPE,18,200,200,-94.01543426513672,-94.01543426513672,94.01543426513672,,True,8.806216299999505,0.1418904000238399,8.816856099998404,10400.0,8.664325899975665,94.01543426513672,,,,,,,,,,,,,,,,,,,
lcbench_189906,lcbench,TPE,19,200,200,-93.94337463378906,-93.94337463378906,93.94337463378906,,True,6.104288100003032,0.14243289998557884,6.11513919999561,10400.0,5.961855200017453,93.94337463378906,,,,,,,,,,,,,,,,,,,
lcbench_189906,lcbench,TPE_HB,0,200,1806,-91.1124496459961,-91.1124496459961,91.1124496459961,,True,10.00120660000539,0.42305120012315456,10.007180099994002,10419.0,9.578155399882235,91.1124496459961,,,,,,,,,,,,,,,,,,,
lcbench_189906,lcbench,TPE_HB,1,200,1224,-89.87353515625,-89.87353515625,89.87353515625,,True,3.7242220000043744,0.20037720014806837,3.730387499999779,10413.0,3.523844799856306,89.87353515625,,,,,,,,,,,,,,,,,,,
lcbench_189906,lcbench,TPE_HB,2,200,1709,-90.69805908203125,-90.69805908203125,90.69805908203125,,True,5.600214599995525,0.28643259985983605,5.604946599996765,10400.0,5.313782000135689,90.69805908203125,,,,,,,,,,,,,,,,,,,
lcbench_189906,lcbench,TPE_HB,3,200,2125,-93.11421203613281,-93.11421203613281,93.11421203613281,,True,16.776912900000752,0.4539911002066219,16.78273089999857,10402.0,16.32292179979413,93.11421203613281,,,,,,,,,,,,,,,,,,,
lcbench_189906,lcbench,TPE_HB,4,200,1179,-91.43138122558594,-91.43138122558594,91.43138122558594,,True,2.9707952000026125,0.18975680010771612,2.9771963999955915,10406.0,2.7810383998948964,91.43138122558594,,,,,,,,,,,,,,,,,,,
lcbench_189906,lcbench,TPE_HB,5,200,1210,-90.17092895507812,-90.17092895507812,90.17092895507812,,True,3.744732799998019,0.21845249997568317,3.749650300000212,10405.0,3.5262803000223357,90.17092895507812,,,,,,,,,,,,,,,,,,,
lcbench_189906,lcbench,TPE_HB,6,200,1989,-92.09014892578125,-92.09014892578125,92.09014892578125,,True,24.871189500001492,0.7936674000520725,24.87836629999947,10401.0,24.07752209994942,92.09014892578125,,,,,,,,,,,,,,,,,,,
lcbench_189906,lcbench,TPE_HB,7,200,1674,-91.36339569091797,-91.36339569091797,91.36339569091797,,True,14.359051500003261,0.7622518998759915,14.364237900001172,10411.0,13.59679960012727,91.36339569091797,,,,,,,,,,,,,,,,,,,
lcbench_189906,lcbench,TPE_HB,8,200,1371,-91.52350616455078,-91.52350616455078,91.52350616455078,,True,19.856787199998507,0.6400940000457922,19.864300000001094,10409.0,19.216693199952715,91.52350616455078,,,,,,,,,,,,,,,,,,,
lcbench_189906,lcbench,TPE_HB,9,200,1633,-92.11123657226562,-92.11123657226562,92.11123657226562,,True,20.05819789999805,0.7918510997478734,20.063388299997314,10400.0,19.266346800250176,92.11123657226562,,,,,,,,,,,,,,,,,,,
lcbench_189906,lcbench,TPE_HB,10,200,1744,-92.54267120361328,-92.54267120361328,92.54267120361328,,True,20.420119300004444,0.9129484001459787,20.425446100001864,10400.0,19.507170899858465,92.54267120361328,,,,,,,,,,,,,,,,,,,
lcbench_189906,lcbench,TPE_HB,11,200,1452,-91.23069763183594,-91.23069763183594,91.23069763183594,,True,16.528460200002883,0.7722432998198201,16.537456800004293,10400.0,15.756216900183063,91.23069763183594,,,,,,,,,,,,,,,,,,,
lcbench_189906,lcbench,TPE_HB,12,200,1123,-90.86947631835938,-90.86947631835938,90.86947631835938,,True,6.944896399996651,0.5735338001468335,6.9539977999957046,10421.0,6.371362599849817,90.86947631835938,,,,,,,,,,,,,,,,,,,
lcbench_189906,lcbench,TPE_HB,13,200,1679,-90.8216552734375,-90.8216552734375,90.8216552734375,,True,14.527840899994771,0.9515305999666452,14.53780949999782,10406.0,13.576310300028126,90.8216552734375,,,,,,,,,,,,,,,,,,,
lcbench_189906,lcbench,TPE_HB,14,200,1281,-85.09672546386719,-85.09672546386719,85.09672546386719,,True,10.508913999998185,0.6974579000961967,10.519751300002099,10418.0,9.811456099901989,85.09672546386719,,,,,,,,,,,,,,,,,,,
lcbench_189906,lcbench,TPE_HB,15,200,1953,-92.6214370727539,-92.6214370727539,92.6214370727539,,True,29.144561399996746,1.1488905999867711,29.154980799998157,10402.0,27.995670800009975,92.6214370727539,,,,,,,,,,,,,,,,,,,
lcbench_189906,lcbench,TPE_HB,16,200,1761,-91.37593841552734,-91.37593841552734,91.37593841552734,,True,15.175170200003777,0.9962236998253502,15.182060200000706,10403.0,14.178946500178427,91.37593841552734,,,,,,,,,,,,,,,,,,,
lcbench_189906,lcbench,TPE_HB,17,200,1790,-91.61293029785156,-91.61293029785156,91.61293029785156,,True,16.943046000000322,1.0232233000642736,16.953710599998885,10416.0,15.919822699936049,91.61293029785156,,,,,,,,,,,,,,,,,,,
lcbench_189906,lcbench,TPE_HB,18,200,1225,-89.51359558105469,-89.51359558105469,89.51359558105469,,True,8.234975800005486,0.6629251000995282,8.244798699997773,10407.0,7.572050699905958,89.51359558105469,,,,,,,,,,,,,,,,,,,
lcbench_189906,lcbench,TPE_HB,19,200,1285,-90.67764282226562,-90.67764282226562,90.67764282226562,,True,9.591945600004692,0.743118300131755,9.602083300000231,10419.0,8.848827299872937,90.67764282226562,,,,,,,,,,,,,,,,,,,
lcbench_7593,lcbench,CMAES,0,200,200,-89.63865661621094,-89.63865661621094,89.63865661621094,,True,0.5893566000013379,0.14615060000505764,20.926928900000348,10400.0,0.4432059999962803,89.63865661621094,,,,,,,,,,,,,,,,,,,
lcbench_7593,lcbench,CMAES,1,200,200,-86.49848175048828,-86.49848175048828,86.49848175048828,,True,0.3162125999951968,0.05341039997438202,54.559405699998024,10400.0,0.2628022000208148,86.49848175048828,,,,,,,,,,,,,,,,,,,
lcbench_7593,lcbench,CMAES,2,200,200,-82.06367492675781,-82.06367492675781,82.06367492675781,,True,0.3192076999985147,0.055988299995078705,54.02703740000288,10400.0,0.263219400003436,82.06367492675781,,,,,,,,,,,,,,,,,,,
lcbench_7593,lcbench,CMAES,3,200,200,-79.05877685546875,-79.05877685546875,79.05877685546875,,True,0.30789560000266647,0.0572233000639244,53.99233670000103,10400.0,0.25067229993874207,79.05877685546875,,,,,,,,,,,,,,,,,,,
lcbench_7593,lcbench,CMAES,4,200,200,-87.28504180908203,-87.28504180908203,87.28504180908203,,True,0.44329120000475086,0.107835500028159,0.45458659999712836,10400.0,0.33545569997659186,87.28504180908203,,,,,,,,,,,,,,,,,,,
lcbench_7593,lcbench,CMAES,5,200,200,-82.04458618164062,-82.04458618164062,82.04458618164062,,True,0.42265009999391623,0.11397340006806189,0.43013539999810746,10400.0,0.30867669992585434,82.04458618164062,,,,,,,,,,,,,,,,,,,
lcbench_7593,lcbench,CMAES,6,200,200,-81.77118682861328,-81.77118682861328,81.77118682861328,,True,0.35068199999659555,0.0822760000519338,0.3591127999970922,10400.0,0.26840599994466174,81.77118682861328,,,,,,,,,,,,,,,,,,,
lcbench_7593,lcbench,CMAES,7,200,200,-86.45988464355469,-86.45988464355469,86.45988464355469,,True,0.34325969999918016,0.06425959996704478,53.91719000000012,10400.0,0.2790001000321354,86.45988464355469,,,,,,,,,,,,,,,,,,,
lcbench_7593,lcbench,CMAES,8,200,200,-90.04134368896484,-90.04134368896484,90.04134368896484,,True,0.40551050000067335,0.09867220000887755,0.41361809999943944,10400.0,0.3068382999917958,90.04134368896484,,,,,,,,,,,,,,,,,,,
lcbench_7593,lcbench,CMAES,9,200,200,-85.99609375,-85.99609375,85.99609375,,True,0.4145344999997178,0.1015807999719982,0.4237141999983578,10400.0,0.3129537000277196,85.99609375,,,,,,,,,,,,,,,,,,,
lcbench_7593,lcbench,CMAES,10,200,200,-83.42884063720703,-83.42884063720703,83.42884063720703,,True,0.4064395999957924,0.10050580002280185,0.41576530000020284,10400.0,0.3059337999729905,83.42884063720703,,,,,,,,,,,,,,,,,,,
lcbench_7593,lcbench,CMAES,11,200,200,-83.8931884765625,-83.8931884765625,83.8931884765625,,True,0.35967019999952754,0.07065499994496349,54.06413719999546,10400.0,0.28901520005456405,83.8931884765625,,,,,,,,,,,,,,,,,,,
lcbench_7593,lcbench,CMAES,12,200,200,-90.8306655883789,-90.8306655883789,90.8306655883789,,True,0.40307720000419067,0.09784190001664683,0.4094293000016478,10400.0,0.30523529998754384,90.8306655883789,,,,,,,,,,,,,,,,,,,
lcbench_7593,lcbench,CMAES,13,200,200,-85.61835479736328,-85.61835479736328,85.61835479736328,,True,0.5288269000011496,0.14007219995983178,0.5371333000002778,10400.0,0.38875470004131785,85.61835479736328,,,,,,,,,,,,,,,,,,,
lcbench_7593,lcbench,CMAES,14,200,200,-83.29814147949219,-83.29814147949219,83.29814147949219,,True,0.40386600000056205,0.08277929995529121,54.031125900000916,10400.0,0.32108670004527085,83.29814147949219,,,,,,,,,,,,,,,,,,,
lcbench_7593,lcbench,CMAES,15,200,200,-81.20791625976562,-81.20791625976562,81.20791625976562,,True,0.4352002000014181,0.1031483999977354,0.44264400000247406,10400.0,0.33205180000368273,81.20791625976562,,,,,,,,,,,,,,,,,,,
lcbench_7593,lcbench,CMAES,16,200,200,-86.88573455810547,-86.88573455810547,86.88573455810547,,True,0.4496510000026319,0.12077710003359243,0.4595928999988246,10400.0,0.3288738999690395,86.88573455810547,,,,,,,,,,,,,,,,,,,
lcbench_7593,lcbench,CMAES,17,200,200,-88.53385925292969,-88.53385925292969,88.53385925292969,,True,0.38314009999885457,0.09629140000470215,0.39172909999615513,10400.0,0.2868486999941524,88.53385925292969,,,,,,,,,,,,,,,,,,,
lcbench_7593,lcbench,CMAES,18,200,200,-81.51766967773438,-81.51766967773438,81.51766967773438,,True,0.41282330000103684,0.08959409999079071,53.6304317000031,10400.0,0.32322920001024613,81.51766967773438,,,,,,,,,,,,,,,,,,,
lcbench_7593,lcbench,CMAES,19,200,200,-86.52125549316406,-86.52125549316406,86.52125549316406,,True,0.4152382999964175,0.10216270002274541,0.42353020000155084,10400.0,0.31307559997367207,86.52125549316406,,,,,,,,,,,,,,,,,,,
lcbench_7593,lcbench,FMP,0,200,200,-78.77384185791016,-78.77384185791016,78.77384185791016,,True,1.4645718000101624,0.1421869999030605,57.89725650000037,10400.0,1.322384800107102,78.77384185791016,200.0,-78.77384185791016,0.515625,0.0,0.0,0.0,36.0,1.4642140000069048,0.16282729995145928,1.3013867000554455,0.59375,0.5087719298245614,0.40625,0.5256410256410257,0.0,,"{""T_mcmc"": 0.05021528037835243, ""burnin_fraction"": 0.21939164151847443, ""bw_prior_strength"": 89.80956876532602, ""decoder"": ""soft"", ""emission_mu"": [-0.00946430696609267, 0.0946430696609267, 0.014196460449139003], ""emission_sigma"": [0.05678584179655601, 0.23660767415231673, 0.01892861393218534], ""explore_subsample"": false, ""hmm_window"": 12, ""kde_tau"": 0.006205167444665816, ""n_chains"": 1, ""n_init"": 8, ""orchestrate_every"": 5, ""p_dream"": 0.0, ""rejection_streak"": 24, ""seed"": 0, ""sigma_fraction"": 0.022095999012449814, ""wide_sigma_fraction"": 0.3008503702038378}",,
lcbench_7593,lcbench,FMP,1,200,200,-82.09718322753906,-82.09718322753906,82.09718322753906,,True,1.681887499988079,0.15633980002894532,58.19194869999774,10400.0,1.5255476999591338,82.09718322753906,200.0,-82.09718322753906,0.4322916666666667,0.0,0.0,0.0,36.0,1.6815373999997973,0.18327839995617978,1.4982590000436176,0.4895833333333333,0.4148936170212766,0.5104166666666666,0.4489795918367347,0.0,,"{""T_mcmc"": 0.05021528037835243, ""burnin_fraction"": 0.21939164151847443, ""bw_prior_strength"": 89.80956876532602, ""decoder"": ""soft"", ""emission_mu"": [-0.00946430696609267, 0.0946430696609267, 0.014196460449139003], ""emission_sigma"": [0.05678584179655601, 0.23660767415231673, 0.01892861393218534], ""explore_subsample"": false, ""hmm_window"": 12, ""kde_tau"": 0.006205167444665816, ""n_chains"": 1, ""n_init"": 8, ""orchestrate_every"": 5, ""p_dream"": 0.0, ""rejection_streak"": 24, ""seed"": 1, ""sigma_fraction"": 0.022095999012449814, ""wide_sigma_fraction"": 0.3008503702038378}",,
lcbench_7593,lcbench,FMP,2,200,200,-85.7118148803711,-85.7118148803711,85.7118148803711,,True,1.4349522999982582,0.12809410017507616,57.763057899996056,10400.0,1.306858199823182,85.7118148803711,200.0,-85.7118148803711,0.4322916666666667,0.0,0.0,0.0,36.0,1.4346302000049036,0.14576069997565355,1.28886950002925,0.453125,0.42528735632183906,0.546875,0.4380952380952381,0.0,,"{""T_mcmc"": 0.05021528037835243, ""burnin_fraction"": 0.21939164151847443, ""bw_prior_strength"": 89.80956876532602, ""decoder"": ""soft"", ""emission_mu"": [-0.00946430696609267, 0.0946430696609267, 0.014196460449139003], ""emission_sigma"": [0.05678584179655601, 0.23660767415231673, 0.01892861393218534], ""explore_subsample"": false, ""hmm_window"": 12, ""kde_tau"": 0.006205167444665816, ""n_chains"": 1, ""n_init"": 8, ""orchestrate_every"": 5, ""p_dream"": 0.0, ""rejection_streak"": 24, ""seed"": 2, ""sigma_fraction"": 0.022095999012449814, ""wide_sigma_fraction"": 0.3008503702038378}",,
lcbench_7593,lcbench,FMP,3,200,200,-88.60143280029297,-88.60143280029297,88.60143280029297,,True,0.8769417000003159,0.08011180005269125,47.30650850001257,10400.0,0.7968298999476247,88.60143280029297,200.0,-88.60143280029297,0.5885416666666666,0.0,0.0,0.0,36.0,0.8766715000092518,0.0920268999907421,0.7846446000185097,0.625,0.6,0.375,0.5694444444444444,0.0,,"{""T_mcmc"": 0.05021528037835243, ""burnin_fraction"": 0.21939164151847443, ""bw_prior_strength"": 89.80956876532602, ""decoder"": ""soft"", ""emission_mu"": [-0.00946430696609267, 0.0946430696609267, 0.014196460449139003], ""emission_sigma"": [0.05678584179655601, 0.23660767415231673, 0.01892861393218534], ""explore_subsample"": false, ""hmm_window"": 12, ""kde_tau"": 0.006205167444665816, ""n_chains"": 1, ""n_init"": 8, ""orchestrate_every"": 5, ""p_dream"": 0.0, ""rejection_streak"": 24, ""seed"": 3, ""sigma_fraction"": 0.022095999012449814, ""wide_sigma_fraction"": 0.3008503702038378}",,
lcbench_7593,lcbench,FMP,4,200,200,-83.1143569946289,-83.1143569946289,83.1143569946289,,True,1.9391209000023082,0.17859069995756727,58.449664600004326,10400.0,1.760530200044741,83.1143569946289,200.0,-83.1143569946289,0.4010416666666667,0.0,0.0,0.0,36.0,1.938799100011238,0.19963870002538897,1.739160399985849,0.4583333333333333,0.3977272727272727,0.5416666666666666,0.40384615384615385,0.0,,"{""T_mcmc"": 0.05021528037835243, ""burnin_fraction"": 0.21939164151847443, ""bw_prior_strength"": 89.80956876532602, ""decoder"": ""soft"", ""emission_mu"": [-0.00946430696609267, 0.0946430696609267, 0.014196460449139003], ""emission_sigma"": [0.05678584179655601, 0.23660767415231673, 0.01892861393218534], ""explore_subsample"": false, ""hmm_window"": 12, ""kde_tau"": 0.006205167444665816, ""n_chains"": 1, ""n_init"": 8, ""orchestrate_every"": 5, ""p_dream"": 0.0, ""rejection_streak"": 24, ""seed"": 4, ""sigma_fraction"": 0.022095999012449814, ""wide_sigma_fraction"": 0.3008503702038378}",,
lcbench_7593,lcbench,FMP,5,200,200,-79.8333969116211,-79.8333969116211,79.8333969116211,,True,0.7708139000023948,0.0716791999002453,47.20255709999765,10400.0,0.6991347001021495,79.8333969116211,200.0,-79.8333969116211,0.5416666666666666,0.0,0.0,0.0,36.0,0.7704671000101371,0.08200900007796008,0.688458099932177,0.5572916666666666,0.5700934579439252,0.4427083333333333,0.5058823529411764,0.0,,"{""T_mcmc"": 0.05021528037835243, ""burnin_fraction"": 0.21939164151847443, ""bw_prior_strength"": 89.80956876532602, ""decoder"": ""soft"", ""emission_mu"": [-0.00946430696609267, 0.0946430696609267, 0.014196460449139003], ""emission_sigma"": [0.05678584179655601, 0.23660767415231673, 0.01892861393218534], ""explore_subsample"": false, ""hmm_window"": 12, ""kde_tau"": 0.006205167444665816, ""n_chains"": 1, ""n_init"": 8, ""orchestrate_every"": 5, ""p_dream"": 0.0, ""rejection_streak"": 24, ""seed"": 5, ""sigma_fraction"": 0.022095999012449814, ""wide_sigma_fraction"": 0.3008503702038378}",,
lcbench_7593,lcbench,FMP,6,200,200,-88.07103729248047,-88.07103729248047,88.07103729248047,,True,1.4779950999945868,0.13866089991643094,57.907955100003164,10400.0,1.3393342000781558,88.07103729248047,200.0,-88.07103729248047,0.4427083333333333,0.0,0.0,0.0,36.0,1.477488499993342,0.15786629996728152,1.3196222000260605,0.5520833333333334,0.4339622641509434,0.4479166666666667,0.45348837209302323,0.0,,"{""T_mcmc"": 0.05021528037835243, ""burnin_fraction"": 0.21939164151847443, ""bw_prior_strength"": 89.80956876532602, ""decoder"": ""soft"", ""emission_mu"": [-0.00946430696609267, 0.0946430696609267, 0.014196460449139003], ""emission_sigma"": [0.05678584179655601, 0.23660767415231673, 0.01892861393218534], ""explore_subsample"": false, ""hmm_window"": 12, ""kde_tau"": 0.006205167444665816, ""n_chains"": 1, ""n_init"": 8, ""orchestrate_every"": 5, ""p_dream"": 0.0, ""rejection_streak"": 24, ""seed"": 6, ""sigma_fraction"": 0.022095999012449814, ""wide_sigma_fraction"": 0.3008503702038378}",,
lcbench_7593,lcbench,FMP,7,200,200,-87.53446197509766,-87.53446197509766,87.53446197509766,,True,1.4387642000074266,0.14074679993791506,57.71010379999643,10400.0,1.2980174000695115,87.53446197509766,200.0,-87.53446197509766,0.4791666666666667,0.0,0.0,0.0,36.0,1.438516800000798,0.15833519991429057,1.2801816000865074,0.4895833333333333,0.5425531914893617,0.5104166666666666,0.41836734693877553,0.0,,"{""T_mcmc"": 0.05021528037835243, ""burnin_fraction"": 0.21939164151847443, ""bw_prior_strength"": 89.80956876532602, ""decoder"": ""soft"", ""emission_mu"": [-0.00946430696609267, 0.0946430696609267, 0.014196460449139003], ""emission_sigma"": [0.05678584179655601, 0.23660767415231673, 0.01892861393218534], ""explore_subsample"": false, ""hmm_window"": 12, ""kde_tau"": 0.006205167444665816, ""n_chains"": 1, ""n_init"": 8, ""orchestrate_every"": 5, ""p_dream"": 0.0, ""rejection_streak"": 24, ""seed"": 7, ""sigma_fraction"": 0.022095999012449814, ""wide_sigma_fraction"": 0.3008503702038378}",,
lcbench_7593,lcbench,FMP,8,200,200,-82.1987075805664,-82.1987075805664,82.1987075805664,,True,1.739399099998991,0.1626846998842666,58.29339669999899,10400.0,1.5767144001147244,82.1987075805664,200.0,-82.1987075805664,0.5104166666666666,0.0,0.0,0.0,36.0,1.7390973000001395,0.18249560006370302,1.5566016999364365,0.5729166666666666,0.5272727272727272,0.4270833333333333,0.4878048780487805,0.0,,"{""T_mcmc"": 0.05021528037835243, ""burnin_fraction"": 0.21939164151847443, ""bw_prior_strength"": 89.80956876532602, ""decoder"": ""soft"", ""emission_mu"": [-0.00946430696609267, 0.0946430696609267, 0.014196460449139003], ""emission_sigma"": [0.05678584179655601, 0.23660767415231673, 0.01892861393218534], ""explore_subsample"": false, ""hmm_window"": 12, ""kde_tau"": 0.006205167444665816, ""n_chains"": 1, ""n_init"": 8, ""orchestrate_every"": 5, ""p_dream"": 0.0, ""rejection_streak"": 24, ""seed"": 8, ""sigma_fraction"": 0.022095999012449814, ""wide_sigma_fraction"": 0.3008503702038378}",,
lcbench_7593,lcbench,FMP,9,200,200,-80.2973403930664,-80.2973403930664,80.2973403930664,,True,1.873800499990466,0.17878859996562824,58.3410326000012,10400.0,1.6950119000248378,80.2973403930664,200.0,-80.2973403930664,0.4791666666666667,0.0,0.0,0.0,36.0,1.8734410000033677,0.20234739991428796,1.6710936000890797,0.5052083333333334,0.4845360824742268,0.4947916666666667,0.47368421052631576,0.0,,"{""T_mcmc"": 0.05021528037835243, ""burnin_fraction"": 0.21939164151847443, ""bw_prior_strength"": 89.80956876532602, ""decoder"": ""soft"", ""emission_mu"": [-0.00946430696609267, 0.0946430696609267, 0.014196460449139003], ""emission_sigma"": [0.05678584179655601, 0.23660767415231673, 0.01892861393218534], ""explore_subsample"": false, ""hmm_window"": 12, ""kde_tau"": 0.006205167444665816, ""n_chains"": 1, ""n_init"": 8, ""orchestrate_every"": 5, ""p_dream"": 0.0, ""rejection_streak"": 24, ""seed"": 9, ""sigma_fraction"": 0.022095999012449814, ""wide_sigma_fraction"": 0.3008503702038378}",,
lcbench_7593,lcbench,FMP,10,200,200,-82.08935546875,-82.08935546875,82.08935546875,,True,0.6718683000071906,0.07194409995281603,6.7975865000044,10400.0,0.5999242000543745,82.08935546875,200.0,-82.08935546875,0.4427083333333333,0.0,0.0,0.0,36.0,0.6715555999981007,0.0814204999624053,0.5901351000356954,0.4895833333333333,0.5,0.5104166666666666,0.3877551020408163,0.0,,"{""T_mcmc"": 0.05021528037835243, ""burnin_fraction"": 0.21939164151847443, ""bw_prior_strength"": 89.80956876532602, ""decoder"": ""soft"", ""emission_mu"": [-0.00946430696609267, 0.0946430696609267, 0.014196460449139003], ""emission_sigma"": [0.05678584179655601, 0.23660767415231673, 0.01892861393218534], ""explore_subsample"": false, ""hmm_window"": 12, ""kde_tau"": 0.006205167444665816, ""n_chains"": 1, ""n_init"": 8, ""orchestrate_every"": 5, ""p_dream"": 0.0, ""rejection_streak"": 24, ""seed"": 10, ""sigma_fraction"": 0.022095999012449814, ""wide_sigma_fraction"": 0.3008503702038378}",,
lcbench_7593,lcbench,FMP,11,200,200,-83.15558624267578,-83.15558624267578,83.15558624267578,,True,1.471101599992835,0.13062740002351347,57.817695500008995,10400.0,1.3404741999693215,83.15558624267578,200.0,-83.15558624267578,0.46875,0.0,0.0,0.0,36.0,1.4707304000039585,0.14911369999754243,1.321616700006416,0.484375,0.44086021505376344,0.515625,0.494949494949495,0.0,,"{""T_mcmc"": 0.05021528037835243, ""burnin_fraction"": 0.21939164151847443, ""bw_prior_strength"": 89.80956876532602, ""decoder"": ""soft"", ""emission_mu"": [-0.00946430696609267, 0.0946430696609267, 0.014196460449139003], ""emission_sigma"": [0.05678584179655601, 0.23660767415231673, 0.01892861393218534], ""explore_subsample"": false, ""hmm_window"": 12, ""kde_tau"": 0.006205167444665816, ""n_chains"": 1, ""n_init"": 8, ""orchestrate_every"": 5, ""p_dream"": 0.0, ""rejection_streak"": 24, ""seed"": 11, ""sigma_fraction"": 0.022095999012449814, ""wide_sigma_fraction"": 0.3008503702038378}",,
lcbench_7593,lcbench,FMP,12,200,200,-84.51215362548828,-84.51215362548828,84.51215362548828,,True,0.5469866000057664,0.055881599997519515,0.5541510000039125,10400.0,0.49110500000824686,84.51215362548828,200.0,-84.51215362548828,0.4010416666666667,0.0,0.0,0.0,36.0,0.5468609999952605,0.0639276999863796,0.4829333000088809,0.375,0.4166666666666667,0.625,0.39166666666666666,0.0,,"{""T_mcmc"": 0.05021528037835243, ""burnin_fraction"": 0.21939164151847443, ""bw_prior_strength"": 89.80956876532602, ""decoder"": ""soft"", ""emission_mu"": [-0.00946430696609267, 0.0946430696609267, 0.014196460449139003], ""emission_sigma"": [0.05678584179655601, 0.23660767415231673, 0.01892861393218534], ""explore_subsample"": false, ""hmm_window"": 12, ""kde_tau"": 0.006205167444665816, ""n_chains"": 1, ""n_init"": 8, ""orchestrate_every"": 5, ""p_dream"": 0.0, ""rejection_streak"": 24, ""seed"": 12, ""sigma_fraction"": 0.022095999012449814, ""wide_sigma_fraction"": 0.3008503702038378}",,
lcbench_7593,lcbench,FMP,13,200,200,-81.70913696289062,-81.70913696289062,81.70913696289062,,True,0.5682013999903575,0.052401199922314845,0.574381500002346,10400.0,0.5158002000680426,81.70913696289062,200.0,-81.70913696289062,0.4739583333333333,0.0,0.0,0.0,36.0,0.5680831999925431,0.06035540006996598,0.5077277999225771,0.484375,0.5268817204301075,0.515625,0.42424242424242425,0.0,,"{""T_mcmc"": 0.05021528037835243, ""burnin_fraction"": 0.21939164151847443, ""bw_prior_strength"": 89.80956876532602, ""decoder"": ""soft"", ""emission_mu"": [-0.00946430696609267, 0.0946430696609267, 0.014196460449139003], ""emission_sigma"": [0.05678584179655601, 0.23660767415231673, 0.01892861393218534], ""explore_subsample"": false, ""hmm_window"": 12, ""kde_tau"": 0.006205167444665816, ""n_chains"": 1, ""n_init"": 8, ""orchestrate_every"": 5, ""p_dream"": 0.0, ""rejection_streak"": 24, ""seed"": 13, ""sigma_fraction"": 0.022095999012449814, ""wide_sigma_fraction"": 0.3008503702038378}",,
lcbench_7593,lcbench,FMP,14,200,200,-77.65795135498047,-77.65795135498047,77.65795135498047,,True,0.4920293000031961,0.045726700001978315,0.49980620000860654,10400.0,0.4463026000012178,77.65795135498047,200.0,-77.65795135498047,0.5364583333333334,0.0,0.0,0.0,36.0,0.49183320000884123,0.05288879998261109,0.43894440002623014,0.578125,0.5495495495495496,0.421875,0.5185185185185185,0.0,,"{""T_mcmc"": 0.05021528037835243, ""burnin_fraction"": 0.21939164151847443, ""bw_prior_strength"": 89.80956876532602, ""decoder"": ""soft"", ""emission_mu"": [-0.00946430696609267, 0.0946430696609267, 0.014196460449139003], ""emission_sigma"": [0.05678584179655601, 0.23660767415231673, 0.01892861393218534], ""explore_subsample"": false, ""hmm_window"": 12, ""kde_tau"": 0.006205167444665816, ""n_chains"": 1, ""n_init"": 8, ""orchestrate_every"": 5, ""p_dream"": 0.0, ""rejection_streak"": 24, ""seed"": 14, ""sigma_fraction"": 0.022095999012449814, ""wide_sigma_fraction"": 0.3008503702038378}",,
lcbench_7593,lcbench,FMP,15,200,200,-89.35120391845703,-89.35120391845703,89.35120391845703,,True,0.6460534999932861,0.05371269999886863,0.6538952000119025,10400.0,0.5923407999944175,89.35120391845703,200.0,-89.35120391845703,0.5520833333333334,0.0,0.0,0.0,36.0,0.6458936999988509,0.062210699907154776,0.5836830000916962,0.6822916666666666,0.5877862595419847,0.3177083333333333,0.47540983606557374,0.0,,"{""T_mcmc"": 0.05021528037835243, ""burnin_fraction"": 0.21939164151847443, ""bw_prior_strength"": 89.80956876532602, ""decoder"": ""soft"", ""emission_mu"": [-0.00946430696609267, 0.0946430696609267, 0.014196460449139003], ""emission_sigma"": [0.05678584179655601, 0.23660767415231673, 0.01892861393218534], ""explore_subsample"": false, ""hmm_window"": 12, ""kde_tau"": 0.006205167444665816, ""n_chains"": 1, ""n_init"": 8, ""orchestrate_every"": 5, ""p_dream"": 0.0, ""rejection_streak"": 24, ""seed"": 15, ""sigma_fraction"": 0.022095999012449814, ""wide_sigma_fraction"": 0.3008503702038378}",,
lcbench_7593,lcbench,FMP,16,200,200,-87.63502502441406,-87.63502502441406,87.63502502441406,,True,0.49461920000612736,0.045009199864580296,0.5020275999995647,10400.0,0.44961000014154706,87.63502502441406,200.0,-87.63502502441406,0.5885416666666666,0.0,0.0,0.0,36.0,0.49441569999908097,0.05209080010536127,0.4423248998937197,0.5833333333333334,0.6071428571428571,0.4166666666666667,0.5625,0.0,,"{""T_mcmc"": 0.05021528037835243, ""burnin_fraction"": 0.21939164151847443, ""bw_prior_strength"": 89.80956876532602, ""decoder"": ""soft"", ""emission_mu"": [-0.00946430696609267, 0.0946430696609267, 0.014196460449139003], ""emission_sigma"": [0.05678584179655601, 0.23660767415231673, 0.01892861393218534], ""explore_subsample"": false, ""hmm_window"": 12, ""kde_tau"": 0.006205167444665816, ""n_chains"": 1, ""n_init"": 8, ""orchestrate_every"": 5, ""p_dream"": 0.0, ""rejection_streak"": 24, ""seed"": 16, ""sigma_fraction"": 0.022095999012449814, ""wide_sigma_fraction"": 0.3008503702038378}",,
lcbench_7593,lcbench,FMP,17,200,200,-87.98876190185547,-87.98876190185547,87.98876190185547,,True,0.626481800005422,0.05475559999467805,0.6328733999980614,10400.0,0.5717262000107439,87.98876190185547,200.0,-87.98876190185547,0.4375,0.0,0.0,0.0,36.0,0.6263479000044754,0.06280540012812708,0.5635424998763483,0.46875,0.5222222222222223,0.53125,0.3627450980392157,0.0,,"{""T_mcmc"": 0.05021528037835243, ""burnin_fraction"": 0.21939164151847443, ""bw_prior_strength"": 89.80956876532602, ""decoder"": ""soft"", ""emission_mu"": [-0.00946430696609267, 0.0946430696609267, 0.014196460449139003], ""emission_sigma"": [0.05678584179655601, 0.23660767415231673, 0.01892861393218534], ""explore_subsample"": false, ""hmm_window"": 12, ""kde_tau"": 0.006205167444665816, ""n_chains"": 1, ""n_init"": 8, ""orchestrate_every"": 5, ""p_dream"": 0.0, ""rejection_streak"": 24, ""seed"": 17, ""sigma_fraction"": 0.022095999012449814, ""wide_sigma_fraction"": 0.3008503702038378}",,
lcbench_7593,lcbench,FMP,18,200,200,-85.65853881835938,-85.65853881835938,85.65853881835938,,True,0.5446247000072617,0.05314880014338996,0.5512137999903644,10400.0,0.49147589986387175,85.65853881835938,200.0,-85.65853881835938,0.4791666666666667,0.0,0.0,0.0,36.0,0.5444826000020839,0.060953400025027804,0.4835291999770561,0.5625,0.5185185185185185,0.4375,0.42857142857142855,0.0,,"{""T_mcmc"": 0.05021528037835243, ""burnin_fraction"": 0.21939164151847443, ""bw_prior_strength"": 89.80956876532602, ""decoder"": ""soft"", ""emission_mu"": [-0.00946430696609267, 0.0946430696609267, 0.014196460449139003], ""emission_sigma"": [0.05678584179655601, 0.23660767415231673, 0.01892861393218534], ""explore_subsample"": false, ""hmm_window"": 12, ""kde_tau"": 0.006205167444665816, ""n_chains"": 1, ""n_init"": 8, ""orchestrate_every"": 5, ""p_dream"": 0.0, ""rejection_streak"": 24, ""seed"": 18, ""sigma_fraction"": 0.022095999012449814, ""wide_sigma_fraction"": 0.3008503702038378}",,
lcbench_7593,lcbench,FMP,19,200,200,-81.86731719970703,-81.86731719970703,81.86731719970703,,True,0.668525100001716,0.058995200030039996,0.6774932999978773,10400.0,0.6095298999716761,81.86731719970703,200.0,-81.86731719970703,0.4583333333333333,0.0,0.0,0.0,36.0,0.6683603999990737,0.06745970001793467,0.600900699981139,0.4895833333333333,0.48936170212765956,0.5104166666666666,0.42857142857142855,0.0,,"{""T_mcmc"": 0.05021528037835243, ""burnin_fraction"": 0.21939164151847443, ""bw_prior_strength"": 89.80956876532602, ""decoder"": ""soft"", ""emission_mu"": [-0.00946430696609267, 0.0946430696609267, 0.014196460449139003], ""emission_sigma"": [0.05678584179655601, 0.23660767415231673, 0.01892861393218534], ""explore_subsample"": false, ""hmm_window"": 12, ""kde_tau"": 0.006205167444665816, ""n_chains"": 1, ""n_init"": 8, ""orchestrate_every"": 5, ""p_dream"": 0.0, ""rejection_streak"": 24, ""seed"": 19, ""sigma_fraction"": 0.022095999012449814, ""wide_sigma_fraction"": 0.3008503702038378}",,
lcbench_7593,lcbench,FMP_DREAM,0,200,200,-80.2630386352539,-80.2630386352539,80.2630386352539,,True,0.490167099997052,0.05571410014817957,0.49910659999295603,10400.0,0.4344529998488724,80.2630386352539,200.0,-80.2630386352539,0.20833333333333334,0.7552083333333334,0.0,0.0,36.0,0.4900076999911107,0.0643361999100307,0.42567150008108,0.22395833333333334,0.3023255813953488,0.7760416666666666,0.18120805369127516,0.0,,"{""T_mcmc"": 0.05021528037835243, ""burnin_fraction"": 0.21939164151847443, ""bw_prior_strength"": 89.80956876532602, ""decoder"": ""soft"", ""emission_mu"": [-0.00946430696609267, 0.0946430696609267, 0.014196460449139003], ""emission_sigma"": [0.05678584179655601, 0.23660767415231673, 0.01892861393218534], ""explore_subsample"": false, ""hmm_window"": 12, ""kde_tau"": 0.006205167444665816, ""n_chains"": 1, ""n_init"": 8, ""orchestrate_every"": 5, ""p_dream"": 0.7412354684077219, ""rejection_streak"": 24, ""seed"": 0, ""sigma_fraction"": 0.022095999012449814, ""wide_sigma_fraction"": 0.3008503702038378}",,
lcbench_7593,lcbench,FMP_DREAM,1,200,200,-80.40062713623047,-80.40062713623047,80.40062713623047,,True,0.6897850000095787,0.07562420004978776,0.6988847999891732,10400.0,0.6141607999597909,80.40062713623047,200.0,-80.40062713623047,0.171875,0.7760416666666666,0.0,0.0,36.0,0.6896082000021124,0.08756090005044825,0.6020472999516642,0.2604166666666667,0.12,0.7395833333333334,0.19014084507042253,0.0,,"{""T_mcmc"": 0.05021528037835243, ""burnin_fraction"": 0.21939164151847443, ""bw_prior_strength"": 89.80956876532602, ""decoder"": ""soft"", ""emission_mu"": [-0.00946430696609267, 0.0946430696609267, 0.014196460449139003], ""emission_sigma"": [0.05678584179655601, 0.23660767415231673, 0.01892861393218534], ""explore_subsample"": false, ""hmm_window"": 12, ""kde_tau"": 0.006205167444665816, ""n_chains"": 1, ""n_init"": 8, ""orchestrate_every"": 5, ""p_dream"": 0.7412354684077219, ""rejection_streak"": 24, ""seed"": 1, ""sigma_fraction"": 0.022095999012449814, ""wide_sigma_fraction"": 0.3008503702038378}",,
lcbench_7593,lcbench,FMP_DREAM,2,200,200,-86.72149658203125,-86.72149658203125,86.72149658203125,,True,0.4779266999976244,0.06161309982417151,0.4874786000000313,10400.0,0.41631360017345287,86.72149658203125,200.0,-86.72149658203125,0.19791666666666666,0.7552083333333334,0.0,0.0,36.0,0.4777717999968445,0.07035849995736498,0.4074133000394795,0.22916666666666666,0.25,0.7708333333333334,0.18243243243243243,0.0,,"{""T_mcmc"": 0.05021528037835243, ""burnin_fraction"": 0.21939164151847443, ""bw_prior_strength"": 89.80956876532602, ""decoder"": ""soft"", ""emission_mu"": [-0.00946430696609267, 0.0946430696609267, 0.014196460449139003], ""emission_sigma"": [0.05678584179655601, 0.23660767415231673, 0.01892861393218534], ""explore_subsample"": false, ""hmm_window"": 12, ""kde_tau"": 0.006205167444665816, ""n_chains"": 1, ""n_init"": 8, ""orchestrate_every"": 5, ""p_dream"": 0.7412354684077219, ""rejection_streak"": 24, ""seed"": 2, ""sigma_fraction"": 0.022095999012449814, ""wide_sigma_fraction"": 0.3008503702038378}",,
lcbench_7593,lcbench,FMP_DREAM,3,200,200,-86.6213150024414,-86.6213150024414,86.6213150024414,,True,0.3936132000089856,0.045612499947310425,0.39983319999009836,10400.0,0.34800070006167516,86.6213150024414,200.0,-86.6213150024414,0.15625,0.765625,0.0,0.0,36.0,0.3934867000061786,0.053054200106998906,0.3404324998991797,0.17708333333333334,0.20588235294117646,0.8125,0.14102564102564102,0.010416666666666666,0.5,"{""T_mcmc"": 0.05021528037835243, ""burnin_fraction"": 0.21939164151847443, ""bw_prior_strength"": 89.80956876532602, ""decoder"": ""soft"", ""emission_mu"": [-0.00946430696609267, 0.0946430696609267, 0.014196460449139003], ""emission_sigma"": [0.05678584179655601, 0.23660767415231673, 0.01892861393218534], ""explore_subsample"": false, ""hmm_window"": 12, ""kde_tau"": 0.006205167444665816, ""n_chains"": 1, ""n_init"": 8, ""orchestrate_every"": 5, ""p_dream"": 0.7412354684077219, ""rejection_streak"": 24, ""seed"": 3, ""sigma_fraction"": 0.022095999012449814, ""wide_sigma_fraction"": 0.3008503702038378}",,
lcbench_7593,lcbench,FMP_DREAM,4,200,200,-88.99334716796875,-88.99334716796875,88.99334716796875,,True,0.4223104999982752,0.04966199997579679,0.4303113000059966,10400.0,0.3726485000224784,88.99334716796875,200.0,-88.99334716796875,0.15104166666666666,0.7552083333333334,0.0,0.0,36.0,0.42215449998911936,0.057518200104823336,0.364636299884296,0.23958333333333334,0.15217391304347827,0.7604166666666666,0.1506849315068493,0.0,,"{""T_mcmc"": 0.05021528037835243, ""burnin_fraction"": 0.21939164151847443, ""bw_prior_strength"": 89.80956876532602, ""decoder"": ""soft"", ""emission_mu"": [-0.00946430696609267, 0.0946430696609267, 0.014196460449139003], ""emission_sigma"": [0.05678584179655601, 0.23660767415231673, 0.01892861393218534], ""explore_subsample"": false, ""hmm_window"": 12, ""kde_tau"": 0.006205167444665816, ""n_chains"": 1, ""n_init"": 8, ""orchestrate_every"": 5, ""p_dream"": 0.7412354684077219, ""rejection_streak"": 24, ""seed"": 4, ""sigma_fraction"": 0.022095999012449814, ""wide_sigma_fraction"": 0.3008503702038378}",,
lcbench_7593,lcbench,FMP_DREAM,5,200,200,-84.75688171386719,-84.75688171386719,84.75688171386719,,True,0.40162859999691136,0.04821689992968459,0.40738479999708943,10400.0,0.3534117000672268,84.75688171386719,200.0,-84.75688171386719,0.1875,0.7447916666666666,0.0,0.0,36.0,0.4015018000063719,0.055755499968654476,0.34574630003771745,0.22395833333333334,0.27906976744186046,0.7760416666666666,0.1610738255033557,0.0,,"{""T_mcmc"": 0.05021528037835243, ""burnin_fraction"": 0.21939164151847443, ""bw_prior_strength"": 89.80956876532602, ""decoder"": ""soft"", ""emission_mu"": [-0.00946430696609267, 0.0946430696609267, 0.014196460449139003], ""emission_sigma"": [0.05678584179655601, 0.23660767415231673, 0.01892861393218534], ""explore_subsample"": false, ""hmm_window"": 12, ""kde_tau"": 0.006205167444665816, ""n_chains"": 1, ""n_init"": 8, ""orchestrate_every"": 5, ""p_dream"": 0.7412354684077219, ""rejection_streak"": 24, ""seed"": 5, ""sigma_fraction"": 0.022095999012449814, ""wide_sigma_fraction"": 0.3008503702038378}",,
lcbench_7593,lcbench,FMP_DREAM,6,200,200,-87.34100341796875,-87.34100341796875,87.34100341796875,,True,0.3960588999907486,0.04568300004757475,0.4024727000069106,10400.0,0.35037589994317386,87.34100341796875,200.0,-87.34100341796875,0.16145833333333334,0.765625,0.0,0.0,36.0,0.3959345999901416,0.05320520001987461,0.34272939997026697,0.171875,0.15151515151515152,0.828125,0.16352201257861634,0.0,,"{""T_mcmc"": 0.05021528037835243, ""burnin_fraction"": 0.21939164151847443, ""bw_prior_strength"": 89.80956876532602, ""decoder"": ""soft"", ""emission_mu"": [-0.00946430696609267, 0.0946430696609267, 0.014196460449139003], ""emission_sigma"": [0.05678584179655601, 0.23660767415231673, 0.01892861393218534], ""explore_subsample"": false, ""hmm_window"": 12, ""kde_tau"": 0.006205167444665816, ""n_chains"": 1, ""n_init"": 8, ""orchestrate_every"": 5, ""p_dream"": 0.7412354684077219, ""rejection_streak"": 24, ""seed"": 6, ""sigma_fraction"": 0.022095999012449814, ""wide_sigma_fraction"": 0.3008503702038378}",,
lcbench_7593,lcbench,FMP_DREAM,7,200,200,-85.52760314941406,-85.52760314941406,85.52760314941406,,True,0.4182638000056613,0.05087720009032637,0.42578750000393484,10400.0,0.36738659991533495,85.52760314941406,200.0,-85.52760314941406,0.17708333333333334,0.7552083333333334,0.0,0.0,36.0,0.41806999999971595,0.05867799992847722,0.3593920000712387,0.17708333333333334,0.2647058823529412,0.8229166666666666,0.15822784810126583,0.0,,"{""T_mcmc"": 0.05021528037835243, ""burnin_fraction"": 0.21939164151847443, ""bw_prior_strength"": 89.80956876532602, ""decoder"": ""soft"", ""emission_mu"": [-0.00946430696609267, 0.0946430696609267, 0.014196460449139003], ""emission_sigma"": [0.05678584179655601, 0.23660767415231673, 0.01892861393218534], ""explore_subsample"": false, ""hmm_window"": 12, ""kde_tau"": 0.006205167444665816, ""n_chains"": 1, ""n_init"": 8, ""orchestrate_every"": 5, ""p_dream"": 0.7412354684077219, ""rejection_streak"": 24, ""seed"": 7, ""sigma_fraction"": 0.022095999012449814, ""wide_sigma_fraction"": 0.3008503702038378}",,
lcbench_7593,lcbench,FMP_DREAM,8,200,200,-85.07140350341797,-85.07140350341797,85.07140350341797,,True,0.40363880000950303,0.045728699973551556,0.41053579999424983,10400.0,0.3579101000359515,85.07140350341797,200.0,-85.07140350341797,0.19791666666666666,0.7395833333333334,0.0,0.0,36.0,0.4034840999956941,0.05321830010507256,0.35026579989062157,0.3020833333333333,0.20689655172413793,0.6979166666666666,0.19402985074626866,0.0,,"{""T_mcmc"": 0.05021528037835243, ""burnin_fraction"": 0.21939164151847443, ""bw_prior_strength"": 89.80956876532602, ""decoder"": ""soft"", ""emission_mu"": [-0.00946430696609267, 0.0946430696609267, 0.014196460449139003], ""emission_sigma"": [0.05678584179655601, 0.23660767415231673, 0.01892861393218534], ""explore_subsample"": false, ""hmm_window"": 12, ""kde_tau"": 0.006205167444665816, ""n_chains"": 1, ""n_init"": 8, ""orchestrate_every"": 5, ""p_dream"": 0.7412354684077219, ""rejection_streak"": 24, ""seed"": 8, ""sigma_fraction"": 0.022095999012449814, ""wide_sigma_fraction"": 0.3008503702038378}",,
lcbench_7593,lcbench,FMP_DREAM,9,200,200,-85.38384246826172,-85.38384246826172,85.38384246826172,,True,0.4175855999928899,0.04873869993025437,0.4254469000006793,10400.0,0.36884690006263554,85.38384246826172,200.0,-85.38384246826172,0.22916666666666666,0.7447916666666666,0.0,0.0,36.0,0.41740599999320693,0.05677319993264973,0.3606328000605572,0.25,0.3333333333333333,0.7395833333333334,0.19014084507042253,0.010416666666666666,0.5,"{""T_mcmc"": 0.05021528037835243, ""burnin_fraction"": 0.21939164151847443, ""bw_prior_strength"": 89.80956876532602, ""decoder"": ""soft"", ""emission_mu"": [-0.00946430696609267, 0.0946430696609267, 0.014196460449139003], ""emission_sigma"": [0.05678584179655601, 0.23660767415231673, 0.01892861393218534], ""explore_subsample"": false, ""hmm_window"": 12, ""kde_tau"": 0.006205167444665816, ""n_chains"": 1, ""n_init"": 8, ""orchestrate_every"": 5, ""p_dream"": 0.7412354684077219, ""rejection_streak"": 24, ""seed"": 9, ""sigma_fraction"": 0.022095999012449814, ""wide_sigma_fraction"": 0.3008503702038378}",,
lcbench_7593,lcbench,FMP_DREAM,10,200,200,-86.51795196533203,-86.51795196533203,86.51795196533203,,True,0.41288279999571387,0.04434310007491149,0.42069030000129715,10400.0,0.3685396999208024,86.51795196533203,200.0,-86.51795196533203,0.19270833333333334,0.75,0.0,0.0,36.0,0.4127329000039026,0.05218519989284687,0.36054770011105575,0.203125,0.3333333333333333,0.7552083333333334,0.15172413793103448,0.041666666666666664,0.25,"{""T_mcmc"": 0.05021528037835243, ""burnin_fraction"": 0.21939164151847443, ""bw_prior_strength"": 89.80956876532602, ""decoder"": ""soft"", ""emission_mu"": [-0.00946430696609267, 0.0946430696609267, 0.014196460449139003], ""emission_sigma"": [0.05678584179655601, 0.23660767415231673, 0.01892861393218534], ""explore_subsample"": false, ""hmm_window"": 12, ""kde_tau"": 0.006205167444665816, ""n_chains"": 1, ""n_init"": 8, ""orchestrate_every"": 5, ""p_dream"": 0.7412354684077219, ""rejection_streak"": 24, ""seed"": 10, ""sigma_fraction"": 0.022095999012449814, ""wide_sigma_fraction"": 0.3008503702038378}",,
lcbench_7593,lcbench,FMP_DREAM,11,200,200,-88.19206237792969,-88.19206237792969,88.19206237792969,,True,0.4027893000020413,0.04217809994588606,0.40893570000480395,10400.0,0.3606112000561552,88.19206237792969,200.0,-88.19206237792969,0.203125,0.734375,0.0,0.0,36.0,0.40266540000448003,0.049697100068442523,0.3529682999360375,0.21354166666666666,0.21951219512195122,0.7760416666666666,0.19463087248322147,0.010416666666666666,0.5,"{""T_mcmc"": 0.05021528037835243, ""burnin_fraction"": 0.21939164151847443, ""bw_prior_strength"": 89.80956876532602, ""decoder"": ""soft"", ""emission_mu"": [-0.00946430696609267, 0.0946430696609267, 0.014196460449139003], ""emission_sigma"": [0.05678584179655601, 0.23660767415231673, 0.01892861393218534], ""explore_subsample"": false, ""hmm_window"": 12, ""kde_tau"": 0.006205167444665816, ""n_chains"": 1, ""n_init"": 8, ""orchestrate_every"": 5, ""p_dream"": 0.7412354684077219, ""rejection_streak"": 24, ""seed"": 11, ""sigma_fraction"": 0.022095999012449814, ""wide_sigma_fraction"": 0.3008503702038378}",,
lcbench_7593,lcbench,FMP_DREAM,12,200,200,-87.34166717529297,-87.34166717529297,87.34166717529297,,True,0.3835813000041526,0.040265400253701955,0.3895870999986073,10400.0,0.3433158997504506,87.34166717529297,200.0,-87.34166717529297,0.125,0.796875,0.0,0.0,36.0,0.3834218999982113,0.04772010003216565,0.33570179996604566,0.19270833333333334,0.24324324324324326,0.796875,0.0915032679738562,0.010416666666666666,0.5,"{""T_mcmc"": 0.05021528037835243, ""burnin_fraction"": 0.21939164151847443, ""bw_prior_strength"": 89.80956876532602, ""decoder"": ""soft"", ""emission_mu"": [-0.00946430696609267, 0.0946430696609267, 0.014196460449139003], ""emission_sigma"": [0.05678584179655601, 0.23660767415231673, 0.01892861393218534], ""explore_subsample"": false, ""hmm_window"": 12, ""kde_tau"": 0.006205167444665816, ""n_chains"": 1, ""n_init"": 8, ""orchestrate_every"": 5, ""p_dream"": 0.7412354684077219, ""rejection_streak"": 24, ""seed"": 12, ""sigma_fraction"": 0.022095999012449814, ""wide_sigma_fraction"": 0.3008503702038378}",,
lcbench_7593,lcbench,FMP_DREAM,13,200,200,-88.0085678100586,-88.0085678100586,88.0085678100586,,True,0.3843009999982314,0.04098319988406729,0.3907868999958737,10400.0,0.34331780011416413,88.0085678100586,200.0,-88.0085678100586,0.17708333333333334,0.7864583333333334,0.0,0.0,36.0,0.3841586000053212,0.04853780008852482,0.3356207999167964,0.18229166666666666,0.11428571428571428,0.7864583333333334,0.18543046357615894,0.03125,0.3333333333333333,"{""T_mcmc"": 0.05021528037835243, ""burnin_fraction"": 0.21939164151847443, ""bw_prior_strength"": 89.80956876532602, ""decoder"": ""soft"", ""emission_mu"": [-0.00946430696609267, 0.0946430696609267, 0.014196460449139003], ""emission_sigma"": [0.05678584179655601, 0.23660767415231673, 0.01892861393218534], ""explore_subsample"": false, ""hmm_window"": 12, ""kde_tau"": 0.006205167444665816, ""n_chains"": 1, ""n_init"": 8, ""orchestrate_every"": 5, ""p_dream"": 0.7412354684077219, ""rejection_streak"": 24, ""seed"": 13, ""sigma_fraction"": 0.022095999012449814, ""wide_sigma_fraction"": 0.3008503702038378}",,
lcbench_7593,lcbench,FMP_DREAM,14,200,200,-86.96697998046875,-86.96697998046875,86.96697998046875,,True,0.473236599995289,0.04643980000400916,0.4814141999959247,10400.0,0.42679679999127984,86.96697998046875,200.0,-86.96697998046875,0.20833333333333334,0.7604166666666666,0.0,0.0,36.0,0.4730639999906998,0.0546879999601515,0.4183760000305483,0.24479166666666666,0.19148936170212766,0.7552083333333334,0.21379310344827587,0.0,,"{""T_mcmc"": 0.05021528037835243, ""burnin_fraction"": 0.21939164151847443, ""bw_prior_strength"": 89.80956876532602, ""decoder"": ""soft"", ""emission_mu"": [-0.00946430696609267, 0.0946430696609267, 0.014196460449139003], ""emission_sigma"": [0.05678584179655601, 0.23660767415231673, 0.01892861393218534], ""explore_subsample"": false, ""hmm_window"": 12, ""kde_tau"": 0.006205167444665816, ""n_chains"": 1, ""n_init"": 8, ""orchestrate_every"": 5, ""p_dream"": 0.7412354684077219, ""rejection_streak"": 24, ""seed"": 14, ""sigma_fraction"": 0.022095999012449814, ""wide_sigma_fraction"": 0.3008503702038378}",,
lcbench_7593,lcbench,FMP_DREAM,15,200,200,-87.74374389648438,-87.74374389648438,87.74374389648438,,True,0.5369829000119353,0.06078650009294506,0.5507549000030849,10400.0,0.4761963999189902,87.74374389648438,200.0,-87.74374389648438,0.20833333333333334,0.7395833333333334,0.0,0.0,36.0,0.5368229000014253,0.07002310005191248,0.4667997999495128,0.3177083333333333,0.16393442622950818,0.6822916666666666,0.22900763358778625,0.0,,"{""T_mcmc"": 0.05021528037835243, ""burnin_fraction"": 0.21939164151847443, ""bw_prior_strength"": 89.80956876532602, ""decoder"": ""soft"", ""emission_mu"": [-0.00946430696609267, 0.0946430696609267, 0.014196460449139003], ""emission_sigma"": [0.05678584179655601, 0.23660767415231673, 0.01892861393218534], ""explore_subsample"": false, ""hmm_window"": 12, ""kde_tau"": 0.006205167444665816, ""n_chains"": 1, ""n_init"": 8, ""orchestrate_every"": 5, ""p_dream"": 0.7412354684077219, ""rejection_streak"": 24, ""seed"": 15, ""sigma_fraction"": 0.022095999012449814, ""wide_sigma_fraction"": 0.3008503702038378}",,
lcbench_7593,lcbench,FMP_DREAM,16,200,200,-82.0621109008789,-82.0621109008789,82.0621109008789,,True,0.685002500002156,0.07547809994139243,0.692870300001232,10400.0,0.6095244000607636,82.0621109008789,200.0,-82.0621109008789,0.1875,0.7239583333333334,0.0,0.0,36.0,0.6848521000065375,0.0871031000133371,0.5977489999932004,0.19270833333333334,0.35135135135135137,0.8020833333333334,0.14285714285714285,0.005208333333333333,1.0,"{""T_mcmc"": 0.05021528037835243, ""burnin_fraction"": 0.21939164151847443, ""bw_prior_strength"": 89.80956876532602, ""decoder"": ""soft"", ""emission_mu"": [-0.00946430696609267, 0.0946430696609267, 0.014196460449139003], ""emission_sigma"": [0.05678584179655601, 0.23660767415231673, 0.01892861393218534], ""explore_subsample"": false, ""hmm_window"": 12, ""kde_tau"": 0.006205167444665816, ""n_chains"": 1, ""n_init"": 8, ""orchestrate_every"": 5, ""p_dream"": 0.7412354684077219, ""rejection_streak"": 24, ""seed"": 16, ""sigma_fraction"": 0.022095999012449814, ""wide_sigma_fraction"": 0.3008503702038378}",,
lcbench_7593,lcbench,FMP_DREAM,17,200,200,-86.84564208984375,-86.84564208984375,86.84564208984375,,True,0.5675889999984065,0.06879980005032849,0.5837858000013512,10400.0,0.498789199948078,86.84564208984375,200.0,-86.84564208984375,0.1875,0.78125,0.0,0.0,36.0,0.5673663999914424,0.07840810006018728,0.48895829993125517,0.2552083333333333,0.10204081632653061,0.7395833333333334,0.2112676056338028,0.005208333333333333,1.0,"{""T_mcmc"": 0.05021528037835243, ""burnin_fraction"": 0.21939164151847443, ""bw_prior_strength"": 89.80956876532602, ""decoder"": ""soft"", ""emission_mu"": [-0.00946430696609267, 0.0946430696609267, 0.014196460449139003], ""emission_sigma"": [0.05678584179655601, 0.23660767415231673, 0.01892861393218534], ""explore_subsample"": false, ""hmm_window"": 12, ""kde_tau"": 0.006205167444665816, ""n_chains"": 1, ""n_init"": 8, ""orchestrate_every"": 5, ""p_dream"": 0.7412354684077219, ""rejection_streak"": 24, ""seed"": 17, ""sigma_fraction"": 0.022095999012449814, ""wide_sigma_fraction"": 0.3008503702038378}",,
lcbench_7593,lcbench,FMP_DREAM,18,200,200,-84.87724304199219,-84.87724304199219,84.87724304199219,,True,0.6251465999957873,0.08692979995976202,0.6489067999937106,10400.0,0.5382168000360252,84.87724304199219,200.0,-84.87724304199219,0.265625,0.71875,0.0,0.0,36.0,0.6237217000016244,0.09928620007121935,0.5244354999304051,0.3385416666666667,0.3076923076923077,0.6614583333333334,0.2440944881889764,0.0,,"{""T_mcmc"": 0.05021528037835243, ""burnin_fraction"": 0.21939164151847443, ""bw_prior_strength"": 89.80956876532602, ""decoder"": ""soft"", ""emission_mu"": [-0.00946430696609267, 0.0946430696609267, 0.014196460449139003], ""emission_sigma"": [0.05678584179655601, 0.23660767415231673, 0.01892861393218534], ""explore_subsample"": false, ""hmm_window"": 12, ""kde_tau"": 0.006205167444665816, ""n_chains"": 1, ""n_init"": 8, ""orchestrate_every"": 5, ""p_dream"": 0.7412354684077219, ""rejection_streak"": 24, ""seed"": 18, ""sigma_fraction"": 0.022095999012449814, ""wide_sigma_fraction"": 0.3008503702038378}",,
lcbench_7593,lcbench,FMP_DREAM,19,200,200,-81.65055847167969,-81.65055847167969,81.65055847167969,,True,0.44961890000558924,0.053595399964251556,0.4573479000100633,10400.0,0.3960235000413377,81.65055847167969,200.0,-81.65055847167969,0.25,0.7239583333333334,0.0,0.0,36.0,0.44946299999719486,0.061664300053962506,0.38779869994323235,0.34375,0.3484848484848485,0.65625,0.1984126984126984,0.0,,"{""T_mcmc"": 0.05021528037835243, ""burnin_fraction"": 0.21939164151847443, ""bw_prior_strength"": 89.80956876532602, ""decoder"": ""soft"", ""emission_mu"": [-0.00946430696609267, 0.0946430696609267, 0.014196460449139003], ""emission_sigma"": [0.05678584179655601, 0.23660767415231673, 0.01892861393218534], ""explore_subsample"": false, ""hmm_window"": 12, ""kde_tau"": 0.006205167444665816, ""n_chains"": 1, ""n_init"": 8, ""orchestrate_every"": 5, ""p_dream"": 0.7412354684077219, ""rejection_streak"": 24, ""seed"": 19, ""sigma_fraction"": 0.022095999012449814, ""wide_sigma_fraction"": 0.3008503702038378}",,
lcbench_7593,lcbench,GP,0,200,200,-91.65486907958984,-91.65486907958984,91.65486907958984,,True,103.96950959999958,0.14208329998655245,103.98413340000116,10400.0,103.82742630001303,91.65486907958984,,,,,,,,,,,,,,,,,,,
lcbench_7593,lcbench,GP,1,200,200,-91.65486907958984,-91.65486907958984,91.65486907958984,,True,107.11615829999937,0.14432599997962825,107.12784569999349,10400.0,106.97183230001974,91.65486907958984,,,,,,,,,,,,,,,,,,,
lcbench_7593,lcbench,GP,2,200,200,-91.65486907958984,-91.65486907958984,91.65486907958984,,True,114.60202259999642,0.14203550000092946,114.61639899999864,10400.0,114.45998709999549,91.65486907958984,,,,,,,,,,,,,,,,,,,
lcbench_7593,lcbench,GP,3,200,200,-91.65486907958984,-91.65486907958984,91.65486907958984,,True,133.69086640000023,0.14141789996210719,133.70285429999785,10400.0,133.54944850003812,91.65486907958984,,,,,,,,,,,,,,,,,,,
lcbench_7593,lcbench,GP,4,200,200,-91.65486907958984,-91.65486907958984,91.65486907958984,,True,114.78370069999801,0.14633770002546953,114.79616079999687,10400.0,114.63736299997254,91.65486907958984,,,,,,,,,,,,,,,,,,,
lcbench_7593,lcbench,GP,5,200,200,-91.65486907958984,-91.65486907958984,91.65486907958984,,True,100.7172395000016,0.14648699994722847,100.72782529999677,10400.0,100.57075250005437,91.65486907958984,,,,,,,,,,,,,,,,,,,
lcbench_7593,lcbench,GP,6,200,200,-91.65486907958984,-91.65486907958984,91.65486907958984,,True,103.1629912999997,0.14445959997101454,103.17324010000448,10400.0,103.01853170002869,91.65486907958984,,,,,,,,,,,,,,,,,,,
lcbench_7593,lcbench,GP,7,200,200,-91.65486907958984,-91.65486907958984,91.65486907958984,,True,107.28925950000121,0.1461957000210532,107.30180069999915,10400.0,107.14306379998015,91.65486907958984,,,,,,,,,,,,,,,,,,,
lcbench_7593,lcbench,GP,8,200,200,-91.65486907958984,-91.65486907958984,91.65486907958984,,True,109.22125430000597,0.14623349994508317,109.2317824999991,10400.0,109.07502080006088,91.65486907958984,,,,,,,,,,,,,,,,,,,
lcbench_7593,lcbench,GP,9,200,200,-91.65486907958984,-91.65486907958984,91.65486907958984,,True,110.87708450000355,0.14448460002313368,110.89088809999521,10400.0,110.73259989998041,91.65486907958984,,,,,,,,,,,,,,,,,,,
lcbench_7593,lcbench,GP,10,200,200,-91.65486907958984,-91.65486907958984,91.65486907958984,,True,129.88399260000006,0.15466810003272258,129.90321170000243,10400.0,129.72932449996733,91.65486907958984,,,,,,,,,,,,,,,,,,,
lcbench_7593,lcbench,GP,11,200,200,-91.65486907958984,-91.65486907958984,91.65486907958984,,True,101.8442722999971,0.15195629998197546,101.86023759999807,10400.0,101.69231600001513,91.65486907958984,,,,,,,,,,,,,,,,,,,
lcbench_7593,lcbench,GP,12,200,200,-91.65486907958984,-91.65486907958984,91.65486907958984,,True,124.57850750000216,0.1727739000634756,124.59628240000166,10400.0,124.40573359993869,91.65486907958984,,,,,,,,,,,,,,,,,,,
lcbench_7593,lcbench,GP,13,200,200,-91.65486907958984,-91.65486907958984,91.65486907958984,,True,121.5654777000018,0.1570208000848652,121.57913369999733,10400.0,121.40845689991693,91.65486907958984,,,,,,,,,,,,,,,,,,,
lcbench_7593,lcbench,GP,14,200,200,-91.65486907958984,-91.65486907958984,91.65486907958984,,True,118.53635280000162,0.1519665999658173,118.54829079999763,10400.0,118.3843862000358,91.65486907958984,,,,,,,,,,,,,,,,,,,
lcbench_7593,lcbench,GP,15,200,200,-91.65486907958984,-91.65486907958984,91.65486907958984,,True,107.41750229999889,0.15567959998588776,107.43083289999777,10400.0,107.261822700013,91.65486907958984,,,,,,,,,,,,,,,,,,,
lcbench_7593,lcbench,GP,16,200,200,-91.65486907958984,-91.65486907958984,91.65486907958984,,True,115.87243939999462,0.1556881000069552,115.8870465,10400.0,115.71675129998766,91.65486907958984,,,,,,,,,,,,,,,,,,,
lcbench_7593,lcbench,GP,17,200,200,-91.65486907958984,-91.65486907958984,91.65486907958984,,True,100.45080260000395,0.15677410003263503,100.46348900000157,10400.0,100.29402849997132,91.65486907958984,,,,,,,,,,,,,,,,,,,
lcbench_7593,lcbench,GP,18,200,200,-91.65486907958984,-91.65486907958984,91.65486907958984,,True,104.36330589999852,0.16011449999496108,104.37924070000008,10400.0,104.20319140000356,91.65486907958984,,,,,,,,,,,,,,,,,,,
lcbench_7593,lcbench,GP,19,200,200,-91.65486907958984,-91.65486907958984,91.65486907958984,,True,105.85595219999959,0.15836160004255362,105.86755300000368,10400.0,105.69759059995704,91.65486907958984,,,,,,,,,,,,,,,,,,,
lcbench_7593,lcbench,RS,0,200,200,-77.23754119873047,-77.23754119873047,77.23754119873047,,True,0.2656291999956011,0.08973289999266854,61.19736120000016,10400.0,0.17589630000293255,77.23754119873047,,,,,,,,,,,,,,,,,,,
lcbench_7593,lcbench,RS,1,200,200,-76.6636734008789,-76.6636734008789,76.6636734008789,,True,0.20027760000084527,0.06950800002960023,51.079504400004225,10400.0,0.13076959997124504,76.6636734008789,,,,,,,,,,,,,,,,,,,
lcbench_7593,lcbench,RS,2,200,200,-76.57569122314453,-76.57569122314453,76.57569122314453,,True,0.14231410000502365,0.044477399984316435,10.979113899993536,10400.0,0.09783670002070721,76.57569122314453,,,,,,,,,,,,,,,,,,,
lcbench_7593,lcbench,RS,3,200,200,-78.98341369628906,-78.98341369628906,78.98341369628906,,True,0.24701880000066012,0.07611479999468429,71.03993339999579,10400.0,0.17090400000597583,78.98341369628906,,,,,,,,,,,,,,,,,,,
lcbench_7593,lcbench,RS,4,200,200,-77.57372283935547,-77.57372283935547,77.57372283935547,,True,0.19338569999672472,0.0650096000317717,50.88203819999762,10400.0,0.12837609996495303,77.57372283935547,,,,,,,,,,,,,,,,,,,
lcbench_7593,lcbench,RS,5,200,200,-75.71590423583984,-75.71590423583984,75.71590423583984,,True,0.21856259999913163,0.07785560001502745,50.94365370000014,10400.0,0.1407069999841042,75.71590423583984,,,,,,,,,,,,,,,,,,,
lcbench_7593,lcbench,RS,6,200,200,-77.91923522949219,-77.91923522949219,77.91923522949219,,True,0.21577629999956116,0.07530810005118838,50.86355619999813,10400.0,0.14046819994837279,77.91923522949219,,,,,,,,,,,,,,,,,,,
lcbench_7593,lcbench,RS,7,200,200,-77.42737579345703,-77.42737579345703,77.42737579345703,,True,0.26222060000145575,0.08715659993322333,60.98611149999488,10400.0,0.17506400006823242,77.42737579345703,,,,,,,,,,,,,,,,,,,
lcbench_7593,lcbench,RS,8,200,200,-79.12394714355469,-79.12394714355469,79.12394714355469,,True,0.2676190999991377,0.09329259995865868,60.98135950000142,10400.0,0.174326500040479,79.12394714355469,,,,,,,,,,,,,,,,,,,
lcbench_7593,lcbench,RS,9,200,200,-77.97067260742188,-77.97067260742188,77.97067260742188,,True,0.21234130000084406,0.07343910002964549,50.8490449000019,10400.0,0.13890219997119857,77.97067260742188,,,,,,,,,,,,,,,,,,,
lcbench_7593,lcbench,RS,10,200,200,-79.14839935302734,-79.14839935302734,79.14839935302734,,True,0.1460164000018267,0.04150750002008863,0.15322330000344664,10400.0,0.10450889998173807,79.14839935302734,,,,,,,,,,,,,,,,,,,
lcbench_7593,lcbench,RS,11,200,200,-74.4822006225586,-74.4822006225586,74.4822006225586,,True,0.1474263999989489,0.045568899920908734,0.15255199999955948,10400.0,0.10185750007804018,74.4822006225586,,,,,,,,,,,,,,,,,,,
lcbench_7593,lcbench,RS,12,200,200,-77.67973327636719,-77.67973327636719,77.67973327636719,,True,0.13800359999731882,0.040559200024290476,0.14634880000085104,10400.0,0.09744439997302834,77.67973327636719,,,,,,,,,,,,,,,,,,,
lcbench_7593,lcbench,RS,13,200,200,-75.90387725830078,-75.90387725830078,75.90387725830078,,True,0.13184379999438534,0.037962600064929575,0.1379490999970585,10400.0,0.09388119992945576,75.90387725830078,,,,,,,,,,,,,,,,,,,
lcbench_7593,lcbench,RS,14,200,200,-74.91647338867188,-74.91647338867188,74.91647338867188,,True,0.14088120000087656,0.042875000086496584,0.14764560000185156,10400.0,0.09800619991437998,74.91647338867188,,,,,,,,,,,,,,,,,,,
lcbench_7593,lcbench,RS,15,200,200,-76.34207153320312,-76.34207153320312,76.34207153320312,,True,0.11889789999986533,0.0347314000246115,0.1257846000007703,10400.0,0.08416649997525383,76.34207153320312,,,,,,,,,,,,,,,,,,,
lcbench_7593,lcbench,RS,16,200,200,-77.92221069335938,-77.92221069335938,77.92221069335938,,True,0.11708749999525025,0.03273860002082074,0.12300519999553217,10400.0,0.08434889997442951,77.92221069335938,,,,,,,,,,,,,,,,,,,
lcbench_7593,lcbench,RS,17,200,200,-77.00601196289062,-77.00601196289062,77.00601196289062,,True,0.12027079999825219,0.03415410001616692,0.12460999999893829,10400.0,0.08611669998208527,77.00601196289062,,,,,,,,,,,,,,,,,,,
lcbench_7593,lcbench,RS,18,200,200,-78.1787109375,-78.1787109375,78.1787109375,,True,0.11119749999488704,0.03127020003012149,0.1167691999944509,10400.0,0.07992729996476555,78.1787109375,,,,,,,,,,,,,,,,,,,
lcbench_7593,lcbench,RS,19,200,200,-78.95148468017578,-78.95148468017578,78.95148468017578,,True,0.10547570000198903,0.030159499998262618,0.11136750000150641,10400.0,0.07531620000372641,78.95148468017578,,,,,,,,,,,,,,,,,,,
lcbench_7593,lcbench,TPE,0,200,200,-83.93896484375,-83.93896484375,83.93896484375,,True,3.954992500002845,0.07641490001697093,3.963102500005334,10400.0,3.8785775999858743,83.93896484375,,,,,,,,,,,,,,,,,,,
lcbench_7593,lcbench,TPE,1,200,200,-83.7093734741211,-83.7093734741211,83.7093734741211,,True,1.8627300999942236,0.05939480000961339,1.8687095999994199,10400.0,1.8033352999846102,83.7093734741211,,,,,,,,,,,,,,,,,,,
lcbench_7593,lcbench,TPE,2,200,200,-82.68617248535156,-82.68617248535156,82.68617248535156,,True,2.4870214000038686,0.05253469994204352,2.491844600001059,10400.0,2.434486700061825,82.68617248535156,,,,,,,,,,,,,,,,,,,
lcbench_7593,lcbench,TPE,3,200,200,-80.85491180419922,-80.85491180419922,80.85491180419922,,True,1.8067515000002459,0.05607109994161874,1.813369800001965,10400.0,1.7506804000586271,80.85491180419922,,,,,,,,,,,,,,,,,,,
lcbench_7593,lcbench,TPE,4,200,200,-89.29463958740234,-89.29463958740234,89.29463958740234,,True,2.5097848000004888,0.06445880004321225,2.51681169999938,10400.0,2.4453259999572765,89.29463958740234,,,,,,,,,,,,,,,,,,,
lcbench_7593,lcbench,TPE,5,200,200,-86.73506164550781,-86.73506164550781,86.73506164550781,,True,2.5097160000004806,0.05983820003166329,2.515549000003375,10400.0,2.4498777999688173,86.73506164550781,,,,,,,,,,,,,,,,,,,
lcbench_7593,lcbench,TPE,6,200,200,-85.41185760498047,-85.41185760498047,85.41185760498047,,True,2.019504000003508,0.055634899938013405,2.0242911000023014,10400.0,1.9638691000654944,85.41185760498047,,,,,,,,,,,,,,,,,,,
lcbench_7593,lcbench,TPE,7,200,200,-88.8563003540039,-88.8563003540039,88.8563003540039,,True,2.4219917000009445,0.05557840005349135,2.4268960999979754,10400.0,2.366413299947453,88.8563003540039,,,,,,,,,,,,,,,,,,,
lcbench_7593,lcbench,TPE,8,200,200,-89.89033508300781,-89.89033508300781,89.89033508300781,,True,3.1961978000035742,0.05513919997611083,3.200962900002196,10400.0,3.1410586000274634,89.89033508300781,,,,,,,,,,,,,,,,,,,
lcbench_7593,lcbench,TPE,9,200,200,-84.59085083007812,-84.59085083007812,84.59085083007812,,True,2.4030707999991137,0.05142450002313126,2.4077539999998407,10400.0,2.3516462999759824,84.59085083007812,,,,,,,,,,,,,,,,,,,
lcbench_7593,lcbench,TPE,10,200,200,-88.87223052978516,-88.87223052978516,88.87223052978516,,True,2.5416821999970125,0.0668433000028017,2.5480095999955665,10400.0,2.474838899994211,88.87223052978516,,,,,,,,,,,,,,,,,,,
lcbench_7593,lcbench,TPE,11,200,200,-89.52281188964844,-89.52281188964844,89.52281188964844,,True,3.454805599998508,0.06624289996398147,3.4596640999952797,10400.0,3.3885627000345266,89.52281188964844,,,,,,,,,,,,,,,,,,,
lcbench_7593,lcbench,TPE,12,200,200,-85.68860626220703,-85.68860626220703,85.68860626220703,,True,1.5902879999994184,0.048536099995544646,1.596827300003497,10400.0,1.5417519000038737,85.68860626220703,,,,,,,,,,,,,,,,,,,
lcbench_7593,lcbench,TPE,13,200,200,-86.75756072998047,-86.75756072998047,86.75756072998047,,True,2.0047105999983614,0.05489879995730007,2.0095295999999507,10400.0,1.9498118000410614,86.75756072998047,,,,,,,,,,,,,,,,,,,
lcbench_7593,lcbench,TPE,14,200,200,-89.14148712158203,-89.14148712158203,89.14148712158203,,True,2.3519349999987753,0.05420219999359688,2.3586100000029546,10400.0,2.2977328000051784,89.14148712158203,,,,,,,,,,,,,,,,,,,
lcbench_7593,lcbench,TPE,15,200,200,-74.18460845947266,-74.18460845947266,74.18460845947266,,True,2.5037220000012894,0.0892142000302556,2.5090998000014224,10400.0,2.414507799971034,74.18460845947266,,,,,,,,,,,,,,,,,,,
lcbench_7593,lcbench,TPE,16,200,200,-85.5008544921875,-85.5008544921875,85.5008544921875,,True,4.817776700001559,0.12712239997199504,4.825703700000304,10400.0,4.690654300029564,85.5008544921875,,,,,,,,,,,,,,,,,,,
lcbench_7593,lcbench,TPE,17,200,200,-88.7868423461914,-88.7868423461914,88.7868423461914,,True,7.207455499999924,0.12238929999875836,7.216174299996055,10400.0,7.085066200001165,88.7868423461914,,,,,,,,,,,,,,,,,,,
lcbench_7593,lcbench,TPE,18,200,200,-85.6392593383789,-85.6392593383789,85.6392593383789,,True,3.649879599994165,0.12501300002622884,3.659049600006256,10400.0,3.524866599967936,85.6392593383789,,,,,,,,,,,,,,,,,,,
lcbench_7593,lcbench,TPE,19,200,200,-84.46638488769531,-84.46638488769531,84.46638488769531,,True,3.5102906999964034,0.12430920000042534,3.5197504999960074,10400.0,3.385981499995978,84.46638488769531,,,,,,,,,,,,,,,,,,,
lcbench_7593,lcbench,TPE_HB,0,200,1850,-83.38333892822266,-83.38333892822266,83.38333892822266,,True,15.984303800003545,0.5678809000237379,15.9934787999955,10400.0,15.416422899979807,83.38333892822266,,,,,,,,,,,,,,,,,,,
lcbench_7593,lcbench,TPE_HB,1,200,1495,-70.47745513916016,-70.47745513916016,70.47745513916016,,True,14.376475899996876,0.7946525000879774,67.30048240000178,10413.0,13.581823399908899,70.47745513916016,,,,,,,,,,,,,,,,,,,
lcbench_7593,lcbench,TPE_HB,2,200,2018,-82.55726623535156,-82.55726623535156,82.55726623535156,,True,23.918623900004604,1.1847738999204012,76.53156149999995,10416.0,22.733850000084203,82.55726623535156,,,,,,,,,,,,,,,,,,,
lcbench_7593,lcbench,TPE_HB,3,200,1497,-83.85639190673828,-83.85639190673828,83.85639190673828,,True,4.802844099998765,0.25355000011768425,4.807554799997888,10402.0,4.549294099881081,83.85639190673828,,,,,,,,,,,,,,,,,,,
lcbench_7593,lcbench,TPE_HB,4,200,1310,-82.82981872558594,-82.82981872558594,82.82981872558594,,True,4.382134599996789,0.2215930001475499,4.388333900002181,10411.0,4.160541599849239,82.82981872558594,,,,,,,,,,,,,,,,,,,
lcbench_7593,lcbench,TPE_HB,5,200,1854,-84.20965576171875,-84.20965576171875,84.20965576171875,,True,10.555560599997989,0.34776459987915587,10.560176700004376,10412.0,10.207796000118833,84.20965576171875,,,,,,,,,,,,,,,,,,,
lcbench_7593,lcbench,TPE_HB,6,200,1496,-82.74486541748047,-82.74486541748047,82.74486541748047,,True,7.051954100003059,0.403129199941759,7.057378700003028,10418.0,6.6488249000613,82.74486541748047,,,,,,,,,,,,,,,,,,,
lcbench_7593,lcbench,TPE_HB,7,200,1519,-84.0052719116211,-84.0052719116211,84.0052719116211,,True,9.878189700000803,0.4525826001117821,9.88549939999939,10400.0,9.425607099889021,84.0052719116211,,,,,,,,,,,,,,,,,,,
lcbench_7593,lcbench,TPE_HB,8,200,1677,-73.12606048583984,-73.12606048583984,73.12606048583984,,True,15.155642700003227,0.6379950000700774,15.160821600002237,10402.0,14.51764769993315,73.12606048583984,,,,,,,,,,,,,,,,,,,
lcbench_7593,lcbench,TPE_HB,9,200,1395,-90.17780303955078,-90.17780303955078,90.17780303955078,,True,15.69054640000104,0.5088805000777938,15.698190100003558,10417.0,15.181665899923246,90.17780303955078,,,,,,,,,,,,,,,,,,,
lcbench_7593,lcbench,TPE_HB,10,200,1370,-81.0012435913086,-81.0012435913086,81.0012435913086,,True,11.277706400003808,0.5346860999925411,11.2829997000008,10400.0,10.743020300011267,81.0012435913086,,,,,,,,,,,,,,,,,,,
lcbench_7593,lcbench,TPE_HB,11,200,1709,-84.0078353881836,-84.0078353881836,84.0078353881836,,True,21.970107299996016,0.8379953999392455,21.97819519999757,10413.0,21.13211190005677,84.0078353881836,,,,,,,,,,,,,,,,,,,
lcbench_7593,lcbench,TPE_HB,12,200,1673,-76.22712707519531,-76.22712707519531,76.22712707519531,,True,18.48692640000081,0.8486887000617571,18.494339100005163,10411.0,17.638237699939054,76.22712707519531,,,,,,,,,,,,,,,,,,,
lcbench_7593,lcbench,TPE_HB,13,200,2159,-66.67086791992188,-66.67086791992188,66.67086791992188,,True,35.70255259999976,1.2368705000044429,35.70881630000076,10409.0,34.46568209999532,66.67086791992188,,,,,,,,,,,,,,,,,,,
lcbench_7593,lcbench,TPE_HB,14,200,1592,-78.13875579833984,-78.13875579833984,78.13875579833984,,True,24.004139500000747,0.8899232999028754,24.013470199999574,10405.0,23.11421620009787,78.13875579833984,,,,,,,,,,,,,,,,,,,
lcbench_7593,lcbench,TPE_HB,15,200,1541,-69.56475830078125,-69.56475830078125,69.56475830078125,,True,15.079274700001406,0.8091547002113657,15.088418199993612,10407.0,14.27011999979004,69.56475830078125,,,,,,,,,,,,,,,,,,,
lcbench_7593,lcbench,TPE_HB,16,200,2054,-78.17990112304688,-78.17990112304688,78.17990112304688,,True,29.96778279999853,1.1971754000987858,29.978310500002408,10410.0,28.770607399899745,78.17990112304688,,,,,,,,,,,,,,,,,,,
lcbench_7593,lcbench,TPE_HB,17,200,2202,-79.4966812133789,-79.4966812133789,79.4966812133789,,True,33.400701599995955,1.3133072999553406,33.41079429999809,10400.0,32.087394300040614,79.4966812133789,,,,,,,,,,,,,,,,,,,
lcbench_7593,lcbench,TPE_HB,18,200,1985,-85.89576721191406,-85.89576721191406,85.89576721191406,,True,20.921184699996957,1.1744378001021687,20.930063699997845,10406.0,19.746746899894788,85.89576721191406,,,,,,,,,,,,,,,,,,,
lcbench_7593,lcbench,TPE_HB,19,200,2033,-84.7452392578125,-84.7452392578125,84.7452392578125,,True,22.322676499999943,1.213649399993301,22.32976050000434,10406.0,21.109027100006642,84.7452392578125,,,,,,,,,,,,,,,,,,,
