task,suite,method,seed,budget,n_evals,best_value,best_true_value,best_raw,f_star,maximize_raw,time_total,time_objective,wall_time,cost_total,time_overhead,best_metric,fmp_n_evals,fmp_best_loss,fmp_acceptance_rate,fmp_kernel_fraction_dream,fmp_n_rescues,fmp_n_reseeds,fmp_n_bw_refits,fmp_time_total,fmp_time_objective,fmp_time_overhead,fmp_frac_exploit,fmp_acc_exploit,fmp_frac_explore,fmp_acc_explore,fmp_frac_trapped,fmp_acc_trapped,fmp_params,truncated,nregret,log_regret
lcbench_167152,lcbench,CMAES,0,200,200,-97.4998779296875,-97.4998779296875,97.4998779296875,,True,0.2757858000040869,0.05131979993893765,56.790541599999415,10400.0,0.22446600006514927,97.4998779296875,,,,,,,,,,,,,,,,,,,,
lcbench_167152,lcbench,CMAES,1,200,200,-97.4678955078125,-97.4678955078125,97.4678955078125,,True,0.5196835000024294,0.14025140002195258,9.465526499996486,10400.0,0.3794320999804768,97.4678955078125,,,,,,,,,,,,,,,,,,,,
lcbench_167152,lcbench,CMAES,2,200,200,-97.4920654296875,-97.4920654296875,97.4920654296875,,True,0.28638320000027306,0.06278519999614218,54.06293039999582,10400.0,0.22359800000413088,97.4920654296875,,,,,,,,,,,,,,,,,,,,
lcbench_167152,lcbench,CMAES,3,200,200,-97.50731658935547,-97.50731658935547,97.50731658935547,,True,0.29929209999681916,0.06994819997635204,55.087637599994196,10400.0,0.22934390002046712,97.50731658935547,,,,,,,,,,,,,,,,,,,,
lcbench_167152,lcbench,CMAES,4,200,200,-97.53447723388672,-97.53447723388672,97.53447723388672,,True,0.4991147999971872,0.14012989996990655,0.5065539999995963,10400.0,0.3589849000272807,97.53447723388672,,,,,,,,,,,,,,,,,,,,
lcbench_167152,lcbench,CMAES,5,200,200,-97.48872375488281,-97.48872375488281,97.48872375488281,,True,0.4923765999992611,0.1400783999779378,0.5032915999981924,10400.0,0.3522982000213233,97.48872375488281,,,,,,,,,,,,,,,,,,,,
lcbench_167152,lcbench,CMAES,6,200,200,-97.48128509521484,-97.48128509521484,97.48128509521484,,True,0.2781422000043676,0.05811910002375953,55.02354400000331,10400.0,0.2200230999806081,97.48128509521484,,,,,,,,,,,,,,,,,,,,
lcbench_167152,lcbench,CMAES,7,200,200,-97.5300064086914,-97.5300064086914,97.5300064086914,,True,0.4028628999949433,0.10875080002006143,0.41407349999644794,10400.0,0.29411209997488186,97.5300064086914,,,,,,,,,,,,,,,,,,,,
lcbench_167152,lcbench,CMAES,8,200,200,-97.49504089355469,-97.49504089355469,97.49504089355469,,True,0.5085758000059286,0.14383690006798133,0.5198634999978822,10400.0,0.3647388999379473,97.49504089355469,,,,,,,,,,,,,,,,,,,,
lcbench_167152,lcbench,CMAES,9,200,200,-97.50285339355469,-97.50285339355469,97.50285339355469,,True,0.5800050999969244,0.17498730005900143,0.5914984999981243,10400.0,0.405017799937923,97.50285339355469,,,,,,,,,,,,,,,,,,,,
lcbench_167152,lcbench,CMAES,10,200,200,-97.90426635742188,-97.90426635742188,97.90426635742188,,True,0.5179923999967286,0.1525391999675776,0.5301927999971667,10400.0,0.36545320002915105,97.90426635742188,,,,,,,,,,,,,,,,,,,,
lcbench_167152,lcbench,CMAES,11,200,200,-97.41436767578125,-97.41436767578125,97.41436767578125,,True,0.4734031000043615,0.13241649993869942,0.4842953000043053,10400.0,0.34098660006566206,97.41436767578125,,,,,,,,,,,,,,,,,,,,
lcbench_167152,lcbench,CMAES,12,200,200,-97.49950408935547,-97.49950408935547,97.49950408935547,,True,0.38388120000308845,0.09902949999377597,54.45595079999475,10400.0,0.2848517000093125,97.49950408935547,,,,,,,,,,,,,,,,,,,,
lcbench_167152,lcbench,CMAES,13,200,200,-98.03693389892578,-98.03693389892578,98.03693389892578,,True,0.5707866000011563,0.16179339999507647,0.5814267999958247,10400.0,0.40899320000607986,98.03693389892578,,,,,,,,,,,,,,,,,,,,
lcbench_167152,lcbench,CMAES,14,200,200,-97.5694580078125,-97.5694580078125,97.5694580078125,,True,0.40940170000249054,0.10604799999418901,0.4235335999983363,10400.0,0.30335370000830153,97.5694580078125,,,,,,,,,,,,,,,,,,,,
lcbench_167152,lcbench,CMAES,15,200,200,-97.55941009521484,-97.55941009521484,97.55941009521484,,True,0.45573009999498026,0.12639890004356857,0.46649149999575457,10400.0,0.3293311999514117,97.55941009521484,,,,,,,,,,,,,,,,,,,,
lcbench_167152,lcbench,CMAES,16,200,200,-97.53633117675781,-97.53633117675781,97.53633117675781,,True,0.4685500999985379,0.13221569998859195,0.4790173000001232,10400.0,0.33633440000994597,97.53633117675781,,,,,,,,,,,,,,,,,,,,
lcbench_167152,lcbench,CMAES,17,200,200,-97.51959228515625,-97.51959228515625,97.51959228515625,,True,0.3554788999972516,0.09502119995158864,0.36183270000037737,10400.0,0.26045770004566293,97.51959228515625,,,,,,,,,,,,,,,,,,,,
lcbench_167152,lcbench,CMAES,18,200,200,-97.53335571289062,-97.53335571289062,97.53335571289062,,True,0.3793414000028861,0.09874839997064555,0.38949570000113454,10400.0,0.2805930000322405,97.53335571289062,,,,,,,,,,,,,,,,,,,,
lcbench_167152,lcbench,CMAES,19,200,200,-97.58285522460938,-97.58285522460938,97.58285522460938,,True,0.4938772000023164,0.14315320002060616,0.5008477000010316,10400.0,0.3507239999817102,97.58285522460938,,,,,,,,,,,,,,,,,,,,
lcbench_167152,lcbench,FMP_DREAM,0,200,200,-97.39653778076172,-97.39653778076172,97.39653778076172,,True,0.4354183999967063,0.09821909997845069,0.4475851000024704,10400.0,0.3371993000182556,97.39653778076172,200.0,-97.39653778076172,0.8171428571428572,0.5028571428571429,6.0,3.0,6.0,0.4351661000036984,0.11298650008393452,0.32217959991976386,0.8457142857142858,0.8175675675675675,0.15428571428571428,0.8148148148148148,0.0,,"{""decoder"": ""soft"", ""explore_subsample"": false, ""n_chains"": 4, ""orchestrate_every"": 5, ""p_dream"": 0.5, ""seed"": 0}",,,
lcbench_167152,lcbench,FMP_DREAM,1,200,200,-97.34676361083984,-97.34676361083984,97.34676361083984,,True,0.5303449999992154,0.11031520007963991,0.5446283999990555,10400.0,0.42002979991957545,97.34676361083984,200.0,-97.34676361083984,0.7921348314606742,0.46629213483146065,3.0,3.0,12.0,0.5301331000009668,0.12548079999396577,0.40465230000700103,0.7415730337078652,0.8409090909090909,0.25842696629213485,0.6521739130434783,0.0,,"{""decoder"": ""soft"", ""explore_subsample"": false, ""n_chains"": 4, ""orchestrate_every"": 5, ""p_dream"": 0.5, ""seed"": 1}",,,
lcbench_167152,lcbench,FMP_DREAM,2,200,200,-97.1890640258789,-97.1890640258789,97.1890640258789,,True,0.521947099994577,0.10960530004376778,0.5344812000039383,10400.0,0.4123417999508092,97.1890640258789,200.0,-97.1890640258789,0.8305084745762712,0.5028248587570622,4.0,3.0,12.0,0.5217171000040253,0.12509429999772692,0.39662280000629835,0.768361581920904,0.8602941176470589,0.23163841807909605,0.7317073170731707,0.0,,"{""decoder"": ""soft"", ""explore_subsample"": false, ""n_chains"": 4, ""orchestrate_every"": 5, ""p_dream"": 0.5, ""seed"": 2}",,,
lcbench_167152,lcbench,FMP_DREAM,3,200,200,-97.31817626953125,-97.31817626953125,97.31817626953125,,True,0.5135509999963688,0.10824360005790368,0.5259273999981815,10400.0,0.4053073999384651,97.31817626953125,200.0,-97.31817626953125,0.8531073446327684,0.519774011299435,3.0,4.0,12.0,0.5133067999995546,0.12372519999917131,0.38958160000038333,0.768361581920904,0.9044117647058824,0.23163841807909605,0.6829268292682927,0.0,,"{""decoder"": ""soft"", ""explore_subsample"": false, ""n_chains"": 4, ""orchestrate_every"": 5, ""p_dream"": 0.5, ""seed"": 3}",,,
lcbench_167152,lcbench,FMP_DREAM,4,200,200,-96.95984649658203,-96.95984649658203,96.95984649658203,,True,0.4757067999962601,0.11104259994317545,0.4880604999998468,10400.0,0.36466420005308464,96.95984649658203,200.0,-96.95984649658203,0.847457627118644,0.5480225988700564,4.0,3.0,10.0,0.47550279999995837,0.12591160000738455,0.3495911999925738,0.7005649717514124,0.8629032258064516,0.2994350282485876,0.8113207547169812,0.0,,"{""decoder"": ""soft"", ""explore_subsample"": false, ""n_chains"": 4, ""orchestrate_every"": 5, ""p_dream"": 0.5, ""seed"": 4}",,,
lcbench_167152,lcbench,FMP_DREAM,5,200,200,-97.4500503540039,-97.4500503540039,97.4500503540039,,True,0.5111920999988797,0.11523259999376023,0.5243897000036668,10400.0,0.3959595000051195,97.4500503540039,200.0,-97.4500503540039,0.7932960893854749,0.553072625698324,3.0,2.0,12.0,0.5109197999991011,0.13085479993605986,0.3800650000630412,0.7486033519553073,0.835820895522388,0.25139664804469275,0.6666666666666666,0.0,,"{""decoder"": ""soft"", ""explore_subsample"": false, ""n_chains"": 4, ""orchestrate_every"": 5, ""p_dream"": 0.5, ""seed"": 5}",,,
lcbench_167152,lcbench,FMP_DREAM,6,200,200,-97.95282745361328,-97.95282745361328,97.95282745361328,,True,0.47467249999317573,0.11301190000813222,0.49052719999599503,10400.0,0.3616605999850435,97.95282745361328,200.0,-97.95282745361328,0.8181818181818182,0.5056818181818182,5.0,3.0,9.0,0.4744310000023688,0.12777899995126063,0.3466520000511082,0.8465909090909091,0.8523489932885906,0.1534090909090909,0.6296296296296297,0.0,,"{""decoder"": ""soft"", ""explore_subsample"": false, ""n_chains"": 4, ""orchestrate_every"": 5, ""p_dream"": 0.5, ""seed"": 6}",,,
lcbench_167152,lcbench,FMP_DREAM,7,200,200,-97.56015014648438,-97.56015014648438,97.56015014648438,,True,0.4975594999996247,0.10286820003966568,0.5114220999967074,10400.0,0.394691299959959,97.56015014648438,200.0,-97.56015014648438,0.7877094972067039,0.4692737430167598,4.0,1.0,13.0,0.49731720000272617,0.11706389992468758,0.3802533000780386,0.7877094972067039,0.7943262411347518,0.2122905027932961,0.7631578947368421,0.0,,"{""decoder"": ""soft"", ""explore_subsample"": false, ""n_chains"": 4, ""orchestrate_every"": 5, ""p_dream"": 0.5, ""seed"": 7}",,,
lcbench_167152,lcbench,FMP_DREAM,8,200,200,-97.38799285888672,-97.38799285888672,97.38799285888672,,True,0.5202384000003804,0.09704410000267671,0.533259600000747,10400.0,0.42319429999770364,97.38799285888672,200.0,-97.38799285888672,0.8351648351648352,0.5164835164835165,1.0,1.0,18.0,0.5199964999992517,0.11123260005115299,0.4087638999480987,0.7967032967032966,0.8275862068965517,0.2032967032967033,0.8648648648648649,0.0,,"{""decoder"": ""soft"", ""explore_subsample"": false, ""n_chains"": 4, ""orchestrate_every"": 5, ""p_dream"": 0.5, ""seed"": 8}",,,
lcbench_167152,lcbench,FMP_DREAM,9,200,200,-97.20686340332031,-97.20686340332031,97.20686340332031,,True,0.47166220000508474,0.10138350001943763,0.48508339999534655,10400.0,0.3702786999856471,97.20686340332031,200.0,-97.20686340332031,0.8426966292134831,0.5337078651685393,3.0,3.0,12.0,0.4714483999996446,0.11548330008372432,0.3559650999159203,0.7752808988764045,0.8695652173913043,0.2247191011235955,0.75,0.0,,"{""decoder"": ""soft"", ""explore_subsample"": false, ""n_chains"": 4, ""orchestrate_every"": 5, ""p_dream"": 0.5, ""seed"": 9}",,,
lcbench_167152,lcbench,FMP_DREAM,10,200,200,-97.27809143066406,-97.27809143066406,97.27809143066406,,True,0.5844664000032935,0.11096579994773492,0.5975544000029913,10400.0,0.4735006000555586,97.27809143066406,200.0,-97.27809143066406,0.7197802197802198,0.532967032967033,1.0,1.0,18.0,0.5842346999997972,0.12621439999929862,0.45802030000049854,0.7307692307692307,0.8045112781954887,0.2692307692307692,0.4897959183673469,0.0,,"{""decoder"": ""soft"", ""explore_subsample"": false, ""n_chains"": 4, ""orchestrate_every"": 5, ""p_dream"": 0.5, ""seed"": 10}",,,
lcbench_167152,lcbench,FMP_DREAM,11,200,200,-97.5981216430664,-97.5981216430664,97.5981216430664,,True,0.48588899999595014,0.10675500005163485,0.49802099999942584,10400.0,0.3791339999443153,97.5981216430664,200.0,-97.5981216430664,0.8426966292134831,0.5786516853932584,3.0,3.0,12.0,0.4856772999992245,0.12199610003881389,0.3636811999604106,0.7696629213483146,0.8759124087591241,0.2303370786516854,0.7317073170731707,0.0,,"{""decoder"": ""soft"", ""explore_subsample"": false, ""n_chains"": 4, ""orchestrate_every"": 5, ""p_dream"": 0.5, ""seed"": 11}",,,
lcbench_167152,lcbench,FMP_DREAM,12,200,200,-97.20167541503906,-97.20167541503906,97.20167541503906,,True,0.5535421000022325,0.10889599997608457,0.5670447000011336,10400.0,0.4446461000261479,97.20167541503906,200.0,-97.20167541503906,0.8044692737430168,0.4860335195530726,3.0,2.0,15.0,0.5533227999985684,0.12417820003611268,0.4291445999624557,0.776536312849162,0.8129496402877698,0.22346368715083798,0.775,0.0,,"{""decoder"": ""soft"", ""explore_subsample"": false, ""n_chains"": 4, ""orchestrate_every"": 5, ""p_dream"": 0.5, ""seed"": 12}",,,
lcbench_167152,lcbench,FMP_DREAM,13,200,200,-97.18091583251953,-97.18091583251953,97.18091583251953,,True,0.5715302999960841,0.12478410000767326,0.5837619000012637,10400.0,0.4467461999884108,97.18091583251953,200.0,-97.18091583251953,0.8555555555555555,0.4888888888888889,2.0,2.0,14.0,0.5712997000009636,0.13966689993685577,0.43163280006410787,0.75,0.8666666666666667,0.25,0.8222222222222222,0.0,,"{""decoder"": ""soft"", ""explore_subsample"": false, ""n_chains"": 4, ""orchestrate_every"": 5, ""p_dream"": 0.5, ""seed"": 13}",,,
lcbench_167152,lcbench,FMP_DREAM,14,200,200,-97.26732635498047,-97.26732635498047,97.26732635498047,,True,0.5560537999990629,0.11803499999950873,0.5702420999950846,10400.0,0.4380187999995542,97.26732635498047,200.0,-97.26732635498047,0.8055555555555556,0.5111111111111111,3.0,1.0,13.0,0.5558266999942134,0.13352130001294427,0.42230539998126915,0.7111111111111111,0.8203125,0.28888888888888886,0.7692307692307693,0.0,,"{""decoder"": ""soft"", ""explore_subsample"": false, ""n_chains"": 4, ""orchestrate_every"": 5, ""p_dream"": 0.5, ""seed"": 14}",,,
lcbench_167152,lcbench,FMP_DREAM,15,200,200,-97.61189270019531,-97.61189270019531,97.61189270019531,,True,0.532171400001971,0.11896110000816407,0.54644659999758,10400.0,0.413210299993807,97.61189270019531,200.0,-97.61189270019531,0.8238636363636364,0.5,5.0,3.0,10.0,0.531959400002961,0.1366468000342138,0.39531259996874724,0.8011363636363636,0.8226950354609929,0.19886363636363635,0.8285714285714286,0.0,,"{""decoder"": ""soft"", ""explore_subsample"": false, ""n_chains"": 4, ""orchestrate_every"": 5, ""p_dream"": 0.5, ""seed"": 15}",,,
lcbench_167152,lcbench,FMP_DREAM,16,200,200,-98.11924743652344,-98.11924743652344,98.11924743652344,,True,0.5783528999963892,0.1163927999950829,0.5913063999978476,10400.0,0.4619601000013063,98.11924743652344,200.0,-98.11924743652344,0.8089887640449438,0.4101123595505618,3.0,3.0,10.0,0.5781333000049926,0.15259069997409824,0.4255426000308944,0.7584269662921348,0.8518518518518519,0.24157303370786518,0.6744186046511628,0.0,,"{""decoder"": ""soft"", ""explore_subsample"": false, ""n_chains"": 4, ""orchestrate_every"": 5, ""p_dream"": 0.5, ""seed"": 16}",,,
lcbench_167152,lcbench,FMP_DREAM,17,200,200,-97.31706237792969,-97.31706237792969,97.31706237792969,,True,0.5251483000029111,0.131686400010949,0.5462082000012742,10400.0,0.3934618999919621,97.31706237792969,200.0,-97.31706237792969,0.8135593220338984,0.5084745762711864,5.0,2.0,9.0,0.5249213999995845,0.1471839000369073,0.37773749996267725,0.7344632768361582,0.8846153846153846,0.2655367231638418,0.6170212765957447,0.0,,"{""decoder"": ""soft"", ""explore_subsample"": false, ""n_chains"": 4, ""orchestrate_every"": 5, ""p_dream"": 0.5, ""seed"": 17}",,,
lcbench_167152,lcbench,FMP_DREAM,18,200,200,-97.71881866455078,-97.71881866455078,97.71881866455078,,True,0.5807211999999708,0.11307499998656567,0.5940692000003764,10400.0,0.4676462000134052,97.71881866455078,200.0,-97.71881866455078,0.8,0.5222222222222223,2.0,2.0,19.0,0.580436300006113,0.1290704000784899,0.4513658999276231,0.7555555555555555,0.8308823529411765,0.24444444444444444,0.7045454545454546,0.0,,"{""decoder"": ""soft"", ""explore_subsample"": false, ""n_chains"": 4, ""orchestrate_every"": 5, ""p_dream"": 0.5, ""seed"": 18}",,,
lcbench_167152,lcbench,FMP_DREAM,19,200,200,-97.22615051269531,-97.22615051269531,97.22615051269531,,True,0.4890573999946355,0.10956760004046373,0.5034876999998232,10400.0,0.37948979995417176,97.22615051269531,200.0,-97.22615051269531,0.8089887640449438,0.5,4.0,2.0,9.0,0.48879289999604225,0.125026199981221,0.36376670001482125,0.6685393258426966,0.8235294117647058,0.33146067415730335,0.7796610169491526,0.0,,"{""decoder"": ""soft"", ""explore_subsample"": false, ""n_chains"": 4, ""orchestrate_every"": 5, ""p_dream"": 0.5, ""seed"": 19}",,,
lcbench_167152,lcbench,GP,0,200,200,-98.5337142944336,-98.5337142944336,98.5337142944336,,True,139.32518069999787,0.14586869997583563,139.34480959999928,10400.0,139.17931200002204,98.5337142944336,,,,,,,,,,,,,,,,,,,,
lcbench_167152,lcbench,GP,1,200,200,-98.52694702148438,-98.52694702148438,98.52694702148438,,True,152.37387920000037,0.14851080009975703,152.38637220000237,10400.0,152.22536839990062,98.52694702148438,,,,,,,,,,,,,,,,,,,,
lcbench_167152,lcbench,GP,2,200,200,-98.53334045410156,-98.53334045410156,98.53334045410156,,True,142.7784094000017,0.1529090999683831,142.79072900000028,10400.0,142.6255003000333,98.53334045410156,,,,,,,,,,,,,,,,,,,,
lcbench_167152,lcbench,GP,3,200,200,-98.52694702148438,-98.52694702148438,98.52694702148438,,True,151.21969669999817,0.14459769998211414,151.23156449999806,10400.0,151.07509900001605,98.52694702148438,,,,,,,,,,,,,,,,,,,,
lcbench_167152,lcbench,GP,4,200,200,-98.5337142944336,-98.5337142944336,98.5337142944336,,True,131.4062363999983,0.14074550005898345,131.4193202000024,10400.0,131.26549089993932,98.5337142944336,,,,,,,,,,,,,,,,,,,,
lcbench_167152,lcbench,GP,5,200,200,-98.52694702148438,-98.52694702148438,98.52694702148438,,True,142.08820909999486,0.15161320003244327,142.14162600000418,10400.0,141.9365958999624,98.52694702148438,,,,,,,,,,,,,,,,,,,,
lcbench_167152,lcbench,GP,6,200,200,-98.53334045410156,-98.53334045410156,98.53334045410156,,True,162.92256749999797,0.14649900000949856,162.9394997000054,10400.0,162.77606849998847,98.53334045410156,,,,,,,,,,,,,,,,,,,,
lcbench_167152,lcbench,GP,7,200,200,-98.5337142944336,-98.5337142944336,98.5337142944336,,True,144.99833999999828,0.1465113000376732,145.0134790000011,10400.0,144.8518286999606,98.5337142944336,,,,,,,,,,,,,,,,,,,,
lcbench_167152,lcbench,GP,8,200,200,-98.37559509277344,-98.37559509277344,98.37559509277344,,True,151.05123569999705,0.1449981999321608,151.06462410000677,10400.0,150.9062375000649,98.37559509277344,,,,,,,,,,,,,,,,,,,,
lcbench_167152,lcbench,GP,9,200,200,-98.52694702148438,-98.52694702148438,98.52694702148438,,True,140.01334240000142,0.14161569992575096,140.02438470000197,10400.0,139.87172670007567,98.52694702148438,,,,,,,,,,,,,,,,,,,,
lcbench_167152,lcbench,GP,10,200,200,-98.5318374633789,-98.5318374633789,98.5318374633789,,True,151.89443140000367,0.15026369997940492,151.9041068000006,10400.0,151.74416770002426,98.5318374633789,,,,,,,,,,,,,,,,,,,,
lcbench_167152,lcbench,GP,11,200,200,-98.38272857666016,-98.38272857666016,98.38272857666016,,True,153.93028600000252,0.15223760007938836,153.9414728999982,10400.0,153.77804839992314,98.38272857666016,,,,,,,,,,,,,,,,,,,,
lcbench_167152,lcbench,GP,12,200,200,-98.52694702148438,-98.52694702148438,98.52694702148438,,True,146.08439540000109,0.1746719999864581,146.1027458000026,10400.0,145.90972340001463,98.52694702148438,,,,,,,,,,,,,,,,,,,,
lcbench_167152,lcbench,GP,13,200,200,-98.53408813476562,-98.53408813476562,98.53408813476562,,True,136.43033070000092,0.1474279000030947,136.44326249999722,10400.0,136.28290279999783,98.53408813476562,,,,,,,,,,,,,,,,,,,,
lcbench_167152,lcbench,GP,14,200,200,-98.52694702148438,-98.52694702148438,98.52694702148438,,True,151.82948390000092,0.14491320002707653,151.84075999999914,10400.0,151.68457069997385,98.52694702148438,,,,,,,,,,,,,,,,,,,,
lcbench_167152,lcbench,GP,15,200,200,-98.52694702148438,-98.52694702148438,98.52694702148438,,True,142.16001230000256,0.14389039995148778,142.16916960000526,10400.0,142.01612190005108,98.52694702148438,,,,,,,,,,,,,,,,,,,,
lcbench_167152,lcbench,GP,16,200,200,-98.5318374633789,-98.5318374633789,98.5318374633789,,True,159.96145799999795,0.15789089992904337,159.97095089999493,10400.0,159.8035671000689,98.5318374633789,,,,,,,,,,,,,,,,,,,,
lcbench_167152,lcbench,GP,17,200,200,-98.52694702148438,-98.52694702148438,98.52694702148438,,True,121.19657939999888,0.14585980000993004,121.20907589999842,10400.0,121.05071959998895,98.52694702148438,,,,,,,,,,,,,,,,,,,,
lcbench_167152,lcbench,GP,18,200,200,-98.53221130371094,-98.53221130371094,98.53221130371094,,True,147.80592539999634,0.1507408999823383,147.81726750000234,10400.0,147.655184500014,98.53221130371094,,,,,,,,,,,,,,,,,,,,
lcbench_167152,lcbench,GP,19,200,200,-98.53408813476562,-98.53408813476562,98.53408813476562,,True,140.36543019999954,0.1543565999600105,140.37829899999633,10400.0,140.21107360003953,98.53408813476562,,,,,,,,,,,,,,,,,,,,
lcbench_167152,lcbench,L1_K1_VITERBI_SUB,0,200,200,-97.26101684570312,-97.26101684570312,97.26101684570312,,True,0.9650307999982033,0.10733330000948627,0.9904488999964087,10400.0,0.857697499988717,97.26101684570312,200.0,-97.26101684570312,0.7989130434782609,0.0,0.0,0.0,34.0,0.9647019000040018,0.120818400006101,0.8438834999979008,0.75,0.8478260869565217,0.09782608695652174,0.7777777777777778,0.15217391304347827,0.5714285714285714,"{""decoder"": ""viterbi"", ""explore_subsample"": true, ""n_chains"": 1, ""orchestrate_every"": 0, ""p_dream"": 0.0, ""seed"": 0}",,,
lcbench_167152,lcbench,L1_K1_VITERBI_SUB,1,200,200,-97.1823959350586,-97.1823959350586,97.1823959350586,,True,0.9574998999960371,0.10751659993547946,0.9684478000053787,10400.0,0.8499833000605577,97.1823959350586,200.0,-97.1823959350586,0.7608695652173914,0.0,0.0,0.0,34.0,0.9572747999991407,0.12131319999025436,0.8359616000088863,0.6902173913043478,0.8267716535433071,0.22282608695652173,0.6097560975609756,0.08695652173913043,0.625,"{""decoder"": ""viterbi"", ""explore_subsample"": true, ""n_chains"": 1, ""orchestrate_every"": 0, ""p_dream"": 0.0, ""seed"": 1}",,,
lcbench_167152,lcbench,L1_K1_VITERBI_SUB,2,200,200,-97.40025329589844,-97.40025329589844,97.40025329589844,,True,0.9275381000043126,0.10974500001611887,0.9395870000007562,10400.0,0.8177930999881937,97.40025329589844,200.0,-97.40025329589844,0.7663043478260869,0.0,0.0,0.0,34.0,0.9273214999993797,0.12372219999087974,0.8035993000085,0.8097826086956522,0.785234899328859,0.16847826086956522,0.6774193548387096,0.021739130434782608,0.75,"{""decoder"": ""viterbi"", ""explore_subsample"": true, ""n_chains"": 1, ""orchestrate_every"": 0, ""p_dream"": 0.0, ""seed"": 2}",,,
lcbench_167152,lcbench,L1_K1_VITERBI_SUB,3,200,200,-97.42998504638672,-97.42998504638672,97.42998504638672,,True,1.06210419999843,0.12580760007404024,1.0747959000000264,10400.0,0.9362965999243897,97.42998504638672,200.0,-97.42998504638672,0.7880434782608695,0.0,0.0,0.0,34.0,1.0618691999989096,0.14173269998718752,0.9201365000117221,0.8152173913043478,0.8066666666666666,0.17391304347826086,0.71875,0.010869565217391304,0.5,"{""decoder"": ""viterbi"", ""explore_subsample"": true, ""n_chains"": 1, ""orchestrate_every"": 0, ""p_dream"": 0.0, ""seed"": 3}",,,
lcbench_167152,lcbench,L1_K1_VITERBI_SUB,4,200,200,-97.0949478149414,-97.0949478149414,97.0949478149414,,True,1.0365063999997801,0.12426139994931873,1.0492624999969848,10400.0,0.9122450000504614,97.0949478149414,200.0,-97.0949478149414,0.8043478260869565,0.0,0.0,0.0,34.0,1.0362676000004285,0.13930879999679746,0.896958800003631,0.7554347826086957,0.7985611510791367,0.2391304347826087,0.8181818181818182,0.005434782608695652,1.0,"{""decoder"": ""viterbi"", ""explore_subsample"": true, ""n_chains"": 1, ""orchestrate_every"": 0, ""p_dream"": 0.0, ""seed"": 4}",,,
lcbench_167152,lcbench,L1_K1_VITERBI_SUB,5,200,200,-97.12606048583984,-97.12606048583984,97.12606048583984,,True,0.9729099000032875,0.11027000000467524,0.9823497000033967,10400.0,0.8626398999986122,97.12606048583984,200.0,-97.12606048583984,0.782608695652174,0.0,0.0,0.0,34.0,0.9727209999982733,0.12419520007824758,0.8485257999200257,0.8043478260869565,0.8243243243243243,0.1956521739130435,0.6111111111111112,0.0,,"{""decoder"": ""viterbi"", ""explore_subsample"": true, ""n_chains"": 1, ""orchestrate_every"": 0, ""p_dream"": 0.0, ""seed"": 5}",,,
lcbench_167152,lcbench,L1_K1_VITERBI_SUB,6,200,200,-97.3943099975586,-97.3943099975586,97.3943099975586,,True,1.0175296000015805,0.1064948000057484,1.0351802000004682,10400.0,0.9110347999958321,97.3943099975586,200.0,-97.3943099975586,0.8586956521739131,0.0,0.0,0.0,34.0,1.0172574000025634,0.1208219000036479,0.8964354999989155,0.7989130434782609,0.8775510204081632,0.20108695652173914,0.7837837837837838,0.0,,"{""decoder"": ""viterbi"", ""explore_subsample"": true, ""n_chains"": 1, ""orchestrate_every"": 0, ""p_dream"": 0.0, ""seed"": 6}",,,
lcbench_167152,lcbench,L1_K1_VITERBI_SUB,7,200,200,-96.87850952148438,-96.87850952148438,96.87850952148438,,True,0.9356215000007069,0.10298919996421319,0.9485516999993706,10400.0,0.8326323000364937,96.87850952148438,200.0,-96.87850952148438,0.8478260869565217,0.0,0.0,0.0,34.0,0.9354117999973823,0.11676190002617659,0.8186498999712057,0.7717391304347826,0.8802816901408451,0.22826086956521738,0.7380952380952381,0.0,,"{""decoder"": ""viterbi"", ""explore_subsample"": true, ""n_chains"": 1, ""orchestrate_every"": 0, ""p_dream"": 0.0, ""seed"": 7}",,,
lcbench_167152,lcbench,L1_K1_VITERBI_SUB,8,200,200,-97.14310455322266,-97.14310455322266,97.14310455322266,,True,1.0688073999990593,0.11101699998835102,1.0895126999967033,10400.0,0.9577904000107083,97.14310455322266,200.0,-97.14310455322266,0.8097826086956522,0.0,0.0,0.0,34.0,1.068514700004016,0.12536850000469713,0.9431461999993189,0.8152173913043478,0.84,0.16304347826086957,0.7,0.021739130434782608,0.5,"{""decoder"": ""viterbi"", ""explore_subsample"": true, ""n_chains"": 1, ""orchestrate_every"": 0, ""p_dream"": 0.0, ""seed"": 8}",,,
lcbench_167152,lcbench,L1_K1_VITERBI_SUB,9,200,200,-97.35382080078125,-97.35382080078125,97.35382080078125,,True,1.0300439999991795,0.11190469997382024,1.042173100002401,10400.0,0.9181393000253593,97.35382080078125,200.0,-97.35382080078125,0.8695652173913043,0.0,0.0,0.0,34.0,1.0298041999994894,0.12687789999472443,0.9029263000047649,0.7445652173913043,0.8759124087591241,0.125,0.9565217391304348,0.13043478260869565,0.75,"{""decoder"": ""viterbi"", ""explore_subsample"": true, ""n_chains"": 1, ""orchestrate_every"": 0, ""p_dream"": 0.0, ""seed"": 9}",,,
lcbench_167152,lcbench,L1_K1_VITERBI_SUB,10,200,200,-97.90052795410156,-97.90052795410156,97.90052795410156,,True,0.9983204999953159,0.109026000056474,1.0123194999978296,10400.0,0.8892944999388419,97.90052795410156,200.0,-97.90052795410156,0.8206521739130435,0.0,0.0,0.0,34.0,0.9980833000008715,0.12321439999504946,0.8748689000058221,0.8478260869565217,0.8397435897435898,0.13043478260869565,0.75,0.021739130434782608,0.5,"{""decoder"": ""viterbi"", ""explore_subsample"": true, ""n_chains"": 1, ""orchestrate_every"": 0, ""p_dream"": 0.0, ""seed"": 10}",,,
lcbench_167152,lcbench,L1_K1_VITERBI_SUB,11,200,200,-97.46009063720703,-97.46009063720703,97.46009063720703,,True,0.9983546000003116,0.1136149999438203,1.0116475999966497,10400.0,0.8847396000564913,97.46009063720703,200.0,-97.46009063720703,0.7880434782608695,0.0,0.0,0.0,34.0,0.9981138000002829,0.12812690002465388,0.8699868999756291,0.8804347826086957,0.8024691358024691,0.07608695652173914,0.7857142857142857,0.043478260869565216,0.5,"{""decoder"": ""viterbi"", ""explore_subsample"": true, ""n_chains"": 1, ""orchestrate_every"": 0, ""p_dream"": 0.0, ""seed"": 11}",,,
lcbench_167152,lcbench,L1_K1_VITERBI_SUB,12,200,200,-97.0779037475586,-97.0779037475586,97.0779037475586,,True,0.9813483000034466,0.11251679996348685,1.0041137999942293,10400.0,0.8688315000399598,97.0779037475586,200.0,-97.0779037475586,0.7771739130434783,0.0,0.0,0.0,34.0,0.9811167000007117,0.12700210005277768,0.854114599947934,0.7445652173913043,0.8102189781021898,0.23369565217391305,0.6744186046511628,0.021739130434782608,0.75,"{""decoder"": ""viterbi"", ""explore_subsample"": true, ""n_chains"": 1, ""orchestrate_every"": 0, ""p_dream"": 0.0, ""seed"": 12}",,,
lcbench_167152,lcbench,L1_K1_VITERBI_SUB,13,200,200,-97.40768432617188,-97.40768432617188,97.40768432617188,,True,1.0982731000040076,0.12026449995755684,1.1107589999955962,10400.0,0.9780086000464507,97.40768432617188,200.0,-97.40768432617188,0.8097826086956522,0.0,0.0,0.0,34.0,1.098033000002033,0.13592119999520946,0.9621118000068236,0.7717391304347826,0.8661971830985915,0.16847826086956522,0.6129032258064516,0.059782608695652176,0.6363636363636364,"{""decoder"": ""viterbi"", ""explore_subsample"": true, ""n_chains"": 1, ""orchestrate_every"": 0, ""p_dream"": 0.0, ""seed"": 13}",,,
lcbench_167152,lcbench,L1_K1_VITERBI_SUB,14,200,200,-96.80204010009766,-96.80204010009766,96.80204010009766,,True,1.115202799999679,0.12186959997779923,1.1285601999989012,10400.0,0.9933332000218797,96.80204010009766,200.0,-96.80204010009766,0.8043478260869565,0.0,0.0,0.0,34.0,1.1149731000041356,0.13743129999784287,0.9775418000062928,0.8586956521739131,0.8291139240506329,0.125,0.6521739130434783,0.016304347826086956,0.6666666666666666,"{""decoder"": ""viterbi"", ""explore_subsample"": true, ""n_chains"": 1, ""orchestrate_every"": 0, ""p_dream"": 0.0, ""seed"": 14}",,,
lcbench_167152,lcbench,L1_K1_VITERBI_SUB,15,200,200,-97.28253936767578,-97.28253936767578,97.28253936767578,,True,1.184993700000632,0.12971839996316703,1.2078890000047977,10400.0,1.055275300037465,97.28253936767578,200.0,-97.28253936767578,0.7989130434782609,0.0,0.0,0.0,34.0,1.1847211999993306,0.14645599997311365,1.038265200026217,0.7119565217391305,0.8473282442748091,0.28804347826086957,0.6792452830188679,0.0,,"{""decoder"": ""viterbi"", ""explore_subsample"": true, ""n_chains"": 1, ""orchestrate_every"": 0, ""p_dream"": 0.0, ""seed"": 15}",,,
lcbench_167152,lcbench,L1_K1_VITERBI_SUB,16,200,200,-96.65001678466797,-96.65001678466797,96.65001678466797,,True,1.1237043000000995,0.1274208999966504,1.1365944999997737,10400.0,0.9962834000034491,96.65001678466797,200.0,-96.65001678466797,0.7880434782608695,0.0,0.0,0.0,34.0,1.1234782000028645,0.14400940002087737,0.9794687999819871,0.7934782608695652,0.8287671232876712,0.20652173913043478,0.631578947368421,0.0,,"{""decoder"": ""viterbi"", ""explore_subsample"": true, ""n_chains"": 1, ""orchestrate_every"": 0, ""p_dream"": 0.0, ""seed"": 16}",,,
lcbench_167152,lcbench,L1_K1_VITERBI_SUB,17,200,200,-97.35270690917969,-97.35270690917969,97.35270690917969,,True,1.1163009999945643,0.13172969998413464,1.1315543000018806,10400.0,0.9845713000104297,97.35270690917969,200.0,-97.35270690917969,0.7989130434782609,0.0,0.0,0.0,34.0,1.116082100001222,0.14746449996164301,0.968617600039579,0.7663043478260869,0.8085106382978723,0.11956521739130435,0.7272727272727273,0.11413043478260869,0.8095238095238095,"{""decoder"": ""viterbi"", ""explore_subsample"": true, ""n_chains"": 1, ""orchestrate_every"": 0, ""p_dream"": 0.0, ""seed"": 17}",,,
lcbench_167152,lcbench,L1_K1_VITERBI_SUB,18,200,200,-96.96613311767578,-96.96613311767578,96.96613311767578,,True,1.0730930000063381,0.12150810000457568,1.0914279999997234,10400.0,0.9515849000017624,96.96613311767578,200.0,-96.96613311767578,0.8369565217391305,0.0,0.0,0.0,34.0,1.0728450999959023,0.13761199999134988,0.9352331000045524,0.8043478260869565,0.8851351351351351,0.16847826086956522,0.6129032258064516,0.02717391304347826,0.8,"{""decoder"": ""viterbi"", ""explore_subsample"": true, ""n_chains"": 1, ""orchestrate_every"": 0, ""p_dream"": 0.0, ""seed"": 18}",,,
lcbench_167152,lcbench,L1_K1_VITERBI_SUB,19,200,200,-97.50471496582031,-97.50471496582031,97.50471496582031,,True,1.0932823999974062,0.11401289996138075,1.1146490999963135,10400.0,0.9792695000360254,97.50471496582031,200.0,-97.50471496582031,0.8369565217391305,0.0,0.0,0.0,34.0,1.0929544999962673,0.12920600001962157,0.9637484999766457,0.782608695652174,0.8541666666666666,0.16847826086956522,0.7419354838709677,0.04891304347826087,0.8888888888888888,"{""decoder"": ""viterbi"", ""explore_subsample"": true, ""n_chains"": 1, ""orchestrate_every"": 0, ""p_dream"": 0.0, ""seed"": 19}",,,
lcbench_167152,lcbench,RS,0,200,200,-97.76915740966797,-97.76915740966797,97.76915740966797,,True,0.31758070000068983,0.1273121000485844,0.36342100000183564,10400.0,0.19026859995210543,97.76915740966797,,,,,,,,,,,,,,,,,,,,
lcbench_167152,lcbench,RS,1,200,200,-96.96946716308594,-96.96946716308594,96.96946716308594,,True,0.3122789999979432,0.1275252999694203,0.3578881000066758,10400.0,0.18475370002852287,96.96946716308594,,,,,,,,,,,,,,,,,,,,
lcbench_167152,lcbench,RS,2,200,200,-97.322998046875,-97.322998046875,97.322998046875,,True,0.3082475000046543,0.12078939998173155,0.35362399999576155,10400.0,0.18745810002292274,97.322998046875,,,,,,,,,,,,,,,,,,,,
lcbench_167152,lcbench,RS,3,200,200,-97.0775375366211,-97.0775375366211,97.0775375366211,,True,0.31860579999920446,0.12482309998449637,0.3662906999961706,10400.0,0.1937827000147081,97.0775375366211,,,,,,,,,,,,,,,,,,,,
lcbench_167152,lcbench,RS,4,200,200,-97.1723861694336,-97.1723861694336,97.1723861694336,,True,0.2809817000015755,0.11029389999748673,0.3211912000042503,10400.0,0.17068780000408879,97.1723861694336,,,,,,,,,,,,,,,,,,,,
lcbench_167152,lcbench,RS,5,200,200,-97.05050659179688,-97.05050659179688,97.05050659179688,,True,0.26761160000023665,0.10299609997309744,0.27833830000599846,10400.0,0.1646155000271392,97.05050659179688,,,,,,,,,,,,,,,,,,,,
lcbench_167152,lcbench,RS,6,200,200,-97.03865814208984,-97.03865814208984,97.03865814208984,,True,0.2752500999995391,0.10808860001998255,0.2855995000063558,10400.0,0.16716149997955654,97.03865814208984,,,,,,,,,,,,,,,,,,,,
lcbench_167152,lcbench,RS,7,200,200,-97.392822265625,-97.392822265625,97.392822265625,,True,0.2693892000024789,0.10571450002316851,0.31975729999976465,10400.0,0.1636746999793104,97.392822265625,,,,,,,,,,,,,,,,,,,,
lcbench_167152,lcbench,RS,8,200,200,-97.20612335205078,-97.20612335205078,97.20612335205078,,True,0.26685790000192355,0.1053113000234589,0.2777459999997518,10400.0,0.16154659997846466,97.20612335205078,,,,,,,,,,,,,,,,,,,,
lcbench_167152,lcbench,RS,9,200,200,-97.49913787841797,-97.49913787841797,97.49913787841797,,True,0.28319460000057006,0.1101852000283543,0.29440839999733726,10400.0,0.17300939997221576,97.49913787841797,,,,,,,,,,,,,,,,,,,,
lcbench_167152,lcbench,RS,10,200,200,-97.08087158203125,-97.08087158203125,97.08087158203125,,True,0.28400870000041323,0.11272299999836832,0.2949185999968904,10400.0,0.1712857000020449,97.08087158203125,,,,,,,,,,,,,,,,,,,,
lcbench_167152,lcbench,RS,11,200,200,-97.09049987792969,-97.09049987792969,97.09049987792969,,True,0.2561303999973461,0.09941980004805373,0.26680209999904037,10400.0,0.15671059994929237,97.09049987792969,,,,,,,,,,,,,,,,,,,,
lcbench_167152,lcbench,RS,12,200,200,-97.2005615234375,-97.2005615234375,97.2005615234375,,True,0.2683977999986382,0.10390560006635496,0.2789113000035286,10400.0,0.16449219993228326,97.2005615234375,,,,,,,,,,,,,,,,,,,,
lcbench_167152,lcbench,RS,13,200,200,-97.40210723876953,-97.40210723876953,97.40210723876953,,True,0.2842104000010295,0.10997099999076454,0.32745949999662116,10400.0,0.17423940001026494,97.40210723876953,,,,,,,,,,,,,,,,,,,,
lcbench_167152,lcbench,RS,14,200,200,-97.28588104248047,-97.28588104248047,97.28588104248047,,True,0.26804209999681916,0.10093680008139927,0.2788546000010683,10400.0,0.1671052999154199,97.28588104248047,,,,,,,,,,,,,,,,,,,,
lcbench_167152,lcbench,RS,15,200,200,-97.28922271728516,-97.28922271728516,97.28922271728516,,True,0.2778808000002755,0.10896300003514625,0.2882668000020203,10400.0,0.16891779996512923,97.28922271728516,,,,,,,,,,,,,,,,,,,,
lcbench_167152,lcbench,RS,16,200,200,-97.26287841796875,-97.26287841796875,97.26287841796875,,True,0.3024197999984608,0.11771989995759213,0.3140239999993355,10400.0,0.18469990004086867,97.26287841796875,,,,,,,,,,,,,,,,,,,,
lcbench_167152,lcbench,RS,17,200,200,-97.08383178710938,-97.08383178710938,97.08383178710938,,True,0.28861419999884674,0.1122591000093962,0.30618750000576256,10400.0,0.17635509998945054,97.08383178710938,,,,,,,,,,,,,,,,,,,,
lcbench_167152,lcbench,RS,18,200,200,-97.29181671142578,-97.29181671142578,97.29181671142578,,True,0.28319919999921694,0.10729019997961586,0.2945188000012422,10400.0,0.17590900001960108,97.29181671142578,,,,,,,,,,,,,,,,,,,,
lcbench_167152,lcbench,RS,19,200,200,-97.10717010498047,-97.10717010498047,97.10717010498047,,True,0.270896800000628,0.1061788999431883,0.28315139999904204,10400.0,0.1647179000574397,97.10717010498047,,,,,,,,,,,,,,,,,,,,
lcbench_167152,lcbench,TPE,0,200,200,-97.30184173583984,-97.30184173583984,97.30184173583984,,True,4.01719569999841,0.14854509999713628,4.028121800001827,10400.0,3.868650600001274,97.30184173583984,,,,,,,,,,,,,,,,,,,,
lcbench_167152,lcbench,TPE,1,200,200,-97.50360107421875,-97.50360107421875,97.50360107421875,,True,3.3705313999962527,0.15053050002461532,3.3817505999977584,10400.0,3.2200008999716374,97.50360107421875,,,,,,,,,,,,,,,,,,,,
lcbench_167152,lcbench,TPE,2,200,200,-97.50248718261719,-97.50248718261719,97.50248718261719,,True,4.080471799999941,0.15130319993477315,4.092491399998835,10400.0,3.929168600065168,97.50248718261719,,,,,,,,,,,,,,,,,,,,
lcbench_167152,lcbench,TPE,3,200,200,-97.32707977294922,-97.32707977294922,97.32707977294922,,True,3.8806379000016022,0.15268739996099612,3.896603799999866,10400.0,3.727950500040606,97.32707977294922,,,,,,,,,,,,,,,,,,,,
lcbench_167152,lcbench,TPE,4,200,200,-98.08444213867188,-98.08444213867188,98.08444213867188,,True,4.540686500004085,0.15649460002896376,4.554396600004111,10400.0,4.3841918999751215,98.08444213867188,,,,,,,,,,,,,,,,,,,,
lcbench_167152,lcbench,TPE,5,200,200,-97.58695220947266,-97.58695220947266,97.58695220947266,,True,4.407576600002358,0.15592810000816826,4.421230699997977,10400.0,4.2516484999941895,97.58695220947266,,,,,,,,,,,,,,,,,,,,
lcbench_167152,lcbench,TPE,6,200,200,-97.53521728515625,-97.53521728515625,97.53521728515625,,True,3.090590299994801,0.15324199996393872,3.105262999997649,10400.0,2.9373483000308624,97.53521728515625,,,,,,,,,,,,,,,,,,,,
lcbench_167152,lcbench,TPE,7,200,200,-97.4920654296875,-97.4920654296875,97.4920654296875,,True,3.499511399997573,0.17643920000409707,3.5129908000017167,10400.0,3.323072199993476,97.4920654296875,,,,,,,,,,,,,,,,,,,,
lcbench_167152,lcbench,TPE,8,200,200,-97.30184173583984,-97.30184173583984,97.30184173583984,,True,4.237010600001668,0.16454179994616425,4.2501320999945165,10400.0,4.072468800055503,97.30184173583984,,,,,,,,,,,,,,,,,,,,
lcbench_167152,lcbench,TPE,9,200,200,-97.54154205322266,-97.54154205322266,97.54154205322266,,True,3.948573599998781,0.17256709991488606,3.9616033999991487,10400.0,3.776006500083895,97.54154205322266,,,,,,,,,,,,,,,,,,,,
lcbench_167152,lcbench,TPE,10,200,200,-97.35567474365234,-97.35567474365234,97.35567474365234,,True,3.7305959000004805,0.18325620006362442,3.7452168999952846,10400.0,3.547339699936856,97.35567474365234,,,,,,,,,,,,,,,,,,,,
lcbench_167152,lcbench,TPE,11,200,200,-97.614501953125,-97.614501953125,97.614501953125,,True,4.4227207000003546,0.16987190000509145,4.439289499998267,10400.0,4.252848799995263,97.614501953125,,,,,,,,,,,,,,,,,,,,
lcbench_167152,lcbench,TPE,12,200,200,-97.16423034667969,-97.16423034667969,97.16423034667969,,True,4.003460700005235,0.19344410001212964,4.02656329999445,10400.0,3.810016599993105,97.16423034667969,,,,,,,,,,,,,,,,,,,,
lcbench_167152,lcbench,TPE,13,200,200,-97.2298583984375,-97.2298583984375,97.2298583984375,,True,4.507615800001076,0.17508320005435962,4.528857099998277,10400.0,4.332532599946717,97.2298583984375,,,,,,,,,,,,,,,,,,,,
lcbench_167152,lcbench,TPE,14,200,200,-97.34899139404297,-97.34899139404297,97.34899139404297,,True,3.5632826000000932,0.16743289997975808,3.6083021000013105,10400.0,3.395849700020335,97.34899139404297,,,,,,,,,,,,,,,,,,,,
lcbench_167152,lcbench,TPE,15,200,200,-97.53782653808594,-97.53782653808594,97.53782653808594,,True,4.064506700000493,0.1693242000474129,4.0758655999961775,10400.0,3.89518249995308,97.53782653808594,,,,,,,,,,,,,,,,,,,,
lcbench_167152,lcbench,TPE,16,200,200,-97.59439849853516,-97.59439849853516,97.59439849853516,,True,4.489195599999221,0.16647549999470357,4.50389439999708,10400.0,4.322720100004517,97.59439849853516,,,,,,,,,,,,,,,,,,,,
lcbench_167152,lcbench,TPE,17,200,200,-98.02384948730469,-98.02384948730469,98.02384948730469,,True,4.539171100004751,0.16987380007776665,4.549973900000623,10400.0,4.369297299926984,98.02384948730469,,,,,,,,,,,,,,,,,,,,
lcbench_167152,lcbench,TPE,18,200,200,-97.5556869506836,-97.5556869506836,97.5556869506836,,True,3.703584299997601,0.16879559998051263,3.716601599997375,10400.0,3.5347887000170886,97.5556869506836,,,,,,,,,,,,,,,,,,,,
lcbench_167152,lcbench,TPE,19,200,200,-97.62344360351562,-97.62344360351562,97.62344360351562,,True,4.064476300001843,0.17025589998229407,4.112910899995768,10400.0,3.894220400019549,97.62344360351562,,,,,,,,,,,,,,,,,,,,
lcbench_167152,lcbench,TPE_HB,0,200,1791,-97.60482025146484,-97.60482025146484,97.60482025146484,,True,18.019326000001456,0.7416892001929227,18.02853049999976,10408.0,17.277636799808533,97.60482025146484,,,,,,,,,,,,,,,,,,,,
lcbench_167152,lcbench,TPE_HB,1,200,1720,-97.56982421875,-97.56982421875,97.56982421875,,True,14.929629099999147,0.8478775000257883,68.13893000000098,10422.0,14.081751599973359,97.56982421875,,,,,,,,,,,,,,,,,,,,
lcbench_167152,lcbench,TPE_HB,2,200,2102,-98.39849090576172,-98.39849090576172,98.39849090576172,,True,43.761257999998634,1.1451307999304845,96.55880049999541,10403.0,42.61612720006815,98.39849090576172,,,,,,,,,,,,,,,,,,,,
lcbench_167152,lcbench,TPE_HB,3,200,1536,-97.62604522705078,-97.62604522705078,97.62604522705078,,True,17.3483333999975,0.8245696999802021,69.97733120000339,10405.0,16.523763700017298,97.62604522705078,,,,,,,,,,,,,,,,,,,,
lcbench_167152,lcbench,TPE_HB,4,200,1439,-97.82735443115234,-97.82735443115234,97.82735443115234,,True,23.113107500001206,0.7833607999200467,75.67642419999902,10423.0,22.32974670008116,97.82735443115234,,,,,,,,,,,,,,,,,,,,
lcbench_167152,lcbench,TPE_HB,5,200,1379,-96.5774154663086,-96.5774154663086,96.5774154663086,,True,5.6692271000065375,0.25048949992924463,5.675587600002473,10400.0,5.418737600077293,96.5774154663086,,,,,,,,,,,,,,,,,,,,
lcbench_167152,lcbench,TPE_HB,6,200,1251,-97.1905517578125,-97.1905517578125,97.1905517578125,,True,3.831153999999515,0.21936319979431573,3.8375518000029842,10409.0,3.611790800205199,97.1905517578125,,,,,,,,,,,,,,,,,,,,
lcbench_167152,lcbench,TPE_HB,7,200,1607,-97.51141357421875,-97.51141357421875,97.51141357421875,,True,5.847333300000173,0.27406100009102374,5.853649700002279,10410.0,5.573272299909149,97.51141357421875,,,,,,,,,,,,,,,,,,,,
lcbench_167152,lcbench,TPE_HB,8,200,1279,-97.14384460449219,-97.14384460449219,97.14384460449219,,True,7.556023099998129,0.3044222000025911,7.560455799997726,10417.0,7.2516008999955375,97.14384460449219,,,,,,,,,,,,,,,,,,,,
lcbench_167152,lcbench,TPE_HB,9,200,1440,-97.28662109375,-97.28662109375,97.28662109375,,True,8.838915099993756,0.39933110011043027,8.843516000000818,10402.0,8.439583999883325,97.28662109375,,,,,,,,,,,,,,,,,,,,
lcbench_167152,lcbench,TPE_HB,10,200,1281,-97.36756134033203,-97.36756134033203,97.36756134033203,,True,6.723303099999612,0.3559290001212503,6.728235499998846,10409.0,6.3673740998783614,97.36756134033203,,,,,,,,,,,,,,,,,,,,
lcbench_167152,lcbench,TPE_HB,11,200,1421,-97.68862915039062,-97.68862915039062,97.68862915039062,,True,12.576210999999603,0.5237068000569707,12.583921699995699,10413.0,12.052504199942632,97.68862915039062,,,,,,,,,,,,,,,,,,,,
lcbench_167152,lcbench,TPE_HB,12,200,1383,-96.77213287353516,-96.77213287353516,96.77213287353516,,True,9.73986259999947,0.504957300145179,9.744915900002525,10404.0,9.23490529985429,96.77213287353516,,,,,,,,,,,,,,,,,,,,
lcbench_167152,lcbench,TPE_HB,13,200,1350,-97.43444061279297,-97.43444061279297,97.43444061279297,,True,10.840625800003181,0.5813647000322817,10.8466630000039,10417.0,10.2592610999709,97.43444061279297,,,,,,,,,,,,,,,,,,,,
lcbench_167152,lcbench,TPE_HB,14,200,1533,-97.69683074951172,-97.69683074951172,97.69683074951172,,True,19.49187570000504,0.6936472001252696,19.49981939999998,10408.0,18.79822849987977,97.69683074951172,,,,,,,,,,,,,,,,,,,,
lcbench_167152,lcbench,TPE_HB,15,200,1311,-97.11272430419922,-97.11272430419922,97.11272430419922,,True,7.767158299997391,0.550217600146425,7.775562399998307,10402.0,7.216940699850966,97.11272430419922,,,,,,,,,,,,,,,,,,,,
lcbench_167152,lcbench,TPE_HB,16,200,1418,-97.14199829101562,-97.14199829101562,97.14199829101562,,True,13.854736699999194,0.6527508001163369,13.860642699997697,10402.0,13.201985899882857,97.14199829101562,,,,,,,,,,,,,,,,,,,,
lcbench_167152,lcbench,TPE_HB,17,200,1450,-98.16043090820312,-98.16043090820312,98.16043090820312,,True,18.5876361000046,0.7329049000472878,18.59458319999976,10419.0,17.854731199957314,98.16043090820312,,,,,,,,,,,,,,,,,,,,
lcbench_167152,lcbench,TPE_HB,18,200,1845,-97.5832290649414,-97.5832290649414,97.5832290649414,,True,26.55156060000445,0.9661605001529097,26.560515800003486,10400.0,25.58540009985154,97.5832290649414,,,,,,,,,,,,,,,,,,,,
lcbench_167152,lcbench,TPE_HB,19,200,1306,-97.05976104736328,-97.05976104736328,97.05976104736328,,True,7.673517899995204,0.6122495001036441,7.683072699997865,10415.0,7.06126839989156,97.05976104736328,,,,,,,,,,,,,,,,,,,,
lcbench_167168,lcbench,CMAES,0,200,200,-88.12211608886719,-88.12211608886719,88.12211608886719,,True,0.3457436000026064,0.06068469991441816,58.3914711000034,10400.0,0.28505890008818824,88.12211608886719,,,,,,,,,,,,,,,,,,,,
lcbench_167168,lcbench,CMAES,1,200,200,-88.1116943359375,-88.1116943359375,88.1116943359375,,True,0.337830299999041,0.0821250999943004,6.6459509000051185,10400.0,0.2557052000047406,88.1116943359375,,,,,,,,,,,,,,,,,,,,
lcbench_167168,lcbench,CMAES,2,200,200,-85.79719543457031,-85.79719543457031,85.79719543457031,,True,0.45204289999674074,0.11445280003681546,65.77005899999494,10400.0,0.3375900999599253,85.79719543457031,,,,,,,,,,,,,,,,,,,,
lcbench_167168,lcbench,CMAES,3,200,200,-84.85943603515625,-84.85943603515625,84.85943603515625,,True,0.37047069999971427,0.06501529991510324,55.47030899999663,10400.0,0.30545540008461103,84.85943603515625,,,,,,,,,,,,,,,,,,,,
lcbench_167168,lcbench,CMAES,4,200,200,-86.52125549316406,-86.52125549316406,86.52125549316406,,True,0.27489539999805856,0.05846839996956987,54.951200399998925,10400.0,0.2164270000284887,86.52125549316406,,,,,,,,,,,,,,,,,,,,
lcbench_167168,lcbench,CMAES,5,200,200,-88.74079132080078,-88.74079132080078,88.74079132080078,,True,0.27084849999664584,0.055732500048179645,54.14932309999858,10400.0,0.2151159999484662,88.74079132080078,,,,,,,,,,,,,,,,,,,,
lcbench_167168,lcbench,CMAES,6,200,200,-87.71630096435547,-87.71630096435547,87.71630096435547,,True,0.33769029999530176,0.0763262000400573,54.35539450000215,10400.0,0.26136409995524446,87.71630096435547,,,,,,,,,,,,,,,,,,,,
lcbench_167168,lcbench,CMAES,7,200,200,-86.47109985351562,-86.47109985351562,86.47109985351562,,True,0.4115981000068132,0.11252230001264252,0.4214353999996092,10400.0,0.29907579999417067,86.47109985351562,,,,,,,,,,,,,,,,,,,,
lcbench_167168,lcbench,CMAES,8,200,200,-88.37661743164062,-88.37661743164062,88.37661743164062,,True,0.31678000000101747,0.0719965999815031,54.01174419999734,10400.0,0.24478340001951437,88.37661743164062,,,,,,,,,,,,,,,,,,,,
lcbench_167168,lcbench,CMAES,9,200,200,-88.20652770996094,-88.20652770996094,88.20652770996094,,True,0.37247109999589156,0.10031209993758239,0.38267560000531375,10400.0,0.2721590000583092,88.20652770996094,,,,,,,,,,,,,,,,,,,,
lcbench_167168,lcbench,CMAES,10,200,200,-87.9075698852539,-87.9075698852539,87.9075698852539,,True,0.4413373999996111,0.12592199995560804,0.4511469999997644,10400.0,0.31541540004400304,87.9075698852539,,,,,,,,,,,,,,,,,,,,
lcbench_167168,lcbench,CMAES,11,200,200,-87.05062103271484,-87.05062103271484,87.05062103271484,,True,0.32728579999820795,0.08801919997495133,0.3380211999974563,10400.0,0.23926660002325661,87.05062103271484,,,,,,,,,,,,,,,,,,,,
lcbench_167168,lcbench,CMAES,12,200,200,-86.66262817382812,-86.66262817382812,86.66262817382812,,True,0.37677529999928083,0.08795109995844541,53.44903470000281,10400.0,0.2888242000408354,86.66262817382812,,,,,,,,,,,,,,,,,,,,
lcbench_167168,lcbench,CMAES,13,200,200,-86.51927185058594,-86.51927185058594,86.51927185058594,,True,0.3110324000008404,0.07877240001835162,0.31988519999868004,10400.0,0.2322599999824888,86.51927185058594,,,,,,,,,,,,,,,,,,,,
lcbench_167168,lcbench,CMAES,14,200,200,-87.99983978271484,-87.99983978271484,87.99983978271484,,True,0.3331056999959401,0.08639850001782179,0.34175780000077793,10400.0,0.2467071999781183,87.99983978271484,,,,,,,,,,,,,,,,,,,,
lcbench_167168,lcbench,CMAES,15,200,200,-87.35832977294922,-87.35832977294922,87.35832977294922,,True,0.324462600001425,0.0814975000321283,0.3334248999963165,10400.0,0.24296509996929672,87.35832977294922,,,,,,,,,,,,,,,,,,,,
lcbench_167168,lcbench,CMAES,16,200,200,-88.68732452392578,-88.68732452392578,88.68732452392578,,True,0.43204720000358066,0.10801459998037899,53.226709700000356,10400.0,0.32403260002320167,88.68732452392578,,,,,,,,,,,,,,,,,,,,
lcbench_167168,lcbench,CMAES,17,200,200,-88.54703521728516,-88.54703521728516,88.54703521728516,,True,0.2882400000016787,0.06793950006249361,0.2969989999983227,10400.0,0.2203004999391851,88.54703521728516,,,,,,,,,,,,,,,,,,,,
lcbench_167168,lcbench,CMAES,18,200,200,-86.1247787475586,-86.1247787475586,86.1247787475586,,True,0.2593762999968021,0.05743570000049658,0.26763840000057826,10400.0,0.20194059999630554,86.1247787475586,,,,,,,,,,,,,,,,,,,,
lcbench_167168,lcbench,CMAES,19,200,200,-87.02837371826172,-87.02837371826172,87.02837371826172,,True,0.291724399998202,0.06545669998740777,0.30105759999423753,10400.0,0.22626770001079421,87.02837371826172,,,,,,,,,,,,,,,,,,,,
lcbench_167168,lcbench,FMP_DREAM,0,200,200,-79.7840805053711,-79.7840805053711,79.7840805053711,,True,0.5118451999951503,0.09418340004049242,0.523309899996093,10400.0,0.4176617999546579,79.7840805053711,200.0,-79.7840805053711,0.6833333333333333,0.4166666666666667,3.0,1.0,13.0,0.5116648999974132,0.10889550002320902,0.40276939997420413,0.5666666666666667,0.6862745098039216,0.43333333333333335,0.6794871794871795,0.0,,"{""decoder"": ""soft"", ""explore_subsample"": false, ""n_chains"": 4, ""orchestrate_every"": 5, ""p_dream"": 0.5, ""seed"": 0}",,,
lcbench_167168,lcbench,FMP_DREAM,1,200,200,-87.53813171386719,-87.53813171386719,87.53813171386719,,True,0.5485673999937717,0.101335499988636,0.562149600002158,10400.0,0.4472319000051357,87.53813171386719,200.0,-87.53813171386719,0.6277777777777778,0.5111111111111111,4.0,0.0,16.0,0.5483758000045782,0.11708970000472618,0.431286099999852,0.49444444444444446,0.6629213483146067,0.5055555555555555,0.5934065934065934,0.0,,"{""decoder"": ""soft"", ""explore_subsample"": false, ""n_chains"": 4, ""orchestrate_every"": 5, ""p_dream"": 0.5, ""seed"": 1}",,,
lcbench_167168,lcbench,FMP_DREAM,2,200,200,-85.84859466552734,-85.84859466552734,85.84859466552734,,True,0.4987787999998545,0.10389889998623403,0.5095090999966487,10400.0,0.3948799000136205,85.84859466552734,200.0,-85.84859466552734,0.664804469273743,0.4860335195530726,5.0,0.0,10.0,0.49858990000211634,0.11887950003438164,0.3797103999677347,0.5586592178770949,0.76,0.441340782122905,0.5443037974683544,0.0,,"{""decoder"": ""soft"", ""explore_subsample"": false, ""n_chains"": 4, ""orchestrate_every"": 5, ""p_dream"": 0.5, ""seed"": 2}",,,
lcbench_167168,lcbench,FMP_DREAM,3,200,200,-83.36457824707031,-83.36457824707031,83.36457824707031,,True,0.4973110999999335,0.10883110002760077,0.5105622999981279,10400.0,0.38847999997233273,83.36457824707031,200.0,-83.36457824707031,0.6815642458100558,0.5027932960893855,4.0,1.0,12.0,0.4970841000031214,0.12390509993565502,0.3731790000674664,0.5865921787709497,0.7333333333333333,0.4134078212290503,0.6081081081081081,0.0,,"{""decoder"": ""soft"", ""explore_subsample"": false, ""n_chains"": 4, ""orchestrate_every"": 5, ""p_dream"": 0.5, ""seed"": 3}",,,
lcbench_167168,lcbench,FMP_DREAM,4,200,200,-85.3099365234375,-85.3099365234375,85.3099365234375,,True,0.5460935999944923,0.10691590000351425,0.5607926000011503,10400.0,0.439177699990978,85.3099365234375,200.0,-85.3099365234375,0.6685082872928176,0.5193370165745856,3.0,0.0,18.0,0.5458612000002177,0.121907199951238,0.42395400004897965,0.4972375690607735,0.7,0.5027624309392266,0.6373626373626373,0.0,,"{""decoder"": ""soft"", ""explore_subsample"": false, ""n_chains"": 4, ""orchestrate_every"": 5, ""p_dream"": 0.5, ""seed"": 4}",,,
lcbench_167168,lcbench,FMP_DREAM,5,200,200,-78.35321807861328,-78.35321807861328,78.35321807861328,,True,0.5191558999940753,0.10499809996690601,0.5332284999967669,10400.0,0.4141578000271693,78.35321807861328,200.0,-78.35321807861328,0.6833333333333333,0.5555555555555556,4.0,0.0,15.0,0.5188970999952289,0.11983609992603306,0.39906100006919587,0.6222222222222222,0.6964285714285714,0.37777777777777777,0.6617647058823529,0.0,,"{""decoder"": ""soft"", ""explore_subsample"": false, ""n_chains"": 4, ""orchestrate_every"": 5, ""p_dream"": 0.5, ""seed"": 5}",,,
lcbench_167168,lcbench,FMP_DREAM,6,200,200,-85.3021240234375,-85.3021240234375,85.3021240234375,,True,0.5324275999955717,0.11072229999990668,0.5442864999931771,10400.0,0.421705299995665,85.3021240234375,200.0,-85.3021240234375,0.6333333333333333,0.5444444444444444,4.0,0.0,16.0,0.5322354000018095,0.12597110007482115,0.4062642999269883,0.4722222222222222,0.6705882352941176,0.5277777777777778,0.6,0.0,,"{""decoder"": ""soft"", ""explore_subsample"": false, ""n_chains"": 4, ""orchestrate_every"": 5, ""p_dream"": 0.5, ""seed"": 6}",,,
lcbench_167168,lcbench,FMP_DREAM,7,200,200,-83.8317642211914,-83.8317642211914,83.8317642211914,,True,0.5344796999997925,0.10462639995967038,0.5473105000055511,10400.0,0.4298533000401221,83.8317642211914,200.0,-83.8317642211914,0.7486033519553073,0.46368715083798884,4.0,1.0,13.0,0.5342405999981565,0.11946530004934175,0.4147752999488148,0.5307262569832403,0.8,0.4692737430167598,0.6904761904761905,0.0,,"{""decoder"": ""soft"", ""explore_subsample"": false, ""n_chains"": 4, ""orchestrate_every"": 5, ""p_dream"": 0.5, ""seed"": 7}",,,
lcbench_167168,lcbench,FMP_DREAM,8,200,200,-85.7425537109375,-85.7425537109375,85.7425537109375,,True,0.6175012000021525,0.10871229999611387,0.6312103999953251,10400.0,0.5087889000060386,85.7425537109375,200.0,-85.7425537109375,0.6229508196721312,0.46994535519125685,1.0,0.0,21.0,0.6172162000002572,0.1238242000399623,0.4933919999602949,0.6065573770491803,0.6486486486486487,0.39344262295081966,0.5833333333333334,0.0,,"{""decoder"": ""soft"", ""explore_subsample"": false, ""n_chains"": 4, ""orchestrate_every"": 5, ""p_dream"": 0.5, ""seed"": 8}",,,
lcbench_167168,lcbench,FMP_DREAM,9,200,200,-87.743408203125,-87.743408203125,87.743408203125,,True,0.5346583999998984,0.10851959998399252,0.54811989999871,10400.0,0.42613880001590587,87.743408203125,200.0,-87.743408203125,0.65,0.5444444444444444,4.0,0.0,14.0,0.5344403999988572,0.12403929992433405,0.41040110007452313,0.5388888888888889,0.711340206185567,0.46111111111111114,0.5783132530120482,0.0,,"{""decoder"": ""soft"", ""explore_subsample"": false, ""n_chains"": 4, ""orchestrate_every"": 5, ""p_dream"": 0.5, ""seed"": 9}",,,
lcbench_167168,lcbench,FMP_DREAM,10,200,200,-88.0831298828125,-88.0831298828125,88.0831298828125,,True,0.5656406999987666,0.10560170002281666,0.5812086000005365,10400.0,0.46003899997595,88.0831298828125,200.0,-88.0831298828125,0.6555555555555556,0.4388888888888889,4.0,0.0,15.0,0.5653644000049098,0.12081720000423957,0.4445472000006703,0.5888888888888889,0.7264150943396226,0.4111111111111111,0.5540540540540541,0.0,,"{""decoder"": ""soft"", ""explore_subsample"": false, ""n_chains"": 4, ""orchestrate_every"": 5, ""p_dream"": 0.5, ""seed"": 10}",,,
lcbench_167168,lcbench,FMP_DREAM,11,200,200,-88.19307708740234,-88.19307708740234,88.19307708740234,,True,0.5279681999963941,0.10221530005219392,0.542227300000377,10400.0,0.4257528999442002,88.19307708740234,200.0,-88.19307708740234,0.6222222222222222,0.5111111111111111,4.0,0.0,16.0,0.5277544999989914,0.11682310004835017,0.4109313999506412,0.46111111111111114,0.6746987951807228,0.5388888888888889,0.5773195876288659,0.0,,"{""decoder"": ""soft"", ""explore_subsample"": false, ""n_chains"": 4, ""orchestrate_every"": 5, ""p_dream"": 0.5, ""seed"": 11}",,,
lcbench_167168,lcbench,FMP_DREAM,12,200,200,-85.95279693603516,-85.95279693603516,85.95279693603516,,True,0.5181159999992815,0.10913200006325496,0.5299127999969642,10400.0,0.4089839999360265,85.95279693603516,200.0,-85.95279693603516,0.6888888888888889,0.5722222222222222,4.0,0.0,15.0,0.5179005000027246,0.12410659997840412,0.39379390002432046,0.45555555555555555,0.7560975609756098,0.5444444444444444,0.6326530612244898,0.0,,"{""decoder"": ""soft"", ""explore_subsample"": false, ""n_chains"": 4, ""orchestrate_every"": 5, ""p_dream"": 0.5, ""seed"": 12}",,,
lcbench_167168,lcbench,FMP_DREAM,13,200,200,-82.55033874511719,-82.55033874511719,82.55033874511719,,True,0.5273404000035953,0.10528059994976502,0.5397058000016841,10400.0,0.42205980005383026,82.55033874511719,200.0,-82.55033874511719,0.6611111111111111,0.5222222222222223,4.0,0.0,14.0,0.5270891999971354,0.12235419999342412,0.4047350000037113,0.55,0.696969696969697,0.45,0.6172839506172839,0.0,,"{""decoder"": ""soft"", ""explore_subsample"": false, ""n_chains"": 4, ""orchestrate_every"": 5, ""p_dream"": 0.5, ""seed"": 13}",,,
lcbench_167168,lcbench,FMP_DREAM,14,200,200,-81.34123229980469,-81.34123229980469,81.34123229980469,,True,0.5374167999980273,0.10990629999287194,0.550964499998372,10400.0,0.42751050000515534,81.34123229980469,200.0,-81.34123229980469,0.6480446927374302,0.4972067039106145,3.0,2.0,15.0,0.5372134999997797,0.12548760000208858,0.41172589999769116,0.5195530726256983,0.7634408602150538,0.48044692737430167,0.5232558139534884,0.0,,"{""decoder"": ""soft"", ""explore_subsample"": false, ""n_chains"": 4, ""orchestrate_every"": 5, ""p_dream"": 0.5, ""seed"": 14}",,,
lcbench_167168,lcbench,FMP_DREAM,15,200,200,-85.72750854492188,-85.72750854492188,85.72750854492188,,True,0.632841600003303,0.104967800056329,0.6606393999973079,10400.0,0.527873799946974,85.72750854492188,200.0,-85.72750854492188,0.6111111111111112,0.45555555555555555,3.0,1.0,18.0,0.6325302999975975,0.12178379997931188,0.5107465000182856,0.42777777777777776,0.6493506493506493,0.5722222222222222,0.5825242718446602,0.0,,"{""decoder"": ""soft"", ""explore_subsample"": false, ""n_chains"": 4, ""orchestrate_every"": 5, ""p_dream"": 0.5, ""seed"": 15}",,,
lcbench_167168,lcbench,FMP_DREAM,16,200,200,-86.58795166015625,-86.58795166015625,86.58795166015625,,True,0.6038648000030662,0.10641190001479117,0.6178711999964435,10400.0,0.497452899988275,86.58795166015625,200.0,-86.58795166015625,0.7111111111111111,0.45555555555555555,4.0,0.0,19.0,0.6036318999977084,0.12139860006573144,0.48223329993197694,0.5722222222222222,0.7475728155339806,0.42777777777777776,0.6623376623376623,0.0,,"{""decoder"": ""soft"", ""explore_subsample"": false, ""n_chains"": 4, ""orchestrate_every"": 5, ""p_dream"": 0.5, ""seed"": 16}",,,
lcbench_167168,lcbench,FMP_DREAM,17,200,200,-87.9203109741211,-87.9203109741211,87.9203109741211,,True,0.5725718000030611,0.10587849999865284,0.5859835000010207,10400.0,0.46669330000440823,87.9203109741211,200.0,-87.9203109741211,0.6722222222222223,0.45,4.0,0.0,14.0,0.5723266999993939,0.12070879997190787,0.45161790002748603,0.5388888888888889,0.7010309278350515,0.46111111111111114,0.6385542168674698,0.0,,"{""decoder"": ""soft"", ""explore_subsample"": false, ""n_chains"": 4, ""orchestrate_every"": 5, ""p_dream"": 0.5, ""seed"": 17}",,,
lcbench_167168,lcbench,FMP_DREAM,18,200,200,-84.84292602539062,-84.84292602539062,84.84292602539062,,True,0.5935590999943088,0.11377060000086203,0.6078527999998187,10400.0,0.47978849999344675,84.84292602539062,200.0,-84.84292602539062,0.7348066298342542,0.4530386740331492,2.0,1.0,17.0,0.5933064999990165,0.13021970006229822,0.4630867999367183,0.5414364640883977,0.7755102040816326,0.4585635359116022,0.6867469879518072,0.0,,"{""decoder"": ""soft"", ""explore_subsample"": false, ""n_chains"": 4, ""orchestrate_every"": 5, ""p_dream"": 0.5, ""seed"": 18}",,,
lcbench_167168,lcbench,FMP_DREAM,19,200,200,-85.97116088867188,-85.97116088867188,85.97116088867188,,True,0.5640755999993416,0.12020140001550317,0.5774755000020377,10400.0,0.4438741999838385,85.97116088867188,200.0,-85.97116088867188,0.6759776536312849,0.4860335195530726,4.0,1.0,14.0,0.5638374999980442,0.13627550006640377,0.42756199993164046,0.5810055865921788,0.7307692307692307,0.41899441340782123,0.6,0.0,,"{""decoder"": ""soft"", ""explore_subsample"": false, ""n_chains"": 4, ""orchestrate_every"": 5, ""p_dream"": 0.5, ""seed"": 19}",,,
lcbench_167168,lcbench,GP,0,200,200,-89.38188171386719,-89.38188171386719,89.38188171386719,,True,126.98491869999998,0.1439392998800031,127.0027351999961,10400.0,126.84097940011998,89.38188171386719,,,,,,,,,,,,,,,,,,,,
lcbench_167168,lcbench,GP,1,200,200,-89.29566192626953,-89.29566192626953,89.29566192626953,,True,139.62429580000025,0.14582809993589763,139.63703550000355,10400.0,139.47846770006436,89.29566192626953,,,,,,,,,,,,,,,,,,,,
lcbench_167168,lcbench,GP,2,200,200,-87.00247955322266,-87.00247955322266,87.00247955322266,,True,113.90572809999867,0.14215419998799916,113.91807739999786,10400.0,113.76357390001067,87.00247955322266,,,,,,,,,,,,,,,,,,,,
lcbench_167168,lcbench,GP,3,200,200,-89.4251937866211,-89.4251937866211,89.4251937866211,,True,136.93785950000165,0.14699480011040578,136.94942190000438,10400.0,136.79086469989124,89.4251937866211,,,,,,,,,,,,,,,,,,,,
lcbench_167168,lcbench,GP,4,200,200,-86.99982452392578,-86.99982452392578,86.99982452392578,,True,139.84055799999624,0.14123119998839684,139.8523200999989,10400.0,139.69932680000784,86.99982452392578,,,,,,,,,,,,,,,,,,,,
lcbench_167168,lcbench,GP,5,200,200,-89.33688354492188,-89.33688354492188,89.33688354492188,,True,140.3154121999978,0.1415578000523965,140.3268833999973,10400.0,140.1738543999454,89.33688354492188,,,,,,,,,,,,,,,,,,,,
lcbench_167168,lcbench,GP,6,200,200,-87.00048828125,-87.00048828125,87.00048828125,,True,121.79585109999607,0.1426560999461799,121.83072879999963,10400.0,121.65319500004989,87.00048828125,,,,,,,,,,,,,,,,,,,,
lcbench_167168,lcbench,GP,7,200,200,-87.28271484375,-87.28271484375,87.28271484375,,True,133.8946023000026,0.1468869999735034,133.90959640000074,10400.0,133.74771530002909,87.28271484375,,,,,,,,,,,,,,,,,,,,
lcbench_167168,lcbench,GP,8,200,200,-87.00082397460938,-87.00082397460938,87.00082397460938,,True,148.91613489999872,0.1394656000120449,148.92920889999368,10400.0,148.77666929998668,87.00082397460938,,,,,,,,,,,,,,,,,,,,
lcbench_167168,lcbench,GP,9,200,200,-89.42621612548828,-89.42621612548828,89.42621612548828,,True,156.4384863000014,0.14214810002886225,156.45081359999313,10400.0,156.29633819997252,89.42621612548828,,,,,,,,,,,,,,,,,,,,
lcbench_167168,lcbench,GP,10,200,200,-89.425537109375,-89.425537109375,89.425537109375,,True,136.42340399999375,0.15636119999544462,136.43501300000207,10400.0,136.2670427999983,89.425537109375,,,,,,,,,,,,,,,,,,,,
lcbench_167168,lcbench,GP,11,200,200,-87.78626251220703,-87.78626251220703,87.78626251220703,,True,123.90480119999847,0.15046870002697688,123.91744150000159,10400.0,123.7543324999715,87.78626251220703,,,,,,,,,,,,,,,,,,,,
lcbench_167168,lcbench,GP,12,200,200,-86.99982452392578,-86.99982452392578,86.99982452392578,,True,138.46808880000026,0.15184819995920407,138.49021709999943,10400.0,138.31624060004106,86.99982452392578,,,,,,,,,,,,,,,,,,,,
lcbench_167168,lcbench,GP,13,200,200,-86.99650573730469,-86.99650573730469,86.99650573730469,,True,112.05669489999855,0.14470559990149923,112.06879490000574,10400.0,111.91198930009705,86.99650573730469,,,,,,,,,,,,,,,,,,,,
lcbench_167168,lcbench,GP,14,200,200,-87.0014877319336,-87.0014877319336,87.0014877319336,,True,122.87008259999857,0.15224600001238286,122.88341769999533,10400.0,122.71783659998619,87.0014877319336,,,,,,,,,,,,,,,,,,,,
lcbench_167168,lcbench,GP,15,200,200,-86.99982452392578,-86.99982452392578,86.99982452392578,,True,127.34650049999618,0.1538917000652873,127.35772980000183,10400.0,127.1926087999309,86.99982452392578,,,,,,,,,,,,,,,,,,,,
lcbench_167168,lcbench,GP,16,200,200,-89.41291809082031,-89.41291809082031,89.41291809082031,,True,131.1050952000005,0.14790099989477312,131.1154600000009,10400.0,130.95719420010573,89.41291809082031,,,,,,,,,,,,,,,,,,,,
lcbench_167168,lcbench,GP,17,200,200,-89.42383575439453,-89.42383575439453,89.42383575439453,,True,134.97136140000657,0.14486890002444852,134.98330059999716,10400.0,134.82649249998212,89.42383575439453,,,,,,,,,,,,,,,,,,,,
lcbench_167168,lcbench,GP,18,200,200,-89.42280578613281,-89.42280578613281,89.42280578613281,,True,127.13971260000108,0.14648930003022542,127.83042820000264,10400.0,126.99322329997085,89.42280578613281,,,,,,,,,,,,,,,,,,,,
lcbench_167168,lcbench,GP,19,200,200,-86.974609375,-86.974609375,86.974609375,,True,119.747254599999,0.15244510007323697,119.757972600004,10400.0,119.59480949992576,86.974609375,,,,,,,,,,,,,,,,,,,,
lcbench_167168,lcbench,L1_K1_VITERBI_SUB,0,200,200,-82.28215789794922,-82.28215789794922,82.28215789794922,,True,1.1492354000001797,0.12654900002962677,1.269376000003831,10400.0,1.0226863999705529,82.28215789794922,200.0,-82.28215789794922,0.7445652173913043,0.0,0.0,0.0,34.0,1.1489422000013292,0.14154200002667494,1.0074001999746542,0.6141304347826086,0.8141592920353983,0.3858695652173913,0.6338028169014085,0.0,,"{""decoder"": ""viterbi"", ""explore_subsample"": true, ""n_chains"": 1, ""orchestrate_every"": 0, ""p_dream"": 0.0, ""seed"": 0}",,,
lcbench_167168,lcbench,L1_K1_VITERBI_SUB,1,200,200,-85.88822937011719,-85.88822937011719,85.88822937011719,,True,1.0985051999959978,0.12528170000587124,1.1212349999987055,10400.0,0.9732234999901266,85.88822937011719,200.0,-85.88822937011719,0.75,0.0,0.0,0.0,34.0,1.098164999995788,0.14094779999140883,0.9572172000043793,0.6793478260869565,0.776,0.32065217391304346,0.6949152542372882,0.0,,"{""decoder"": ""viterbi"", ""explore_subsample"": true, ""n_chains"": 1, ""orchestrate_every"": 0, ""p_dream"": 0.0, ""seed"": 1}",,,
lcbench_167168,lcbench,L1_K1_VITERBI_SUB,2,200,200,-84.89213562011719,-84.89213562011719,84.89213562011719,,True,1.0933542999991914,0.11904279994632816,1.1148033999998006,10400.0,0.9743115000528633,84.89213562011719,200.0,-84.89213562011719,0.6793478260869565,0.0,0.0,0.0,34.0,1.0930214999971213,0.13427129997580778,0.9587502000213135,0.7771739130434783,0.7342657342657343,0.22282608695652173,0.4878048780487805,0.0,,"{""decoder"": ""viterbi"", ""explore_subsample"": true, ""n_chains"": 1, ""orchestrate_every"": 0, ""p_dream"": 0.0, ""seed"": 2}",,,
lcbench_167168,lcbench,L1_K1_VITERBI_SUB,3,200,200,-80.91939544677734,-80.91939544677734,80.91939544677734,,True,1.0324039999977686,0.11583579998841742,1.0463916000007885,10400.0,0.9165682000093511,80.91939544677734,200.0,-80.91939544677734,0.7554347826086957,0.0,0.0,0.0,34.0,1.0319410000010976,0.13080550002632663,0.9011354999747709,0.6195652173913043,0.8245614035087719,0.3804347826086957,0.6428571428571429,0.0,,"{""decoder"": ""viterbi"", ""explore_subsample"": true, ""n_chains"": 1, ""orchestrate_every"": 0, ""p_dream"": 0.0, ""seed"": 3}",,,
lcbench_167168,lcbench,L1_K1_VITERBI_SUB,4,200,200,-86.41141510009766,-86.41141510009766,86.41141510009766,,True,1.0648711999965599,0.11230800007615471,1.0839498999994248,10400.0,0.9525631999204052,86.41141510009766,200.0,-86.41141510009766,0.6956521739130435,0.0,0.0,0.0,34.0,1.0645748999959324,0.1270975000661565,0.9374773999297759,0.6847826086956522,0.7619047619047619,0.31521739130434784,0.5517241379310345,0.0,,"{""decoder"": ""viterbi"", ""explore_subsample"": true, ""n_chains"": 1, ""orchestrate_every"": 0, ""p_dream"": 0.0, ""seed"": 4}",,,
lcbench_167168,lcbench,L1_K1_VITERBI_SUB,5,200,200,-87.3919906616211,-87.3919906616211,87.3919906616211,,True,1.0912792000017362,0.11091369993664557,1.1138867999979993,10400.0,0.9803655000650906,87.3919906616211,200.0,-87.3919906616211,0.7989130434782609,0.0,0.0,0.0,34.0,1.090945500000089,0.12752739998541074,0.9634181000146782,0.7391304347826086,0.8529411764705882,0.2608695652173913,0.6458333333333334,0.0,,"{""decoder"": ""viterbi"", ""explore_subsample"": true, ""n_chains"": 1, ""orchestrate_every"": 0, ""p_dream"": 0.0, ""seed"": 5}",,,
lcbench_167168,lcbench,L1_K1_VITERBI_SUB,6,200,200,-83.72981262207031,-83.72981262207031,83.72981262207031,,True,1.0598616999996011,0.11641049999161623,1.0728405000045313,10400.0,0.9434512000079849,83.72981262207031,200.0,-83.72981262207031,0.6358695652173914,0.0,0.0,0.0,34.0,1.0595901999986381,0.13218110000161687,0.9274090999970213,0.6413043478260869,0.6864406779661016,0.358695652173913,0.5454545454545454,0.0,,"{""decoder"": ""viterbi"", ""explore_subsample"": true, ""n_chains"": 1, ""orchestrate_every"": 0, ""p_dream"": 0.0, ""seed"": 6}",,,
lcbench_167168,lcbench,L1_K1_VITERBI_SUB,7,200,200,-85.8836441040039,-85.8836441040039,85.8836441040039,,True,1.4193092999994406,0.13207669999974314,1.4330603999987943,10400.0,1.2872325999996974,85.8836441040039,200.0,-85.8836441040039,0.7989130434782609,0.0,0.0,0.0,34.0,1.4190385999972932,0.15191810003307182,1.2671204999642214,0.7010869565217391,0.8294573643410853,0.29891304347826086,0.7272727272727273,0.0,,"{""decoder"": ""viterbi"", ""explore_subsample"": true, ""n_chains"": 1, ""orchestrate_every"": 0, ""p_dream"": 0.0, ""seed"": 7}",,,
lcbench_167168,lcbench,L1_K1_VITERBI_SUB,8,200,200,-76.33143615722656,-76.33143615722656,76.33143615722656,,True,1.4473559999969439,0.14483329999347916,1.4611681000023964,10400.0,1.3025227000034647,76.33143615722656,200.0,-76.33143615722656,0.6902173913043478,0.0,0.0,0.0,34.0,1.4471384000062244,0.1651239999991958,1.2820144000070286,0.6902173913043478,0.7244094488188977,0.30978260869565216,0.6140350877192983,0.0,,"{""decoder"": ""viterbi"", ""explore_subsample"": true, ""n_chains"": 1, ""orchestrate_every"": 0, ""p_dream"": 0.0, ""seed"": 8}",,,
lcbench_167168,lcbench,L1_K1_VITERBI_SUB,9,200,200,-84.86234283447266,-84.86234283447266,84.86234283447266,,True,1.4961534000030952,0.16429239994613454,1.5099649999974645,10400.0,1.3318610000569606,84.86234283447266,200.0,-84.86234283447266,0.8097826086956522,0.0,0.0,0.0,34.0,1.495960100000957,0.1819707000249764,1.3139893999759806,0.7010869565217391,0.8062015503875969,0.29891304347826086,0.8181818181818182,0.0,,"{""decoder"": ""viterbi"", ""explore_subsample"": true, ""n_chains"": 1, ""orchestrate_every"": 0, ""p_dream"": 0.0, ""seed"": 9}",,,
lcbench_167168,lcbench,L1_K1_VITERBI_SUB,10,200,200,-84.6444320678711,-84.6444320678711,84.6444320678711,,True,1.4832680999970762,0.14389280004252214,1.4958322000020416,10400.0,1.339375299954554,84.6444320678711,200.0,-84.6444320678711,0.7663043478260869,0.0,0.0,0.0,34.0,1.4829895999937435,0.17224469990469515,1.3107449000890483,0.7663043478260869,0.7872340425531915,0.23369565217391305,0.6976744186046512,0.0,,"{""decoder"": ""viterbi"", ""explore_subsample"": true, ""n_chains"": 1, ""orchestrate_every"": 0, ""p_dream"": 0.0, ""seed"": 10}",,,
lcbench_167168,lcbench,L1_K1_VITERBI_SUB,11,200,200,-85.24130249023438,-85.24130249023438,85.24130249023438,,True,1.3904628999953275,0.20065500007331138,1.4272388000026694,10400.0,1.189807899922016,85.24130249023438,200.0,-85.24130249023438,0.7445652173913043,0.0,0.0,0.0,34.0,1.3901773000034154,0.22779269998136442,1.162384600022051,0.6739130434782609,0.8145161290322581,0.32608695652173914,0.6,0.0,,"{""decoder"": ""viterbi"", ""explore_subsample"": true, ""n_chains"": 1, ""orchestrate_every"": 0, ""p_dream"": 0.0, ""seed"": 11}",,,
lcbench_167168,lcbench,L1_K1_VITERBI_SUB,12,200,200,-73.6196517944336,-73.6196517944336,73.6196517944336,,True,1.0476486999978079,0.11353290005354211,1.0699479000031715,10400.0,0.9341157999442657,73.6196517944336,200.0,-73.6196517944336,0.7608695652173914,0.0,0.0,0.0,34.0,1.047410500003025,0.1295970999635756,0.9178134000394493,0.6684782608695652,0.8455284552845529,0.33152173913043476,0.5901639344262295,0.0,,"{""decoder"": ""viterbi"", ""explore_subsample"": true, ""n_chains"": 1, ""orchestrate_every"": 0, ""p_dream"": 0.0, ""seed"": 12}",,,
lcbench_167168,lcbench,L1_K1_VITERBI_SUB,13,200,200,-79.92542266845703,-79.92542266845703,79.92542266845703,,True,1.0717398999986472,0.11722250009916024,1.0859855000016978,10400.0,0.9545173998994869,79.92542266845703,200.0,-79.92542266845703,0.8206521739130435,0.0,0.0,0.0,34.0,1.0715160000036121,0.13299910000932869,0.9385168999942834,0.6956521739130435,0.875,0.30434782608695654,0.6964285714285714,0.0,,"{""decoder"": ""viterbi"", ""explore_subsample"": true, ""n_chains"": 1, ""orchestrate_every"": 0, ""p_dream"": 0.0, ""seed"": 13}",,,
lcbench_167168,lcbench,L1_K1_VITERBI_SUB,14,200,200,-85.4007797241211,-85.4007797241211,85.4007797241211,,True,1.1713132000004407,0.1293336000017007,1.1851926000017556,10400.0,1.04197959999874,85.4007797241211,200.0,-85.4007797241211,0.8152173913043478,0.0,0.0,0.0,34.0,1.1710720999981277,0.14611769991461188,1.0249544000835158,0.6630434782608695,0.8442622950819673,0.33695652173913043,0.7580645161290323,0.0,,"{""decoder"": ""viterbi"", ""explore_subsample"": true, ""n_chains"": 1, ""orchestrate_every"": 0, ""p_dream"": 0.0, ""seed"": 14}",,,
lcbench_167168,lcbench,L1_K1_VITERBI_SUB,15,200,200,-81.7920913696289,-81.7920913696289,81.7920913696289,,True,1.1105834999980289,0.12015099998825463,1.1244846000045072,10400.0,0.9904325000097742,81.7920913696289,200.0,-81.7920913696289,0.7771739130434783,0.0,0.0,0.0,34.0,1.1103686999995261,0.1358725000245613,0.9744961999749648,0.7717391304347826,0.8169014084507042,0.22826086956521738,0.6428571428571429,0.0,,"{""decoder"": ""viterbi"", ""explore_subsample"": true, ""n_chains"": 1, ""orchestrate_every"": 0, ""p_dream"": 0.0, ""seed"": 15}",,,
lcbench_167168,lcbench,L1_K1_VITERBI_SUB,16,200,200,-79.54339599609375,-79.54339599609375,79.54339599609375,,True,1.1224643000023207,0.11231469998892862,1.1368185000028461,10400.0,1.010149600013392,79.54339599609375,200.0,-79.54339599609375,0.75,0.0,0.0,0.0,34.0,1.1222516000052565,0.13857109993114136,0.9836805000741151,0.7336956521739131,0.7481481481481481,0.266304347826087,0.7551020408163265,0.0,,"{""decoder"": ""viterbi"", ""explore_subsample"": true, ""n_chains"": 1, ""orchestrate_every"": 0, ""p_dream"": 0.0, ""seed"": 16}",,,
lcbench_167168,lcbench,L1_K1_VITERBI_SUB,17,200,200,-86.75557708740234,-86.75557708740234,86.75557708740234,,True,1.1313412000017706,0.1244219000072917,1.1457231000022148,10400.0,1.006919299994479,86.75557708740234,200.0,-86.75557708740234,0.6739130434782609,0.0,0.0,0.0,34.0,1.1311170999979367,0.14025370009767357,0.9908633999002632,0.7663043478260869,0.7092198581560284,0.23369565217391305,0.5581395348837209,0.0,,"{""decoder"": ""viterbi"", ""explore_subsample"": true, ""n_chains"": 1, ""orchestrate_every"": 0, ""p_dream"": 0.0, ""seed"": 17}",,,
lcbench_167168,lcbench,L1_K1_VITERBI_SUB,18,200,200,-82.88101959228516,-82.88101959228516,82.88101959228516,,True,1.1273879000000306,0.12025900004664436,1.150977299999795,10400.0,1.0071288999533863,82.88101959228516,200.0,-82.88101959228516,0.7608695652173914,0.0,0.0,0.0,34.0,1.1271261000001687,0.1378226000306313,0.9893034999695374,0.6902173913043478,0.8188976377952756,0.30978260869565216,0.631578947368421,0.0,,"{""decoder"": ""viterbi"", ""explore_subsample"": true, ""n_chains"": 1, ""orchestrate_every"": 0, ""p_dream"": 0.0, ""seed"": 18}",,,
lcbench_167168,lcbench,L1_K1_VITERBI_SUB,19,200,200,-80.13729858398438,-80.13729858398438,80.13729858398438,,True,1.1392324999978882,0.1320428999242722,1.1545339000003878,10400.0,1.007189600073616,80.13729858398438,200.0,-80.13729858398438,0.8369565217391305,0.0,0.0,0.0,34.0,1.1389249999992899,0.14843500005372334,0.9904899999455665,0.7554347826086957,0.8776978417266187,0.24456521739130435,0.7111111111111111,0.0,,"{""decoder"": ""viterbi"", ""explore_subsample"": true, ""n_chains"": 1, ""orchestrate_every"": 0, ""p_dream"": 0.0, ""seed"": 19}",,,
lcbench_167168,lcbench,RS,0,200,200,-81.32540893554688,-81.32540893554688,81.32540893554688,,True,0.2716645999971661,0.10331400003633462,0.31080500000098255,10400.0,0.16835059996083146,81.32540893554688,,,,,,,,,,,,,,,,,,,,
lcbench_167168,lcbench,RS,1,200,200,-83.50079345703125,-83.50079345703125,83.50079345703125,,True,0.26780780000262894,0.10224440002639312,0.31272360000002664,10400.0,0.16556339997623581,83.50079345703125,,,,,,,,,,,,,,,,,,,,
lcbench_167168,lcbench,RS,2,200,200,-80.40737915039062,-80.40737915039062,80.40737915039062,,True,0.2772530000002007,0.10292630001640646,0.31830250000348315,10400.0,0.17432669998379424,80.40737915039062,,,,,,,,,,,,,,,,,,,,
lcbench_167168,lcbench,RS,3,200,200,-82.6363525390625,-82.6363525390625,82.6363525390625,,True,0.25883579999936046,0.09715329996834043,0.29869970000436297,10400.0,0.16168250003102003,82.6363525390625,,,,,,,,,,,,,,,,,,,,
lcbench_167168,lcbench,RS,4,200,200,-82.14385986328125,-82.14385986328125,82.14385986328125,,True,0.2754863000009209,0.11012830006075092,0.28616840000177035,10400.0,0.16535799994016998,82.14385986328125,,,,,,,,,,,,,,,,,,,,
lcbench_167168,lcbench,RS,5,200,200,-78.00384521484375,-78.00384521484375,78.00384521484375,,True,0.2661847999988822,0.10337379996781237,0.27778119999857154,10400.0,0.16281100003106985,78.00384521484375,,,,,,,,,,,,,,,,,,,,
lcbench_167168,lcbench,RS,6,200,200,-81.1825180053711,-81.1825180053711,81.1825180053711,,True,0.2602374000052805,0.10185739993903553,0.30549369999789633,10400.0,0.15838000006624497,81.1825180053711,,,,,,,,,,,,,,,,,,,,
lcbench_167168,lcbench,RS,7,200,200,-83.65351104736328,-83.65351104736328,83.65351104736328,,True,0.2800790999972378,0.10619789997144835,0.2905270000046585,10400.0,0.17388120002578944,83.65351104736328,,,,,,,,,,,,,,,,,,,,
lcbench_167168,lcbench,RS,8,200,200,-81.86919403076172,-81.86919403076172,81.86919403076172,,True,0.28229149999970105,0.11016660001769196,0.2922009999965667,10400.0,0.17212489998200908,81.86919403076172,,,,,,,,,,,,,,,,,,,,
lcbench_167168,lcbench,RS,9,200,200,-82.468505859375,-82.468505859375,82.468505859375,,True,0.28533969999989495,0.11010190007800702,0.3281734000047436,10400.0,0.17523779992188793,82.468505859375,,,,,,,,,,,,,,,,,,,,
lcbench_167168,lcbench,RS,10,200,200,-84.52505493164062,-84.52505493164062,84.52505493164062,,True,0.26549510000040755,0.10529649996897206,0.27416539999831,10400.0,0.1601986000314355,84.52505493164062,,,,,,,,,,,,,,,,,,,,
lcbench_167168,lcbench,RS,11,200,200,-79.99069213867188,-79.99069213867188,79.99069213867188,,True,0.2719814000010956,0.10465120004664641,0.28335060000244994,10400.0,0.1673301999544492,79.99069213867188,,,,,,,,,,,,,,,,,,,,
lcbench_167168,lcbench,RS,12,200,200,-79.30767059326172,-79.30767059326172,79.30767059326172,,True,0.26259939999727067,0.10259630001382902,0.2722513999979128,10400.0,0.16000309998344164,79.30767059326172,,,,,,,,,,,,,,,,,,,,
lcbench_167168,lcbench,RS,13,200,200,-82.04865264892578,-82.04865264892578,82.04865264892578,,True,0.2407459999958519,0.09353789993474493,0.2506426999971154,10400.0,0.14720810006110696,82.04865264892578,,,,,,,,,,,,,,,,,,,,
lcbench_167168,lcbench,RS,14,200,200,-82.84783172607422,-82.84783172607422,82.84783172607422,,True,0.2536194999993313,0.09333139997761464,0.2631833999985247,10400.0,0.16028810002171667,82.84783172607422,,,,,,,,,,,,,,,,,,,,
lcbench_167168,lcbench,RS,15,200,200,-82.25171661376953,-82.25171661376953,82.25171661376953,,True,0.2802758000034373,0.11135779997130157,0.29098830000293674,10400.0,0.16891800003213575,82.25171661376953,,,,,,,,,,,,,,,,,,,,
lcbench_167168,lcbench,RS,16,200,200,-83.63851165771484,-83.63851165771484,83.63851165771484,,True,0.30951810000260593,0.12901390001206892,0.3219600000011269,10400.0,0.18050419999053702,83.63851165771484,,,,,,,,,,,,,,,,,,,,
lcbench_167168,lcbench,RS,17,200,200,-85.23414611816406,-85.23414611816406,85.23414611816406,,True,0.30384890000277665,0.1237834000348812,0.3142227999996976,10400.0,0.18006549996789545,85.23414611816406,,,,,,,,,,,,,,,,,,,,
lcbench_167168,lcbench,RS,18,200,200,-85.94886016845703,-85.94886016845703,85.94886016845703,,True,0.2727745000011055,0.11147859996708576,0.28249489999871,10400.0,0.16129590003401972,85.94886016845703,,,,,,,,,,,,,,,,,,,,
lcbench_167168,lcbench,RS,19,200,200,-80.59808349609375,-80.59808349609375,80.59808349609375,,True,0.29842760000610724,0.12546730005124118,0.3083836000005249,10400.0,0.17296029995486606,80.59808349609375,,,,,,,,,,,,,,,,,,,,
lcbench_167168,lcbench,TPE,0,200,200,-85.43988037109375,-85.43988037109375,85.43988037109375,,True,3.9244162000031793,0.14818619996367488,3.934961300001305,10400.0,3.7762300000395044,85.43988037109375,,,,,,,,,,,,,,,,,,,,
lcbench_167168,lcbench,TPE,1,200,200,-89.28680419921875,-89.28680419921875,89.28680419921875,,True,3.311386900000798,0.14287379995221272,3.323099799999909,10400.0,3.1685131000485853,89.28680419921875,,,,,,,,,,,,,,,,,,,,
lcbench_167168,lcbench,TPE,2,200,200,-83.11563110351562,-83.11563110351562,83.11563110351562,,True,3.3977501999979722,0.14711570001236396,3.4102421999996295,10400.0,3.2506344999856083,83.11563110351562,,,,,,,,,,,,,,,,,,,,
lcbench_167168,lcbench,TPE,3,200,200,-86.43284606933594,-86.43284606933594,86.43284606933594,,True,4.286932300004992,0.14404539999668486,4.300098399995477,10400.0,4.142886900008307,86.43284606933594,,,,,,,,,,,,,,,,,,,,
lcbench_167168,lcbench,TPE,4,200,200,-87.7330322265625,-87.7330322265625,87.7330322265625,,True,3.8078452999980072,0.14281560001109028,3.8210837000005995,10400.0,3.665029699986917,87.7330322265625,,,,,,,,,,,,,,,,,,,,
lcbench_167168,lcbench,TPE,5,200,200,-80.88822937011719,-80.88822937011719,80.88822937011719,,True,3.850044600003457,0.1473887999309227,3.8627952999959234,10400.0,3.7026558000725345,80.88822937011719,,,,,,,,,,,,,,,,,,,,
lcbench_167168,lcbench,TPE,6,200,200,-86.84298706054688,-86.84298706054688,86.84298706054688,,True,3.1749202999999397,0.1404559000657173,3.2191463999988628,10400.0,3.0344643999342225,86.84298706054688,,,,,,,,,,,,,,,,,,,,
lcbench_167168,lcbench,TPE,7,200,200,-89.32360076904297,-89.32360076904297,89.32360076904297,,True,3.433188599999994,0.14998499998182524,3.4772652000028756,10400.0,3.283203600018169,89.32360076904297,,,,,,,,,,,,,,,,,,,,
lcbench_167168,lcbench,TPE,8,200,200,-84.54859161376953,-84.54859161376953,84.54859161376953,,True,3.863436699997692,0.15223059998970712,3.874006999998528,10400.0,3.711206100007985,84.54859161376953,,,,,,,,,,,,,,,,,,,,
lcbench_167168,lcbench,TPE,9,200,200,-89.30690002441406,-89.30690002441406,89.30690002441406,,True,3.7887292000013986,0.15197299999999814,3.798981100000674,10400.0,3.6367562000014004,89.30690002441406,,,,,,,,,,,,,,,,,,,,
lcbench_167168,lcbench,TPE,10,200,200,-87.03368377685547,-87.03368377685547,87.03368377685547,,True,3.5258217999944463,0.154821299991454,3.5675069999997504,10400.0,3.3710005000029923,87.03368377685547,,,,,,,,,,,,,,,,,,,,
lcbench_167168,lcbench,TPE,11,200,200,-88.67142486572266,-88.67142486572266,88.67142486572266,,True,3.623848800001724,0.1472942999243969,3.6350201000022935,10400.0,3.4765545000773272,88.67142486572266,,,,,,,,,,,,,,,,,,,,
lcbench_167168,lcbench,TPE,12,200,200,-87.96392822265625,-87.96392822265625,87.96392822265625,,True,3.897728099997039,0.15183219994651154,3.9097949999995762,10400.0,3.7458959000505274,87.96392822265625,,,,,,,,,,,,,,,,,,,,
lcbench_167168,lcbench,TPE,13,200,200,-81.87168884277344,-81.87168884277344,81.87168884277344,,True,3.1315248000028078,0.15937140000460204,3.1426986000005854,10400.0,2.9721533999982057,81.87168884277344,,,,,,,,,,,,,,,,,,,,
lcbench_167168,lcbench,TPE,14,200,200,-85.61019134521484,-85.61019134521484,85.61019134521484,,True,3.479697300004773,0.1496907000473584,3.507868000000599,10400.0,3.3300065999574144,85.61019134521484,,,,,,,,,,,,,,,,,,,,
lcbench_167168,lcbench,TPE,15,200,200,-85.88331604003906,-85.88331604003906,85.88331604003906,,True,3.582062399997085,0.14233079995028675,3.5912968999982695,10400.0,3.439731600046798,85.88331604003906,,,,,,,,,,,,,,,,,,,,
lcbench_167168,lcbench,TPE,16,200,200,-89.01439666748047,-89.01439666748047,89.01439666748047,,True,3.437655800000357,0.14111409996985458,3.4489482999997563,10400.0,3.2965417000305024,89.01439666748047,,,,,,,,,,,,,,,,,,,,
lcbench_167168,lcbench,TPE,17,200,200,-89.30145263671875,-89.30145263671875,89.30145263671875,,True,3.517995299996983,0.13621750003949273,3.528677299997071,10400.0,3.38177779995749,89.30145263671875,,,,,,,,,,,,,,,,,,,,
lcbench_167168,lcbench,TPE,18,200,200,-83.19778442382812,-83.19778442382812,83.19778442382812,,True,4.352336199997808,0.1380994999781251,4.361741100001382,10400.0,4.214236700019683,83.19778442382812,,,,,,,,,,,,,,,,,,,,
lcbench_167168,lcbench,TPE,19,200,200,-87.5257797241211,-87.5257797241211,87.5257797241211,,True,3.7664899000010337,0.13580360003106762,3.776351699998486,10400.0,3.630686299969966,87.5257797241211,,,,,,,,,,,,,,,,,,,,
lcbench_167168,lcbench,TPE_HB,0,200,1449,-82.66914367675781,-82.66914367675781,82.66914367675781,,True,6.690735299998778,0.3246663999307202,6.698873900000763,10400.0,6.366068900068058,82.66914367675781,,,,,,,,,,,,,,,,,,,,
lcbench_167168,lcbench,TPE_HB,1,200,1876,-83.94568634033203,-83.94568634033203,83.94568634033203,,True,11.171785899998213,0.4078995998352184,11.178388500004075,10407.0,10.763886300162994,83.94568634033203,,,,,,,,,,,,,,,,,,,,
lcbench_167168,lcbench,TPE_HB,2,200,1153,-85.25040435791016,-85.25040435791016,85.25040435791016,,True,4.275096299999859,0.291415199986659,4.281867099998635,10401.0,3.9836811000132,85.25040435791016,,,,,,,,,,,,,,,,,,,,
lcbench_167168,lcbench,TPE_HB,3,200,1273,-85.02436065673828,-85.02436065673828,85.02436065673828,,True,6.378215199998522,0.3196415000129491,6.384859800004051,10405.0,6.058573699985573,85.02436065673828,,,,,,,,,,,,,,,,,,,,
lcbench_167168,lcbench,TPE_HB,4,200,1389,-83.84807586669922,-83.84807586669922,83.84807586669922,,True,8.19610819999798,0.40513939999073045,8.201079899998149,10400.0,7.790968800007249,83.84807586669922,,,,,,,,,,,,,,,,,,,,
lcbench_167168,lcbench,TPE_HB,5,200,1259,-79.04671478271484,-79.04671478271484,79.04671478271484,,True,8.11278129999846,0.38882949994149385,8.119798099993204,10419.0,7.723951800056966,79.04671478271484,,,,,,,,,,,,,,,,,,,,
lcbench_167168,lcbench,TPE_HB,6,200,1628,-83.46831512451172,-83.46831512451172,83.46831512451172,,True,11.76578430000518,0.6145414000566234,11.770508300003712,10402.0,11.151242899948556,83.46831512451172,,,,,,,,,,,,,,,,,,,,
lcbench_167168,lcbench,TPE_HB,7,200,1609,-85.78999328613281,-85.78999328613281,85.78999328613281,,True,17.133034899998165,0.7830870000761934,17.140566499998386,10421.0,16.349947899921972,85.78999328613281,,,,,,,,,,,,,,,,,,,,
lcbench_167168,lcbench,TPE_HB,8,200,1398,-79.81360626220703,-79.81360626220703,79.81360626220703,,True,12.48692519999895,0.6703628000323079,12.495597300003283,10417.0,11.816562399966642,79.81360626220703,,,,,,,,,,,,,,,,,,,,
lcbench_167168,lcbench,TPE_HB,9,200,1539,-85.65265655517578,-85.65265655517578,85.65265655517578,,True,17.196390800003428,0.728403799883381,17.201586400005908,10401.0,16.467987000120047,85.65265655517578,,,,,,,,,,,,,,,,,,,,
lcbench_167168,lcbench,TPE_HB,10,200,1192,-82.17300415039062,-82.17300415039062,82.17300415039062,,True,10.743598699998984,0.5539692000020295,10.751971500001673,10405.0,10.189629499996954,82.17300415039062,,,,,,,,,,,,,,,,,,,,
lcbench_167168,lcbench,TPE_HB,11,200,1318,-80.84935760498047,-80.84935760498047,80.84935760498047,,True,15.264538899995387,0.6803546000810456,15.273372600000584,10403.0,14.584184299914341,80.84935760498047,,,,,,,,,,,,,,,,,,,,
lcbench_167168,lcbench,TPE_HB,12,200,1154,-81.97013092041016,-81.97013092041016,81.97013092041016,,True,6.598767900002713,0.5775677000783617,6.608526999996684,10423.0,6.021200199924351,81.97013092041016,,,,,,,,,,,,,,,,,,,,
lcbench_167168,lcbench,TPE_HB,13,200,1372,-78.3521728515625,-78.3521728515625,78.3521728515625,,True,12.437509099996532,0.7381347999471473,12.444813099995372,10403.0,11.699374300049385,78.3521728515625,,,,,,,,,,,,,,,,,,,,
lcbench_167168,lcbench,TPE_HB,14,200,1454,-74.09989929199219,-74.09989929199219,74.09989929199219,,True,12.990200400003232,0.7792614000936737,13.007493999997678,10400.0,12.210938999909558,74.09989929199219,,,,,,,,,,,,,,,,,,,,
lcbench_167168,lcbench,TPE_HB,15,200,1452,-77.73812866210938,-77.73812866210938,77.73812866210938,,True,14.935464499998488,0.8305140000229585,14.94607150000229,10402.0,14.10495049997553,77.73812866210938,,,,,,,,,,,,,,,,,,,,
lcbench_167168,lcbench,TPE_HB,16,200,1366,-84.69869995117188,-84.69869995117188,84.69869995117188,,True,16.334665099995618,0.7526003000530181,16.344459200001438,10401.0,15.5820647999426,84.69869995117188,,,,,,,,,,,,,,,,,,,,
lcbench_167168,lcbench,TPE_HB,17,200,2099,-88.03240203857422,-88.03240203857422,88.03240203857422,,True,35.72459059999528,1.213776000222424,35.735181199997896,10400.0,34.51081459977286,88.03240203857422,,,,,,,,,,,,,,,,,,,,
lcbench_167168,lcbench,TPE_HB,18,200,1278,-78.5429458618164,-78.5429458618164,78.5429458618164,,True,11.374878999995417,0.7209263001350337,11.385655199999746,10419.0,10.653952699860383,78.5429458618164,,,,,,,,,,,,,,,,,,,,
lcbench_167168,lcbench,TPE_HB,19,200,1357,-75.78771209716797,-75.78771209716797,75.78771209716797,,True,8.83078750000277,0.7271026996895671,8.841944499996316,10408.0,8.103684800313204,75.78771209716797,,,,,,,,,,,,,,,,,,,,
lcbench_167185,lcbench,CMAES,0,200,200,-97.39244842529297,-97.39244842529297,97.39244842529297,,True,0.5009038999996847,0.13325219997932436,24.346291900001233,10400.0,0.3676517000203603,97.39244842529297,,,,,,,,,,,,,,,,,,,,
lcbench_167185,lcbench,CMAES,1,200,200,-97.25990295410156,-97.25990295410156,97.25990295410156,,True,0.22045780000189552,0.04171070003940258,55.013771899997664,10400.0,0.17874709996249294,97.25990295410156,,,,,,,,,,,,,,,,,,,,
lcbench_167185,lcbench,CMAES,2,200,200,-97.3775863647461,-97.3775863647461,97.3775863647461,,True,0.2757579999961308,0.054317599977366626,54.67818460000126,10400.0,0.2214404000187642,97.3775863647461,,,,,,,,,,,,,,,,,,,,
lcbench_167185,lcbench,CMAES,3,200,200,-97.34899139404297,-97.34899139404297,97.34899139404297,,True,0.2957846999997855,0.05928279999352526,54.20593579999695,10400.0,0.23650190000626026,97.34899139404297,,,,,,,,,,,,,,,,,,,,
lcbench_167185,lcbench,CMAES,4,200,200,-97.0186767578125,-97.0186767578125,97.0186767578125,,True,0.24281670000345912,0.05163719995471183,53.471270200003346,10400.0,0.1911795000487473,97.0186767578125,,,,,,,,,,,,,,,,,,,,
lcbench_167185,lcbench,CMAES,5,200,200,-97.00868225097656,-97.00868225097656,97.00868225097656,,True,0.3786524999959511,0.09189280006103218,53.26105259999895,10400.0,0.2867596999349189,97.00868225097656,,,,,,,,,,,,,,,,,,,,
lcbench_167185,lcbench,CMAES,6,200,200,-96.9935073852539,-96.9935073852539,96.9935073852539,,True,0.32478249999985565,0.07505530004709726,53.77263420000236,10400.0,0.24972719995275838,96.9935073852539,,,,,,,,,,,,,,,,,,,,
lcbench_167185,lcbench,CMAES,7,200,200,-97.18572998046875,-97.18572998046875,97.18572998046875,,True,0.41310450000310084,0.10795929999585496,0.4234146000017063,10400.0,0.3051452000072459,97.18572998046875,,,,,,,,,,,,,,,,,,,,
lcbench_167185,lcbench,CMAES,8,200,200,-97.13087463378906,-97.13087463378906,97.13087463378906,,True,0.39009100000112085,0.0963853000648669,0.40005630000086967,10400.0,0.29370569993625395,97.13087463378906,,,,,,,,,,,,,,,,,,,,
lcbench_167185,lcbench,CMAES,9,200,200,-97.20278930664062,-97.20278930664062,97.20278930664062,,True,0.29973050000262447,0.07699420003336854,0.30751779999991413,10400.0,0.22273629996925592,97.20278930664062,,,,,,,,,,,,,,,,,,,,
lcbench_167185,lcbench,CMAES,10,200,200,-97.36607360839844,-97.36607360839844,97.36607360839844,,True,0.31262109999806853,0.0750319999497151,0.31915809999918565,10400.0,0.23758910004835343,97.36607360839844,,,,,,,,,,,,,,,,,,,,
lcbench_167185,lcbench,CMAES,11,200,200,-96.91325378417969,-96.91325378417969,96.91325378417969,,True,0.37494790000346256,0.09733810008765431,0.3806960000001709,10400.0,0.27760979991580825,96.91325378417969,,,,,,,,,,,,,,,,,,,,
lcbench_167185,lcbench,CMAES,12,200,200,-97.37796020507812,-97.37796020507812,97.37796020507812,,True,0.3693691000007675,0.08164109994686441,0.37701080000260845,10400.0,0.2877280000539031,97.37796020507812,,,,,,,,,,,,,,,,,,,,
lcbench_167185,lcbench,CMAES,13,200,200,-97.3066635131836,-97.3066635131836,97.3066635131836,,True,0.3327646000034292,0.08143660001951503,0.34231390000059037,10400.0,0.2513279999839142,97.3066635131836,,,,,,,,,,,,,,,,,,,,
lcbench_167185,lcbench,CMAES,14,200,200,-97.4028549194336,-97.4028549194336,97.4028549194336,,True,0.2665597000013804,0.059945800036075525,0.2759700000024168,10400.0,0.20661389996530488,97.4028549194336,,,,,,,,,,,,,,,,,,,,
lcbench_167185,lcbench,CMAES,15,200,200,-97.33934020996094,-97.33934020996094,97.33934020996094,,True,0.3568736000015633,0.08320010003080824,0.3641986000002362,10400.0,0.2736734999707551,97.33934020996094,,,,,,,,,,,,,,,,,,,,
lcbench_167185,lcbench,CMAES,16,200,200,-97.4363021850586,-97.4363021850586,97.4363021850586,,True,0.23084199999721022,0.04847880001034355,0.23993540000083158,10400.0,0.18236319998686668,97.4363021850586,,,,,,,,,,,,,,,,,,,,
lcbench_167185,lcbench,CMAES,17,200,200,-97.52145385742188,-97.52145385742188,97.52145385742188,,True,0.29178599999431754,0.06038360003003618,0.2987509999948088,10400.0,0.23140239996428136,97.52145385742188,,,,,,,,,,,,,,,,,,,,
lcbench_167185,lcbench,CMAES,18,200,200,-97.53484344482422,-97.53484344482422,97.53484344482422,,True,0.32282479999412317,0.0727141999086598,0.33096069999737665,10400.0,0.2501106000854634,97.53484344482422,,,,,,,,,,,,,,,,,,,,
lcbench_167185,lcbench,CMAES,19,200,200,-97.3861312866211,-97.3861312866211,97.3861312866211,,True,0.3268612000028952,0.06747879997419659,0.3323835999981384,10400.0,0.2593824000286986,97.3861312866211,,,,,,,,,,,,,,,,,,,,
lcbench_167185,lcbench,FMP_DREAM,0,200,200,-96.54499816894531,-96.54499816894531,96.54499816894531,,True,0.42780860000493703,0.08124819997465238,0.44003389999852516,10400.0,0.34656040003028465,96.54499816894531,200.0,-96.54499816894531,0.7696629213483146,0.47191011235955055,4.0,2.0,10.0,0.4275629000039771,0.09473849997448269,0.3328244000294944,0.7415730337078652,0.8106060606060606,0.25842696629213485,0.6521739130434783,0.0,,"{""decoder"": ""soft"", ""explore_subsample"": false, ""n_chains"": 4, ""orchestrate_every"": 5, ""p_dream"": 0.5, ""seed"": 0}",,,
lcbench_167185,lcbench,FMP_DREAM,1,200,200,-97.05976104736328,-97.05976104736328,97.05976104736328,,True,0.45016510000277776,0.09107660008157836,0.46113619999960065,10400.0,0.3590884999211994,97.05976104736328,200.0,-97.05976104736328,0.7344632768361582,0.5254237288135594,4.0,3.0,11.0,0.4499521000034292,0.10533260000374867,0.34461949999968056,0.7175141242937854,0.7952755905511811,0.2824858757062147,0.58,0.0,,"{""decoder"": ""soft"", ""explore_subsample"": false, ""n_chains"": 4, ""orchestrate_every"": 5, ""p_dream"": 0.5, ""seed"": 1}",,,
lcbench_167185,lcbench,FMP_DREAM,2,200,200,-97.3497314453125,-97.3497314453125,97.3497314453125,,True,0.459313999999722,0.09250440005416749,0.4733563000045251,10400.0,0.3668095999455545,97.3497314453125,200.0,-97.3497314453125,0.8022598870056498,0.5141242937853108,4.0,3.0,11.0,0.45910640000511194,0.10623060001671547,0.35287579998839647,0.751412429378531,0.8045112781954887,0.24858757062146894,0.7954545454545454,0.0,,"{""decoder"": ""soft"", ""explore_subsample"": false, ""n_chains"": 4, ""orchestrate_every"": 5, ""p_dream"": 0.5, ""seed"": 2}",,,
lcbench_167185,lcbench,FMP_DREAM,3,200,200,-97.2376480102539,-97.2376480102539,97.2376480102539,,True,0.4275532999963616,0.09475719998590648,0.4410392999998294,10400.0,0.3327961000104551,97.2376480102539,200.0,-97.2376480102539,0.7627118644067796,0.559322033898305,4.0,3.0,9.0,0.4273341000007349,0.10877529999561375,0.31855880000512116,0.7401129943502824,0.7786259541984732,0.2598870056497175,0.717391304347826,0.0,,"{""decoder"": ""soft"", ""explore_subsample"": false, ""n_chains"": 4, ""orchestrate_every"": 5, ""p_dream"": 0.5, ""seed"": 3}",,,
lcbench_167185,lcbench,FMP_DREAM,4,200,200,-97.2376480102539,-97.2376480102539,97.2376480102539,,True,0.5279139999984181,0.1022823999664979,0.5387287000048673,10400.0,0.42563160003192024,97.2376480102539,200.0,-97.2376480102539,0.6871508379888268,0.49162011173184356,2.0,3.0,15.0,0.5275854999999865,0.11664709998876788,0.4109384000112186,0.6256983240223464,0.75,0.3743016759776536,0.582089552238806,0.0,,"{""decoder"": ""soft"", ""explore_subsample"": false, ""n_chains"": 4, ""orchestrate_every"": 5, ""p_dream"": 0.5, ""seed"": 4}",,,
lcbench_167185,lcbench,FMP_DREAM,5,200,200,-96.62348175048828,-96.62348175048828,96.62348175048828,,True,0.4940809000036097,0.09859319994575344,0.5068742000003112,10400.0,0.3954877000578563,96.62348175048828,200.0,-96.62348175048828,0.8435754189944135,0.547486033519553,3.0,2.0,15.0,0.49386979999690084,0.11303540001972578,0.38083439997717505,0.7932960893854749,0.8732394366197183,0.20670391061452514,0.7297297297297297,0.0,,"{""decoder"": ""soft"", ""explore_subsample"": false, ""n_chains"": 4, ""orchestrate_every"": 5, ""p_dream"": 0.5, ""seed"": 5}",,,
lcbench_167185,lcbench,FMP_DREAM,6,200,200,-96.9210205078125,-96.9210205078125,96.9210205078125,,True,0.4782294999968144,0.10211589993559755,0.48887110000214307,10400.0,0.37611360006121686,96.9210205078125,200.0,-96.9210205078125,0.7627118644067796,0.519774011299435,5.0,2.0,11.0,0.4780333000016981,0.11651500001607928,0.3615182999856188,0.672316384180791,0.8067226890756303,0.327683615819209,0.6724137931034483,0.0,,"{""decoder"": ""soft"", ""explore_subsample"": false, ""n_chains"": 4, ""orchestrate_every"": 5, ""p_dream"": 0.5, ""seed"": 6}",,,
lcbench_167185,lcbench,FMP_DREAM,7,200,200,-96.9321060180664,-96.9321060180664,96.9321060180664,,True,0.502163199998904,0.10491059995547403,0.514491599999019,10400.0,0.39725260004343,96.9321060180664,200.0,-96.9321060180664,0.7777777777777778,0.5444444444444444,3.0,1.0,14.0,0.5019480000046315,0.11901559997204458,0.3829324000325869,0.6277777777777778,0.7787610619469026,0.37222222222222223,0.7761194029850746,0.0,,"{""decoder"": ""soft"", ""explore_subsample"": false, ""n_chains"": 4, ""orchestrate_every"": 5, ""p_dream"": 0.5, ""seed"": 7}",,,
lcbench_167185,lcbench,FMP_DREAM,8,200,200,-96.61978912353516,-96.61978912353516,96.61978912353516,,True,0.48835840000538155,0.10289599996758625,0.49904480000259355,10400.0,0.3854624000377953,96.61978912353516,200.0,-96.61978912353516,0.7247191011235955,0.47752808988764045,4.0,2.0,11.0,0.48817320000671316,0.116737699987425,0.37143550001928816,0.7528089887640449,0.7686567164179104,0.24719101123595505,0.5909090909090909,0.0,,"{""decoder"": ""soft"", ""explore_subsample"": false, ""n_chains"": 4, ""orchestrate_every"": 5, ""p_dream"": 0.5, ""seed"": 8}",,,
lcbench_167185,lcbench,FMP_DREAM,9,200,200,-96.58146667480469,-96.58146667480469,96.58146667480469,,True,0.5385599000001093,0.1158287999132881,0.5508467000036035,10400.0,0.42273110008682124,96.58146667480469,200.0,-96.58146667480469,0.8491620111731844,0.4748603351955307,3.0,2.0,12.0,0.5383235999979661,0.13128689993027365,0.40703670006769244,0.7486033519553073,0.8731343283582089,0.25139664804469275,0.7777777777777778,0.0,,"{""decoder"": ""soft"", ""explore_subsample"": false, ""n_chains"": 4, ""orchestrate_every"": 5, ""p_dream"": 0.5, ""seed"": 9}",,,
lcbench_167185,lcbench,FMP_DREAM,10,200,200,-97.08123779296875,-97.08123779296875,97.08123779296875,,True,0.5139026000033482,0.11504820012487471,0.527603899994574,10400.0,0.3988543998784735,97.08123779296875,200.0,-97.08123779296875,0.6910112359550562,0.5112359550561798,4.0,2.0,9.0,0.5136679999995977,0.1308720000597532,0.3827959999398445,0.6292134831460674,0.7142857142857143,0.3707865168539326,0.6515151515151515,0.0,,"{""decoder"": ""soft"", ""explore_subsample"": false, ""n_chains"": 4, ""orchestrate_every"": 5, ""p_dream"": 0.5, ""seed"": 10}",,,
lcbench_167185,lcbench,FMP_DREAM,11,200,200,-96.93506622314453,-96.93506622314453,96.93506622314453,,True,0.564318299999286,0.1074418000280275,0.5770522000020719,10400.0,0.45687649997125845,96.93506622314453,200.0,-96.93506622314453,0.8111111111111111,0.5111111111111111,2.0,2.0,18.0,0.56408250000095,0.12257769999996526,0.4415048000009847,0.7444444444444445,0.8283582089552238,0.25555555555555554,0.7608695652173914,0.0,,"{""decoder"": ""soft"", ""explore_subsample"": false, ""n_chains"": 4, ""orchestrate_every"": 5, ""p_dream"": 0.5, ""seed"": 11}",,,
lcbench_167185,lcbench,FMP_DREAM,12,200,200,-97.1379165649414,-97.1379165649414,97.1379165649414,,True,0.4918150999947102,0.10567650001758011,0.5052569000035874,10400.0,0.38613859997713007,97.1379165649414,200.0,-97.1379165649414,0.7191011235955056,0.5393258426966292,5.0,1.0,10.0,0.4915852999984054,0.1204989999969257,0.3710863000014797,0.6348314606741573,0.8230088495575221,0.3651685393258427,0.5384615384615384,0.0,,"{""decoder"": ""soft"", ""explore_subsample"": false, ""n_chains"": 4, ""orchestrate_every"": 5, ""p_dream"": 0.5, ""seed"": 12}",,,
lcbench_167185,lcbench,FMP_DREAM,13,200,200,-96.93506622314453,-96.93506622314453,96.93506622314453,,True,0.5252330000002985,0.10775839996495051,0.5385386999987531,10400.0,0.417474600035348,96.93506622314453,200.0,-96.93506622314453,0.7932960893854749,0.4748603351955307,3.0,2.0,13.0,0.5250054999996792,0.12272499995742692,0.40228050004225224,0.7821229050279329,0.8071428571428572,0.21787709497206703,0.7435897435897436,0.0,,"{""decoder"": ""soft"", ""explore_subsample"": false, ""n_chains"": 4, ""orchestrate_every"": 5, ""p_dream"": 0.5, ""seed"": 13}",,,
lcbench_167185,lcbench,FMP_DREAM,14,200,200,-96.3687515258789,-96.3687515258789,96.3687515258789,,True,0.5154092999946442,0.11987349994160468,0.5280134000058752,10400.0,0.39553580005303957,96.3687515258789,200.0,-96.3687515258789,0.7415730337078652,0.5112359550561798,4.0,2.0,9.0,0.5151643999997759,0.13546729998779483,0.3796971000119811,0.7415730337078652,0.8333333333333334,0.25842696629213485,0.4782608695652174,0.0,,"{""decoder"": ""soft"", ""explore_subsample"": false, ""n_chains"": 4, ""orchestrate_every"": 5, ""p_dream"": 0.5, ""seed"": 14}",,,
lcbench_167185,lcbench,FMP_DREAM,15,200,200,-97.03643798828125,-97.03643798828125,97.03643798828125,,True,0.5193778000029852,0.1163109999979497,0.5325527999957558,10400.0,0.4030668000050355,97.03643798828125,200.0,-97.03643798828125,0.768361581920904,0.480225988700565,6.0,1.0,9.0,0.5191489000062575,0.13171819998387946,0.387430700022378,0.768361581920904,0.8014705882352942,0.23163841807909605,0.6585365853658537,0.0,,"{""decoder"": ""soft"", ""explore_subsample"": false, ""n_chains"": 4, ""orchestrate_every"": 5, ""p_dream"": 0.5, ""seed"": 15}",,,
lcbench_167185,lcbench,FMP_DREAM,16,200,200,-97.24432373046875,-97.24432373046875,97.24432373046875,,True,0.5566978999995627,0.12616540002636611,0.569756500000949,10400.0,0.43053249997319654,97.24432373046875,200.0,-97.24432373046875,0.7277777777777777,0.49444444444444446,4.0,0.0,12.0,0.556485100001737,0.14208829998824513,0.4143968000134919,0.6722222222222223,0.7851239669421488,0.3277777777777778,0.6101694915254238,0.0,,"{""decoder"": ""soft"", ""explore_subsample"": false, ""n_chains"": 4, ""orchestrate_every"": 5, ""p_dream"": 0.5, ""seed"": 16}",,,
lcbench_167185,lcbench,FMP_DREAM,17,200,200,-97.07865142822266,-97.07865142822266,97.07865142822266,,True,0.5837306000030367,0.12516399999003625,0.5967849000007845,10400.0,0.4585666000130004,97.07865142822266,200.0,-97.07865142822266,0.7541899441340782,0.49162011173184356,3.0,2.0,14.0,0.5835050999958185,0.14134320000448497,0.4421618999913335,0.7541899441340782,0.8148148148148148,0.24581005586592178,0.5681818181818182,0.0,,"{""decoder"": ""soft"", ""explore_subsample"": false, ""n_chains"": 4, ""orchestrate_every"": 5, ""p_dream"": 0.5, ""seed"": 17}",,,
lcbench_167185,lcbench,FMP_DREAM,18,200,200,-97.13643646240234,-97.13643646240234,97.13643646240234,,True,0.5692330000019865,0.12534790003701346,0.5808057999965968,10400.0,0.44388509996497305,97.13643646240234,200.0,-97.13643646240234,0.7821229050279329,0.4748603351955307,4.0,1.0,13.0,0.5690141000013682,0.1423169000336202,0.426697199967748,0.776536312849162,0.8057553956834532,0.22346368715083798,0.7,0.0,,"{""decoder"": ""soft"", ""explore_subsample"": false, ""n_chains"": 4, ""orchestrate_every"": 5, ""p_dream"": 0.5, ""seed"": 18}",,,
lcbench_167185,lcbench,FMP_DREAM,19,200,200,-96.74112701416016,-96.74112701416016,96.74112701416016,,True,0.6424869999973453,0.13186809995386284,0.6641700999971363,10400.0,0.5106189000434824,96.74112701416016,200.0,-96.74112701416016,0.7932960893854749,0.41899441340782123,3.0,2.0,13.0,0.6421778999938397,0.1502401000034297,0.49193779999041,0.776536312849162,0.841726618705036,0.22346368715083798,0.625,0.0,,"{""decoder"": ""soft"", ""explore_subsample"": false, ""n_chains"": 4, ""orchestrate_every"": 5, ""p_dream"": 0.5, ""seed"": 19}",,,
lcbench_167185,lcbench,GP,0,200,200,-97.83071899414062,-97.83071899414062,97.83071899414062,,True,147.796563099997,0.14423769991117297,147.812388499995,10400.0,147.65232540008583,97.83071899414062,,,,,,,,,,,,,,,,,,,,
lcbench_167185,lcbench,GP,1,200,200,-97.88372039794922,-97.88372039794922,97.88372039794922,,True,151.05442890000268,0.14595510003709933,151.1001000000033,10400.0,150.90847379996558,97.88372039794922,,,,,,,,,,,,,,,,,,,,
lcbench_167185,lcbench,GP,2,200,200,-97.82213592529297,-97.82213592529297,97.82213592529297,,True,152.13821720000124,0.1463643999886699,152.152293799998,10400.0,151.99185280001257,97.82213592529297,,,,,,,,,,,,,,,,,,,,
lcbench_167185,lcbench,GP,3,200,200,-97.82772827148438,-97.82772827148438,97.82772827148438,,True,145.14525230000436,0.1465432000477449,145.15716479999537,10400.0,144.9987090999566,97.82772827148438,,,,,,,,,,,,,,,,,,,,
lcbench_167185,lcbench,GP,4,200,200,-97.91995239257812,-97.91995239257812,97.91995239257812,,True,147.22555909999937,0.14651880008023,147.2395198000013,10400.0,147.07904029991914,97.91995239257812,,,,,,,,,,,,,,,,,,,,
lcbench_167185,lcbench,GP,5,200,200,-97.88111114501953,-97.88111114501953,97.88111114501953,,True,171.4285988000047,0.1496676000097068,171.44798430000083,10400.0,171.278931199995,97.88111114501953,,,,,,,,,,,,,,,,,,,,
lcbench_167185,lcbench,GP,6,200,200,-97.84676361083984,-97.84676361083984,97.84676361083984,,True,144.4339783999967,0.14654879998852266,144.4459629999983,10400.0,144.28742960000818,97.84676361083984,,,,,,,,,,,,,,,,,,,,
lcbench_167185,lcbench,GP,7,200,200,-97.86393737792969,-97.86393737792969,97.86393737792969,,True,134.51330759999837,0.1415929999348009,134.52540279999812,10400.0,134.37171460006357,97.86393737792969,,,,,,,,,,,,,,,,,,,,
lcbench_167185,lcbench,GP,8,200,200,-97.8016128540039,-97.8016128540039,97.8016128540039,,True,143.1396386999986,0.14430580002226634,143.1514368000062,10400.0,142.99533289997635,97.8016128540039,,,,,,,,,,,,,,,,,,,,
lcbench_167185,lcbench,GP,9,200,200,-97.95581817626953,-97.95581817626953,97.95581817626953,,True,148.67520279999735,0.14241390005190624,148.72048319999885,10400.0,148.53278889994544,97.95581817626953,,,,,,,,,,,,,,,,,,,,
lcbench_167185,lcbench,GP,10,200,200,-97.95133209228516,-97.95133209228516,97.95133209228516,,True,181.12174129999767,0.1437464999835356,181.13508990000264,10400.0,180.97799480001413,97.95133209228516,,,,,,,,,,,,,,,,,,,,
lcbench_167185,lcbench,GP,11,200,200,-97.83109283447266,-97.83109283447266,97.83109283447266,,True,140.0351815000031,0.14923389989417046,140.04914019999705,10400.0,139.88594760010892,97.83109283447266,,,,,,,,,,,,,,,,,,,,
lcbench_167185,lcbench,GP,12,200,200,-97.82772827148438,-97.82772827148438,97.82772827148438,,True,150.723690800005,0.1519632999697933,150.73629800000344,10400.0,150.5717275000352,97.82772827148438,,,,,,,,,,,,,,,,,,,,
lcbench_167185,lcbench,GP,13,200,200,-97.87886810302734,-97.87886810302734,97.87886810302734,,True,152.9756000999987,0.1507454998936737,152.9866120000006,10400.0,152.82485460010503,97.87886810302734,,,,,,,,,,,,,,,,,,,,
lcbench_167185,lcbench,GP,14,200,200,-97.9061279296875,-97.9061279296875,97.9061279296875,,True,155.91659330000402,0.1542622000197298,155.9285407999996,10400.0,155.7623310999843,97.9061279296875,,,,,,,,,,,,,,,,,,,,
lcbench_167185,lcbench,GP,15,200,200,-97.8486328125,-97.8486328125,97.8486328125,,True,157.99121239999658,0.14803779999056133,158.00249189999886,10400.0,157.84317460000602,97.8486328125,,,,,,,,,,,,,,,,,,,,
lcbench_167185,lcbench,GP,16,200,200,-97.8807373046875,-97.8807373046875,97.8807373046875,,True,143.82253189999756,0.1488859999080887,143.8398124000014,10400.0,143.67364590008947,97.8807373046875,,,,,,,,,,,,,,,,,,,,
lcbench_167185,lcbench,GP,17,200,200,-97.72814178466797,-97.72814178466797,97.72814178466797,,True,165.21255070000188,0.1491434000636218,165.22437529999297,10400.0,165.06340729993826,97.72814178466797,,,,,,,,,,,,,,,,,,,,
lcbench_167185,lcbench,GP,18,200,200,-97.83109283447266,-97.83109283447266,97.83109283447266,,True,153.21769780000614,0.14217059992370196,153.228540600001,10400.0,153.07552720008243,97.83109283447266,,,,,,,,,,,,,,,,,,,,
lcbench_167185,lcbench,GP,19,200,200,-97.87625885009766,-97.87625885009766,97.87625885009766,,True,156.09816440000577,0.14987230001133867,156.10948980000103,10400.0,155.94829209999443,97.87625885009766,,,,,,,,,,,,,,,,,,,,
lcbench_167185,lcbench,L1_K1_VITERBI_SUB,0,200,200,-96.87444305419922,-96.87444305419922,96.87444305419922,,True,1.0292712000009487,0.11434050001844298,1.053618900004949,10400.0,0.9149306999825058,96.87444305419922,200.0,-96.87444305419922,0.782608695652174,0.0,0.0,0.0,34.0,1.0289727999988827,0.12860640003782464,0.900366399961058,0.75,0.8478260869565217,0.25,0.5869565217391305,0.0,,"{""decoder"": ""viterbi"", ""explore_subsample"": true, ""n_chains"": 1, ""orchestrate_every"": 0, ""p_dream"": 0.0, ""seed"": 0}",,,
lcbench_167185,lcbench,L1_K1_VITERBI_SUB,1,200,200,-96.79798126220703,-96.79798126220703,96.79798126220703,,True,0.9679505999956746,0.10827500002051238,0.9807661000013468,10400.0,0.8596755999751622,96.79798126220703,200.0,-96.79798126220703,0.842391304347826,0.0,0.0,0.0,34.0,0.9677120999986073,0.12225639991083881,0.8454557000877685,0.7771739130434783,0.8741258741258742,0.22282608695652173,0.7317073170731707,0.0,,"{""decoder"": ""viterbi"", ""explore_subsample"": true, ""n_chains"": 1, ""orchestrate_every"": 0, ""p_dream"": 0.0, ""seed"": 1}",,,
lcbench_167185,lcbench,L1_K1_VITERBI_SUB,2,200,200,-96.81127166748047,-96.81127166748047,96.81127166748047,,True,1.032777400003397,0.10969369993108558,1.053897899997537,10400.0,0.9230837000723113,96.81127166748047,200.0,-96.81127166748047,0.8043478260869565,0.0,0.0,0.0,34.0,1.0325017000068328,0.12404589991638204,0.9084558000904508,0.7119565217391305,0.8854961832061069,0.15760869565217392,0.6896551724137931,0.13043478260869565,0.5,"{""decoder"": ""viterbi"", ""explore_subsample"": true, ""n_chains"": 1, ""orchestrate_every"": 0, ""p_dream"": 0.0, ""seed"": 2}",,,
lcbench_167185,lcbench,L1_K1_VITERBI_SUB,3,200,200,-96.64928436279297,-96.64928436279297,96.64928436279297,,True,1.0112690999958431,0.11228040004061768,1.0239415999967605,10400.0,0.8989886999552255,96.64928436279297,200.0,-96.64928436279297,0.8043478260869565,0.0,0.0,0.0,34.0,1.0110854000013205,0.1265578000311507,0.8845275999701698,0.7717391304347826,0.8309859154929577,0.17391304347826086,0.6875,0.05434782608695652,0.8,"{""decoder"": ""viterbi"", ""explore_subsample"": true, ""n_chains"": 1, ""orchestrate_every"": 0, ""p_dream"": 0.0, ""seed"": 3}",,,
lcbench_167185,lcbench,L1_K1_VITERBI_SUB,4,200,200,-96.85375213623047,-96.85375213623047,96.85375213623047,,True,0.9989830999984406,0.11080400003265822,1.0122790999957942,10400.0,0.8881790999657824,96.85375213623047,200.0,-96.85375213623047,0.8315217391304348,0.0,0.0,0.0,34.0,0.9987378000005265,0.12516040007176343,0.873577399928763,0.7717391304347826,0.8591549295774648,0.1956521739130435,0.7777777777777778,0.03260869565217391,0.5,"{""decoder"": ""viterbi"", ""explore_subsample"": true, ""n_chains"": 1, ""orchestrate_every"": 0, ""p_dream"": 0.0, ""seed"": 4}",,,
lcbench_167185,lcbench,L1_K1_VITERBI_SUB,5,200,200,-96.78690338134766,-96.78690338134766,96.78690338134766,,True,0.9966952000031597,0.10156679994543083,1.0093218000038178,10400.0,0.8951284000577289,96.78690338134766,200.0,-96.78690338134766,0.8152173913043478,0.0,0.0,0.0,34.0,0.9964697000032174,0.11541939992457628,0.8810503000786412,0.782608695652174,0.8263888888888888,0.21195652173913043,0.7692307692307693,0.005434782608695652,1.0,"{""decoder"": ""viterbi"", ""explore_subsample"": true, ""n_chains"": 1, ""orchestrate_every"": 0, ""p_dream"": 0.0, ""seed"": 5}",,,
lcbench_167185,lcbench,L1_K1_VITERBI_SUB,6,200,200,-96.40367889404297,-96.40367889404297,96.40367889404297,,True,0.9659506999960286,0.1024108999845339,0.9867921000040951,10400.0,0.8635398000114947,96.40367889404297,200.0,-96.40367889404297,0.8097826086956522,0.0,0.0,0.0,34.0,0.9656300000060583,0.11591150009917328,0.849718499906885,0.8043478260869565,0.831081081081081,0.1956521739130435,0.7222222222222222,0.0,,"{""decoder"": ""viterbi"", ""explore_subsample"": true, ""n_chains"": 1, ""orchestrate_every"": 0, ""p_dream"": 0.0, ""seed"": 6}",,,
lcbench_167185,lcbench,L1_K1_VITERBI_SUB,7,200,200,-96.92028045654297,-96.92028045654297,96.92028045654297,,True,0.9670178999949712,0.1037516999640502,0.9785461999999825,10400.0,0.863266200030921,96.92028045654297,200.0,-96.92028045654297,0.8260869565217391,0.0,0.0,0.0,34.0,0.9667951999945217,0.11815259998547845,0.8486426000090432,0.7880434782608695,0.8482758620689655,0.21195652173913043,0.7435897435897436,0.0,,"{""decoder"": ""viterbi"", ""explore_subsample"": true, ""n_chains"": 1, ""orchestrate_every"": 0, ""p_dream"": 0.0, ""seed"": 7}",,,
lcbench_167185,lcbench,L1_K1_VITERBI_SUB,8,200,200,-96.36103057861328,-96.36103057861328,96.36103057861328,,True,0.996214400001918,0.1034905000924482,1.0084015999964322,10400.0,0.8927238999094698,96.36103057861328,200.0,-96.36103057861328,0.8043478260869565,0.0,0.0,0.0,34.0,0.9960079000011319,0.11755030000495026,0.8784575999961817,0.782608695652174,0.8541666666666666,0.21739130434782608,0.625,0.0,,"{""decoder"": ""viterbi"", ""explore_subsample"": true, ""n_chains"": 1, ""orchestrate_every"": 0, ""p_dream"": 0.0, ""seed"": 8}",,,
lcbench_167185,lcbench,L1_K1_VITERBI_SUB,9,200,200,-96.71530151367188,-96.71530151367188,96.71530151367188,,True,1.0417832000021008,0.11890060007863212,1.0540437000017846,10400.0,0.9228825999234687,96.71530151367188,200.0,-96.71530151367188,0.7934782608695652,0.0,0.0,0.0,34.0,1.0415298999942024,0.13300699998944765,0.9085229000047548,0.7717391304347826,0.8028169014084507,0.15217391304347827,0.7142857142857143,0.07608695652173914,0.8571428571428571,"{""decoder"": ""viterbi"", ""explore_subsample"": true, ""n_chains"": 1, ""orchestrate_every"": 0, ""p_dream"": 0.0, ""seed"": 9}",,,
lcbench_167185,lcbench,L1_K1_VITERBI_SUB,10,200,200,-96.66329193115234,-96.66329193115234,96.66329193115234,,True,0.9728421000036178,0.11362170000938931,0.9839184000011301,10400.0,0.8592203999942285,96.66329193115234,200.0,-96.66329193115234,0.7608695652173914,0.0,0.0,0.0,34.0,0.9726618000058807,0.1270652000021073,0.8455966000037733,0.782608695652174,0.8055555555555556,0.17391304347826086,0.5,0.043478260869565216,1.0,"{""decoder"": ""viterbi"", ""explore_subsample"": true, ""n_chains"": 1, ""orchestrate_every"": 0, ""p_dream"": 0.0, ""seed"": 10}",,,
lcbench_167185,lcbench,L1_K1_VITERBI_SUB,11,200,200,-96.49971008300781,-96.49971008300781,96.49971008300781,,True,1.036587900001905,0.1045461999528925,1.0490539000020362,10400.0,0.9320417000490124,96.49971008300781,200.0,-96.49971008300781,0.7663043478260869,0.0,0.0,0.0,34.0,1.0363750000033178,0.11876389993267367,0.9176111000706442,0.7445652173913043,0.7956204379562044,0.2554347826086957,0.6808510638297872,0.0,,"{""decoder"": ""viterbi"", ""explore_subsample"": true, ""n_chains"": 1, ""orchestrate_every"": 0, ""p_dream"": 0.0, ""seed"": 11}",,,
lcbench_167185,lcbench,L1_K1_VITERBI_SUB,12,200,200,-96.3805160522461,-96.3805160522461,96.3805160522461,,True,0.9801900000020396,0.10306209995906102,0.9951445999977295,10400.0,0.8771279000429786,96.3805160522461,200.0,-96.3805160522461,0.7554347826086957,0.0,0.0,0.0,34.0,0.9799763999981224,0.11728929998207605,0.8626871000160463,0.7663043478260869,0.7943262411347518,0.23369565217391305,0.627906976744186,0.0,,"{""decoder"": ""viterbi"", ""explore_subsample"": true, ""n_chains"": 1, ""orchestrate_every"": 0, ""p_dream"": 0.0, ""seed"": 12}",,,
lcbench_167185,lcbench,L1_K1_VITERBI_SUB,13,200,200,-96.35771942138672,-96.35771942138672,96.35771942138672,,True,1.0200447000024724,0.10628540003381204,1.0308497000005445,10400.0,0.9137592999686603,96.35771942138672,200.0,-96.35771942138672,0.7989130434782609,0.0,0.0,0.0,34.0,1.0198603000026196,0.12065500002790941,0.8992052999747102,0.7717391304347826,0.8028169014084507,0.19021739130434784,0.7714285714285715,0.03804347826086957,0.8571428571428571,"{""decoder"": ""viterbi"", ""explore_subsample"": true, ""n_chains"": 1, ""orchestrate_every"": 0, ""p_dream"": 0.0, ""seed"": 13}",,,
lcbench_167185,lcbench,L1_K1_VITERBI_SUB,14,200,200,-96.37279510498047,-96.37279510498047,96.37279510498047,,True,1.0193601999999373,0.10270099990884773,1.038149499996507,10400.0,0.9166592000910896,96.37279510498047,200.0,-96.37279510498047,0.8097826086956522,0.0,0.0,0.0,34.0,1.019067900000664,0.11690919994725846,0.9021587000534055,0.75,0.8260869565217391,0.25,0.7608695652173914,0.0,,"{""decoder"": ""viterbi"", ""explore_subsample"": true, ""n_chains"": 1, ""orchestrate_every"": 0, ""p_dream"": 0.0, ""seed"": 14}",,,
lcbench_167185,lcbench,L1_K1_VITERBI_SUB,15,200,200,-96.81127166748047,-96.81127166748047,96.81127166748047,,True,0.9993908000033116,0.09835990000283346,1.0187612000008812,10400.0,0.9010309000004781,96.81127166748047,200.0,-96.81127166748047,0.7663043478260869,0.0,0.0,0.0,34.0,0.9991393000018434,0.11242460007633781,0.8867146999255056,0.7989130434782609,0.7891156462585034,0.20108695652173914,0.6756756756756757,0.0,,"{""decoder"": ""viterbi"", ""explore_subsample"": true, ""n_chains"": 1, ""orchestrate_every"": 0, ""p_dream"": 0.0, ""seed"": 15}",,,
lcbench_167185,lcbench,L1_K1_VITERBI_SUB,16,200,200,-96.71825408935547,-96.71825408935547,96.71825408935547,,True,1.018158199993195,0.10023680001177127,1.0294723999977577,10400.0,0.9179213999814237,96.71825408935547,200.0,-96.71825408935547,0.7228260869565217,0.0,0.0,0.0,34.0,1.017972000001464,0.11426599994592834,0.9037060000555357,0.8097826086956522,0.7181208053691275,0.1793478260869565,0.7575757575757576,0.010869565217391304,0.5,"{""decoder"": ""viterbi"", ""explore_subsample"": true, ""n_chains"": 1, ""orchestrate_every"": 0, ""p_dream"": 0.0, ""seed"": 16}",,,
lcbench_167185,lcbench,L1_K1_VITERBI_SUB,17,200,200,-96.92249298095703,-96.92249298095703,96.92249298095703,,True,0.9477674999943702,0.09785139991436154,0.958090699998138,10400.0,0.8499161000800086,96.92249298095703,200.0,-96.92249298095703,0.7989130434782609,0.0,0.0,0.0,34.0,0.9475662000040757,0.11176419999537757,0.8358020000086981,0.8206521739130435,0.8079470198675497,0.1358695652173913,0.8,0.043478260869565216,0.625,"{""decoder"": ""viterbi"", ""explore_subsample"": true, ""n_chains"": 1, ""orchestrate_every"": 0, ""p_dream"": 0.0, ""seed"": 17}",,,
lcbench_167185,lcbench,L1_K1_VITERBI_SUB,18,200,200,-96.83417510986328,-96.83417510986328,96.83417510986328,,True,1.005326899998181,0.10395190005510813,1.017883400003484,10400.0,0.9013749999430729,96.83417510986328,200.0,-96.83417510986328,0.8478260869565217,0.0,0.0,0.0,34.0,1.005079400005343,0.11886609998327913,0.8862133000220638,0.7391304347826086,0.8455882352941176,0.2608695652173913,0.8541666666666666,0.0,,"{""decoder"": ""viterbi"", ""explore_subsample"": true, ""n_chains"": 1, ""orchestrate_every"": 0, ""p_dream"": 0.0, ""seed"": 18}",,,
lcbench_167185,lcbench,L1_K1_VITERBI_SUB,19,200,200,-96.73005676269531,-96.73005676269531,96.73005676269531,,True,0.9471259000056307,0.09989729998778785,0.9574221000002581,10400.0,0.8472286000178428,96.73005676269531,200.0,-96.73005676269531,0.8369565217391305,0.0,0.0,0.0,34.0,0.9469477000020561,0.1133844999858411,0.833563200016215,0.7554347826086957,0.8992805755395683,0.17391304347826086,0.71875,0.07065217391304347,0.46153846153846156,"{""decoder"": ""viterbi"", ""explore_subsample"": true, ""n_chains"": 1, ""orchestrate_every"": 0, ""p_dream"": 0.0, ""seed"": 19}",,,
lcbench_167185,lcbench,RS,0,200,200,-96.59326171875,-96.59326171875,96.59326171875,,True,0.26656249999359716,0.09794490005151602,0.3022577000010642,10400.0,0.16861759994208114,96.59326171875,,,,,,,,,,,,,,,,,,,,
lcbench_167185,lcbench,RS,1,200,200,-96.7359619140625,-96.7359619140625,96.7359619140625,,True,0.2617424999989453,0.10084919997461839,0.30300610000267625,10400.0,0.1608933000243269,96.7359619140625,,,,,,,,,,,,,,,,,,,,
lcbench_167185,lcbench,RS,2,200,200,-97.27437591552734,-97.27437591552734,97.27437591552734,,True,0.2615458000000217,0.10299060001125326,0.2704663000040455,10400.0,0.15855519998876844,97.27437591552734,,,,,,,,,,,,,,,,,,,,
lcbench_167185,lcbench,RS,3,200,200,-96.49271392822266,-96.49271392822266,96.49271392822266,,True,0.2719046000056551,0.10683710003650049,0.3113456999999471,10400.0,0.1650674999691546,96.49271392822266,,,,,,,,,,,,,,,,,,,,
lcbench_167185,lcbench,RS,4,200,200,-96.68836975097656,-96.68836975097656,96.68836975097656,,True,0.2588644999996177,0.10103159998107003,0.2698120999993989,10400.0,0.15783290001854766,96.68836975097656,,,,,,,,,,,,,,,,,,,,
lcbench_167185,lcbench,RS,5,200,200,-96.40074157714844,-96.40074157714844,96.40074157714844,,True,0.26768450000236044,0.10394719995383639,0.3120974999983446,10400.0,0.16373730004852405,96.40074157714844,,,,,,,,,,,,,,,,,,,,
lcbench_167185,lcbench,RS,6,200,200,-96.70165252685547,-96.70165252685547,96.70165252685547,,True,0.27990410000347765,0.10761389995604986,0.32005939999362454,10400.0,0.1722902000474278,96.70165252685547,,,,,,,,,,,,,,,,,,,,
lcbench_167185,lcbench,RS,7,200,200,-96.71197509765625,-96.71197509765625,96.71197509765625,,True,0.2484547999993083,0.09556689995224588,0.2587956999996095,10400.0,0.15288790004706243,96.71197509765625,,,,,,,,,,,,,,,,,,,,
lcbench_167185,lcbench,RS,8,200,200,-97.04125213623047,-97.04125213623047,97.04125213623047,,True,0.2530542000022251,0.09725620000244817,0.26587750000180677,10400.0,0.15579799999977695,97.04125213623047,,,,,,,,,,,,,,,,,,,,
lcbench_167185,lcbench,RS,9,200,200,-96.86779022216797,-96.86779022216797,96.86779022216797,,True,0.26832650000142166,0.10181789995112922,0.278988300000492,10400.0,0.16650860005029244,96.86779022216797,,,,,,,,,,,,,,,,,,,,
lcbench_167185,lcbench,RS,10,200,200,-96.71308898925781,-96.71308898925781,96.71308898925781,,True,0.27202889999898616,0.10632699997222517,0.28244809999887366,10400.0,0.165701900026761,96.71308898925781,,,,,,,,,,,,,,,,,,,,
lcbench_167185,lcbench,RS,11,200,200,-96.40074157714844,-96.40074157714844,96.40074157714844,,True,0.2685445999959484,0.10288460001174826,0.28038780000497354,10400.0,0.1656599999842001,96.40074157714844,,,,,,,,,,,,,,,,,,,,
lcbench_167185,lcbench,RS,12,200,200,-96.66255950927734,-96.66255950927734,96.66255950927734,,True,0.2793859000012162,0.10621280000486877,0.29302600000664825,10400.0,0.17317309999634745,96.66255950927734,,,,,,,,,,,,,,,,,,,,
lcbench_167185,lcbench,RS,13,200,200,-96.56341552734375,-96.56341552734375,96.56341552734375,,True,0.27463739999802783,0.10316430006787414,0.28629470000305446,10400.0,0.1714730999301537,96.56341552734375,,,,,,,,,,,,,,,,,,,,
lcbench_167185,lcbench,RS,14,200,200,-96.39044189453125,-96.39044189453125,96.39044189453125,,True,0.28265709999686806,0.1134824000619119,0.2931332000007387,10400.0,0.16917469993495615,96.39044189453125,,,,,,,,,,,,,,,,,,,,
lcbench_167185,lcbench,RS,15,200,200,-96.79059600830078,-96.79059600830078,96.79059600830078,,True,0.28207090000069,0.11369399998511653,0.2941538000013679,10400.0,0.16837690001557348,96.79059600830078,,,,,,,,,,,,,,,,,,,,
lcbench_167185,lcbench,RS,16,200,200,-96.86261749267578,-96.86261749267578,96.86261749267578,,True,0.2780953000037698,0.11223010005051037,0.28905739999754587,10400.0,0.16586519995325943,96.86261749267578,,,,,,,,,,,,,,,,,,,,
lcbench_167185,lcbench,RS,17,200,200,-96.45812225341797,-96.45812225341797,96.45812225341797,,True,0.270200200000545,0.10835300005419413,0.28204489999916404,10400.0,0.16184719994635088,96.45812225341797,,,,,,,,,,,,,,,,,,,,
lcbench_167185,lcbench,RS,18,200,200,-96.84783935546875,-96.84783935546875,96.84783935546875,,True,0.275001499998325,0.1089899999788031,0.2855561000033049,10400.0,0.16601150001952192,96.84783935546875,,,,,,,,,,,,,,,,,,,,
lcbench_167185,lcbench,RS,19,200,200,-96.95281982421875,-96.95281982421875,96.95281982421875,,True,0.2625352999966708,0.10506100000202423,0.27300429999741027,10400.0,0.15747429999464657,96.95281982421875,,,,,,,,,,,,,,,,,,,,
lcbench_167185,lcbench,TPE,0,200,200,-97.59923553466797,-97.59923553466797,97.59923553466797,,True,3.6699666999993497,0.14597479999792995,3.680809400000726,10400.0,3.5239919000014197,97.59923553466797,,,,,,,,,,,,,,,,,,,,
lcbench_167185,lcbench,TPE,1,200,200,-97.54228973388672,-97.54228973388672,97.54228973388672,,True,3.441123399999924,0.14668990002246574,3.4488117000000784,10400.0,3.2944334999774583,97.54228973388672,,,,,,,,,,,,,,,,,,,,
lcbench_167185,lcbench,TPE,2,200,200,-96.8685302734375,-96.8685302734375,96.8685302734375,,True,3.397575199996936,0.1420938000883325,3.4078836999979103,10400.0,3.2554813999086036,96.8685302734375,,,,,,,,,,,,,,,,,,,,
lcbench_167185,lcbench,TPE,3,200,200,-97.57950592041016,-97.57950592041016,97.57950592041016,,True,4.239821999995911,0.14381420001154765,4.249587300000712,10400.0,4.096007799984363,97.57950592041016,,,,,,,,,,,,,,,,,,,,
lcbench_167185,lcbench,TPE,4,200,200,-97.86878967285156,-97.86878967285156,97.86878967285156,,True,4.090716800004884,0.1430206000150065,4.10196310000174,10400.0,3.9476961999898776,97.86878967285156,,,,,,,,,,,,,,,,,,,,
lcbench_167185,lcbench,TPE,5,200,200,-97.51512908935547,-97.51512908935547,97.51512908935547,,True,4.604188699995575,0.1449013999736053,4.645111399993766,10400.0,4.45928730002197,97.51512908935547,,,,,,,,,,,,,,,,,,,,
lcbench_167185,lcbench,TPE,6,200,200,-97.18498992919922,-97.18498992919922,97.18498992919922,,True,3.8767029000009643,0.14183999992383178,3.8845329000032507,10400.0,3.7348629000771325,97.18498992919922,,,,,,,,,,,,,,,,,,,,
lcbench_167185,lcbench,TPE,7,200,200,-97.1101303100586,-97.1101303100586,97.1101303100586,,True,3.7533179000020027,0.14109139997890452,3.764347700001963,10400.0,3.612226500023098,97.1101303100586,,,,,,,,,,,,,,,,,,,,
lcbench_167185,lcbench,TPE,8,200,200,-96.65481567382812,-96.65481567382812,96.65481567382812,,True,3.291740100001334,0.14040929998009233,3.301912999995693,10400.0,3.151330800021242,96.65481567382812,,,,,,,,,,,,,,,,,,,,
lcbench_167185,lcbench,TPE,9,200,200,-97.6085433959961,-97.6085433959961,97.6085433959961,,True,3.649047300001257,0.14303379994089482,3.6918023000034736,10400.0,3.5060135000603623,97.6085433959961,,,,,,,,,,,,,,,,,,,,
lcbench_167185,lcbench,TPE,10,200,200,-96.91436004638672,-96.91436004638672,96.91436004638672,,True,3.4849487999963458,0.1404253000218887,3.4956881000034628,10400.0,3.344523499974457,96.91436004638672,,,,,,,,,,,,,,,,,,,,
lcbench_167185,lcbench,TPE,11,200,200,-96.99832153320312,-96.99832153320312,96.99832153320312,,True,3.8025540000016917,0.1383510000523529,3.813507999999274,10400.0,3.664202999949339,96.99832153320312,,,,,,,,,,,,,,,,,,,,
lcbench_167185,lcbench,TPE,12,200,200,-96.88885498046875,-96.88885498046875,96.88885498046875,,True,3.2309024999995017,0.14084549995459383,3.261254999997618,10400.0,3.090057000044908,96.88885498046875,,,,,,,,,,,,,,,,,,,,
lcbench_167185,lcbench,TPE,13,200,200,-97.30703735351562,-97.30703735351562,97.30703735351562,,True,4.049881600003573,0.15034269999159733,4.060442299996794,10400.0,3.899538900011976,97.30703735351562,,,,,,,,,,,,,,,,,,,,
lcbench_167185,lcbench,TPE,14,200,200,-96.75257110595703,-96.75257110595703,96.75257110595703,,True,3.523894799996924,0.14137599998502992,3.534480199996324,10400.0,3.382518800011894,96.75257110595703,,,,,,,,,,,,,,,,,,,,
lcbench_167185,lcbench,TPE,15,200,200,-97.28662109375,-97.28662109375,97.28662109375,,True,4.013577000005171,0.14321479998761788,4.02422989999468,10400.0,3.870362200017553,97.28662109375,,,,,,,,,,,,,,,,,,,,
lcbench_167185,lcbench,TPE,16,200,200,-97.61115264892578,-97.61115264892578,97.61115264892578,,True,3.751346700002614,0.15471450005861698,3.7622689999989234,10400.0,3.596632199943997,97.61115264892578,,,,,,,,,,,,,,,,,,,,
lcbench_167185,lcbench,TPE,17,200,200,-97.62604522705078,-97.62604522705078,97.62604522705078,,True,4.247856199996022,0.14758520003670128,4.258952700001828,10400.0,4.100270999959321,97.62604522705078,,,,,,,,,,,,,,,,,,,,
lcbench_167185,lcbench,TPE,18,200,200,-97.6133804321289,-97.6133804321289,97.6133804321289,,True,4.678080400000908,0.14265480000904063,4.693029000001843,10400.0,4.535425599991868,97.6133804321289,,,,,,,,,,,,,,,,,,,,
lcbench_167185,lcbench,TPE,19,200,200,-97.58545684814453,-97.58545684814453,97.58545684814453,,True,4.28115290000278,0.1432276000341517,4.29375219999929,10400.0,4.137925299968629,97.58545684814453,,,,,,,,,,,,,,,,,,,,
lcbench_167185,lcbench,TPE_HB,0,200,1371,-97.42105865478516,-97.42105865478516,97.42105865478516,,True,9.564672900000005,0.5086160998471314,9.57291560000158,10405.0,9.056056800152874,97.42105865478516,,,,,,,,,,,,,,,,,,,,
lcbench_167185,lcbench,TPE_HB,1,200,1649,-97.37239074707031,-97.37239074707031,97.37239074707031,,True,18.99057449999964,0.8692223999532871,71.95212619999802,10410.0,18.12135210004635,97.37239074707031,,,,,,,,,,,,,,,,,,,,
lcbench_167185,lcbench,TPE_HB,2,200,1288,-97.29107666015625,-97.29107666015625,97.29107666015625,,True,11.0868335999985,0.6012792001565685,63.979128999999375,10400.0,10.48555439984193,97.29107666015625,,,,,,,,,,,,,,,,,,,,
lcbench_167185,lcbench,TPE_HB,3,200,1906,-96.7200927734375,-96.7200927734375,96.7200927734375,,True,11.74402640000335,0.46451920012623305,11.750935900003242,10401.0,11.279507199877116,96.7200927734375,,,,,,,,,,,,,,,,,,,,
lcbench_167185,lcbench,TPE_HB,4,200,1216,-97.32707977294922,-97.32707977294922,97.32707977294922,,True,10.291486499998427,0.7110758999551763,62.86874420000095,10404.0,9.580410600043251,97.32707977294922,,,,,,,,,,,,,,,,,,,,
lcbench_167185,lcbench,TPE_HB,5,200,1553,-96.83601379394531,-96.83601379394531,96.83601379394531,,True,8.294905899994774,0.2944267998827854,8.30115040000237,10406.0,8.000479100111988,96.83601379394531,,,,,,,,,,,,,,,,,,,,
lcbench_167185,lcbench,TPE_HB,6,200,1453,-97.00238800048828,-97.00238800048828,97.00238800048828,,True,5.855535599999712,0.2562658001043019,5.861960800000816,10423.0,5.59926979989541,97.00238800048828,,,,,,,,,,,,,,,,,,,,
lcbench_167185,lcbench,TPE_HB,7,200,1446,-97.1497802734375,-97.1497802734375,97.1497802734375,,True,10.023975000003702,0.49620139997568913,10.029054300001008,10401.0,9.527773600028013,97.1497802734375,,,,,,,,,,,,,,,,,,,,
lcbench_167185,lcbench,TPE_HB,8,200,1408,-96.90327453613281,-96.90327453613281,96.90327453613281,,True,10.625065400003223,0.5235381999373203,10.629935999997542,10400.0,10.101527200065902,96.90327453613281,,,,,,,,,,,,,,,,,,,,
lcbench_167185,lcbench,TPE_HB,9,200,1154,-97.2881088256836,-97.2881088256836,97.2881088256836,,True,5.807052199997997,0.35938540004281094,5.814736100001028,10413.0,5.447666799955186,97.2881088256836,,,,,,,,,,,,,,,,,,,,
lcbench_167185,lcbench,TPE_HB,10,200,1292,-97.30406951904297,-97.30406951904297,97.30406951904297,,True,8.202933499997016,0.4745025000956957,8.212000599996827,10404.0,7.72843099990132,97.30406951904297,,,,,,,,,,,,,,,,,,,,
lcbench_167185,lcbench,TPE_HB,11,200,1420,-96.92619323730469,-96.92619323730469,96.92619323730469,,True,9.566493999998784,0.5605399999185465,9.571895599998243,10403.0,9.005954000080237,96.92619323730469,,,,,,,,,,,,,,,,,,,,
lcbench_167185,lcbench,TPE_HB,12,200,1492,-96.59178161621094,-96.59178161621094,96.59178161621094,,True,19.046794399997452,0.6963445999135729,19.056028200000583,10404.0,18.35044980008388,96.59178161621094,,,,,,,,,,,,,,,,,,,,
lcbench_167185,lcbench,TPE_HB,13,200,1250,-97.14643859863281,-97.14643859863281,97.14643859863281,,True,8.438818399998127,0.5201482999618747,8.448538399999961,10404.0,7.918670100036252,97.14643859863281,,,,,,,,,,,,,,,,,,,,
lcbench_167185,lcbench,TPE_HB,14,200,1323,-96.51406860351562,-96.51406860351562,96.51406860351562,,True,10.74708400000236,0.5772914998597116,10.755986999996821,10405.0,10.169792500142648,96.51406860351562,,,,,,,,,,,,,,,,,,,,
lcbench_167185,lcbench,TPE_HB,15,200,1403,-96.78985595703125,-96.78985595703125,96.78985595703125,,True,11.401993300001777,0.6254122999525862,11.411177499998303,10403.0,10.776581000049191,96.78985595703125,,,,,,,,,,,,,,,,,,,,
lcbench_167185,lcbench,TPE_HB,16,200,1499,-97.61375427246094,-97.61375427246094,97.61375427246094,,True,18.286752899999556,0.6929277998424368,18.295711600003415,10411.0,17.59382510015712,97.61375427246094,,,,,,,,,,,,,,,,,,,,
lcbench_167185,lcbench,TPE_HB,17,200,1356,-96.81903076171875,-96.81903076171875,96.81903076171875,,True,10.646592400000372,0.6241575000458397,10.655819100000372,10400.0,10.022434899954533,96.81903076171875,,,,,,,,,,,,,,,,,,,,
lcbench_167185,lcbench,TPE_HB,18,200,1366,-97.40210723876953,-97.40210723876953,97.40210723876953,,True,12.351351599994814,0.6282864999084268,12.360701699995843,10405.0,11.723065100086387,97.40210723876953,,,,,,,,,,,,,,,,,,,,
lcbench_167185,lcbench,TPE_HB,19,200,1733,-97.62567138671875,-97.62567138671875,97.62567138671875,,True,26.378964600000472,0.9444829000130994,26.38847839999653,10401.0,25.434481699987373,97.62567138671875,,,,,,,,,,,,,,,,,,,,
lcbench_168329,lcbench,CMAES,0,200,200,-34.147953033447266,-34.147953033447266,34.147953033447266,,True,0.18327770000178134,0.03571259989257669,57.69530600000144,10400.0,0.14756510010920465,34.147953033447266,,,,,,,,,,,,,,,,,,,,
lcbench_168329,lcbench,CMAES,1,200,200,-32.82780075073242,-32.82780075073242,32.82780075073242,,True,0.2127314999961527,0.04420890002074884,55.74691090000124,10400.0,0.16852259997540386,32.82780075073242,,,,,,,,,,,,,,,,,,,,
lcbench_168329,lcbench,CMAES,2,200,200,-32.5279426574707,-32.5279426574707,32.5279426574707,,True,0.475475400002324,0.13284720000228845,12.134519900006126,10400.0,0.3426282000000356,32.5279426574707,,,,,,,,,,,,,,,,,,,,
lcbench_168329,lcbench,CMAES,3,200,200,-36.32389831542969,-36.32389831542969,36.32389831542969,,True,0.26355730000068434,0.054669100034516305,54.48673630000121,10400.0,0.20888819996616803,36.32389831542969,,,,,,,,,,,,,,,,,,,,
lcbench_168329,lcbench,CMAES,4,200,200,-46.13560104370117,-46.13560104370117,46.13560104370117,,True,0.22532679999858374,0.04716910002025543,54.00159740000527,10400.0,0.1781576999783283,46.13560104370117,,,,,,,,,,,,,,,,,,,,
lcbench_168329,lcbench,CMAES,5,200,200,-36.26395034790039,-36.26395034790039,36.26395034790039,,True,0.3055862999972305,0.0644874000136042,53.51860119999765,10400.0,0.24109889998362632,36.26395034790039,,,,,,,,,,,,,,,,,,,,
lcbench_168329,lcbench,CMAES,6,200,200,-35.168277740478516,-35.168277740478516,35.168277740478516,,True,0.3796901000023354,0.09272160000546137,53.77368939999724,10400.0,0.286968499996874,35.168277740478516,,,,,,,,,,,,,,,,,,,,
lcbench_168329,lcbench,CMAES,7,200,200,-31.864803314208984,-31.864803314208984,31.864803314208984,,True,0.36894739999843296,0.0873260000225855,53.65151020000485,10400.0,0.28162139997584745,31.864803314208984,,,,,,,,,,,,,,,,,,,,
lcbench_168329,lcbench,CMAES,8,200,200,-25.123424530029297,-25.123424530029297,25.123424530029297,,True,0.28391800000099465,0.07803230002173223,0.2926657999996678,10400.0,0.20588569997926243,25.123424530029297,,,,,,,,,,,,,,,,,,,,
lcbench_168329,lcbench,CMAES,9,200,200,-32.539920806884766,-32.539920806884766,32.539920806884766,,True,0.34259160000510747,0.09221169991360512,0.3504248000026564,10400.0,0.25037990009150235,32.539920806884766,,,,,,,,,,,,,,,,,,,,
lcbench_168329,lcbench,CMAES,10,200,200,-32.597068786621094,-32.597068786621094,32.597068786621094,,True,0.4021794000000227,0.10997640002460685,0.4101483999984339,10400.0,0.2922029999754159,32.597068786621094,,,,,,,,,,,,,,,,,,,,
lcbench_168329,lcbench,CMAES,11,200,200,-33.3779182434082,-33.3779182434082,33.3779182434082,,True,0.39098480000393465,0.0989005999872461,53.386818199993286,10400.0,0.29208420001668856,33.3779182434082,,,,,,,,,,,,,,,,,,,,
lcbench_168329,lcbench,CMAES,12,200,200,-33.36041259765625,-33.36041259765625,33.36041259765625,,True,0.31563870000536554,0.07816179993096739,0.32583919999888167,10400.0,0.23747690007439815,33.36041259765625,,,,,,,,,,,,,,,,,,,,
lcbench_168329,lcbench,CMAES,13,200,200,-32.72203063964844,-32.72203063964844,32.72203063964844,,True,0.3049477000022307,0.07986560003337217,0.31268960000306834,10400.0,0.22508209996885853,32.72203063964844,,,,,,,,,,,,,,,,,,,,
lcbench_168329,lcbench,CMAES,14,200,200,-36.137454986572266,-36.137454986572266,36.137454986572266,,True,0.2829264999963925,0.06866920002357801,0.2903315000003204,10400.0,0.2142572999728145,36.137454986572266,,,,,,,,,,,,,,,,,,,,
lcbench_168329,lcbench,CMAES,15,200,200,-34.60567855834961,-34.60567855834961,34.60567855834961,,True,0.29227930000342894,0.07171019998349948,0.3003409000011743,10400.0,0.22056910001992946,34.60567855834961,,,,,,,,,,,,,,,,,,,,
lcbench_168329,lcbench,CMAES,16,200,200,-42.30323028564453,-42.30323028564453,42.30323028564453,,True,0.29806059999827994,0.06955960006598616,0.3051467999976012,10400.0,0.22850099993229378,42.30323028564453,,,,,,,,,,,,,,,,,,,,
lcbench_168329,lcbench,CMAES,17,200,200,-34.275325775146484,-34.275325775146484,34.275325775146484,,True,0.440900599998713,0.11159199998655822,53.10293660000025,10400.0,0.3293086000121548,34.275325775146484,,,,,,,,,,,,,,,,,,,,
lcbench_168329,lcbench,CMAES,18,200,200,-34.1006965637207,-34.1006965637207,34.1006965637207,,True,0.23275039999862202,0.04937129998143064,0.24095520000264514,10400.0,0.18337910001719138,34.1006965637207,,,,,,,,,,,,,,,,,,,,
lcbench_168329,lcbench,CMAES,19,200,200,-32.796573638916016,-32.796573638916016,32.796573638916016,,True,0.20137219999742229,0.04180760003509931,0.20745000000169966,10400.0,0.15956459996232297,32.796573638916016,,,,,,,,,,,,,,,,,,,,
lcbench_168329,lcbench,FMP_DREAM,0,200,200,-32.990501403808594,-32.990501403808594,32.990501403808594,,True,0.6341694000002462,0.11735500003851485,0.6477006999994046,10400.0,0.5168143999617314,32.990501403808594,200.0,-32.990501403808594,0.56353591160221,0.47513812154696133,3.0,0.0,20.0,0.6339288000017405,0.13340689994220156,0.5005219000595389,0.4696132596685083,0.611764705882353,0.5303867403314917,0.5208333333333334,0.0,,"{""decoder"": ""soft"", ""explore_subsample"": false, ""n_chains"": 4, ""orchestrate_every"": 5, ""p_dream"": 0.5, ""seed"": 0}",,,
lcbench_168329,lcbench,FMP_DREAM,1,200,200,-41.25303268432617,-41.25303268432617,41.25303268432617,,True,0.5769631000002846,0.11261110005580122,0.5895923999996739,10400.0,0.4643519999444834,41.25303268432617,200.0,-41.25303268432617,0.5303867403314917,0.5414364640883977,3.0,0.0,19.0,0.5767161999974633,0.12881250000646105,0.4479036999910022,0.47513812154696133,0.6395348837209303,0.5193370165745856,0.425531914893617,0.0055248618784530384,1.0,"{""decoder"": ""soft"", ""explore_subsample"": false, ""n_chains"": 4, ""orchestrate_every"": 5, ""p_dream"": 0.5, ""seed"": 1}",,,
lcbench_168329,lcbench,FMP_DREAM,2,200,200,-46.598392486572266,-46.598392486572266,46.598392486572266,,True,0.5139970000018366,0.10630939998372924,0.5272027000028174,10400.0,0.40768760001810733,46.598392486572266,200.0,-46.598392486572266,0.6222222222222222,0.49444444444444446,4.0,0.0,14.0,0.5137694999939413,0.12105629994766787,0.3927132000462734,0.5444444444444444,0.7040816326530612,0.45555555555555555,0.524390243902439,0.0,,"{""decoder"": ""soft"", ""explore_subsample"": false, ""n_chains"": 4, ""orchestrate_every"": 5, ""p_dream"": 0.5, ""seed"": 2}",,,
lcbench_168329,lcbench,FMP_DREAM,3,200,200,-40.076499938964844,-40.076499938964844,40.076499938964844,,True,0.5518297000016901,0.10817290003615199,0.5660298000002513,10400.0,0.4436567999655381,40.076499938964844,200.0,-40.076499938964844,0.5888888888888889,0.48333333333333334,4.0,0.0,16.0,0.5515913999988697,0.12304700006643543,0.4285443999324343,0.5277777777777778,0.5894736842105263,0.4722222222222222,0.5882352941176471,0.0,,"{""decoder"": ""soft"", ""explore_subsample"": false, ""n_chains"": 4, ""orchestrate_every"": 5, ""p_dream"": 0.5, ""seed"": 3}",,,
lcbench_168329,lcbench,FMP_DREAM,4,200,200,-44.89314270019531,-44.89314270019531,44.89314270019531,,True,0.5297577000019373,0.10732859996642219,0.5414996999970754,10400.0,0.42242910003551515,44.89314270019531,200.0,-44.89314270019531,0.5722222222222222,0.46111111111111114,4.0,0.0,13.0,0.5295350999949733,0.12157149993436178,0.4079636000606115,0.5111111111111111,0.6086956521739131,0.4888888888888889,0.5340909090909091,0.0,,"{""decoder"": ""soft"", ""explore_subsample"": false, ""n_chains"": 4, ""orchestrate_every"": 5, ""p_dream"": 0.5, ""seed"": 4}",,,
lcbench_168329,lcbench,FMP_DREAM,5,200,200,-38.051513671875,-38.051513671875,38.051513671875,,True,0.4693963999961852,0.10296860001108143,0.48278680000657914,10400.0,0.3664277999851038,38.051513671875,200.0,-38.051513671875,0.55,0.6166666666666667,4.0,0.0,14.0,0.4691160999936983,0.11754409997956827,0.35157200001413,0.5888888888888889,0.5471698113207547,0.4111111111111111,0.5540540540540541,0.0,,"{""decoder"": ""soft"", ""explore_subsample"": false, ""n_chains"": 4, ""orchestrate_every"": 5, ""p_dream"": 0.5, ""seed"": 5}",,,
lcbench_168329,lcbench,FMP_DREAM,6,200,200,-34.32831954956055,-34.32831954956055,34.32831954956055,,True,0.48351610000099754,0.10562319994642166,0.4965334000007715,10400.0,0.3778929000545759,34.32831954956055,200.0,-34.32831954956055,0.5139664804469274,0.5195530726256983,5.0,0.0,11.0,0.48322200000257,0.12005380000482546,0.3631681999977445,0.46368715083798884,0.5060240963855421,0.5363128491620112,0.5208333333333334,0.0,,"{""decoder"": ""soft"", ""explore_subsample"": false, ""n_chains"": 4, ""orchestrate_every"": 5, ""p_dream"": 0.5, ""seed"": 6}",,,
lcbench_168329,lcbench,FMP_DREAM,7,200,200,-36.06123352050781,-36.06123352050781,36.06123352050781,,True,0.6116834999993443,0.13935549994494068,0.6251798000012059,10400.0,0.4723280000544037,36.06123352050781,200.0,-36.06123352050781,0.5666666666666667,0.5,4.0,0.0,16.0,0.6114435999988928,0.1552941999034374,0.45614940009545535,0.46111111111111114,0.5421686746987951,0.5388888888888889,0.5876288659793815,0.0,,"{""decoder"": ""soft"", ""explore_subsample"": false, ""n_chains"": 4, ""orchestrate_every"": 5, ""p_dream"": 0.5, ""seed"": 7}",,,
lcbench_168329,lcbench,FMP_DREAM,8,200,200,-43.52744674682617,-43.52744674682617,43.52744674682617,,True,0.716739300005429,0.13181659996917006,0.7309434000053443,10400.0,0.5849227000362589,43.52744674682617,200.0,-43.52744674682617,0.6284153005464481,0.44808743169398907,1.0,0.0,22.0,0.7164823000057368,0.14875239997491008,0.5677299000308267,0.5136612021857924,0.6808510638297872,0.47540983606557374,0.5747126436781609,0.01092896174863388,0.5,"{""decoder"": ""soft"", ""explore_subsample"": false, ""n_chains"": 4, ""orchestrate_every"": 5, ""p_dream"": 0.5, ""seed"": 8}",,,
lcbench_168329,lcbench,FMP_DREAM,9,200,200,-40.67982864379883,-40.67982864379883,40.67982864379883,,True,0.5494298999983585,0.12381810002989369,0.562485900001775,10400.0,0.42561179996846477,40.67982864379883,200.0,-40.67982864379883,0.6444444444444445,0.5277777777777778,4.0,0.0,12.0,0.5492135000022245,0.1390944999511703,0.41011900005105417,0.55,0.7070707070707071,0.45,0.5679012345679012,0.0,,"{""decoder"": ""soft"", ""explore_subsample"": false, ""n_chains"": 4, ""orchestrate_every"": 5, ""p_dream"": 0.5, ""seed"": 9}",,,
lcbench_168329,lcbench,FMP_DREAM,10,200,200,-32.94233322143555,-32.94233322143555,32.94233322143555,,True,0.5785600000017439,0.1296437999990303,0.5910952999984147,10400.0,0.4489162000027136,32.94233322143555,200.0,-32.94233322143555,0.5754189944134078,0.49162011173184356,5.0,0.0,13.0,0.5783384999958798,0.14479119999305112,0.4335473000028287,0.48044692737430167,0.6395348837209303,0.5195530726256983,0.5161290322580645,0.0,,"{""decoder"": ""soft"", ""explore_subsample"": false, ""n_chains"": 4, ""orchestrate_every"": 5, ""p_dream"": 0.5, ""seed"": 10}",,,
lcbench_168329,lcbench,FMP_DREAM,11,200,200,-38.87119674682617,-38.87119674682617,38.87119674682617,,True,0.6334416000026977,0.1247019999937038,0.6469303000048967,10400.0,0.5087396000089939,38.87119674682617,200.0,-38.87119674682617,0.5921787709497207,0.46368715083798884,5.0,0.0,11.0,0.633188899999368,0.1623624000203563,0.4708264999790117,0.6089385474860335,0.6788990825688074,0.39106145251396646,0.45714285714285713,0.0,,"{""decoder"": ""soft"", ""explore_subsample"": false, ""n_chains"": 4, ""orchestrate_every"": 5, ""p_dream"": 0.5, ""seed"": 11}",,,
lcbench_168329,lcbench,FMP_DREAM,12,200,200,-30.79002571105957,-30.79002571105957,30.79002571105957,,True,0.5661459000039031,0.11538970003311988,0.5795757999949274,10400.0,0.4507561999707832,30.79002571105957,200.0,-30.79002571105957,0.6201117318435754,0.5083798882681564,5.0,0.0,15.0,0.5659206999989692,0.13060059998679208,0.43532010001217714,0.5363128491620112,0.6458333333333334,0.46368715083798884,0.5903614457831325,0.0,,"{""decoder"": ""soft"", ""explore_subsample"": false, ""n_chains"": 4, ""orchestrate_every"": 5, ""p_dream"": 0.5, ""seed"": 12}",,,
lcbench_168329,lcbench,FMP_DREAM,13,200,200,-32.97137451171875,-32.97137451171875,32.97137451171875,,True,0.5375038999991375,0.11133850001351675,0.5612708999979077,10400.0,0.42616539998562075,32.97137451171875,200.0,-32.97137451171875,0.5833333333333334,0.5555555555555556,4.0,0.0,16.0,0.5372721999956411,0.12621610013593454,0.4110560998597066,0.4666666666666667,0.5952380952380952,0.5333333333333333,0.5729166666666666,0.0,,"{""decoder"": ""soft"", ""explore_subsample"": false, ""n_chains"": 4, ""orchestrate_every"": 5, ""p_dream"": 0.5, ""seed"": 13}",,,
lcbench_168329,lcbench,FMP_DREAM,14,200,200,-45.01326370239258,-45.01326370239258,45.01326370239258,,True,0.5950248000008287,0.11027819995797472,0.6082779999997001,10400.0,0.48474660004285397,45.01326370239258,200.0,-45.01326370239258,0.5604395604395604,0.510989010989011,2.0,0.0,19.0,0.5947776999964844,0.12522370004444383,0.4695539999520406,0.45604395604395603,0.5903614457831325,0.5439560439560439,0.5353535353535354,0.0,,"{""decoder"": ""soft"", ""explore_subsample"": false, ""n_chains"": 4, ""orchestrate_every"": 5, ""p_dream"": 0.5, ""seed"": 14}",,,
lcbench_168329,lcbench,FMP_DREAM,15,200,200,-43.991756439208984,-43.991756439208984,43.991756439208984,,True,0.5214957999996841,0.1040709999651881,0.5345042000044486,10400.0,0.417424800034496,43.991756439208984,200.0,-43.991756439208984,0.5944444444444444,0.4666666666666667,4.0,0.0,14.0,0.5212910000045667,0.1184080000166432,0.40288299998792354,0.5833333333333334,0.6476190476190476,0.4166666666666667,0.52,0.0,,"{""decoder"": ""soft"", ""explore_subsample"": false, ""n_chains"": 4, ""orchestrate_every"": 5, ""p_dream"": 0.5, ""seed"": 15}",,,
lcbench_168329,lcbench,FMP_DREAM,16,200,200,-43.39456558227539,-43.39456558227539,43.39456558227539,,True,0.6531761000005645,0.11326840005494887,0.666191099997377,10400.0,0.5399076999456156,43.39456558227539,200.0,-43.39456558227539,0.5846994535519126,0.4371584699453552,1.0,0.0,23.0,0.6529108999966411,0.1291269999856013,0.5237839000110398,0.43169398907103823,0.6075949367088608,0.5683060109289617,0.5673076923076923,0.0,,"{""decoder"": ""soft"", ""explore_subsample"": false, ""n_chains"": 4, ""orchestrate_every"": 5, ""p_dream"": 0.5, ""seed"": 16}",,,
lcbench_168329,lcbench,FMP_DREAM,17,200,200,-43.87812423706055,-43.87812423706055,43.87812423706055,,True,0.5387049999990268,0.10650449993408984,0.5527002000017092,10452.0,0.43220050006493693,43.87812423706055,200.0,-43.87812423706055,0.5611111111111111,0.4888888888888889,5.0,0.0,17.0,0.538518399996974,0.12048129996401258,0.41803710003296146,0.4666666666666667,0.7023809523809523,0.5333333333333333,0.4375,0.0,,"{""decoder"": ""soft"", ""explore_subsample"": false, ""n_chains"": 4, ""orchestrate_every"": 5, ""p_dream"": 0.5, ""seed"": 17}",True,,
lcbench_168329,lcbench,FMP_DREAM,18,200,200,-36.05387496948242,-36.05387496948242,36.05387496948242,,True,0.5237740000011399,0.12106929995934479,0.5360043000036967,10400.0,0.40270470004179515,36.05387496948242,200.0,-36.05387496948242,0.6480446927374302,0.5195530726256983,5.0,0.0,11.0,0.5235142999954405,0.13659209995967103,0.3869222000357695,0.5363128491620112,0.65625,0.46368715083798884,0.6385542168674698,0.0,,"{""decoder"": ""soft"", ""explore_subsample"": false, ""n_chains"": 4, ""orchestrate_every"": 5, ""p_dream"": 0.5, ""seed"": 18}",,,
lcbench_168329,lcbench,FMP_DREAM,19,200,200,-36.950355529785156,-36.950355529785156,36.950355529785156,,True,0.5423767999964184,0.11487450006097788,0.5541831999944407,10400.0,0.42750229993544053,36.950355529785156,200.0,-36.950355529785156,0.5414364640883977,0.4861878453038674,3.0,0.0,16.0,0.5421217000039178,0.12970680004218593,0.41241489996173186,0.425414364640884,0.6493506493506493,0.574585635359116,0.46153846153846156,0.0,,"{""decoder"": ""soft"", ""explore_subsample"": false, ""n_chains"": 4, ""orchestrate_every"": 5, ""p_dream"": 0.5, ""seed"": 19}",,,
lcbench_168329,lcbench,GP,0,200,200,-49.14988708496094,-49.14988708496094,49.14988708496094,,True,119.69860889999836,0.14625720005278708,119.74505179999687,10400.0,119.55235169994558,49.14988708496094,,,,,,,,,,,,,,,,,,,,
lcbench_168329,lcbench,GP,1,200,200,-45.93444061279297,-45.93444061279297,45.93444061279297,,True,125.73889059999783,0.14396040001156507,125.7506687999994,10400.0,125.59493019998627,45.93444061279297,,,,,,,,,,,,,,,,,,,,
lcbench_168329,lcbench,GP,2,200,200,-45.93444061279297,-45.93444061279297,45.93444061279297,,True,97.88352949999535,0.143243799895572,97.92644309999741,10400.0,97.74028570009978,45.93444061279297,,,,,,,,,,,,,,,,,,,,
lcbench_168329,lcbench,GP,3,200,200,-49.21452331542969,-49.21452331542969,49.21452331542969,,True,117.70318640000187,0.1442826999555109,117.71456939999916,10400.0,117.55890370004636,49.21452331542969,,,,,,,,,,,,,,,,,,,,
lcbench_168329,lcbench,GP,4,200,200,-49.20297622680664,-49.20297622680664,49.20297622680664,,True,111.87659590000112,0.1469829999259673,111.89111899999989,10400.0,111.72961290007515,49.20297622680664,,,,,,,,,,,,,,,,,,,,
lcbench_168329,lcbench,GP,5,200,200,-45.93444061279297,-45.93444061279297,45.93444061279297,,True,96.08504119999998,0.14450730000680778,96.09747620000417,10400.0,95.94053389999317,45.93444061279297,,,,,,,,,,,,,,,,,,,,
lcbench_168329,lcbench,GP,6,200,200,-52.01530838012695,-52.01530838012695,52.01530838012695,,True,121.3145838000055,0.14927539995551342,121.32638800000132,10400.0,121.16530840004998,52.01530838012695,,,,,,,,,,,,,,,,,,,,
lcbench_168329,lcbench,GP,7,200,200,-45.93444061279297,-45.93444061279297,45.93444061279297,,True,104.82691650000197,0.1468946999812033,104.87674089999928,10400.0,104.68002180002077,45.93444061279297,,,,,,,,,,,,,,,,,,,,
lcbench_168329,lcbench,GP,8,200,200,-49.213958740234375,-49.213958740234375,49.213958740234375,,True,109.79017080000631,0.14848669999628328,109.80416340000374,10400.0,109.64168410001002,49.213958740234375,,,,,,,,,,,,,,,,,,,,
lcbench_168329,lcbench,GP,9,200,200,-45.93444061279297,-45.93444061279297,45.93444061279297,,True,92.92340599999443,0.14801399999851128,92.93675839999923,10400.0,92.77539199999592,45.93444061279297,,,,,,,,,,,,,,,,,,,,
lcbench_168329,lcbench,GP,10,200,200,-49.21414566040039,-49.21414566040039,49.21414566040039,,True,112.73632920000091,0.15348070002073655,112.75252299999556,10400.0,112.58284849998017,49.21414566040039,,,,,,,,,,,,,,,,,,,,
lcbench_168329,lcbench,GP,11,200,200,-45.93444061279297,-45.93444061279297,45.93444061279297,,True,89.18940499999735,0.14930779997666832,89.20052990000113,10400.0,89.04009720002068,45.93444061279297,,,,,,,,,,,,,,,,,,,,
lcbench_168329,lcbench,GP,12,200,200,-49.21452331542969,-49.21452331542969,49.21452331542969,,True,113.69026570000278,0.15735599995969096,113.70194219999394,10400.0,113.53290970004309,49.21452331542969,,,,,,,,,,,,,,,,,,,,
lcbench_168329,lcbench,GP,13,200,200,-49.20457077026367,-49.20457077026367,49.20457077026367,,True,113.25542829999904,0.15685549997579074,113.27032930000132,10400.0,113.09857280002325,49.20457077026367,,,,,,,,,,,,,,,,,,,,
lcbench_168329,lcbench,GP,14,200,200,-45.93444061279297,-45.93444061279297,45.93444061279297,,True,101.95379970000067,0.15510389993869467,101.9679271999994,10400.0,101.79869580006198,45.93444061279297,,,,,,,,,,,,,,,,,,,,
lcbench_168329,lcbench,GP,15,200,200,-45.93444061279297,-45.93444061279297,45.93444061279297,,True,100.71876350000093,0.15839410003536614,100.7326602999965,10400.0,100.56036939996557,45.93444061279297,,,,,,,,,,,,,,,,,,,,
lcbench_168329,lcbench,GP,16,200,200,-45.93444061279297,-45.93444061279297,45.93444061279297,,True,106.3870298000038,0.15898589998687385,106.398234399996,10400.0,106.22804390001693,45.93444061279297,,,,,,,,,,,,,,,,,,,,
lcbench_168329,lcbench,GP,17,200,200,-49.21452331542969,-49.21452331542969,49.21452331542969,,True,107.09498400000302,0.15393280003627297,107.10712900000362,10400.0,106.94105119996675,49.21452331542969,,,,,,,,,,,,,,,,,,,,
lcbench_168329,lcbench,GP,18,200,200,-45.93444061279297,-45.93444061279297,45.93444061279297,,True,100.63672589999624,0.16025749993423233,100.64892349999718,10400.0,100.476468400062,45.93444061279297,,,,,,,,,,,,,,,,,,,,
lcbench_168329,lcbench,GP,19,200,200,-45.93444061279297,-45.93444061279297,45.93444061279297,,True,101.86333240000386,0.14845180003612768,101.87402750000183,10400.0,101.71488059996773,45.93444061279297,,,,,,,,,,,,,,,,,,,,
lcbench_168329,lcbench,L1_K1_VITERBI_SUB,0,200,200,-48.5128288269043,-48.5128288269043,48.5128288269043,,True,1.088010799998301,0.12183579995326,1.115552100003697,10400.0,0.9661750000450411,48.5128288269043,200.0,-48.5128288269043,0.657608695652174,0.0,0.0,0.0,34.0,1.0877067999972496,0.13692649993026862,0.950780300066981,0.7663043478260869,0.6524822695035462,0.23369565217391305,0.6744186046511628,0.0,,"{""decoder"": ""viterbi"", ""explore_subsample"": true, ""n_chains"": 1, ""orchestrate_every"": 0, ""p_dream"": 0.0, ""seed"": 0}",,,
lcbench_168329,lcbench,L1_K1_VITERBI_SUB,1,200,200,-35.19330596923828,-35.19330596923828,35.19330596923828,,True,1.0767871999996714,0.11536940003861673,1.094707100004598,10400.0,0.9614177999610547,35.19330596923828,200.0,-35.19330596923828,0.6684782608695652,0.0,0.0,0.0,34.0,1.0764587000012398,0.12977249998948537,0.9466862000117544,0.782608695652174,0.6736111111111112,0.21739130434782608,0.65,0.0,,"{""decoder"": ""viterbi"", ""explore_subsample"": true, ""n_chains"": 1, ""orchestrate_every"": 0, ""p_dream"": 0.0, ""seed"": 1}",,,
lcbench_168329,lcbench,L1_K1_VITERBI_SUB,2,200,200,-48.162391662597656,-48.162391662597656,48.162391662597656,,True,1.0453955000048154,0.11575150000135181,1.0579601999997976,10400.0,0.9296440000034636,48.162391662597656,200.0,-48.162391662597656,0.6304347826086957,0.0,0.0,0.0,34.0,1.0451653999989503,0.13057140002638334,0.914593999972567,0.6956521739130435,0.6640625,0.30434782608695654,0.5535714285714286,0.0,,"{""decoder"": ""viterbi"", ""explore_subsample"": true, ""n_chains"": 1, ""orchestrate_every"": 0, ""p_dream"": 0.0, ""seed"": 2}",,,
lcbench_168329,lcbench,L1_K1_VITERBI_SUB,3,200,200,-34.9288215637207,-34.9288215637207,34.9288215637207,,True,1.0354122999997344,0.11623850000614766,1.047189900004014,10400.0,0.9191737999935867,34.9288215637207,200.0,-34.9288215637207,0.6521739130434783,0.0,0.0,0.0,34.0,1.035163199994713,0.13064789998315973,0.9045153000115533,0.5706521739130435,0.7428571428571429,0.42934782608695654,0.5316455696202531,0.0,,"{""decoder"": ""viterbi"", ""explore_subsample"": true, ""n_chains"": 1, ""orchestrate_every"": 0, ""p_dream"": 0.0, ""seed"": 3}",,,
lcbench_168329,lcbench,L1_K1_VITERBI_SUB,4,200,200,-31.729740142822266,-31.729740142822266,31.729740142822266,,True,1.0185808000023826,0.11014740006794455,1.032353199996578,10400.0,0.9084333999344381,31.729740142822266,200.0,-31.729740142822266,0.6793478260869565,0.0,0.0,0.0,34.0,1.0183696000021882,0.12418730000354117,0.8941822999986471,0.5815217391304348,0.6448598130841121,0.41847826086956524,0.7272727272727273,0.0,,"{""decoder"": ""viterbi"", ""explore_subsample"": true, ""n_chains"": 1, ""orchestrate_every"": 0, ""p_dream"": 0.0, ""seed"": 4}",,,
lcbench_168329,lcbench,L1_K1_VITERBI_SUB,5,200,200,-43.510101318359375,-43.510101318359375,43.510101318359375,,True,1.0670585000043502,0.11595579997811001,1.0798213999951258,10400.0,0.9511027000262402,43.510101318359375,200.0,-43.510101318359375,0.6630434782608695,0.0,0.0,0.0,34.0,1.0668172000005143,0.13122910005768063,0.9355880999428337,0.5434782608695652,0.7,0.45652173913043476,0.6190476190476191,0.0,,"{""decoder"": ""viterbi"", ""explore_subsample"": true, ""n_chains"": 1, ""orchestrate_every"": 0, ""p_dream"": 0.0, ""seed"": 5}",,,
lcbench_168329,lcbench,L1_K1_VITERBI_SUB,6,200,200,-37.19026184082031,-37.19026184082031,37.19026184082031,,True,1.050018000001728,0.11272010003449395,1.065352099998563,10400.0,0.9372978999672341,37.19026184082031,200.0,-37.19026184082031,0.7010869565217391,0.0,0.0,0.0,34.0,1.0497935999956098,0.12778610000532353,0.9220074999902863,0.5760869565217391,0.7264150943396226,0.42391304347826086,0.6666666666666666,0.0,,"{""decoder"": ""viterbi"", ""explore_subsample"": true, ""n_chains"": 1, ""orchestrate_every"": 0, ""p_dream"": 0.0, ""seed"": 6}",,,
lcbench_168329,lcbench,L1_K1_VITERBI_SUB,7,200,200,-31.546171188354492,-31.546171188354492,31.546171188354492,,True,1.0428413999979966,0.1169399000282283,1.055406799998309,10400.0,0.9259014999697683,31.546171188354492,200.0,-31.546171188354492,0.7010869565217391,0.0,0.0,0.0,34.0,1.042611400000169,0.13150240004324587,0.9111089999569231,0.7065217391304348,0.7230769230769231,0.28804347826086957,0.6415094339622641,0.005434782608695652,1.0,"{""decoder"": ""viterbi"", ""explore_subsample"": true, ""n_chains"": 1, ""orchestrate_every"": 0, ""p_dream"": 0.0, ""seed"": 7}",,,
lcbench_168329,lcbench,L1_K1_VITERBI_SUB,8,200,200,-26.109783172607422,-26.109783172607422,26.109783172607422,,True,1.0445866000009119,0.1152217999988352,1.057595099999162,10400.0,0.9293648000020767,26.109783172607422,200.0,-26.109783172607422,0.7336956521739131,0.0,0.0,0.0,34.0,1.044361599997501,0.12988250005582813,0.9144790999416728,0.7065217391304348,0.7307692307692307,0.29347826086956524,0.7407407407407407,0.0,,"{""decoder"": ""viterbi"", ""explore_subsample"": true, ""n_chains"": 1, ""orchestrate_every"": 0, ""p_dream"": 0.0, ""seed"": 8}",,,
lcbench_168329,lcbench,L1_K1_VITERBI_SUB,9,200,200,-35.20955276489258,-35.20955276489258,35.20955276489258,,True,1.0821362999995472,0.1156213000358548,1.103272399996058,10400.0,0.9665149999636924,35.20955276489258,200.0,-35.20955276489258,0.717391304347826,0.0,0.0,0.0,34.0,1.0818488000004436,0.13042049996147398,0.9514283000389696,0.6413043478260869,0.7457627118644068,0.358695652173913,0.6666666666666666,0.0,,"{""decoder"": ""viterbi"", ""explore_subsample"": true, ""n_chains"": 1, ""orchestrate_every"": 0, ""p_dream"": 0.0, ""seed"": 9}",,,
lcbench_168329,lcbench,L1_K1_VITERBI_SUB,10,200,200,-32.83650588989258,-32.83650588989258,32.83650588989258,,True,1.0053165999997873,0.10995739995269105,1.0181995000020834,10400.0,0.8953592000470962,32.83650588989258,200.0,-32.83650588989258,0.6902173913043478,0.0,0.0,0.0,34.0,1.0050888000041596,0.12416190001385985,0.8809268999902997,0.5815217391304348,0.7476635514018691,0.41304347826086957,0.6052631578947368,0.005434782608695652,1.0,"{""decoder"": ""viterbi"", ""explore_subsample"": true, ""n_chains"": 1, ""orchestrate_every"": 0, ""p_dream"": 0.0, ""seed"": 10}",,,
lcbench_168329,lcbench,L1_K1_VITERBI_SUB,11,200,200,-36.528926849365234,-36.528926849365234,36.528926849365234,,True,1.0761884000021382,0.11538090003159596,1.089855099999113,10400.0,0.9608074999705423,36.528926849365234,200.0,-36.528926849365234,0.6630434782608695,0.0,0.0,0.0,34.0,1.0759578000070178,0.13063890007470036,0.9453188999323174,0.7445652173913043,0.7153284671532847,0.2554347826086957,0.5106382978723404,0.0,,"{""decoder"": ""viterbi"", ""explore_subsample"": true, ""n_chains"": 1, ""orchestrate_every"": 0, ""p_dream"": 0.0, ""seed"": 11}",,,
lcbench_168329,lcbench,L1_K1_VITERBI_SUB,12,200,200,-30.90074920654297,-30.90074920654297,30.90074920654297,,True,1.066566800000146,0.11424380003882106,1.0796259999988251,10400.0,0.952322999961325,30.90074920654297,200.0,-30.90074920654297,0.7065217391304348,0.0,0.0,0.0,34.0,1.0663181000054465,0.12914900000032503,0.9371691000051214,0.7010869565217391,0.689922480620155,0.29347826086956524,0.7407407407407407,0.005434782608695652,1.0,"{""decoder"": ""viterbi"", ""explore_subsample"": true, ""n_chains"": 1, ""orchestrate_every"": 0, ""p_dream"": 0.0, ""seed"": 12}",,,
lcbench_168329,lcbench,L1_K1_VITERBI_SUB,13,200,200,-32.653011322021484,-32.653011322021484,32.653011322021484,,True,1.0561098999969545,0.11151570003130473,1.0691372000001138,10400.0,0.9445941999656498,32.653011322021484,200.0,-32.653011322021484,0.6684782608695652,0.0,0.0,0.0,34.0,1.0558902000047965,0.12619710004946683,0.9296930999553297,0.6304347826086957,0.7327586206896551,0.3695652173913043,0.5588235294117647,0.0,,"{""decoder"": ""viterbi"", ""explore_subsample"": true, ""n_chains"": 1, ""orchestrate_every"": 0, ""p_dream"": 0.0, ""seed"": 13}",,,
lcbench_168329,lcbench,L1_K1_VITERBI_SUB,14,200,200,-33.78573226928711,-33.78573226928711,33.78573226928711,,True,1.0399594999980764,0.11026270008733263,1.050480099998822,10400.0,0.9296967999107437,33.78573226928711,200.0,-33.78573226928711,0.7336956521739131,0.0,0.0,0.0,34.0,1.0397699999957695,0.12472870005876757,0.9150412999370019,0.5434782608695652,0.77,0.45652173913043476,0.6904761904761905,0.0,,"{""decoder"": ""viterbi"", ""explore_subsample"": true, ""n_chains"": 1, ""orchestrate_every"": 0, ""p_dream"": 0.0, ""seed"": 14}",,,
lcbench_168329,lcbench,L1_K1_VITERBI_SUB,15,200,200,-39.81364822387695,-39.81364822387695,39.81364822387695,,True,1.1102691999985836,0.11470179999741958,1.1335379000011017,10400.0,0.9955674000011641,39.81364822387695,200.0,-39.81364822387695,0.6739130434782609,0.0,0.0,0.0,34.0,1.1094921000039903,0.13148359993647318,0.9780085000675172,0.5760869565217391,0.6792452830188679,0.42391304347826086,0.6666666666666666,0.0,,"{""decoder"": ""viterbi"", ""explore_subsample"": true, ""n_chains"": 1, ""orchestrate_every"": 0, ""p_dream"": 0.0, ""seed"": 15}",,,
lcbench_168329,lcbench,L1_K1_VITERBI_SUB,16,200,200,-29.83116340637207,-29.83116340637207,29.83116340637207,,True,1.057725999999093,0.11366460000135703,1.0692378999956418,10400.0,0.9440613999977359,29.83116340637207,200.0,-29.83116340637207,0.6902173913043478,0.0,0.0,0.0,34.0,1.057468599996355,0.12831470006494783,0.9291538999314071,0.6956521739130435,0.7109375,0.30434782608695654,0.6428571428571429,0.0,,"{""decoder"": ""viterbi"", ""explore_subsample"": true, ""n_chains"": 1, ""orchestrate_every"": 0, ""p_dream"": 0.0, ""seed"": 16}",,,
lcbench_168329,lcbench,L1_K1_VITERBI_SUB,17,200,200,-38.738712310791016,-38.738712310791016,38.738712310791016,,True,1.1004195999994408,0.11849409994465532,1.1134457000007387,10400.0,0.9819255000547855,38.738712310791016,200.0,-38.738712310791016,0.7065217391304348,0.0,0.0,0.0,34.0,1.1001972000012756,0.13369889999739826,0.9664983000038774,0.5271739130434783,0.711340206185567,0.47282608695652173,0.7011494252873564,0.0,,"{""decoder"": ""viterbi"", ""explore_subsample"": true, ""n_chains"": 1, ""orchestrate_every"": 0, ""p_dream"": 0.0, ""seed"": 17}",,,
lcbench_168329,lcbench,L1_K1_VITERBI_SUB,18,200,200,-29.609405517578125,-29.609405517578125,29.609405517578125,,True,1.0687862999984645,0.116481700046279,1.0833343999984208,10400.0,0.9523045999521855,29.609405517578125,200.0,-29.609405517578125,0.6358695652173914,0.0,0.0,0.0,34.0,1.0685541000057128,0.1319205000254442,0.9366335999802686,0.5815217391304348,0.7102803738317757,0.41847826086956524,0.5324675324675324,0.0,,"{""decoder"": ""viterbi"", ""explore_subsample"": true, ""n_chains"": 1, ""orchestrate_every"": 0, ""p_dream"": 0.0, ""seed"": 18}",,,
lcbench_168329,lcbench,L1_K1_VITERBI_SUB,19,200,200,-34.55851745605469,-34.55851745605469,34.55851745605469,,True,1.0972076000034576,0.12027760008641053,1.1197061000057147,10400.0,0.9769299999170471,34.55851745605469,200.0,-34.55851745605469,0.6195652173913043,0.0,0.0,0.0,34.0,1.096918299997924,0.13546090001182165,0.9614573999861022,0.7391304347826086,0.6397058823529411,0.2608695652173913,0.5625,0.0,,"{""decoder"": ""viterbi"", ""explore_subsample"": true, ""n_chains"": 1, ""orchestrate_every"": 0, ""p_dream"": 0.0, ""seed"": 19}",,,
lcbench_168329,lcbench,RS,0,200,200,-34.13837814331055,-34.13837814331055,34.13837814331055,,True,0.2971276999960537,0.11161339999671327,0.33781720000115456,10400.0,0.18551429999934044,34.13837814331055,,,,,,,,,,,,,,,,,,,,
lcbench_168329,lcbench,RS,1,200,200,-35.22782516479492,-35.22782516479492,35.22782516479492,,True,0.2700440999979037,0.10926190000463976,0.31554350000078557,10400.0,0.16078219999326393,35.22782516479492,,,,,,,,,,,,,,,,,,,,
lcbench_168329,lcbench,RS,2,200,200,-33.565677642822266,-33.565677642822266,33.565677642822266,,True,0.2928637999939383,0.11576939997758018,0.3369597999990219,10400.0,0.17709440001635812,33.565677642822266,,,,,,,,,,,,,,,,,,,,
lcbench_168329,lcbench,RS,3,200,200,-33.404476165771484,-33.404476165771484,33.404476165771484,,True,0.2951178000002983,0.11357549998501781,0.3380967999983113,10400.0,0.1815423000152805,33.404476165771484,,,,,,,,,,,,,,,,,,,,
lcbench_168329,lcbench,RS,4,200,200,-34.98796463012695,-34.98796463012695,34.98796463012695,,True,0.27389360000233864,0.1074163999655866,0.3177393000005395,10400.0,0.16647720003675204,34.98796463012695,,,,,,,,,,,,,,,,,,,,
lcbench_168329,lcbench,RS,5,200,200,-31.658830642700195,-31.658830642700195,31.658830642700195,,True,0.2844939000060549,0.11533279991272138,0.2974566000048071,10400.0,0.16916110009333352,31.658830642700195,,,,,,,,,,,,,,,,,,,,
lcbench_168329,lcbench,RS,6,200,200,-24.773014068603516,-24.773014068603516,24.773014068603516,,True,0.276699699999881,0.11025360009080032,0.2867502000008244,10400.0,0.16644609990908066,24.773014068603516,,,,,,,,,,,,,,,,,,,,
lcbench_168329,lcbench,RS,7,200,200,-34.297821044921875,-34.297821044921875,34.297821044921875,,True,0.29464789999474306,0.1182487999976729,0.3334051999991061,10400.0,0.17639909999707015,34.297821044921875,,,,,,,,,,,,,,,,,,,,
lcbench_168329,lcbench,RS,8,200,200,-33.235679626464844,-33.235679626464844,33.235679626464844,,True,0.2734707999989041,0.1027604999835603,0.28404669999872567,10400.0,0.17071030001534382,33.235679626464844,,,,,,,,,,,,,,,,,,,,
lcbench_168329,lcbench,RS,9,200,200,-27.37221336364746,-27.37221336364746,27.37221336364746,,True,0.2934612000026391,0.11767369999870425,0.30546029999823077,10400.0,0.17578750000393484,27.37221336364746,,,,,,,,,,,,,,,,,,,,
lcbench_168329,lcbench,RS,10,200,200,-26.129261016845703,-26.129261016845703,26.129261016845703,,True,0.29817349999939324,0.11789120004686993,0.3149933999957284,10400.0,0.18028229995252332,26.129261016845703,,,,,,,,,,,,,,,,,,,,
lcbench_168329,lcbench,RS,11,200,200,-29.61979866027832,-29.61979866027832,29.61979866027832,,True,0.2996809000032954,0.11954989997320808,0.3189003000006778,10400.0,0.1801310000300873,29.61979866027832,,,,,,,,,,,,,,,,,,,,
lcbench_168329,lcbench,RS,12,200,200,-38.59187698364258,-38.59187698364258,38.59187698364258,,True,0.30324470000050496,0.12251310003193794,0.3286602000007406,10400.0,0.18073159996856702,38.59187698364258,,,,,,,,,,,,,,,,,,,,
lcbench_168329,lcbench,RS,13,200,200,-30.926456451416016,-30.926456451416016,30.926456451416016,,True,0.29726889999437844,0.11906750009802636,0.3088735999990604,10400.0,0.1782013998963521,30.926456451416016,,,,,,,,,,,,,,,,,,,,
lcbench_168329,lcbench,RS,14,200,200,-32.744693756103516,-32.744693756103516,32.744693756103516,,True,0.2852132999978494,0.11643979991640663,0.29596890000539133,10400.0,0.16877350008144276,32.744693756103516,,,,,,,,,,,,,,,,,,,,
lcbench_168329,lcbench,RS,15,200,200,-35.51671600341797,-35.51671600341797,35.51671600341797,,True,0.30627760000061244,0.12168769992422312,0.3174773999999161,10400.0,0.1845899000763893,35.51671600341797,,,,,,,,,,,,,,,,,,,,
lcbench_168329,lcbench,RS,16,200,200,-28.35206413269043,-28.35206413269043,28.35206413269043,,True,0.2934097999968799,0.12094620000425493,0.30856610000046203,10400.0,0.17246359999262495,28.35206413269043,,,,,,,,,,,,,,,,,,,,
lcbench_168329,lcbench,RS,17,200,200,-30.528047561645508,-30.528047561645508,30.528047561645508,,True,0.28983339999831514,0.11490279998542974,0.3028714999963995,10400.0,0.1749306000128854,30.528047561645508,,,,,,,,,,,,,,,,,,,,
lcbench_168329,lcbench,RS,18,200,200,-31.442670822143555,-31.442670822143555,31.442670822143555,,True,0.2780494000035105,0.11056910004845122,0.2888041000041994,10400.0,0.1674802999550593,31.442670822143555,,,,,,,,,,,,,,,,,,,,
lcbench_168329,lcbench,RS,19,200,200,-29.36167335510254,-29.36167335510254,29.36167335510254,,True,0.2907575999997789,0.112882199951855,0.30121320000034757,10400.0,0.1778754000479239,29.36167335510254,,,,,,,,,,,,,,,,,,,,
lcbench_168329,lcbench,TPE,0,200,200,-37.46464920043945,-37.46464920043945,37.46464920043945,,True,3.386963500001002,0.1441373000270687,3.3986870999942767,10400.0,3.2428261999739334,37.46464920043945,,,,,,,,,,,,,,,,,,,,
lcbench_168329,lcbench,TPE,1,200,200,-49.808895111083984,-49.808895111083984,49.808895111083984,,True,3.151606899999024,0.1427516000039759,3.1629438000018126,10400.0,3.008855299995048,49.808895111083984,,,,,,,,,,,,,,,,,,,,
lcbench_168329,lcbench,TPE,2,200,200,-37.90395736694336,-37.90395736694336,37.90395736694336,,True,3.2785303000055137,0.14333359995362116,3.289548900000227,10400.0,3.1351967000518925,37.90395736694336,,,,,,,,,,,,,,,,,,,,
lcbench_168329,lcbench,TPE,3,200,200,-34.22188949584961,-34.22188949584961,34.22188949584961,,True,3.7799677999937558,0.14158349994249875,3.7928685000006226,10400.0,3.638384300051257,34.22188949584961,,,,,,,,,,,,,,,,,,,,
lcbench_168329,lcbench,TPE,4,200,200,-47.931819915771484,-47.931819915771484,47.931819915771484,,True,3.3690629999982775,0.14147460001549916,3.3809748999992735,10400.0,3.2275883999827784,47.931819915771484,,,,,,,,,,,,,,,,,,,,
lcbench_168329,lcbench,TPE,5,200,200,-30.671857833862305,-30.671857833862305,30.671857833862305,,True,3.3370066999996197,0.14372319997346494,3.3507962000003317,10400.0,3.193283500026155,30.671857833862305,,,,,,,,,,,,,,,,,,,,
lcbench_168329,lcbench,TPE,6,200,200,-36.61479568481445,-36.61479568481445,36.61479568481445,,True,3.614042299996072,0.1418817999146995,3.6594036999958917,10400.0,3.4721605000813724,36.61479568481445,,,,,,,,,,,,,,,,,,,,
lcbench_168329,lcbench,TPE,7,200,200,-46.471736907958984,-46.471736907958984,46.471736907958984,,True,3.3988091999999597,0.14149810005619656,3.4094479999985197,10400.0,3.257311099943763,46.471736907958984,,,,,,,,,,,,,,,,,,,,
lcbench_168329,lcbench,TPE,8,200,200,-33.691715240478516,-33.691715240478516,33.691715240478516,,True,4.028410899998562,0.1415933999014669,4.039584199999808,10400.0,3.886817500097095,33.691715240478516,,,,,,,,,,,,,,,,,,,,
lcbench_168329,lcbench,TPE,9,200,200,-30.782920837402344,-30.782920837402344,30.782920837402344,,True,3.8177950999961467,0.1437221000524005,3.8297132999941823,10400.0,3.6740729999437463,30.782920837402344,,,,,,,,,,,,,,,,,,,,
lcbench_168329,lcbench,TPE,10,200,200,-37.25145721435547,-37.25145721435547,37.25145721435547,,True,3.547552900003211,0.1434462000761414,3.5584656999999424,10400.0,3.4041066999270697,37.25145721435547,,,,,,,,,,,,,,,,,,,,
lcbench_168329,lcbench,TPE,11,200,200,-34.20283508300781,-34.20283508300781,34.20283508300781,,True,3.6445905000000494,0.13760129998991033,3.655760499997996,10400.0,3.506989200010139,34.20283508300781,,,,,,,,,,,,,,,,,,,,
lcbench_168329,lcbench,TPE,12,200,200,-34.398319244384766,-34.398319244384766,34.398319244384766,,True,3.5714283999986947,0.14054679999389919,3.581364300000132,10400.0,3.4308816000047955,34.398319244384766,,,,,,,,,,,,,,,,,,,,
lcbench_168329,lcbench,TPE,13,200,200,-32.96024703979492,-32.96024703979492,32.96024703979492,,True,2.8999965000039083,0.14119219991698628,2.9106754000022192,10400.0,2.758804300086922,32.96024703979492,,,,,,,,,,,,,,,,,,,,
lcbench_168329,lcbench,TPE,14,200,200,-34.33061218261719,-34.33061218261719,34.33061218261719,,True,3.6628693000020576,0.1448445000933134,3.673474499999429,10400.0,3.518024799908744,34.33061218261719,,,,,,,,,,,,,,,,,,,,
lcbench_168329,lcbench,TPE,15,200,200,-33.394920349121094,-33.394920349121094,33.394920349121094,,True,3.6341705000013462,0.13979190010286402,3.6411301999978605,10400.0,3.494378599898482,33.394920349121094,,,,,,,,,,,,,,,,,,,,
lcbench_168329,lcbench,TPE,16,200,200,-32.90064239501953,-32.90064239501953,32.90064239501953,,True,4.25944840000011,0.14716509994468652,4.2692558000053396,10400.0,4.112283300055424,32.90064239501953,,,,,,,,,,,,,,,,,,,,
lcbench_168329,lcbench,TPE,17,200,200,-34.34547805786133,-34.34547805786133,34.34547805786133,,True,3.702090300001146,0.14543669996783137,3.713085700001102,10400.0,3.5566536000333144,34.34547805786133,,,,,,,,,,,,,,,,,,,,
lcbench_168329,lcbench,TPE,18,200,200,-37.55902099609375,-37.55902099609375,37.55902099609375,,True,3.7552859999996144,0.1405838000428048,3.7650955999997677,10400.0,3.6147021999568096,37.55902099609375,,,,,,,,,,,,,,,,,,,,
lcbench_168329,lcbench,TPE,19,200,200,-35.066131591796875,-35.066131591796875,35.066131591796875,,True,3.451945599997998,0.15050089996657334,3.4622891999970307,10400.0,3.301444700031425,35.066131591796875,,,,,,,,,,,,,,,,,,,,
lcbench_168329,lcbench,TPE_HB,0,200,1675,-37.046470642089844,-37.046470642089844,37.046470642089844,,True,8.029766499996185,0.35346380004193634,8.035430299998552,10405.0,7.676302699954249,37.046470642089844,,,,,,,,,,,,,,,,,,,,
lcbench_168329,lcbench,TPE_HB,1,200,1865,-36.5068473815918,-36.5068473815918,36.5068473815918,,True,7.859420900000259,0.3350707997888094,7.865005400002701,10416.0,7.52435010021145,36.5068473815918,,,,,,,,,,,,,,,,,,,,
lcbench_168329,lcbench,TPE_HB,2,200,1504,-34.533016204833984,-34.533016204833984,34.533016204833984,,True,7.608402699996077,0.34120210009859875,7.613157800005865,10403.0,7.267200599897478,34.533016204833984,,,,,,,,,,,,,,,,,,,,
lcbench_168329,lcbench,TPE_HB,3,200,1390,-35.386417388916016,-35.386417388916016,35.386417388916016,,True,8.002907800000685,0.39125009968847735,8.010327600000892,10412.0,7.6116577003122075,35.386417388916016,,,,,,,,,,,,,,,,,,,,
lcbench_168329,lcbench,TPE_HB,4,200,1857,-36.193603515625,-36.193603515625,36.193603515625,,True,19.49885739999445,0.5855486999134882,19.506358500002534,10418.0,18.91330870008096,36.193603515625,,,,,,,,,,,,,,,,,,,,
lcbench_168329,lcbench,TPE_HB,5,200,1352,-18.794767379760742,-18.794767379760742,18.794767379760742,,True,5.963726200003293,0.3489037000690587,5.970691700000316,10405.0,5.614822499934235,18.794767379760742,,,,,,,,,,,,,,,,,,,,
lcbench_168329,lcbench,TPE_HB,6,200,1766,-35.211700439453125,-35.211700439453125,35.211700439453125,,True,15.637711000003037,0.5630536999306059,15.643118799998774,10411.0,15.074657300072431,35.211700439453125,,,,,,,,,,,,,,,,,,,,
lcbench_168329,lcbench,TPE_HB,7,200,1825,-35.56267547607422,-35.56267547607422,35.56267547607422,,True,18.97029029999976,0.7284834000529372,18.978191800000786,10400.0,18.241806899946823,35.56267547607422,,,,,,,,,,,,,,,,,,,,
lcbench_168329,lcbench,TPE_HB,8,200,1917,-30.266971588134766,-30.266971588134766,30.266971588134766,,True,30.49455879999732,0.9435404000760172,30.50008479999815,10405.0,29.551018399921304,30.266971588134766,,,,,,,,,,,,,,,,,,,,
lcbench_168329,lcbench,TPE_HB,9,200,1668,-38.075904846191406,-38.075904846191406,38.075904846191406,,True,10.92376360000344,0.6860163999372162,10.929269000000204,10405.0,10.237747200066224,38.075904846191406,,,,,,,,,,,,,,,,,,,,
lcbench_168329,lcbench,TPE_HB,10,200,1440,-18.71003532409668,-18.71003532409668,18.71003532409668,,True,14.385211699998763,0.6504697999334894,14.393090900004609,10415.0,13.734741900065274,18.71003532409668,,,,,,,,,,,,,,,,,,,,
lcbench_168329,lcbench,TPE_HB,11,200,1604,-33.641178131103516,-33.641178131103516,33.641178131103516,,True,23.378301999997348,0.765330699920014,23.38707200000499,10401.0,22.612971300077334,33.641178131103516,,,,,,,,,,,,,,,,,,,,
lcbench_168329,lcbench,TPE_HB,12,200,2170,-30.741554260253906,-30.741554260253906,30.741554260253906,,True,38.86851410000236,1.2244503000911209,38.87748619999911,10401.0,37.64406379991124,30.741554260253906,,,,,,,,,,,,,,,,,,,,
lcbench_168329,lcbench,TPE_HB,13,200,1829,-37.58689880371094,-37.58689880371094,37.58689880371094,,True,15.816121900003054,1.013754100044025,15.825602799995977,10401.0,14.802367799959029,37.58689880371094,,,,,,,,,,,,,,,,,,,,
lcbench_168329,lcbench,TPE_HB,14,200,1485,-34.058448791503906,-34.058448791503906,34.058448791503906,,True,13.550964099995326,0.8050789998087566,13.561022599998978,10401.0,12.74588510018657,34.058448791503906,,,,,,,,,,,,,,,,,,,,
lcbench_168329,lcbench,TPE_HB,15,200,1709,-33.77052688598633,-33.77052688598633,33.77052688598633,,True,28.634074099994905,0.9265437002322869,28.643929600002593,10408.0,27.707530399762618,33.77052688598633,,,,,,,,,,,,,,,,,,,,
lcbench_168329,lcbench,TPE_HB,16,200,1780,-34.39687728881836,-34.39687728881836,34.39687728881836,,True,29.720069599999988,0.9820390000677435,29.730650100005732,10401.0,28.738030599932245,34.39687728881836,,,,,,,,,,,,,,,,,,,,
lcbench_168329,lcbench,TPE_HB,17,200,1412,-20.613725662231445,-20.613725662231445,20.613725662231445,,True,19.167289800003346,0.7361973999577458,19.177499099998386,10406.0,18.4310924000456,20.613725662231445,,,,,,,,,,,,,,,,,,,,
lcbench_168329,lcbench,TPE_HB,18,200,1854,-34.73509216308594,-34.73509216308594,34.73509216308594,,True,23.296640699998534,1.020811800037336,23.304095700004837,10410.0,22.275828899961198,34.73509216308594,,,,,,,,,,,,,,,,,,,,
lcbench_168329,lcbench,TPE_HB,19,200,2117,-35.61283874511719,-35.61283874511719,35.61283874511719,,True,38.60465189999377,1.182643399850349,38.6152049999946,10423.0,37.42200850014342,35.61283874511719,,,,,,,,,,,,,,,,,,,,
lcbench_168330,lcbench,CMAES,0,200,200,-74.21942901611328,-74.21942901611328,74.21942901611328,,True,0.2968366999994032,0.07089110008382704,28.663371800001187,10400.0,0.22594559991557617,74.21942901611328,,,,,,,,,,,,,,,,,,,,
lcbench_168330,lcbench,CMAES,1,200,200,-73.66053009033203,-73.66053009033203,73.66053009033203,,True,0.24358110000321176,0.04525039999134606,54.64632300000085,10400.0,0.1983307000118657,73.66053009033203,,,,,,,,,,,,,,,,,,,,
lcbench_168330,lcbench,CMAES,2,200,200,-71.51007080078125,-71.51007080078125,71.51007080078125,,True,0.30607009999948787,0.06563019996247021,54.589784199997666,10400.0,0.24043990003701765,71.51007080078125,,,,,,,,,,,,,,,,,,,,
lcbench_168330,lcbench,CMAES,3,200,200,-74.31645965576172,-74.31645965576172,74.31645965576172,,True,0.2501725999973132,0.05005670002719853,54.47788830000354,10400.0,0.2001158999701147,74.31645965576172,,,,,,,,,,,,,,,,,,,,
lcbench_168330,lcbench,CMAES,4,200,200,-75.30184173583984,-75.30184173583984,75.30184173583984,,True,0.30982579999545123,0.06370660003449302,54.35051419999945,10400.0,0.2461191999609582,75.30184173583984,,,,,,,,,,,,,,,,,,,,
lcbench_168330,lcbench,CMAES,5,200,200,-71.85543823242188,-71.85543823242188,71.85543823242188,,True,0.2900439000004553,0.06274079998547677,53.7340178999948,10400.0,0.22730310001497855,71.85543823242188,,,,,,,,,,,,,,,,,,,,
lcbench_168330,lcbench,CMAES,6,200,200,-73.56322479248047,-73.56322479248047,73.56322479248047,,True,0.33216819999506697,0.07694399999309098,53.4848811999982,10400.0,0.255224200001976,73.56322479248047,,,,,,,,,,,,,,,,,,,,
lcbench_168330,lcbench,CMAES,7,200,200,-74.96521759033203,-74.96521759033203,74.96521759033203,,True,0.3755176999984542,0.08661079993180465,53.231215200001316,10400.0,0.28890690006664954,74.96521759033203,,,,,,,,,,,,,,,,,,,,
lcbench_168330,lcbench,CMAES,8,200,200,-72.24668884277344,-72.24668884277344,72.24668884277344,,True,0.4546480000062729,0.11847490005311556,53.601839000002656,10400.0,0.33617309995315736,72.24668884277344,,,,,,,,,,,,,,,,,,,,
lcbench_168330,lcbench,CMAES,9,200,200,-71.51225280761719,-71.51225280761719,71.51225280761719,,True,0.2713125000009313,0.06606380003358936,0.2782443999967654,10400.0,0.20524869996734196,71.51225280761719,,,,,,,,,,,,,,,,,,,,
lcbench_168330,lcbench,CMAES,10,200,200,-66.99873352050781,-66.99873352050781,66.99873352050781,,True,0.26693719999457244,0.061354900026344694,0.27415299999847775,10400.0,0.20558229996822774,66.99873352050781,,,,,,,,,,,,,,,,,,,,
lcbench_168330,lcbench,CMAES,11,200,200,-72.87738037109375,-72.87738037109375,72.87738037109375,,True,0.2303375999981654,0.04928110000764718,0.23846140000387095,10400.0,0.1810564999905182,72.87738037109375,,,,,,,,,,,,,,,,,,,,
lcbench_168330,lcbench,CMAES,12,200,200,-75.29480743408203,-75.29480743408203,75.29480743408203,,True,0.4562359000046854,0.12209819996496662,53.19161919999897,10400.0,0.33413770003971877,75.29480743408203,,,,,,,,,,,,,,,,,,,,
lcbench_168330,lcbench,CMAES,13,200,200,-72.35563659667969,-72.35563659667969,72.35563659667969,,True,0.20217370000318624,0.041407700009585824,0.20742969999992056,10400.0,0.16076599999360042,72.35563659667969,,,,,,,,,,,,,,,,,,,,
lcbench_168330,lcbench,CMAES,14,200,200,-74.47992706298828,-74.47992706298828,74.47992706298828,,True,0.20229570000083186,0.043172999990929384,0.2101425000000745,10400.0,0.15912270000990247,74.47992706298828,,,,,,,,,,,,,,,,,,,,
lcbench_168330,lcbench,CMAES,15,200,200,-73.38539123535156,-73.38539123535156,73.38539123535156,,True,0.20780499999818858,0.04513369999040151,0.21322220000001835,10400.0,0.16267130000778707,73.38539123535156,,,,,,,,,,,,,,,,,,,,
lcbench_168330,lcbench,CMAES,16,200,200,-74.06273651123047,-74.06273651123047,74.06273651123047,,True,0.20835990000341553,0.04484729999239789,0.21406179999758024,10400.0,0.16351260001101764,74.06273651123047,,,,,,,,,,,,,,,,,,,,
lcbench_168330,lcbench,CMAES,17,200,200,-75.70954895019531,-75.70954895019531,75.70954895019531,,True,0.20685339999909047,0.043053499968664255,0.21332129999791505,10400.0,0.16379990003042622,75.70954895019531,,,,,,,,,,,,,,,,,,,,
lcbench_168330,lcbench,CMAES,18,200,200,-73.20114135742188,-73.20114135742188,73.20114135742188,,True,0.2090868999948725,0.04374700000334997,0.21441500000219094,10400.0,0.16533989999152254,73.20114135742188,,,,,,,,,,,,,,,,,,,,
lcbench_168330,lcbench,CMAES,19,200,200,-75.21714782714844,-75.21714782714844,75.21714782714844,,True,0.2004134000017075,0.04119120006362209,0.20756560000154423,10400.0,0.1592221999380854,75.21714782714844,,,,,,,,,,,,,,,,,,,,
lcbench_168330,lcbench,FMP_DREAM,0,200,200,-69.22221374511719,-69.22221374511719,69.22221374511719,,True,0.4913500999973621,0.1043740000386606,0.5055288000003202,10400.0,0.3869760999587015,69.22221374511719,200.0,-69.22221374511719,0.6536312849162011,0.4860335195530726,5.0,0.0,13.0,0.49110990000190213,0.11897649988532066,0.37213340011658147,0.5307262569832403,0.7578947368421053,0.4692737430167598,0.5357142857142857,0.0,,"{""decoder"": ""soft"", ""explore_subsample"": false, ""n_chains"": 4, ""orchestrate_every"": 5, ""p_dream"": 0.5, ""seed"": 0}",,,
lcbench_168330,lcbench,FMP_DREAM,1,200,200,-73.4365005493164,-73.4365005493164,73.4365005493164,,True,0.5323271000015666,0.12198019991046749,0.5459073000019998,10400.0,0.4103469000910991,73.4365005493164,200.0,-73.4365005493164,0.5810055865921788,0.547486033519553,5.0,0.0,12.0,0.5320839999985765,0.13884260004851967,0.3932413999500568,0.4692737430167598,0.5714285714285714,0.5307262569832403,0.5894736842105263,0.0,,"{""decoder"": ""soft"", ""explore_subsample"": false, ""n_chains"": 4, ""orchestrate_every"": 5, ""p_dream"": 0.5, ""seed"": 1}",,,
lcbench_168330,lcbench,FMP_DREAM,2,200,200,-68.26012420654297,-68.26012420654297,68.26012420654297,,True,0.5760607000047457,0.11849740000616293,0.5906031000049552,10400.0,0.4575632999985828,68.26012420654297,200.0,-68.26012420654297,0.574585635359116,0.5414364640883977,3.0,0.0,18.0,0.575848299995414,0.13394390005851164,0.44190439993690234,0.35359116022099446,0.671875,0.6464088397790055,0.5213675213675214,0.0,,"{""decoder"": ""soft"", ""explore_subsample"": false, ""n_chains"": 4, ""orchestrate_every"": 5, ""p_dream"": 0.5, ""seed"": 2}",,,
lcbench_168330,lcbench,FMP_DREAM,3,200,200,-71.07290649414062,-71.07290649414062,71.07290649414062,,True,0.6021624999993946,0.12463519999437267,0.6156378999949084,10400.0,0.47752730000502197,71.07290649414062,200.0,-71.07290649414062,0.5777777777777777,0.45555555555555555,4.0,0.0,18.0,0.6019274999998743,0.13953070009301882,0.46239679990685545,0.5222222222222223,0.5851063829787234,0.4777777777777778,0.5697674418604651,0.0,,"{""decoder"": ""soft"", ""explore_subsample"": false, ""n_chains"": 4, ""orchestrate_every"": 5, ""p_dream"": 0.5, ""seed"": 3}",,,
lcbench_168330,lcbench,FMP_DREAM,4,200,200,-72.08866882324219,-72.08866882324219,72.08866882324219,,True,0.5162283000026946,0.12019610009156168,0.5297943999976269,10400.0,0.3960321999111329,72.08866882324219,200.0,-72.08866882324219,0.664804469273743,0.5027932960893855,5.0,0.0,10.0,0.515945200000715,0.1360133000125643,0.3799318999881507,0.5027932960893855,0.7,0.4972067039106145,0.6292134831460674,0.0,,"{""decoder"": ""soft"", ""explore_subsample"": false, ""n_chains"": 4, ""orchestrate_every"": 5, ""p_dream"": 0.5, ""seed"": 4}",,,
lcbench_168330,lcbench,FMP_DREAM,5,200,200,-72.90935516357422,-72.90935516357422,72.90935516357422,,True,0.570684699996491,0.12403339995216811,0.5840810000008787,10400.0,0.44665130004432285,72.90935516357422,200.0,-72.90935516357422,0.6187845303867403,0.4972375690607735,3.0,0.0,15.0,0.5704611999972258,0.13962859999446664,0.43083260000275914,0.3867403314917127,0.6428571428571429,0.6132596685082873,0.6036036036036037,0.0,,"{""decoder"": ""soft"", ""explore_subsample"": false, ""n_chains"": 4, ""orchestrate_every"": 5, ""p_dream"": 0.5, ""seed"": 5}",,,
lcbench_168330,lcbench,FMP_DREAM,6,200,200,-72.51188659667969,-72.51188659667969,72.51188659667969,,True,0.5198525000014342,0.12019499999587424,0.5329312000030768,10400.0,0.39965750000556,72.51188659667969,200.0,-72.51188659667969,0.5810055865921788,0.5363128491620112,5.0,0.0,11.0,0.519603200002166,0.1357406000024639,0.38386259999970207,0.4301675977653631,0.6233766233766234,0.5698324022346368,0.5490196078431373,0.0,,"{""decoder"": ""soft"", ""explore_subsample"": false, ""n_chains"": 4, ""orchestrate_every"": 5, ""p_dream"": 0.5, ""seed"": 6}",,,
lcbench_168330,lcbench,FMP_DREAM,7,200,200,-72.44512176513672,-72.44512176513672,72.44512176513672,,True,0.5621985999969183,0.12087199999950826,0.5747207000022172,10400.0,0.4413265999974101,72.44512176513672,200.0,-72.44512176513672,0.5944444444444444,0.5277777777777778,4.0,0.0,16.0,0.561994899995625,0.13649399993300904,0.425500900062616,0.4777777777777778,0.7093023255813954,0.5222222222222223,0.48936170212765956,0.0,,"{""decoder"": ""soft"", ""explore_subsample"": false, ""n_chains"": 4, ""orchestrate_every"": 5, ""p_dream"": 0.5, ""seed"": 7}",,,
lcbench_168330,lcbench,FMP_DREAM,8,200,200,-68.77436828613281,-68.77436828613281,68.77436828613281,,True,0.5348990999991656,0.12117339997348608,0.5482534000038868,10400.0,0.41372570002567954,68.77436828613281,200.0,-68.77436828613281,0.6067415730337079,0.4943820224719101,6.0,0.0,9.0,0.5346712000027765,0.13715360000060173,0.39751760000217473,0.4157303370786517,0.7027027027027027,0.5842696629213483,0.5384615384615384,0.0,,"{""decoder"": ""soft"", ""explore_subsample"": false, ""n_chains"": 4, ""orchestrate_every"": 5, ""p_dream"": 0.5, ""seed"": 8}",,,
lcbench_168330,lcbench,FMP_DREAM,9,200,200,-75.67475891113281,-75.67475891113281,75.67475891113281,,True,0.6037498000005144,0.11933710002631415,0.6170312000031117,10400.0,0.4844126999742002,75.67475891113281,200.0,-75.67475891113281,0.574585635359116,0.4530386740331492,3.0,0.0,19.0,0.6034925999992993,0.134558299992932,0.46893430000636727,0.39779005524861877,0.5972222222222222,0.6022099447513812,0.5596330275229358,0.0,,"{""decoder"": ""soft"", ""explore_subsample"": false, ""n_chains"": 4, ""orchestrate_every"": 5, ""p_dream"": 0.5, ""seed"": 9}",,,
lcbench_168330,lcbench,FMP_DREAM,10,200,200,-72.11094665527344,-72.11094665527344,72.11094665527344,,True,0.5875882999971509,0.11930850004137028,0.6013428000005661,10400.0,0.4682797999557806,72.11094665527344,200.0,-72.11094665527344,0.6906077348066298,0.5524861878453039,3.0,0.0,18.0,0.5873510000019451,0.1354277999853366,0.45192320001660846,0.48066298342541436,0.6781609195402298,0.5193370165745856,0.7021276595744681,0.0,,"{""decoder"": ""soft"", ""explore_subsample"": false, ""n_chains"": 4, ""orchestrate_every"": 5, ""p_dream"": 0.5, ""seed"": 10}",,,
lcbench_168330,lcbench,FMP_DREAM,11,200,200,-71.45703887939453,-71.45703887939453,71.45703887939453,,True,0.5968713999973261,0.12848510006006109,0.6147171999982675,10400.0,0.468386299937265,71.45703887939453,200.0,-71.45703887939453,0.6222222222222222,0.4722222222222222,4.0,0.0,17.0,0.5966572000033921,0.14433130001998506,0.452325899983407,0.45,0.6790123456790124,0.55,0.5757575757575758,0.0,,"{""decoder"": ""soft"", ""explore_subsample"": false, ""n_chains"": 4, ""orchestrate_every"": 5, ""p_dream"": 0.5, ""seed"": 11}",,,
lcbench_168330,lcbench,FMP_DREAM,12,200,200,-70.74237060546875,-70.74237060546875,70.74237060546875,,True,0.6269871999975294,0.15227149990823818,0.6399431999961962,10400.0,0.4747157000892912,70.74237060546875,200.0,-70.74237060546875,0.580110497237569,0.5082872928176796,3.0,0.0,17.0,0.6267583000008017,0.1673485999854165,0.45940970001538517,0.4143646408839779,0.64,0.585635359116022,0.5377358490566038,0.0,,"{""decoder"": ""soft"", ""explore_subsample"": false, ""n_chains"": 4, ""orchestrate_every"": 5, ""p_dream"": 0.5, ""seed"": 12}",,,
lcbench_168330,lcbench,FMP_DREAM,13,200,200,-69.65345001220703,-69.65345001220703,69.65345001220703,,True,0.5797307999964687,0.12227729996084236,0.5919052000026568,10400.0,0.45745350003562635,69.65345001220703,200.0,-69.65345001220703,0.5833333333333334,0.49444444444444446,4.0,0.0,13.0,0.5795228999995743,0.13813800002390053,0.44138489997567376,0.40555555555555556,0.6301369863013698,0.5888888888888889,0.5471698113207547,0.005555555555555556,1.0,"{""decoder"": ""soft"", ""explore_subsample"": false, ""n_chains"": 4, ""orchestrate_every"": 5, ""p_dream"": 0.5, ""seed"": 13}",,,
lcbench_168330,lcbench,FMP_DREAM,14,200,200,-70.89933013916016,-70.89933013916016,70.89933013916016,,True,0.6186739999975543,0.11951329999283189,0.6317884999953094,10400.0,0.49916070000472246,70.89933013916016,200.0,-70.89933013916016,0.6502732240437158,0.5245901639344263,1.0,0.0,24.0,0.6184630999996443,0.13468380000267643,0.4837792999969679,0.3770491803278688,0.7391304347826086,0.6229508196721312,0.5964912280701754,0.0,,"{""decoder"": ""soft"", ""explore_subsample"": false, ""n_chains"": 4, ""orchestrate_every"": 5, ""p_dream"": 0.5, ""seed"": 14}",,,
lcbench_168330,lcbench,FMP_DREAM,15,200,200,-73.21231079101562,-73.21231079101562,73.21231079101562,,True,0.5915114999952493,0.10639300002367236,0.6120519999967655,10400.0,0.48511849997157697,73.21231079101562,200.0,-73.21231079101562,0.5055555555555555,0.4888888888888889,4.0,0.0,18.0,0.5912361000009696,0.12081859999307198,0.4704175000078976,0.4,0.6666666666666666,0.6,0.39814814814814814,0.0,,"{""decoder"": ""soft"", ""explore_subsample"": false, ""n_chains"": 4, ""orchestrate_every"": 5, ""p_dream"": 0.5, ""seed"": 15}",,,
lcbench_168330,lcbench,FMP_DREAM,16,200,200,-69.72761535644531,-69.72761535644531,69.72761535644531,,True,0.502815300002112,0.09218739996867953,0.524147099997208,10400.0,0.4106279000334325,69.72761535644531,200.0,-69.72761535644531,0.5888888888888889,0.5111111111111111,4.0,0.0,18.0,0.5025322000001324,0.10512840003502788,0.39740379996510455,0.4444444444444444,0.6,0.5555555555555556,0.58,0.0,,"{""decoder"": ""soft"", ""explore_subsample"": false, ""n_chains"": 4, ""orchestrate_every"": 5, ""p_dream"": 0.5, ""seed"": 16}",,,
lcbench_168330,lcbench,FMP_DREAM,17,200,200,-72.55270385742188,-72.55270385742188,72.55270385742188,,True,0.49081859999569133,0.09944900000846246,0.512730599999486,10400.0,0.39136959998722887,72.55270385742188,200.0,-72.55270385742188,0.5388888888888889,0.5333333333333333,4.0,0.0,13.0,0.4906254000015906,0.11366789992462145,0.37695750007696915,0.40555555555555556,0.589041095890411,0.5944444444444444,0.5046728971962616,0.0,,"{""decoder"": ""soft"", ""explore_subsample"": false, ""n_chains"": 4, ""orchestrate_every"": 5, ""p_dream"": 0.5, ""seed"": 17}",,,
lcbench_168330,lcbench,FMP_DREAM,18,200,200,-74.46686553955078,-74.46686553955078,74.46686553955078,,True,0.5179543999984162,0.09637340001063421,0.5298036999956821,10400.0,0.421580999987782,74.46686553955078,200.0,-74.46686553955078,0.6555555555555556,0.5111111111111111,4.0,0.0,16.0,0.5177422999986447,0.11086839998461073,0.406873900014034,0.45,0.6419753086419753,0.55,0.6666666666666666,0.0,,"{""decoder"": ""soft"", ""explore_subsample"": false, ""n_chains"": 4, ""orchestrate_every"": 5, ""p_dream"": 0.5, ""seed"": 18}",,,
lcbench_168330,lcbench,FMP_DREAM,19,200,200,-71.22720336914062,-71.22720336914062,71.22720336914062,,True,0.5292898999978206,0.09106970000721049,0.5491220000039903,10400.0,0.4382201999906101,71.22720336914062,200.0,-71.22720336914062,0.5388888888888889,0.49444444444444446,4.0,0.0,18.0,0.5290145000035409,0.10462180003378307,0.4243926999697578,0.4722222222222222,0.5647058823529412,0.5277777777777778,0.5157894736842106,0.0,,"{""decoder"": ""soft"", ""explore_subsample"": false, ""n_chains"": 4, ""orchestrate_every"": 5, ""p_dream"": 0.5, ""seed"": 19}",,,
lcbench_168330,lcbench,GP,0,200,200,-76.68531799316406,-76.68531799316406,76.68531799316406,,True,126.23409479999827,0.1462051999696996,126.24722520000068,10400.0,126.08788960002857,76.68531799316406,,,,,,,,,,,,,,,,,,,,
lcbench_168330,lcbench,GP,1,200,200,-76.71896362304688,-76.71896362304688,76.71896362304688,,True,124.07475010000053,0.15239440000004834,124.0871111000015,10400.0,123.92235570000048,76.71896362304688,,,,,,,,,,,,,,,,,,,,
lcbench_168330,lcbench,GP,2,200,200,-76.34337615966797,-76.34337615966797,76.34337615966797,,True,132.64666020000004,0.1415650000635651,132.66067889999977,10400.0,132.50509519993648,76.34337615966797,,,,,,,,,,,,,,,,,,,,
lcbench_168330,lcbench,GP,3,200,200,-76.71764373779297,-76.71764373779297,76.71764373779297,,True,118.33069520000572,0.14403409998340067,118.34188729999732,10400.0,118.18666110002232,76.71764373779297,,,,,,,,,,,,,,,,,,,,
lcbench_168330,lcbench,GP,4,200,200,-72.12992858886719,-72.12992858886719,72.12992858886719,,True,114.04338260000077,0.146576399973128,114.055597700004,10400.0,113.89680620002764,72.12992858886719,,,,,,,,,,,,,,,,,,,,
lcbench_168330,lcbench,GP,5,200,200,-76.15504455566406,-76.15504455566406,76.15504455566406,,True,123.03130779999628,0.14393369997560512,123.0418256999983,10400.0,122.88737410002068,76.15504455566406,,,,,,,,,,,,,,,,,,,,
lcbench_168330,lcbench,GP,6,200,200,-72.04014587402344,-72.04014587402344,72.04014587402344,,True,108.3753527000008,0.17606760000489885,108.38858110000001,10400.0,108.1992850999959,72.04014587402344,,,,,,,,,,,,,,,,,,,,
lcbench_168330,lcbench,GP,7,200,200,-76.71749877929688,-76.71749877929688,76.71749877929688,,True,118.09721029999491,0.1496599999081809,118.13602489999903,10400.0,117.94755030008673,76.71749877929688,,,,,,,,,,,,,,,,,,,,
lcbench_168330,lcbench,GP,8,200,200,-76.71852111816406,-76.71852111816406,76.71852111816406,,True,129.11525650000112,0.14971199998399243,129.15831310000067,10400.0,128.96554450001713,76.71852111816406,,,,,,,,,,,,,,,,,,,,
lcbench_168330,lcbench,GP,9,200,200,-76.71749877929688,-76.71749877929688,76.71749877929688,,True,139.27537199999642,0.1453931000432931,139.32100110000465,10400.0,139.12997889995313,76.71749877929688,,,,,,,,,,,,,,,,,,,,
lcbench_168330,lcbench,GP,10,200,200,-76.45674896240234,-76.45674896240234,76.45674896240234,,True,120.18692549999832,0.16169319994514808,120.20334189999994,10400.0,120.02523230005318,76.45674896240234,,,,,,,,,,,,,,,,,,,,
lcbench_168330,lcbench,GP,11,200,200,-72.13804626464844,-72.13804626464844,72.13804626464844,,True,124.42037970000092,0.15513459999783663,124.43338029999722,10400.0,124.26524510000309,72.13804626464844,,,,,,,,,,,,,,,,,,,,
lcbench_168330,lcbench,GP,12,200,200,-76.71955108642578,-76.71955108642578,76.71955108642578,,True,127.69545350000408,0.15552350003417814,127.70732760000101,10400.0,127.5399299999699,76.71955108642578,,,,,,,,,,,,,,,,,,,,
lcbench_168330,lcbench,GP,13,200,200,-76.7147216796875,-76.7147216796875,76.7147216796875,,True,131.44891059999645,0.15213280001626117,131.46011310000176,10400.0,131.2967777999802,76.7147216796875,,,,,,,,,,,,,,,,,,,,
lcbench_168330,lcbench,GP,14,200,200,-76.70140838623047,-76.70140838623047,76.70140838623047,,True,123.15932880000037,0.15686499993898906,123.16807759999938,10400.0,123.00246380006138,76.70140838623047,,,,,,,,,,,,,,,,,,,,
lcbench_168330,lcbench,GP,15,200,200,-75.59598541259766,-75.59598541259766,75.59598541259766,,True,127.73106540000299,0.15567950002878206,127.74411179999879,10400.0,127.57538589997421,75.59598541259766,,,,,,,,,,,,,,,,,,,,
lcbench_168330,lcbench,GP,16,200,200,-72.13873291015625,-72.13873291015625,72.13873291015625,,True,123.02069740000297,0.15829739998298464,123.03493390000222,10400.0,122.86240000001999,72.13873291015625,,,,,,,,,,,,,,,,,,,,
lcbench_168330,lcbench,GP,17,200,200,-76.61265563964844,-76.61265563964844,76.61265563964844,,True,120.77644580000197,0.15374280006653862,120.78919450000103,10400.0,120.62270299993543,76.61265563964844,,,,,,,,,,,,,,,,,,,,
lcbench_168330,lcbench,GP,18,200,200,-72.03726196289062,-72.03726196289062,72.03726196289062,,True,121.53387880000082,0.1502231000122265,121.54666009999346,10400.0,121.3836556999886,72.03726196289062,,,,,,,,,,,,,,,,,,,,
lcbench_168330,lcbench,GP,19,200,200,-72.04110717773438,-72.04110717773438,72.04110717773438,,True,110.9943590000039,0.15585490005469183,111.00588009999774,10400.0,110.8385040999492,72.04110717773438,,,,,,,,,,,,,,,,,,,,
lcbench_168330,lcbench,L1_K1_VITERBI_SUB,0,200,200,-59.499393463134766,-59.499393463134766,59.499393463134766,,True,1.1398647999958484,0.1339804000017466,1.1722004000039306,10400.0,1.0058843999941018,59.499393463134766,200.0,-59.499393463134766,0.842391304347826,0.0,0.0,0.0,34.0,1.1395320999945397,0.15105700001004152,0.9884750999844982,0.7336956521739131,0.8740740740740741,0.266304347826087,0.7551020408163265,0.0,,"{""decoder"": ""viterbi"", ""explore_subsample"": true, ""n_chains"": 1, ""orchestrate_every"": 0, ""p_dream"": 0.0, ""seed"": 0}",,,
lcbench_168330,lcbench,L1_K1_VITERBI_SUB,1,200,200,-69.41815948486328,-69.41815948486328,69.41815948486328,,True,0.9930632000032347,0.11507399992842693,1.003047999998671,10400.0,0.8779892000748077,69.41815948486328,200.0,-69.41815948486328,0.6413043478260869,0.0,0.0,0.0,34.0,0.9928456999987247,0.12900190009531798,0.8638437999034068,0.657608695652174,0.7024793388429752,0.3423913043478261,0.5238095238095238,0.0,,"{""decoder"": ""viterbi"", ""explore_subsample"": true, ""n_chains"": 1, ""orchestrate_every"": 0, ""p_dream"": 0.0, ""seed"": 1}",,,
lcbench_168330,lcbench,L1_K1_VITERBI_SUB,2,200,200,-71.96791076660156,-71.96791076660156,71.96791076660156,,True,1.029100699997798,0.12012729999696603,1.0412174000011873,10400.0,0.908973400000832,71.96791076660156,200.0,-71.96791076660156,0.6739130434782609,0.0,0.0,0.0,34.0,1.0289095000043744,0.13532380000833655,0.8935856999960379,0.5489130434782609,0.7326732673267327,0.45108695652173914,0.6024096385542169,0.0,,"{""decoder"": ""viterbi"", ""explore_subsample"": true, ""n_chains"": 1, ""orchestrate_every"": 0, ""p_dream"": 0.0, ""seed"": 2}",,,
lcbench_168330,lcbench,L1_K1_VITERBI_SUB,3,200,200,-68.16969299316406,-68.16969299316406,68.16969299316406,,True,1.1260304000024917,0.12547780004388187,1.147863199999847,10400.0,1.0005525999586098,68.16969299316406,200.0,-68.16969299316406,0.6956521739130435,0.0,0.0,0.0,34.0,1.125745299999835,0.14176740001130383,0.9839778999885311,0.6086956521739131,0.75,0.391304347826087,0.6111111111111112,0.0,,"{""decoder"": ""viterbi"", ""explore_subsample"": true, ""n_chains"": 1, ""orchestrate_every"": 0, ""p_dream"": 0.0, ""seed"": 3}",,,
lcbench_168330,lcbench,L1_K1_VITERBI_SUB,4,200,200,-72.2999038696289,-72.2999038696289,72.2999038696289,,True,1.0858885999987251,0.12678339995181886,1.1003943999967305,10400.0,0.9591052000469062,72.2999038696289,200.0,-72.2999038696289,0.75,0.0,0.0,0.0,34.0,1.085616199998185,0.14247889999387553,0.9431373000043095,0.592391304347826,0.7981651376146789,0.4076086956521739,0.68,0.0,,"{""decoder"": ""viterbi"", ""explore_subsample"": true, ""n_chains"": 1, ""orchestrate_every"": 0, ""p_dream"": 0.0, ""seed"": 4}",,,
lcbench_168330,lcbench,L1_K1_VITERBI_SUB,5,200,200,-71.28007507324219,-71.28007507324219,71.28007507324219,,True,1.120555500005139,0.12386410000181058,1.1415049999995972,10400.0,0.9966914000033285,71.28007507324219,200.0,-71.28007507324219,0.6739130434782609,0.0,0.0,0.0,34.0,1.1202553999974043,0.13930999996955507,0.9809454000278492,0.4945652173913043,0.6923076923076923,0.5054347826086957,0.6559139784946236,0.0,,"{""decoder"": ""viterbi"", ""explore_subsample"": true, ""n_chains"": 1, ""orchestrate_every"": 0, ""p_dream"": 0.0, ""seed"": 5}",,,
lcbench_168330,lcbench,L1_K1_VITERBI_SUB,6,200,200,-66.9144515991211,-66.9144515991211,66.9144515991211,,True,1.0868076000042493,0.12192549998144386,1.0994952999972156,10400.0,0.9648821000228054,66.9144515991211,200.0,-66.9144515991211,0.6304347826086957,0.0,0.0,0.0,34.0,1.0865618000025279,0.13769740001589525,0.9488643999866326,0.6521739130434783,0.7,0.34782608695652173,0.5,0.0,,"{""decoder"": ""viterbi"", ""explore_subsample"": true, ""n_chains"": 1, ""orchestrate_every"": 0, ""p_dream"": 0.0, ""seed"": 6}",,,
lcbench_168330,lcbench,L1_K1_VITERBI_SUB,7,200,200,-73.6231689453125,-73.6231689453125,73.6231689453125,,True,1.0800467000008211,0.12019440003496129,1.092699699998775,10400.0,0.9598522999658599,73.6231689453125,200.0,-73.6231689453125,0.7065217391304348,0.0,0.0,0.0,34.0,1.079831600000034,0.13552189995971275,0.9443097000403213,0.6956521739130435,0.78125,0.30434782608695654,0.5357142857142857,0.0,,"{""decoder"": ""viterbi"", ""explore_subsample"": true, ""n_chains"": 1, ""orchestrate_every"": 0, ""p_dream"": 0.0, ""seed"": 7}",,,
lcbench_168330,lcbench,L1_K1_VITERBI_SUB,8,200,200,-69.89632415771484,-69.89632415771484,69.89632415771484,,True,1.0723360999982106,0.11749549998057773,1.0854825000060373,10400.0,0.9548406000176328,69.89632415771484,200.0,-69.89632415771484,0.5543478260869565,0.0,0.0,0.0,34.0,1.072086100000888,0.13281779998214915,0.939268300018739,0.5,0.6413043478260869,0.5,0.4673913043478261,0.0,,"{""decoder"": ""viterbi"", ""explore_subsample"": true, ""n_chains"": 1, ""orchestrate_every"": 0, ""p_dream"": 0.0, ""seed"": 8}",,,
lcbench_168330,lcbench,L1_K1_VITERBI_SUB,9,200,200,-68.25153350830078,-68.25153350830078,68.25153350830078,,True,1.0866396999990684,0.11828739998600213,1.099206700004288,10400.0,0.9683523000130663,68.25153350830078,200.0,-68.25153350830078,0.6630434782608695,0.0,0.0,0.0,34.0,1.0864073000047938,0.1335890999325784,0.9528182000722154,0.5978260869565217,0.7454545454545455,0.40217391304347827,0.5405405405405406,0.0,,"{""decoder"": ""viterbi"", ""explore_subsample"": true, ""n_chains"": 1, ""orchestrate_every"": 0, ""p_dream"": 0.0, ""seed"": 9}",,,
lcbench_168330,lcbench,L1_K1_VITERBI_SUB,10,200,200,-70.64933013916016,-70.64933013916016,70.64933013916016,,True,1.0172833999968134,0.10940569992089877,1.0299013999974704,10400.0,0.9078777000759146,70.64933013916016,200.0,-70.64933013916016,0.7065217391304348,0.0,0.0,0.0,34.0,1.0170824000015273,0.1237421999903745,0.8933402000111528,0.6467391304347826,0.7899159663865546,0.3532608695652174,0.5538461538461539,0.0,,"{""decoder"": ""viterbi"", ""explore_subsample"": true, ""n_chains"": 1, ""orchestrate_every"": 0, ""p_dream"": 0.0, ""seed"": 10}",,,
lcbench_168330,lcbench,L1_K1_VITERBI_SUB,11,200,200,-69.88086700439453,-69.88086700439453,69.88086700439453,,True,1.0445373000038671,0.11548359999869717,1.0578348000053666,10400.0,0.92905370000517,69.88086700439453,200.0,-69.88086700439453,0.6847826086956522,0.0,0.0,0.0,34.0,1.0443054999996093,0.1306267000036314,0.9136787999959779,0.6086956521739131,0.7589285714285714,0.391304347826087,0.5694444444444444,0.0,,"{""decoder"": ""viterbi"", ""explore_subsample"": true, ""n_chains"": 1, ""orchestrate_every"": 0, ""p_dream"": 0.0, ""seed"": 11}",,,
lcbench_168330,lcbench,L1_K1_VITERBI_SUB,12,200,200,-71.23617553710938,-71.23617553710938,71.23617553710938,,True,1.0471746000039275,0.11540629996306961,1.0602313999988837,10400.0,0.9317683000408579,71.23617553710938,200.0,-71.23617553710938,0.5597826086956522,0.0,0.0,0.0,34.0,1.0469419000000926,0.13048819998221006,0.9164537000178825,0.5,0.5760869565217391,0.5,0.5434782608695652,0.0,,"{""decoder"": ""viterbi"", ""explore_subsample"": true, ""n_chains"": 1, ""orchestrate_every"": 0, ""p_dream"": 0.0, ""seed"": 12}",,,
lcbench_168330,lcbench,L1_K1_VITERBI_SUB,13,200,200,-66.5793685913086,-66.5793685913086,66.5793685913086,,True,1.019261599998572,0.11478129997703945,1.0327907000028063,10400.0,0.9044803000215325,66.5793685913086,200.0,-66.5793685913086,0.6956521739130435,0.0,0.0,0.0,34.0,1.0190172000002349,0.12938169994595228,0.8896355000542826,0.7119565217391305,0.7633587786259542,0.28804347826086957,0.5283018867924528,0.0,,"{""decoder"": ""viterbi"", ""explore_subsample"": true, ""n_chains"": 1, ""orchestrate_every"": 0, ""p_dream"": 0.0, ""seed"": 13}",,,
lcbench_168330,lcbench,L1_K1_VITERBI_SUB,14,200,200,-70.57404327392578,-70.57404327392578,70.57404327392578,,True,1.084926200004702,0.11703350001334911,1.0999679000015021,10400.0,0.9678926999913529,70.57404327392578,200.0,-70.57404327392578,0.6684782608695652,0.0,0.0,0.0,34.0,1.0847016999978223,0.13253870002517942,0.9521629999726429,0.592391304347826,0.7247706422018348,0.4076086956521739,0.5866666666666667,0.0,,"{""decoder"": ""viterbi"", ""explore_subsample"": true, ""n_chains"": 1, ""orchestrate_every"": 0, ""p_dream"": 0.0, ""seed"": 14}",,,
lcbench_168330,lcbench,L1_K1_VITERBI_SUB,15,200,200,-73.0958023071289,-73.0958023071289,73.0958023071289,,True,1.0346184000009089,0.11297999994712882,1.047144500000286,10400.0,0.9216384000537801,73.0958023071289,200.0,-73.0958023071289,0.6141304347826086,0.0,0.0,0.0,34.0,1.0344006000013906,0.1281837999704294,0.9062168000309612,0.5543478260869565,0.6862745098039216,0.44565217391304346,0.524390243902439,0.0,,"{""decoder"": ""viterbi"", ""explore_subsample"": true, ""n_chains"": 1, ""orchestrate_every"": 0, ""p_dream"": 0.0, ""seed"": 15}",,,
lcbench_168330,lcbench,L1_K1_VITERBI_SUB,16,200,200,-69.07437133789062,-69.07437133789062,69.07437133789062,,True,1.059177199997066,0.11914840000827098,1.0729895000040415,10400.0,0.9400287999887951,69.07437133789062,200.0,-69.07437133789062,0.7934782608695652,0.0,0.0,0.0,34.0,1.0589532000012696,0.13371930002904264,0.9252338999722269,0.7010869565217391,0.8294573643410853,0.29891304347826086,0.7090909090909091,0.0,,"{""decoder"": ""viterbi"", ""explore_subsample"": true, ""n_chains"": 1, ""orchestrate_every"": 0, ""p_dream"": 0.0, ""seed"": 16}",,,
lcbench_168330,lcbench,L1_K1_VITERBI_SUB,17,200,200,-73.23982238769531,-73.23982238769531,73.23982238769531,,True,1.133590199999162,0.13000499998452142,1.1471722999995109,10400.0,1.0035852000146406,73.23982238769531,200.0,-73.23982238769531,0.5271739130434783,0.0,0.0,0.0,34.0,1.1332926000031875,0.14565839997521834,0.9876342000279692,0.6141304347826086,0.6017699115044248,0.3858695652173913,0.4084507042253521,0.0,,"{""decoder"": ""viterbi"", ""explore_subsample"": true, ""n_chains"": 1, ""orchestrate_every"": 0, ""p_dream"": 0.0, ""seed"": 17}",,,
lcbench_168330,lcbench,L1_K1_VITERBI_SUB,18,200,200,-67.02890014648438,-67.02890014648438,67.02890014648438,,True,1.1166104000003543,0.1374380999841378,1.1304579000061494,10400.0,0.9791723000162165,67.02890014648438,200.0,-67.02890014648438,0.6467391304347826,0.0,0.0,0.0,34.0,1.116386200003035,0.15365539993945276,0.9627308000635821,0.5543478260869565,0.7647058823529411,0.44565217391304346,0.5,0.0,,"{""decoder"": ""viterbi"", ""explore_subsample"": true, ""n_chains"": 1, ""orchestrate_every"": 0, ""p_dream"": 0.0, ""seed"": 18}",,,
lcbench_168330,lcbench,L1_K1_VITERBI_SUB,19,200,200,-68.25830078125,-68.25830078125,68.25830078125,,True,1.076871299999766,0.12589559998741606,1.0899136000007275,10400.0,0.95097570001235,68.25830078125,200.0,-68.25830078125,0.6739130434782609,0.0,0.0,0.0,34.0,1.0766386999966926,0.14119559995015152,0.9354431000465411,0.625,0.7565217391304347,0.375,0.5362318840579711,0.0,,"{""decoder"": ""viterbi"", ""explore_subsample"": true, ""n_chains"": 1, ""orchestrate_every"": 0, ""p_dream"": 0.0, ""seed"": 19}",,,
lcbench_168330,lcbench,RS,0,200,200,-70.40436553955078,-70.40436553955078,70.40436553955078,,True,0.26686110000446206,0.0964340999853448,0.312994300002174,10400.0,0.17042700001911726,70.40436553955078,,,,,,,,,,,,,,,,,,,,
lcbench_168330,lcbench,RS,1,200,200,-68.10614013671875,-68.10614013671875,68.10614013671875,,True,0.2721442999973078,0.1009292000089772,0.31385210000007646,10400.0,0.17121509998833062,68.10614013671875,,,,,,,,,,,,,,,,,,,,
lcbench_168330,lcbench,RS,2,200,200,-67.7415771484375,-67.7415771484375,67.7415771484375,,True,0.2821630000034929,0.10626960002991837,0.29342629999882774,10400.0,0.17589339997357456,67.7415771484375,,,,,,,,,,,,,,,,,,,,
lcbench_168330,lcbench,RS,3,200,200,-70.61268615722656,-70.61268615722656,70.61268615722656,,True,0.2848094000000856,0.11281059998145793,0.3270057999980054,10400.0,0.17199880001862766,70.61268615722656,,,,,,,,,,,,,,,,,,,,
lcbench_168330,lcbench,RS,4,200,200,-68.17723846435547,-68.17723846435547,68.17723846435547,,True,0.2810631999964244,0.11030929999833461,0.32088300000032177,10400.0,0.17075389999808976,68.17723846435547,,,,,,,,,,,,,,,,,,,,
lcbench_168330,lcbench,RS,5,200,200,-69.00655364990234,-69.00655364990234,69.00655364990234,,True,0.2642744999975548,0.10759790003066882,0.2755388000005041,10400.0,0.156676599966886,69.00655364990234,,,,,,,,,,,,,,,,,,,,
lcbench_168330,lcbench,RS,6,200,200,-70.24005889892578,-70.24005889892578,70.24005889892578,,True,0.25974260000657523,0.10415519996604417,0.2700087999983225,10400.0,0.15558740004053107,70.24005889892578,,,,,,,,,,,,,,,,,,,,
lcbench_168330,lcbench,RS,7,200,200,-70.524658203125,-70.524658203125,70.524658203125,,True,0.2686673000062001,0.10302760005288292,0.3031096000049729,10400.0,0.16563969995331718,70.524658203125,,,,,,,,,,,,,,,,,,,,
lcbench_168330,lcbench,RS,8,200,200,-70.69650268554688,-70.69650268554688,70.69650268554688,,True,0.2798962999950163,0.10563319995708298,0.2907732000021497,10400.0,0.17426310003793333,70.69650268554688,,,,,,,,,,,,,,,,,,,,
lcbench_168330,lcbench,RS,9,200,200,-70.11851501464844,-70.11851501464844,70.11851501464844,,True,0.24642409999796655,0.09521799997310154,0.25769410000066273,10400.0,0.151206100024865,70.11851501464844,,,,,,,,,,,,,,,,,,,,
lcbench_168330,lcbench,RS,10,200,200,-70.40933227539062,-70.40933227539062,70.40933227539062,,True,0.270671800004493,0.10487210002611391,0.28083600000536535,10400.0,0.16579969997837907,70.40933227539062,,,,,,,,,,,,,,,,,,,,
lcbench_168330,lcbench,RS,11,200,200,-68.4269790649414,-68.4269790649414,68.4269790649414,,True,0.24619030000030762,0.09627949996502139,0.2569973999998183,10400.0,0.14991080003528623,68.4269790649414,,,,,,,,,,,,,,,,,,,,
lcbench_168330,lcbench,RS,12,200,200,-70.61093139648438,-70.61093139648438,70.61093139648438,,True,0.2784719999981462,0.11159650008630706,0.28957570000056876,10400.0,0.16687549991183914,70.61093139648438,,,,,,,,,,,,,,,,,,,,
lcbench_168330,lcbench,RS,13,200,200,-67.6683578491211,-67.6683578491211,67.6683578491211,,True,0.26687610000226414,0.10759419993701158,0.2775631000040448,10400.0,0.15928190006525256,67.6683578491211,,,,,,,,,,,,,,,,,,,,
lcbench_168330,lcbench,RS,14,200,200,-68.44512176513672,-68.44512176513672,68.44512176513672,,True,0.2810472999990452,0.11271579997992376,0.291985099996964,10400.0,0.16833150001912145,68.44512176513672,,,,,,,,,,,,,,,,,,,,
lcbench_168330,lcbench,RS,15,200,200,-69.25272369384766,-69.25272369384766,69.25272369384766,,True,0.2594362000018009,0.10358369998721173,0.267310199997155,10400.0,0.15585250001458917,69.25272369384766,,,,,,,,,,,,,,,,,,,,
lcbench_168330,lcbench,RS,16,200,200,-68.56546020507812,-68.56546020507812,68.56546020507812,,True,0.26469409999845084,0.10557970002992079,0.27272899999661604,10400.0,0.15911439996853005,68.56546020507812,,,,,,,,,,,,,,,,,,,,
lcbench_168330,lcbench,RS,17,200,200,-70.012939453125,-70.012939453125,70.012939453125,,True,0.26348609999695327,0.10539610004343558,0.27498000000196043,10400.0,0.1580899999535177,70.012939453125,,,,,,,,,,,,,,,,,,,,
lcbench_168330,lcbench,RS,18,200,200,-68.25439453125,-68.25439453125,68.25439453125,,True,0.2583526000016718,0.10248530004173517,0.26833890000125393,10400.0,0.15586729995993664,68.25439453125,,,,,,,,,,,,,,,,,,,,
lcbench_168330,lcbench,RS,19,200,200,-73.17810821533203,-73.17810821533203,73.17810821533203,,True,0.26380719999724533,0.10576259995286819,0.2752812999970047,10400.0,0.15804460004437715,73.17810821533203,,,,,,,,,,,,,,,,,,,,
lcbench_168330,lcbench,TPE,0,200,200,-73.74459075927734,-73.74459075927734,73.74459075927734,,True,3.7110769000064465,0.14685899998585228,3.7222779000003356,10400.0,3.5642179000205942,73.74459075927734,,,,,,,,,,,,,,,,,,,,
lcbench_168330,lcbench,TPE,1,200,200,-74.47026824951172,-74.47026824951172,74.47026824951172,,True,3.580588600001647,0.1422999999631429,3.591201099996397,10400.0,3.4382886000385042,74.47026824951172,,,,,,,,,,,,,,,,,,,,
lcbench_168330,lcbench,TPE,2,200,200,-76.31266021728516,-76.31266021728516,76.31266021728516,,True,3.821301099997072,0.1451753999790526,3.8335622000013245,10400.0,3.6761257000180194,76.31266021728516,,,,,,,,,,,,,,,,,,,,
lcbench_168330,lcbench,TPE,3,200,200,-74.87419128417969,-74.87419128417969,74.87419128417969,,True,4.06733499999973,0.14608019987645093,4.077901699994982,10400.0,3.921254800123279,74.87419128417969,,,,,,,,,,,,,,,,,,,,
lcbench_168330,lcbench,TPE,4,200,200,-73.7005844116211,-73.7005844116211,73.7005844116211,,True,3.24069910000253,0.1484487999769044,3.2514888000005158,10400.0,3.0922503000256256,73.7005844116211,,,,,,,,,,,,,,,,,,,,
lcbench_168330,lcbench,TPE,5,200,200,-70.9676513671875,-70.9676513671875,70.9676513671875,,True,3.392718299997796,0.14419620006083278,3.431841400000849,10400.0,3.248522099936963,70.9676513671875,,,,,,,,,,,,,,,,,,,,
lcbench_168330,lcbench,TPE,6,200,200,-76.47891998291016,-76.47891998291016,76.47891998291016,,True,3.1732030999992276,0.16353199999866774,3.2163288000010652,10400.0,3.00967110000056,76.47891998291016,,,,,,,,,,,,,,,,,,,,
lcbench_168330,lcbench,TPE,7,200,200,-70.83660888671875,-70.83660888671875,70.83660888671875,,True,3.1447352999966824,0.144874899982824,3.1576170999978785,10400.0,2.9998604000138585,70.83660888671875,,,,,,,,,,,,,,,,,,,,
lcbench_168330,lcbench,TPE,8,200,200,-69.37739562988281,-69.37739562988281,69.37739562988281,,True,3.488277399999788,0.14257159994303947,3.498546599999827,10400.0,3.3457058000567486,69.37739562988281,,,,,,,,,,,,,,,,,,,,
lcbench_168330,lcbench,TPE,9,200,200,-75.15290832519531,-75.15290832519531,75.15290832519531,,True,4.4241331000012,0.13841850001335843,4.436262099996384,10400.0,4.285714599987841,75.15290832519531,,,,,,,,,,,,,,,,,,,,
lcbench_168330,lcbench,TPE,10,200,200,-73.67921447753906,-73.67921447753906,73.67921447753906,,True,3.7893619000024046,0.14232410003023688,3.8009808999995585,10400.0,3.6470377999721677,73.67921447753906,,,,,,,,,,,,,,,,,,,,
lcbench_168330,lcbench,TPE,11,200,200,-75.88448333740234,-75.88448333740234,75.88448333740234,,True,3.454100200004177,0.14280590000271332,3.464692499997909,10400.0,3.311294300001464,75.88448333740234,,,,,,,,,,,,,,,,,,,,
lcbench_168330,lcbench,TPE,12,200,200,-76.39625549316406,-76.39625549316406,76.39625549316406,,True,2.586923899994872,0.1406285999910324,2.5979622999948333,10400.0,2.4462953000038397,76.39625549316406,,,,,,,,,,,,,,,,,,,,
lcbench_168330,lcbench,TPE,13,200,200,-72.9708480834961,-72.9708480834961,72.9708480834961,,True,3.1546633999969345,0.13622549995488953,3.164794399999664,10400.0,3.018437900042045,72.9708480834961,,,,,,,,,,,,,,,,,,,,
lcbench_168330,lcbench,TPE,14,200,200,-73.55677795410156,-73.55677795410156,73.55677795410156,,True,3.3566609999979846,0.14070750001701526,3.366857400003937,10400.0,3.2159534999809694,73.55677795410156,,,,,,,,,,,,,,,,,,,,
lcbench_168330,lcbench,TPE,15,200,200,-74.4682846069336,-74.4682846069336,74.4682846069336,,True,3.2897615999972913,0.14440379996813135,3.300073299993528,10400.0,3.14535780002916,74.4682846069336,,,,,,,,,,,,,,,,,,,,
lcbench_168330,lcbench,TPE,16,200,200,-69.2251205444336,-69.2251205444336,69.2251205444336,,True,3.6707494000002043,0.14255650002451148,3.6815346000003046,10400.0,3.528192899975693,69.2251205444336,,,,,,,,,,,,,,,,,,,,
lcbench_168330,lcbench,TPE,17,200,200,-75.31261444091797,-75.31261444091797,75.31261444091797,,True,3.5084468999993987,0.13726820003648754,3.518583699995361,10400.0,3.371178699962911,75.31261444091797,,,,,,,,,,,,,,,,,,,,
lcbench_168330,lcbench,TPE,18,200,200,-76.50839233398438,-76.50839233398438,76.50839233398438,,True,3.0424359000026016,0.1380086999706691,3.052001399999426,10400.0,2.9044272000319324,76.50839233398438,,,,,,,,,,,,,,,,,,,,
lcbench_168330,lcbench,TPE,19,200,200,-75.3038558959961,-75.3038558959961,75.3038558959961,,True,3.763919500001066,0.14215920007700333,3.7743298999994295,10400.0,3.6217602999240626,75.3038558959961,,,,,,,,,,,,,,,,,,,,
lcbench_168330,lcbench,TPE_HB,0,200,1524,-64.3816909790039,-64.3816909790039,64.3816909790039,,True,7.275408900000912,0.30995839989191154,7.281215700000757,10418.0,6.965450500109,64.3816909790039,,,,,,,,,,,,,,,,,,,,
lcbench_168330,lcbench,TPE_HB,1,200,1485,-59.78538131713867,-59.78538131713867,59.78538131713867,,True,5.894798499997705,0.2536346001579659,5.900106699999014,10404.0,5.641163899839739,59.78538131713867,,,,,,,,,,,,,,,,,,,,
lcbench_168330,lcbench,TPE_HB,2,200,2004,-68.9106674194336,-68.9106674194336,68.9106674194336,,True,10.036916299999575,0.37421190019813366,10.04317959999753,10405.0,9.662704399801441,68.9106674194336,,,,,,,,,,,,,,,,,,,,
lcbench_168330,lcbench,TPE_HB,3,200,1465,-74.7412109375,-74.7412109375,74.7412109375,,True,6.387300899994443,0.2666753000157769,6.39164869999513,10400.0,6.120625599978666,74.7412109375,,,,,,,,,,,,,,,,,,,,
lcbench_168330,lcbench,TPE_HB,4,200,1464,-73.45274353027344,-73.45274353027344,73.45274353027344,,True,9.412483200001589,0.42344659981608856,9.419122300001618,10405.0,8.9890366001855,73.45274353027344,,,,,,,,,,,,,,,,,,,,
lcbench_168330,lcbench,TPE_HB,5,200,1365,-72.63134765625,-72.63134765625,72.63134765625,,True,6.302373200000147,0.3748804999340791,6.307011500000954,10403.0,5.927492700066068,72.63134765625,,,,,,,,,,,,,,,,,,,,
lcbench_168330,lcbench,TPE_HB,6,200,1487,-64.85211944580078,-64.85211944580078,64.85211944580078,,True,12.54577430000063,0.5981298001133837,12.55321130000084,10414.0,11.947644499887247,64.85211944580078,,,,,,,,,,,,,,,,,,,,
lcbench_168330,lcbench,TPE_HB,7,200,1581,-69.1531982421875,-69.1531982421875,69.1531982421875,,True,12.796933200006606,0.6443457998684607,12.802628099998401,10406.0,12.152587400138145,69.1531982421875,,,,,,,,,,,,,,,,,,,,
lcbench_168330,lcbench,TPE_HB,8,200,1486,-58.16489791870117,-58.16489791870117,58.16489791870117,,True,13.093902799999341,0.6631704998435453,13.10222779999458,10410.0,12.430732300155796,58.16489791870117,,,,,,,,,,,,,,,,,,,,
lcbench_168330,lcbench,TPE_HB,9,200,2136,-74.61600494384766,-74.61600494384766,74.61600494384766,,True,39.73456350000197,0.9438611998630222,39.74233120000281,10400.0,38.790702300138946,74.61600494384766,,,,,,,,,,,,,,,,,,,,
lcbench_168330,lcbench,TPE_HB,10,200,1392,-62.657649993896484,-62.657649993896484,62.657649993896484,,True,12.956758599997556,0.6112740999815287,12.962206600001082,10400.0,12.345484500016028,62.657649993896484,,,,,,,,,,,,,,,,,,,,
lcbench_168330,lcbench,TPE_HB,11,200,1342,-74.32453918457031,-74.32453918457031,74.32453918457031,,True,10.70804119999957,0.6317696999685722,10.716123099999095,10405.0,10.076271500030998,74.32453918457031,,,,,,,,,,,,,,,,,,,,
lcbench_168330,lcbench,TPE_HB,12,200,1411,-62.47768783569336,-62.47768783569336,62.47768783569336,,True,12.407402400000137,0.7066889001507661,12.416431199999352,10408.0,11.700713499849371,62.47768783569336,,,,,,,,,,,,,,,,,,,,
lcbench_168330,lcbench,TPE_HB,13,200,1590,-65.43335723876953,-65.43335723876953,65.43335723876953,,True,12.02361430000019,0.8300546998070786,12.03117910000583,10418.0,11.193559600193112,65.43335723876953,,,,,,,,,,,,,,,,,,,,
lcbench_168330,lcbench,TPE_HB,14,200,1507,-68.53460693359375,-68.53460693359375,68.53460693359375,,True,15.624346100004914,0.820754200045485,15.633463300000585,10400.0,14.803591899959429,68.53460693359375,,,,,,,,,,,,,,,,,,,,
lcbench_168330,lcbench,TPE_HB,15,200,1629,-59.692291259765625,-59.692291259765625,59.692291259765625,,True,14.372061699999904,0.899446200033708,14.380541699996684,10400.0,13.472615499966196,59.692291259765625,,,,,,,,,,,,,,,,,,,,
lcbench_168330,lcbench,TPE_HB,16,200,1565,-68.04070281982422,-68.04070281982422,68.04070281982422,,True,19.009751500001585,0.7970580003020586,19.01994150000246,10407.0,18.212693499699526,68.04070281982422,,,,,,,,,,,,,,,,,,,,
lcbench_168330,lcbench,TPE_HB,17,200,1671,-66.46556091308594,-66.46556091308594,66.46556091308594,,True,20.646623599997838,0.8337675002258038,20.656980699997803,10401.0,19.812856099772034,66.46556091308594,,,,,,,,,,,,,,,,,,,,
lcbench_168330,lcbench,TPE_HB,18,200,1434,-75.79522705078125,-75.79522705078125,75.79522705078125,,True,13.142506500000309,0.7616626998787979,13.152837500005262,10411.0,12.38084380012151,75.79522705078125,,,,,,,,,,,,,,,,,,,,
lcbench_168330,lcbench,TPE_HB,19,200,1968,-73.51834106445312,-73.51834106445312,73.51834106445312,,True,22.840178400001605,0.9452590998989763,22.851751700000023,10405.0,21.89491930010263,73.51834106445312,,,,,,,,,,,,,,,,,,,,
lcbench_168331,lcbench,CMAES,0,200,200,-69.5472412109375,-69.5472412109375,69.5472412109375,,True,0.27677630000107456,0.052181600069161505,56.84348350000073,10400.0,0.22459469993191306,69.5472412109375,,,,,,,,,,,,,,,,,,,,
lcbench_168331,lcbench,CMAES,1,200,200,-69.24585723876953,-69.24585723876953,69.24585723876953,,True,0.5651809999981197,0.15964910006005084,5.724351099997875,10400.0,0.4055318999380688,69.24585723876953,,,,,,,,,,,,,,,,,,,,
lcbench_168331,lcbench,CMAES,2,200,200,-79.01415252685547,-79.01415252685547,79.01415252685547,,True,0.2659140000032494,0.05166250001639128,54.521431400004076,10400.0,0.2142514999868581,79.01415252685547,,,,,,,,,,,,,,,,,,,,
lcbench_168331,lcbench,CMAES,3,200,200,-75.77152252197266,-75.77152252197266,75.77152252197266,,True,0.28977470000245376,0.05622460007725749,54.851362000001245,10400.0,0.23355009992519626,75.77152252197266,,,,,,,,,,,,,,,,,,,,
lcbench_168331,lcbench,CMAES,4,200,200,-67.0750732421875,-67.0750732421875,67.0750732421875,,True,0.24568700000236277,0.05154469999251887,54.893212199996924,10400.0,0.1941423000098439,67.0750732421875,,,,,,,,,,,,,,,,,,,,
lcbench_168331,lcbench,CMAES,5,200,200,-64.7870864868164,-64.7870864868164,64.7870864868164,,True,0.45247289999679197,0.1307358999765711,0.4643694999977015,10400.0,0.3217370000202209,64.7870864868164,,,,,,,,,,,,,,,,,,,,
lcbench_168331,lcbench,CMAES,6,200,200,-59.7832145690918,-59.7832145690918,59.7832145690918,,True,0.5117229000024963,0.15581990002829116,0.5207838999995147,10400.0,0.35590299997420516,59.7832145690918,,,,,,,,,,,,,,,,,,,,
lcbench_168331,lcbench,CMAES,7,200,200,-64.94483184814453,-64.94483184814453,64.94483184814453,,True,0.3305307000046014,0.0723938000301132,54.85708240000531,10400.0,0.2581368999744882,64.94483184814453,,,,,,,,,,,,,,,,,,,,
lcbench_168331,lcbench,CMAES,8,200,200,-72.27536010742188,-72.27536010742188,72.27536010742188,,True,0.47102790000644745,0.14217230001668213,0.48070900000311667,10400.0,0.3288555999897653,72.27536010742188,,,,,,,,,,,,,,,,,,,,
lcbench_168331,lcbench,CMAES,9,200,200,-70.8298568725586,-70.8298568725586,70.8298568725586,,True,0.5740404000025592,0.16637000001355773,0.5837618999939878,10400.0,0.40767039998900145,70.8298568725586,,,,,,,,,,,,,,,,,,,,
lcbench_168331,lcbench,CMAES,10,200,200,-74.96150207519531,-74.96150207519531,74.96150207519531,,True,0.48071270000218647,0.1434255999920424,0.49140340000303695,10400.0,0.33728710001014406,74.96150207519531,,,,,,,,,,,,,,,,,,,,
lcbench_168331,lcbench,CMAES,11,200,200,-75.54236602783203,-75.54236602783203,75.54236602783203,,True,0.34356580000167014,0.07560240001475904,54.43187279999984,10400.0,0.2679633999869111,75.54236602783203,,,,,,,,,,,,,,,,,,,,
lcbench_168331,lcbench,CMAES,12,200,200,-74.33219146728516,-74.33219146728516,74.33219146728516,,True,0.43916039999749046,0.12523660013539484,0.44917290000012144,10400.0,0.3139237998620956,74.33219146728516,,,,,,,,,,,,,,,,,,,,
lcbench_168331,lcbench,CMAES,13,200,200,-74.09014892578125,-74.09014892578125,74.09014892578125,,True,0.4555880999978399,0.13430160003190394,0.465451000003668,10400.0,0.32128649996593595,74.09014892578125,,,,,,,,,,,,,,,,,,,,
lcbench_168331,lcbench,CMAES,14,200,200,-65.00060272216797,-65.00060272216797,65.00060272216797,,True,0.42669759999989765,0.12128669997764518,0.43562849999580067,10400.0,0.30541090002225246,65.00060272216797,,,,,,,,,,,,,,,,,,,,
lcbench_168331,lcbench,CMAES,15,200,200,-66.64988708496094,-66.64988708496094,66.64988708496094,,True,0.39222760000120616,0.09568000001308974,53.99079930000153,10400.0,0.2965475999881164,66.64988708496094,,,,,,,,,,,,,,,,,,,,
lcbench_168331,lcbench,CMAES,16,200,200,-73.2198486328125,-73.2198486328125,73.2198486328125,,True,0.4113063000040711,0.11821919999056263,0.42097170000488404,10400.0,0.29308710001350846,73.2198486328125,,,,,,,,,,,,,,,,,,,,
lcbench_168331,lcbench,CMAES,17,200,200,-80.0267105102539,-80.0267105102539,80.0267105102539,,True,0.45137719999911496,0.13254550003330223,0.46262969999952475,10400.0,0.31883169996581273,80.0267105102539,,,,,,,,,,,,,,,,,,,,
lcbench_168331,lcbench,CMAES,18,200,200,-72.15483856201172,-72.15483856201172,72.15483856201172,,True,0.38026560000434984,0.09109830002853414,53.383739400000195,10400.0,0.2891672999758157,72.15483856201172,,,,,,,,,,,,,,,,,,,,
lcbench_168331,lcbench,CMAES,19,200,200,-63.559810638427734,-63.559810638427734,63.559810638427734,,True,0.3604896999968332,0.08810579996497836,0.37072790000092937,10400.0,0.27238390003185486,63.559810638427734,,,,,,,,,,,,,,,,,,,,
lcbench_168331,lcbench,FMP_DREAM,0,200,200,-60.04926300048828,-60.04926300048828,60.04926300048828,,True,0.6203701000049477,0.10361260002537165,0.6415246999968076,10400.0,0.5167574999795761,60.04926300048828,200.0,-60.04926300048828,0.7802197802197802,0.5274725274725275,2.0,0.0,22.0,0.6201059000013629,0.11896280000655679,0.5011430999948061,0.6153846153846154,0.8571428571428571,0.38461538461538464,0.6571428571428571,0.0,,"{""decoder"": ""soft"", ""explore_subsample"": false, ""n_chains"": 4, ""orchestrate_every"": 5, ""p_dream"": 0.5, ""seed"": 0}",,,
lcbench_168331,lcbench,FMP_DREAM,1,200,200,-77.7264175415039,-77.7264175415039,77.7264175415039,,True,0.5643283999961568,0.10929530001158128,0.578758800002106,10400.0,0.45503309998457553,77.7264175415039,200.0,-77.7264175415039,0.5888888888888889,0.5444444444444444,4.0,0.0,19.0,0.5640860999992583,0.12435769999137847,0.4397284000078798,0.5444444444444444,0.6122448979591837,0.45555555555555555,0.5609756097560976,0.0,,"{""decoder"": ""soft"", ""explore_subsample"": false, ""n_chains"": 4, ""orchestrate_every"": 5, ""p_dream"": 0.5, ""seed"": 1}",,,
lcbench_168331,lcbench,FMP_DREAM,2,200,200,-76.11235046386719,-76.11235046386719,76.11235046386719,,True,0.5631530999962706,0.11607259998709196,0.576006099996448,10400.0,0.44708050000917865,76.11235046386719,200.0,-76.11235046386719,0.5642458100558659,0.43575418994413406,5.0,0.0,12.0,0.5628584999940358,0.13180409994674847,0.43105440004728734,0.5363128491620112,0.6666666666666666,0.46368715083798884,0.4457831325301205,0.0,,"{""decoder"": ""soft"", ""explore_subsample"": false, ""n_chains"": 4, ""orchestrate_every"": 5, ""p_dream"": 0.5, ""seed"": 2}",,,
lcbench_168331,lcbench,FMP_DREAM,3,200,200,-72.08702087402344,-72.08702087402344,72.08702087402344,,True,0.575150599994231,0.11847340001986595,0.5871469999983674,10400.0,0.45667719997436507,72.08702087402344,200.0,-72.08702087402344,0.6077348066298343,0.5138121546961326,3.0,0.0,15.0,0.5748644000050263,0.13369540003623115,0.4411689999687951,0.4419889502762431,0.7125,0.5580110497237569,0.5247524752475248,0.0,,"{""decoder"": ""soft"", ""explore_subsample"": false, ""n_chains"": 4, ""orchestrate_every"": 5, ""p_dream"": 0.5, ""seed"": 3}",,,
lcbench_168331,lcbench,FMP_DREAM,4,200,200,-77.06596374511719,-77.06596374511719,77.06596374511719,,True,0.5748623000035877,0.11976959997991798,0.5856990000029327,10400.0,0.45509270002366975,77.06596374511719,200.0,-77.06596374511719,0.5666666666666667,0.5388888888888889,4.0,0.0,16.0,0.5745771000001696,0.13549960000818828,0.4390774999919813,0.45555555555555555,0.6219512195121951,0.5388888888888889,0.5154639175257731,0.005555555555555556,1.0,"{""decoder"": ""soft"", ""explore_subsample"": false, ""n_chains"": 4, ""orchestrate_every"": 5, ""p_dream"": 0.5, ""seed"": 4}",,,
lcbench_168331,lcbench,FMP_DREAM,5,200,200,-76.18875122070312,-76.18875122070312,76.18875122070312,,True,0.5703625999958604,0.11963140003354056,0.5820921999984421,10400.0,0.4507311999623198,76.18875122070312,200.0,-76.18875122070312,0.5722222222222222,0.5222222222222223,4.0,0.0,15.0,0.5701681999998982,0.1352297999546863,0.4349384000452119,0.4888888888888889,0.6136363636363636,0.5111111111111111,0.532608695652174,0.0,,"{""decoder"": ""soft"", ""explore_subsample"": false, ""n_chains"": 4, ""orchestrate_every"": 5, ""p_dream"": 0.5, ""seed"": 5}",,,
lcbench_168331,lcbench,FMP_DREAM,6,200,200,-75.07496643066406,-75.07496643066406,75.07496643066406,,True,0.5704207999951905,0.11886190002405783,0.5843630000017583,10400.0,0.45155889997113263,75.07496643066406,200.0,-75.07496643066406,0.5388888888888889,0.5222222222222223,4.0,0.0,15.0,0.5702003000042168,0.13436910008749692,0.4358311999167199,0.39444444444444443,0.5774647887323944,0.6055555555555555,0.5137614678899083,0.0,,"{""decoder"": ""soft"", ""explore_subsample"": false, ""n_chains"": 4, ""orchestrate_every"": 5, ""p_dream"": 0.5, ""seed"": 6}",,,
lcbench_168331,lcbench,FMP_DREAM,7,200,200,-75.32151794433594,-75.32151794433594,75.32151794433594,,True,0.5114355000041542,0.1069132999618887,0.5246549000003142,10400.0,0.40452220004226547,75.32151794433594,200.0,-75.32151794433594,0.5977653631284916,0.5027932960893855,5.0,0.0,13.0,0.5112145000020973,0.12254429997847183,0.3886702000236255,0.547486033519553,0.6224489795918368,0.45251396648044695,0.5679012345679012,0.0,,"{""decoder"": ""soft"", ""explore_subsample"": false, ""n_chains"": 4, ""orchestrate_every"": 5, ""p_dream"": 0.5, ""seed"": 7}",,,
lcbench_168331,lcbench,FMP_DREAM,8,200,200,-72.72186279296875,-72.72186279296875,72.72186279296875,,True,0.544138600002043,0.11282329998357454,0.559857699998247,10400.0,0.4313153000184684,72.72186279296875,200.0,-72.72186279296875,0.569060773480663,0.4972375690607735,3.0,0.0,15.0,0.5438613000005716,0.12817860001814552,0.41568269998242613,0.46408839779005523,0.6785714285714286,0.5303867403314917,0.46875,0.0055248618784530384,1.0,"{""decoder"": ""soft"", ""explore_subsample"": false, ""n_chains"": 4, ""orchestrate_every"": 5, ""p_dream"": 0.5, ""seed"": 8}",,,
lcbench_168331,lcbench,FMP_DREAM,9,200,200,-76.5413818359375,-76.5413818359375,76.5413818359375,,True,0.6047640000033425,0.1100538999598939,0.6178870000003371,10400.0,0.4947101000434486,76.5413818359375,200.0,-76.5413818359375,0.6120218579234973,0.46994535519125685,1.0,0.0,21.0,0.6044366999994963,0.1249554000023636,0.47948129999713274,0.40437158469945356,0.7162162162162162,0.5956284153005464,0.5412844036697247,0.0,,"{""decoder"": ""soft"", ""explore_subsample"": false, ""n_chains"": 4, ""orchestrate_every"": 5, ""p_dream"": 0.5, ""seed"": 9}",,,
lcbench_168331,lcbench,FMP_DREAM,10,200,200,-76.21592712402344,-76.21592712402344,76.21592712402344,,True,0.5840557999981684,0.10892270001932047,0.5979145000019344,10400.0,0.4751330999788479,76.21592712402344,200.0,-76.21592712402344,0.5524861878453039,0.4419889502762431,3.0,0.0,17.0,0.5838171000068542,0.12380229993868852,0.46001480006816564,0.425414364640884,0.6623376623376623,0.574585635359116,0.47115384615384615,0.0,,"{""decoder"": ""soft"", ""explore_subsample"": false, ""n_chains"": 4, ""orchestrate_every"": 5, ""p_dream"": 0.5, ""seed"": 10}",,,
lcbench_168331,lcbench,FMP_DREAM,11,200,200,-75.49483489990234,-75.49483489990234,75.49483489990234,,True,0.5737316000013379,0.10741120009333827,0.5865101000017603,10400.0,0.46632039990799967,75.49483489990234,200.0,-75.49483489990234,0.5966850828729282,0.5082872928176796,3.0,0.0,20.0,0.5734988000040175,0.12227899995923508,0.45121980004478246,0.44751381215469616,0.7407407407407407,0.5524861878453039,0.48,0.0,,"{""decoder"": ""soft"", ""explore_subsample"": false, ""n_chains"": 4, ""orchestrate_every"": 5, ""p_dream"": 0.5, ""seed"": 11}",,,
lcbench_168331,lcbench,FMP_DREAM,12,200,200,-76.27919006347656,-76.27919006347656,76.27919006347656,,True,0.5706678999995347,0.1062972000145237,0.5847732999973232,10400.0,0.464370699985011,76.27919006347656,200.0,-76.27919006347656,0.6519337016574586,0.5193370165745856,1.0,2.0,20.0,0.5704416000007768,0.12073929996404331,0.4497023000367335,0.47513812154696133,0.6744186046511628,0.5248618784530387,0.631578947368421,0.0,,"{""decoder"": ""soft"", ""explore_subsample"": false, ""n_chains"": 4, ""orchestrate_every"": 5, ""p_dream"": 0.5, ""seed"": 12}",,,
lcbench_168331,lcbench,FMP_DREAM,13,200,200,-73.8159408569336,-73.8159408569336,73.8159408569336,,True,0.5963724000030197,0.1190834000299219,0.6105366999981925,10400.0,0.4772889999730978,73.8159408569336,200.0,-73.8159408569336,0.6408839779005525,0.47513812154696133,3.0,0.0,19.0,0.5961276000016369,0.13446760004444513,0.46165999995719176,0.6077348066298343,0.6454545454545455,0.39226519337016574,0.6338028169014085,0.0,,"{""decoder"": ""soft"", ""explore_subsample"": false, ""n_chains"": 4, ""orchestrate_every"": 5, ""p_dream"": 0.5, ""seed"": 13}",,,
lcbench_168331,lcbench,FMP_DREAM,14,200,200,-76.89476013183594,-76.89476013183594,76.89476013183594,,True,0.6396741999997175,0.1132140000408981,0.653048400003172,10400.0,0.5264601999588194,76.89476013183594,200.0,-76.89476013183594,0.580110497237569,0.4972375690607735,3.0,0.0,23.0,0.6394322999985889,0.12809139999444596,0.5113409000041429,0.4530386740331492,0.7926829268292683,0.5469613259668509,0.40404040404040403,0.0,,"{""decoder"": ""soft"", ""explore_subsample"": false, ""n_chains"": 4, ""orchestrate_every"": 5, ""p_dream"": 0.5, ""seed"": 14}",,,
lcbench_168331,lcbench,FMP_DREAM,15,200,200,-78.07514190673828,-78.07514190673828,78.07514190673828,,True,0.538256799998635,0.10750930004724069,0.551669699998456,10400.0,0.4307474999513943,78.07514190673828,200.0,-78.07514190673828,0.6132596685082873,0.5359116022099447,3.0,0.0,15.0,0.5380189999996219,0.12277540002105525,0.41524359997856664,0.5027624309392266,0.7252747252747253,0.4972375690607735,0.5,0.0,,"{""decoder"": ""soft"", ""explore_subsample"": false, ""n_chains"": 4, ""orchestrate_every"": 5, ""p_dream"": 0.5, ""seed"": 15}",,,
lcbench_168331,lcbench,FMP_DREAM,16,200,200,-73.67050170898438,-73.67050170898438,73.67050170898438,,True,0.6073757999984082,0.11220680005499162,0.6204357999959029,10400.0,0.49516899994341657,73.67050170898438,200.0,-73.67050170898438,0.5604395604395604,0.4725274725274725,2.0,0.0,18.0,0.6071453999975347,0.1275135000323644,0.4796318999651703,0.5054945054945055,0.6847826086956522,0.4835164835164835,0.4431818181818182,0.01098901098901099,0.0,"{""decoder"": ""soft"", ""explore_subsample"": false, ""n_chains"": 4, ""orchestrate_every"": 5, ""p_dream"": 0.5, ""seed"": 16}",,,
lcbench_168331,lcbench,FMP_DREAM,17,200,200,-74.88261413574219,-74.88261413574219,74.88261413574219,,True,0.6191562999956659,0.12345140000252286,0.6334836000023643,10452.0,0.49570489999314304,74.88261413574219,200.0,-74.88261413574219,0.6166666666666667,0.43333333333333335,5.0,0.0,16.0,0.6189316000018152,0.14014879991736962,0.4787828000844456,0.46111111111111114,0.6506024096385542,0.5388888888888889,0.5876288659793815,0.0,,"{""decoder"": ""soft"", ""explore_subsample"": false, ""n_chains"": 4, ""orchestrate_every"": 5, ""p_dream"": 0.5, ""seed"": 17}",True,,
lcbench_168331,lcbench,FMP_DREAM,18,200,200,-77.09124755859375,-77.09124755859375,77.09124755859375,,True,0.5945846000031452,0.1178631000148016,0.6082309999983408,10400.0,0.47672149998834357,77.09124755859375,200.0,-77.09124755859375,0.6574585635359116,0.49171270718232046,3.0,0.0,18.0,0.5943282999942312,0.13394839995453367,0.46037990003969753,0.5469613259668509,0.6767676767676768,0.4530386740331492,0.6341463414634146,0.0,,"{""decoder"": ""soft"", ""explore_subsample"": false, ""n_chains"": 4, ""orchestrate_every"": 5, ""p_dream"": 0.5, ""seed"": 18}",,,
lcbench_168331,lcbench,FMP_DREAM,19,200,200,-72.52198791503906,-72.52198791503906,72.52198791503906,,True,0.6482061999995494,0.12455840003531193,0.6630587999970885,10400.0,0.5236477999642375,72.52198791503906,200.0,-72.52198791503906,0.6208791208791209,0.45604395604395603,2.0,0.0,21.0,0.6479368999935105,0.14148659993952606,0.5064503000539844,0.45604395604395603,0.6867469879518072,0.5439560439560439,0.5656565656565656,0.0,,"{""decoder"": ""soft"", ""explore_subsample"": false, ""n_chains"": 4, ""orchestrate_every"": 5, ""p_dream"": 0.5, ""seed"": 19}",,,
lcbench_168331,lcbench,GP,0,200,200,-86.88076782226562,-86.88076782226562,86.88076782226562,,True,95.2650966000001,0.1479403999474016,95.28273980000085,10400.0,95.1171562000527,86.88076782226562,,,,,,,,,,,,,,,,,,,,
lcbench_168331,lcbench,GP,1,200,200,-81.37940216064453,-81.37940216064453,81.37940216064453,,True,82.93990469999699,0.14567269998951815,82.95279019999725,10400.0,82.79423200000747,81.37940216064453,,,,,,,,,,,,,,,,,,,,
lcbench_168331,lcbench,GP,2,200,200,-86.88076782226562,-86.88076782226562,86.88076782226562,,True,102.66167850000056,0.14897540001402376,102.6732176000005,10400.0,102.51270309998654,86.88076782226562,,,,,,,,,,,,,,,,,,,,
lcbench_168331,lcbench,GP,3,200,200,-86.88076782226562,-86.88076782226562,86.88076782226562,,True,102.73611420000088,0.15141149995179148,102.74929399999382,10400.0,102.58470270004909,86.88076782226562,,,,,,,,,,,,,,,,,,,,
lcbench_168331,lcbench,GP,4,200,200,-86.88076782226562,-86.88076782226562,86.88076782226562,,True,97.81572880000022,0.15000689993030392,97.82927600000403,10400.0,97.66572190006991,86.88076782226562,,,,,,,,,,,,,,,,,,,,
lcbench_168331,lcbench,GP,5,200,200,-86.88076782226562,-86.88076782226562,86.88076782226562,,True,98.09818790000281,0.15970809999998892,98.1087480999995,10400.0,97.93847980000282,86.88076782226562,,,,,,,,,,,,,,,,,,,,
lcbench_168331,lcbench,GP,6,200,200,-81.37940216064453,-81.37940216064453,81.37940216064453,,True,89.56662530000176,0.14452159990469227,89.57936360000167,10400.0,89.42210370009707,81.37940216064453,,,,,,,,,,,,,,,,,,,,
lcbench_168331,lcbench,GP,7,200,200,-86.88076782226562,-86.88076782226562,86.88076782226562,,True,97.81891590000305,0.14799399992625695,97.83059979999962,10400.0,97.67092190007679,86.88076782226562,,,,,,,,,,,,,,,,,,,,
lcbench_168331,lcbench,GP,8,200,200,-86.88076782226562,-86.88076782226562,86.88076782226562,,True,97.3309883999973,0.15138980003393954,97.36719549999543,10400.0,97.17959859996336,86.88076782226562,,,,,,,,,,,,,,,,,,,,
lcbench_168331,lcbench,GP,9,200,200,-86.88076782226562,-86.88076782226562,86.88076782226562,,True,103.73308339999494,0.15075700003944803,103.77889159999904,10400.0,103.58232639995549,86.88076782226562,,,,,,,,,,,,,,,,,,,,
lcbench_168331,lcbench,GP,10,200,200,-86.88076782226562,-86.88076782226562,86.88076782226562,,True,99.7829580999969,0.15855289999308297,99.79858560000139,10400.0,99.62440520000382,86.88076782226562,,,,,,,,,,,,,,,,,,,,
lcbench_168331,lcbench,GP,11,200,200,-86.88076782226562,-86.88076782226562,86.88076782226562,,True,102.17082690000098,0.16905140004382702,102.18292839999776,10400.0,102.00177549995715,86.88076782226562,,,,,,,,,,,,,,,,,,,,
lcbench_168331,lcbench,GP,12,200,200,-83.64106750488281,-83.64106750488281,83.64106750488281,,True,95.2099601000009,0.16542530005972367,95.22029750000365,10400.0,95.04453479994118,83.64106750488281,,,,,,,,,,,,,,,,,,,,
lcbench_168331,lcbench,GP,13,200,200,-86.88076782226562,-86.88076782226562,86.88076782226562,,True,96.01863130000129,0.15864019995206036,96.03071769999951,10400.0,95.85999110004923,86.88076782226562,,,,,,,,,,,,,,,,,,,,
lcbench_168331,lcbench,GP,14,200,200,-86.88076782226562,-86.88076782226562,86.88076782226562,,True,93.72132879999845,0.16638989993953146,93.73875480000424,10400.0,93.55493890005891,86.88076782226562,,,,,,,,,,,,,,,,,,,,
lcbench_168331,lcbench,GP,15,200,200,-86.88076782226562,-86.88076782226562,86.88076782226562,,True,95.4993347999989,0.15730999997322215,95.51165939999919,10400.0,95.34202480002568,86.88076782226562,,,,,,,,,,,,,,,,,,,,
lcbench_168331,lcbench,GP,16,200,200,-86.88076782226562,-86.88076782226562,86.88076782226562,,True,101.5434041999979,0.1586722000138252,101.55507200000284,10400.0,101.38473199998407,86.88076782226562,,,,,,,,,,,,,,,,,,,,
lcbench_168331,lcbench,GP,17,200,200,-86.88076782226562,-86.88076782226562,86.88076782226562,,True,89.42158490000293,0.1615980999340536,89.43452529999922,10400.0,89.25998680006887,86.88076782226562,,,,,,,,,,,,,,,,,,,,
lcbench_168331,lcbench,GP,18,200,200,-86.88076782226562,-86.88076782226562,86.88076782226562,,True,95.15224900000612,0.16865699992195005,95.16474500000186,10400.0,94.98359200008417,86.88076782226562,,,,,,,,,,,,,,,,,,,,
lcbench_168331,lcbench,GP,19,200,200,-86.88076782226562,-86.88076782226562,86.88076782226562,,True,85.12135550000676,0.16059590001532342,85.12878949999867,10400.0,84.96075959999143,86.88076782226562,,,,,,,,,,,,,,,,,,,,
lcbench_168331,lcbench,L1_K1_VITERBI_SUB,0,200,200,-51.164756774902344,-51.164756774902344,51.164756774902344,,True,1.0356114999958663,0.12260750005953014,1.0623870999988867,10400.0,0.9130039999363362,51.164756774902344,200.0,-51.164756774902344,0.8260869565217391,0.0,0.0,0.0,34.0,1.0352333999981056,0.1372361000321689,0.8979972999659367,0.7717391304347826,0.8450704225352113,0.22826086956521738,0.7619047619047619,0.0,,"{""decoder"": ""viterbi"", ""explore_subsample"": true, ""n_chains"": 1, ""orchestrate_every"": 0, ""p_dream"": 0.0, ""seed"": 0}",,,
lcbench_168331,lcbench,L1_K1_VITERBI_SUB,1,200,200,-68.29254913330078,-68.29254913330078,68.29254913330078,,True,1.0655867000023136,0.12005860003409907,1.0786956000010832,10400.0,0.9455280999682145,68.29254913330078,200.0,-68.29254913330078,0.5597826086956522,0.0,0.0,0.0,34.0,1.065352300000086,0.13473479990352644,0.9306175000965595,0.625,0.6347826086956522,0.375,0.43478260869565216,0.0,,"{""decoder"": ""viterbi"", ""explore_subsample"": true, ""n_chains"": 1, ""orchestrate_every"": 0, ""p_dream"": 0.0, ""seed"": 1}",,,
lcbench_168331,lcbench,L1_K1_VITERBI_SUB,2,200,200,-76.43473052978516,-76.43473052978516,76.43473052978516,,True,1.0033884000004036,0.11216670001886087,1.0229579000006197,10400.0,0.8912216999815428,76.43473052978516,200.0,-76.43473052978516,0.6141304347826086,0.0,0.0,0.0,34.0,1.003083499999775,0.128135800070595,0.8749476999291801,0.7282608695652174,0.6268656716417911,0.2717391304347826,0.58,0.0,,"{""decoder"": ""viterbi"", ""explore_subsample"": true, ""n_chains"": 1, ""orchestrate_every"": 0, ""p_dream"": 0.0, ""seed"": 2}",,,
lcbench_168331,lcbench,L1_K1_VITERBI_SUB,3,200,200,-76.56503295898438,-76.56503295898438,76.56503295898438,,True,1.062455500003125,0.12112599999818485,1.0749393000005512,10400.0,0.9413295000049402,76.56503295898438,200.0,-76.56503295898438,0.6739130434782609,0.0,0.0,0.0,34.0,1.0622408999988693,0.13721280002209824,0.925028099976771,0.5869565217391305,0.7037037037037037,0.41304347826086957,0.631578947368421,0.0,,"{""decoder"": ""viterbi"", ""explore_subsample"": true, ""n_chains"": 1, ""orchestrate_every"": 0, ""p_dream"": 0.0, ""seed"": 3}",,,
lcbench_168331,lcbench,L1_K1_VITERBI_SUB,4,200,200,-75.5589370727539,-75.5589370727539,75.5589370727539,,True,1.044732299997122,0.1182171000764356,1.0575693000064348,10400.0,0.9265151999206864,75.5589370727539,200.0,-75.5589370727539,0.6467391304347826,0.0,0.0,0.0,34.0,1.0444856000030995,0.13286889999289997,0.9116167000101996,0.657608695652174,0.6694214876033058,0.3423913043478261,0.6031746031746031,0.0,,"{""decoder"": ""viterbi"", ""explore_subsample"": true, ""n_chains"": 1, ""orchestrate_every"": 0, ""p_dream"": 0.0, ""seed"": 4}",,,
lcbench_168331,lcbench,L1_K1_VITERBI_SUB,5,200,200,-72.92660522460938,-72.92660522460938,72.92660522460938,,True,1.0282335999945644,0.1141739999584388,1.0415024000030826,10400.0,0.9140596000361256,72.92660522460938,200.0,-72.92660522460938,0.7228260869565217,0.0,0.0,0.0,34.0,1.0280219999986002,0.12883360003615962,0.8991883999624406,0.657608695652174,0.7603305785123967,0.3423913043478261,0.6507936507936508,0.0,,"{""decoder"": ""viterbi"", ""explore_subsample"": true, ""n_chains"": 1, ""orchestrate_every"": 0, ""p_dream"": 0.0, ""seed"": 5}",,,
lcbench_168331,lcbench,L1_K1_VITERBI_SUB,6,200,200,-73.31683349609375,-73.31683349609375,73.31683349609375,,True,1.044944100001885,0.11637089995201677,1.066251199998078,10400.0,0.9285732000498683,73.31683349609375,200.0,-73.31683349609375,0.6467391304347826,0.0,0.0,0.0,34.0,1.044632899996941,0.13100849998591002,0.913624400011031,0.532608695652174,0.7244897959183674,0.4673913043478261,0.5581395348837209,0.0,,"{""decoder"": ""viterbi"", ""explore_subsample"": true, ""n_chains"": 1, ""orchestrate_every"": 0, ""p_dream"": 0.0, ""seed"": 6}",,,
lcbench_168331,lcbench,L1_K1_VITERBI_SUB,7,200,200,-78.26673126220703,-78.26673126220703,78.26673126220703,,True,1.0275400999962585,0.11517370001092786,1.040827899996657,10400.0,0.9123663999853306,78.26673126220703,200.0,-78.26673126220703,0.6739130434782609,0.0,0.0,0.0,34.0,1.0272960000002058,0.12997830004314892,0.8973176999570569,0.5760869565217391,0.7924528301886793,0.42391304347826086,0.5128205128205128,0.0,,"{""decoder"": ""viterbi"", ""explore_subsample"": true, ""n_chains"": 1, ""orchestrate_every"": 0, ""p_dream"": 0.0, ""seed"": 7}",,,
lcbench_168331,lcbench,L1_K1_VITERBI_SUB,8,200,200,-64.54435729980469,-64.54435729980469,64.54435729980469,,True,1.0832660000014585,0.11386689998471411,1.0938905000002705,10400.0,0.9693991000167443,64.54435729980469,200.0,-64.54435729980469,0.7880434782608695,0.0,0.0,0.0,34.0,1.083033399998385,0.12925260006159078,0.9537807999367942,0.6739130434782609,0.8387096774193549,0.32608695652173914,0.6833333333333333,0.0,,"{""decoder"": ""viterbi"", ""explore_subsample"": true, ""n_chains"": 1, ""orchestrate_every"": 0, ""p_dream"": 0.0, ""seed"": 8}",,,
lcbench_168331,lcbench,L1_K1_VITERBI_SUB,9,200,200,-76.13601684570312,-76.13601684570312,76.13601684570312,,True,1.0766913999977987,0.11742929994943552,1.0893160999985412,10400.0,0.9592621000483632,76.13601684570312,200.0,-76.13601684570312,0.7282608695652174,0.0,0.0,0.0,34.0,1.076443300000392,0.13220990003901534,0.9442333999613766,0.6630434782608695,0.7786885245901639,0.33695652173913043,0.6290322580645161,0.0,,"{""decoder"": ""viterbi"", ""explore_subsample"": true, ""n_chains"": 1, ""orchestrate_every"": 0, ""p_dream"": 0.0, ""seed"": 9}",,,
lcbench_168331,lcbench,L1_K1_VITERBI_SUB,10,200,200,-59.61446762084961,-59.61446762084961,59.61446762084961,,True,1.1045303999999305,0.11285969997697975,1.1176647000029334,10400.0,0.9916707000229508,59.61446762084961,200.0,-59.61446762084961,0.5108695652173914,0.0,0.0,0.0,34.0,1.1042531000057352,0.1277813000633614,0.9764717999423738,0.5489130434782609,0.6237623762376238,0.45108695652173914,0.37349397590361444,0.0,,"{""decoder"": ""viterbi"", ""explore_subsample"": true, ""n_chains"": 1, ""orchestrate_every"": 0, ""p_dream"": 0.0, ""seed"": 10}",,,
lcbench_168331,lcbench,L1_K1_VITERBI_SUB,11,200,200,-69.5444564819336,-69.5444564819336,69.5444564819336,,True,1.0916510000024573,0.12645109995355597,1.112369000002218,10400.0,0.9651999000489013,69.5444564819336,200.0,-69.5444564819336,0.7445652173913043,0.0,0.0,0.0,34.0,1.091367100001662,0.14156010001897812,0.9498069999826839,0.6521739130434783,0.7833333333333333,0.34782608695652173,0.671875,0.0,,"{""decoder"": ""viterbi"", ""explore_subsample"": true, ""n_chains"": 1, ""orchestrate_every"": 0, ""p_dream"": 0.0, ""seed"": 11}",,,
lcbench_168331,lcbench,L1_K1_VITERBI_SUB,12,200,200,-55.37508010864258,-55.37508010864258,55.37508010864258,,True,1.0579351999986102,0.11060189997078851,1.070356600001105,10400.0,0.9473333000278217,55.37508010864258,200.0,-55.37508010864258,0.6032608695652174,0.0,0.0,0.0,34.0,1.0577293000023928,0.12550320006266702,0.9322260999397258,0.5706521739130435,0.6666666666666666,0.42934782608695654,0.5189873417721519,0.0,,"{""decoder"": ""viterbi"", ""explore_subsample"": true, ""n_chains"": 1, ""orchestrate_every"": 0, ""p_dream"": 0.0, ""seed"": 12}",,,
lcbench_168331,lcbench,L1_K1_VITERBI_SUB,13,200,200,-59.808650970458984,-59.808650970458984,59.808650970458984,,True,1.0847647000045981,0.11530190000485163,1.0976984000008088,10400.0,0.9694627999997465,59.808650970458984,200.0,-59.808650970458984,0.7391304347826086,0.0,0.0,0.0,34.0,1.0844696999993175,0.13060330005100695,0.9538663999483106,0.7065217391304348,0.823076923076923,0.29347826086956524,0.5370370370370371,0.0,,"{""decoder"": ""viterbi"", ""explore_subsample"": true, ""n_chains"": 1, ""orchestrate_every"": 0, ""p_dream"": 0.0, ""seed"": 13}",,,
lcbench_168331,lcbench,L1_K1_VITERBI_SUB,14,200,200,-68.0888671875,-68.0888671875,68.0888671875,,True,1.033983100001933,0.11119839995080838,1.0468881000051624,10400.0,0.9227847000511247,68.0888671875,200.0,-68.0888671875,0.7989130434782609,0.0,0.0,0.0,34.0,1.0337550999975065,0.12654549988656072,0.9072096001109458,0.6956521739130435,0.8203125,0.30434782608695654,0.75,0.0,,"{""decoder"": ""viterbi"", ""explore_subsample"": true, ""n_chains"": 1, ""orchestrate_every"": 0, ""p_dream"": 0.0, ""seed"": 14}",,,
lcbench_168331,lcbench,L1_K1_VITERBI_SUB,15,200,200,-71.73123931884766,-71.73123931884766,71.73123931884766,,True,1.0592892999993637,0.11528980008006329,1.0712292999960482,10400.0,0.9439994999193004,71.73123931884766,200.0,-71.73123931884766,0.7554347826086957,0.0,0.0,0.0,34.0,1.0581228000010015,0.13032150000071852,0.9278013000002829,0.5706521739130435,0.7714285714285715,0.42934782608695654,0.7341772151898734,0.0,,"{""decoder"": ""viterbi"", ""explore_subsample"": true, ""n_chains"": 1, ""orchestrate_every"": 0, ""p_dream"": 0.0, ""seed"": 15}",,,
lcbench_168331,lcbench,L1_K1_VITERBI_SUB,16,200,200,-51.79513168334961,-51.79513168334961,51.79513168334961,,True,1.0665846999982023,0.1153302999882726,1.0793013000002247,10400.0,0.9512544000099297,51.79513168334961,200.0,-51.79513168334961,0.8043478260869565,0.0,0.0,0.0,34.0,1.0663815999942017,0.13066530002834043,0.9357162999658613,0.6467391304347826,0.8067226890756303,0.3532608695652174,0.8,0.0,,"{""decoder"": ""viterbi"", ""explore_subsample"": true, ""n_chains"": 1, ""orchestrate_every"": 0, ""p_dream"": 0.0, ""seed"": 16}",,,
lcbench_168331,lcbench,L1_K1_VITERBI_SUB,17,200,200,-77.0665512084961,-77.0665512084961,77.0665512084961,,True,1.0553342000057455,0.11686250004277099,1.06788090000191,10400.0,0.9384716999629745,77.0665512084961,200.0,-77.0665512084961,0.6902173913043478,0.0,0.0,0.0,34.0,1.0551058999990346,0.13193949996639276,0.9231664000326418,0.5760869565217391,0.7075471698113207,0.42391304347826086,0.6666666666666666,0.0,,"{""decoder"": ""viterbi"", ""explore_subsample"": true, ""n_chains"": 1, ""orchestrate_every"": 0, ""p_dream"": 0.0, ""seed"": 17}",,,
lcbench_168331,lcbench,L1_K1_VITERBI_SUB,18,200,200,-61.516334533691406,-61.516334533691406,61.516334533691406,,True,1.0438491000022623,0.11560150003060699,1.0550266999998712,10400.0,0.9282475999716553,61.516334533691406,200.0,-61.516334533691406,0.625,0.0,0.0,0.0,34.0,1.043656000001647,0.13057170003594365,0.9130842999657034,0.5380434782608695,0.696969696969697,0.46195652173913043,0.5411764705882353,0.0,,"{""decoder"": ""viterbi"", ""explore_subsample"": true, ""n_chains"": 1, ""orchestrate_every"": 0, ""p_dream"": 0.0, ""seed"": 18}",,,
lcbench_168331,lcbench,L1_K1_VITERBI_SUB,19,200,200,-64.74261474609375,-64.74261474609375,64.74261474609375,,True,1.0750969000000623,0.11839349993533688,1.0874543000027188,10400.0,0.9567034000647254,64.74261474609375,200.0,-64.74261474609375,0.8043478260869565,0.0,0.0,0.0,34.0,1.0748501999987639,0.13393529997119913,0.9409149000275647,0.6847826086956522,0.8412698412698413,0.31521739130434784,0.7241379310344828,0.0,,"{""decoder"": ""viterbi"", ""explore_subsample"": true, ""n_chains"": 1, ""orchestrate_every"": 0, ""p_dream"": 0.0, ""seed"": 19}",,,
lcbench_168331,lcbench,RS,0,200,200,-58.798240661621094,-58.798240661621094,58.798240661621094,,True,0.3186243000018294,0.1275694000214571,0.3599434999996447,10400.0,0.19105489998037228,58.798240661621094,,,,,,,,,,,,,,,,,,,,
lcbench_168331,lcbench,RS,1,200,200,-63.65711212158203,-63.65711212158203,63.65711212158203,,True,0.3142230000012205,0.12650340002437588,0.3568849999937811,10400.0,0.18771959997684462,63.65711212158203,,,,,,,,,,,,,,,,,,,,
lcbench_168331,lcbench,RS,2,200,200,-63.25359344482422,-63.25359344482422,63.25359344482422,,True,0.31216739999945275,0.12890310002694605,0.3594102999995812,10400.0,0.1832642999725067,63.25359344482422,,,,,,,,,,,,,,,,,,,,
lcbench_168331,lcbench,RS,3,200,200,-70.68720245361328,-70.68720245361328,70.68720245361328,,True,0.31376270000328077,0.12853509998240042,0.36319559999537887,10400.0,0.18522760002088035,70.68720245361328,,,,,,,,,,,,,,,,,,,,
lcbench_168331,lcbench,RS,4,200,200,-67.1331787109375,-67.1331787109375,67.1331787109375,,True,0.3064973000000464,0.11994750002486398,0.35331840000435477,10400.0,0.1865497999751824,67.1331787109375,,,,,,,,,,,,,,,,,,,,
lcbench_168331,lcbench,RS,5,200,200,-62.192813873291016,-62.192813873291016,62.192813873291016,,True,0.2948067000033916,0.12259260002610972,0.306322900003579,10400.0,0.17221409997728188,62.192813873291016,,,,,,,,,,,,,,,,,,,,
lcbench_168331,lcbench,RS,6,200,200,-65.81085205078125,-65.81085205078125,65.81085205078125,,True,0.2943955999944592,0.11704130005819025,0.30795320000470383,10400.0,0.17735429993626894,65.81085205078125,,,,,,,,,,,,,,,,,,,,
lcbench_168331,lcbench,RS,7,200,200,-68.27587890625,-68.27587890625,68.27587890625,,True,0.284941500001878,0.11332299998321105,0.2959132000032696,10400.0,0.17161850001866696,68.27587890625,,,,,,,,,,,,,,,,,,,,
lcbench_168331,lcbench,RS,8,200,200,-68.16241455078125,-68.16241455078125,68.16241455078125,,True,0.2857071999969776,0.11414420005166903,0.3301618999976199,10400.0,0.17156299994530855,68.16241455078125,,,,,,,,,,,,,,,,,,,,
lcbench_168331,lcbench,RS,9,200,200,-61.93983459472656,-61.93983459472656,61.93983459472656,,True,0.28462840000429424,0.11129550007171929,0.29459510000015143,10400.0,0.17333289993257495,61.93983459472656,,,,,,,,,,,,,,,,,,,,
lcbench_168331,lcbench,RS,10,200,200,-63.17028045654297,-63.17028045654297,63.17028045654297,,True,0.27170830000250135,0.10828010000113863,0.2827813999974751,10400.0,0.1634282000013627,63.17028045654297,,,,,,,,,,,,,,,,,,,,
lcbench_168331,lcbench,RS,11,200,200,-62.2995491027832,-62.2995491027832,62.2995491027832,,True,0.2672374999965541,0.1099186000865302,0.27883850000216626,10400.0,0.1573188999100239,62.2995491027832,,,,,,,,,,,,,,,,,,,,
lcbench_168331,lcbench,RS,12,200,200,-69.58678436279297,-69.58678436279297,69.58678436279297,,True,0.2862493000066024,0.1098906999832252,0.29777630000171484,10400.0,0.17635860002337722,69.58678436279297,,,,,,,,,,,,,,,,,,,,
lcbench_168331,lcbench,RS,13,200,200,-62.09040832519531,-62.09040832519531,62.09040832519531,,True,0.29512410000461387,0.11720039997453569,0.3067058000015095,10400.0,0.17792370003007818,62.09040832519531,,,,,,,,,,,,,,,,,,,,
lcbench_168331,lcbench,RS,14,200,200,-67.47322845458984,-67.47322845458984,67.47322845458984,,True,0.2677629000027082,0.10877899996557971,0.2775857999949949,10400.0,0.15898390003712848,67.47322845458984,,,,,,,,,,,,,,,,,,,,
lcbench_168331,lcbench,RS,15,200,200,-76.59146881103516,-76.59146881103516,76.59146881103516,,True,0.28310240000428166,0.11323230004200013,0.29420959999697516,10400.0,0.16987009996228153,76.59146881103516,,,,,,,,,,,,,,,,,,,,
lcbench_168331,lcbench,RS,16,200,200,-63.658809661865234,-63.658809661865234,63.658809661865234,,True,0.2880709000019124,0.11916439992637606,0.29802749999362277,10400.0,0.16890650007553631,63.658809661865234,,,,,,,,,,,,,,,,,,,,
lcbench_168331,lcbench,RS,17,200,200,-67.1358642578125,-67.1358642578125,67.1358642578125,,True,0.280239799998526,0.11450890005653491,0.2917509999970207,10400.0,0.16573089994199108,67.1358642578125,,,,,,,,,,,,,,,,,,,,
lcbench_168331,lcbench,RS,18,200,200,-71.97669219970703,-71.97669219970703,71.97669219970703,,True,0.2715812999958871,0.10971140000037849,0.28016589999606367,10400.0,0.1618698999955086,71.97669219970703,,,,,,,,,,,,,,,,,,,,
lcbench_168331,lcbench,RS,19,200,200,-60.75084686279297,-60.75084686279297,60.75084686279297,,True,0.2823114000057103,0.11334060001536272,0.2931492999996408,10400.0,0.1689707999903476,60.75084686279297,,,,,,,,,,,,,,,,,,,,
lcbench_168331,lcbench,TPE,0,200,200,-66.04788970947266,-66.04788970947266,66.04788970947266,,True,3.5227137000038056,0.14560520002123667,3.532300500002748,10400.0,3.377108499982569,66.04788970947266,,,,,,,,,,,,,,,,,,,,
lcbench_168331,lcbench,TPE,1,200,200,-80.43161010742188,-80.43161010742188,80.43161010742188,,True,3.4106978999989224,0.1453729999557254,3.421555499997339,10400.0,3.265324900043197,80.43161010742188,,,,,,,,,,,,,,,,,,,,
lcbench_168331,lcbench,TPE,2,200,200,-63.482269287109375,-63.482269287109375,63.482269287109375,,True,4.539974100000109,0.14531099998566788,4.551664200000232,10400.0,4.394663100014441,63.482269287109375,,,,,,,,,,,,,,,,,,,,
lcbench_168331,lcbench,TPE,3,200,200,-76.10596466064453,-76.10596466064453,76.10596466064453,,True,3.973790000003646,0.14527569997153478,3.986061299998255,10400.0,3.8285143000321114,76.10596466064453,,,,,,,,,,,,,,,,,,,,
lcbench_168331,lcbench,TPE,4,200,200,-74.13439178466797,-74.13439178466797,74.13439178466797,,True,3.8313962999964133,0.14470969994727056,3.8425014999957057,10400.0,3.6866866000491427,74.13439178466797,,,,,,,,,,,,,,,,,,,,
lcbench_168331,lcbench,TPE,5,200,200,-77.38987731933594,-77.38987731933594,77.38987731933594,,True,3.370097999999416,0.14299609998124652,3.3808131999976467,10400.0,3.2271019000181695,77.38987731933594,,,,,,,,,,,,,,,,,,,,
lcbench_168331,lcbench,TPE,6,200,200,-82.55065155029297,-82.55065155029297,82.55065155029297,,True,3.8846215000012307,0.14435750001575798,3.9288145000027725,10400.0,3.7402639999854728,82.55065155029297,,,,,,,,,,,,,,,,,,,,
lcbench_168331,lcbench,TPE,7,200,200,-73.02696228027344,-73.02696228027344,73.02696228027344,,True,3.4869763999959105,0.14922280002792832,3.5361155999999028,10400.0,3.337753599967982,73.02696228027344,,,,,,,,,,,,,,,,,,,,
lcbench_168331,lcbench,TPE,8,200,200,-62.74806594848633,-62.74806594848633,62.74806594848633,,True,3.869146199998795,0.1420648999628611,3.8794648999974015,10400.0,3.727081300035934,62.74806594848633,,,,,,,,,,,,,,,,,,,,
lcbench_168331,lcbench,TPE,9,200,200,-81.38778686523438,-81.38778686523438,81.38778686523438,,True,4.233699500000512,0.14059729999280535,4.244119599999976,10400.0,4.093102200007706,81.38778686523438,,,,,,,,,,,,,,,,,,,,
lcbench_168331,lcbench,TPE,10,200,200,-78.71886444091797,-78.71886444091797,78.71886444091797,,True,3.643361000002187,0.14778190004290082,3.6545781000022544,10400.0,3.4955790999592864,78.71886444091797,,,,,,,,,,,,,,,,,,,,
lcbench_168331,lcbench,TPE,11,200,200,-83.35726165771484,-83.35726165771484,83.35726165771484,,True,3.925451899995096,0.14083569996000733,3.9369573000003584,10400.0,3.7846162000350887,83.35726165771484,,,,,,,,,,,,,,,,,,,,
lcbench_168331,lcbench,TPE,12,200,200,-81.90480041503906,-81.90480041503906,81.90480041503906,,True,2.9087615000025835,0.13938430001871893,2.922380500000145,10400.0,2.7693771999838646,81.90480041503906,,,,,,,,,,,,,,,,,,,,
lcbench_168331,lcbench,TPE,13,200,200,-77.94019317626953,-77.94019317626953,77.94019317626953,,True,2.9078121000056854,0.13611229999514762,2.917660300001444,10400.0,2.7716998000105377,77.94019317626953,,,,,,,,,,,,,,,,,,,,
lcbench_168331,lcbench,TPE,14,200,200,-78.87186431884766,-78.87186431884766,78.87186431884766,,True,3.2347907000003033,0.13788759996532463,3.245392199998605,10400.0,3.0969031000349787,78.87186431884766,,,,,,,,,,,,,,,,,,,,
lcbench_168331,lcbench,TPE,15,200,200,-68.64947509765625,-68.64947509765625,68.64947509765625,,True,3.9717567000043346,0.13785119997919537,3.9826438999953098,10400.0,3.833905500025139,68.64947509765625,,,,,,,,,,,,,,,,,,,,
lcbench_168331,lcbench,TPE,16,200,200,-75.6284408569336,-75.6284408569336,75.6284408569336,,True,4.161796899999899,0.1384809999653953,4.171728499997698,10400.0,4.023315900034504,75.6284408569336,,,,,,,,,,,,,,,,,,,,
lcbench_168331,lcbench,TPE,17,200,200,-75.37771606445312,-75.37771606445312,75.37771606445312,,True,3.4728599000009126,0.1412070999140269,3.483373399998527,10400.0,3.3316528000868857,75.37771606445312,,,,,,,,,,,,,,,,,,,,
lcbench_168331,lcbench,TPE,18,200,200,-76.85297393798828,-76.85297393798828,76.85297393798828,,True,2.8913065000015195,0.1397627999613178,2.9019869999974617,10400.0,2.7515437000402017,76.85297393798828,,,,,,,,,,,,,,,,,,,,
lcbench_168331,lcbench,TPE,19,200,200,-78.32453155517578,-78.32453155517578,78.32453155517578,,True,3.6741336999984924,0.1416536000178894,3.684912099997746,10400.0,3.532480099980603,78.32453155517578,,,,,,,,,,,,,,,,,,,,
lcbench_168331,lcbench,TPE_HB,0,200,1745,-64.45037078857422,-64.45037078857422,64.45037078857422,,True,14.207490200002212,0.472347699891543,14.216290299998946,10410.0,13.735142500110669,64.45037078857422,,,,,,,,,,,,,,,,,,,,
lcbench_168331,lcbench,TPE_HB,1,200,1662,-57.076778411865234,-57.076778411865234,57.076778411865234,,True,29.929523000006157,0.9168798000973766,82.59752370000206,10406.0,29.01264319990878,57.076778411865234,,,,,,,,,,,,,,,,,,,,
lcbench_168331,lcbench,TPE_HB,2,200,1852,-73.9500961303711,-73.9500961303711,73.9500961303711,,True,11.276987899997039,0.35835400007636053,11.283595100001548,10400.0,10.918633899920678,73.9500961303711,,,,,,,,,,,,,,,,,,,,
lcbench_168331,lcbench,TPE_HB,3,200,1935,-82.69942474365234,-82.69942474365234,82.69942474365234,,True,15.460936499999661,0.48103300002549076,15.466019299994514,10403.0,14.97990349997417,82.69942474365234,,,,,,,,,,,,,,,,,,,,
lcbench_168331,lcbench,TPE_HB,4,200,1857,-66.10498046875,-66.10498046875,66.10498046875,,True,37.10033249999833,0.8052056000233279,37.10970699999598,10402.0,36.295126899975,66.10498046875,,,,,,,,,,,,,,,,,,,,
lcbench_168331,lcbench,TPE_HB,5,200,1787,-78.46942138671875,-78.46942138671875,78.46942138671875,,True,21.186841599999752,0.7198394999286393,21.191867000001366,10410.0,20.467002100071113,78.46942138671875,,,,,,,,,,,,,,,,,,,,
lcbench_168331,lcbench,TPE_HB,6,200,1473,-66.13726806640625,-66.13726806640625,66.13726806640625,,True,11.93362860000343,0.6600131000450347,11.939323099999456,10404.0,11.273615499958396,66.13726806640625,,,,,,,,,,,,,,,,,,,,
lcbench_168331,lcbench,TPE_HB,7,200,1903,-66.6935043334961,-66.6935043334961,66.6935043334961,,True,28.416257299999415,0.9832630000892095,28.424280400002317,10403.0,27.432994299910206,66.6935043334961,,,,,,,,,,,,,,,,,,,,
lcbench_168331,lcbench,TPE_HB,8,200,1755,-53.107120513916016,-53.107120513916016,53.107120513916016,,True,29.03745749999507,0.9270693000216852,29.043383399999584,10410.0,28.110388199973386,53.107120513916016,,,,,,,,,,,,,,,,,,,,
lcbench_168331,lcbench,TPE_HB,9,200,2048,-82.30664825439453,-82.30664825439453,82.30664825439453,,True,29.88457339999877,1.160352999897441,29.89364729999943,10401.0,28.72422040010133,82.30664825439453,,,,,,,,,,,,,,,,,,,,
lcbench_168331,lcbench,TPE_HB,10,200,2034,-51.35276794433594,-51.35276794433594,51.35276794433594,,True,30.043559599995206,1.152727400061849,30.052942900001653,10412.0,28.890832199933357,51.35276794433594,,,,,,,,,,,,,,,,,,,,
lcbench_168331,lcbench,TPE_HB,11,200,1328,-63.23163986206055,-63.23163986206055,63.23163986206055,,True,13.997405699999945,0.6787684000446461,14.006610099997488,10403.0,13.318637299955299,63.23163986206055,,,,,,,,,,,,,,,,,,,,
lcbench_168331,lcbench,TPE_HB,12,200,1683,-71.6214599609375,-71.6214599609375,71.6214599609375,,True,19.977505000002566,0.9178253000427503,19.98749250000401,10400.0,19.059679699959815,71.6214599609375,,,,,,,,,,,,,,,,,,,,
lcbench_168331,lcbench,TPE_HB,13,200,2289,-73.89327239990234,-73.89327239990234,73.89327239990234,,True,30.071121900000435,1.336611699895002,30.08013710000523,10401.0,28.734510200105433,73.89327239990234,,,,,,,,,,,,,,,,,,,,
lcbench_168331,lcbench,TPE_HB,14,200,1644,-58.71284484863281,-58.71284484863281,58.71284484863281,,True,13.291987599994172,0.9164987000622205,13.30230550000124,10424.0,12.375488899931952,58.71284484863281,,,,,,,,,,,,,,,,,,,,
lcbench_168331,lcbench,TPE_HB,15,200,1210,-58.972442626953125,-58.972442626953125,58.972442626953125,,True,9.042759299998579,0.6410977000632556,9.052676300001622,10402.0,8.401661599935323,58.972442626953125,,,,,,,,,,,,,,,,,,,,
lcbench_168331,lcbench,TPE_HB,16,200,1615,-79.4960708618164,-79.4960708618164,79.4960708618164,,True,36.689400499999465,0.8854161001581815,36.70108210000035,10403.0,35.80398439984128,79.4960708618164,,,,,,,,,,,,,,,,,,,,
lcbench_168331,lcbench,TPE_HB,17,200,2021,-80.3040771484375,-80.3040771484375,80.3040771484375,,True,33.81448110000201,1.127319900166185,33.82474099999672,10400.0,32.68716119983583,80.3040771484375,,,,,,,,,,,,,,,,,,,,
lcbench_168331,lcbench,TPE_HB,18,200,1627,-76.04792022705078,-76.04792022705078,76.04792022705078,,True,15.609171800002514,0.8523757998846122,15.619159400004719,10405.0,14.756796000117902,76.04792022705078,,,,,,,,,,,,,,,,,,,,
lcbench_168331,lcbench,TPE_HB,19,200,1634,-70.60797119140625,-70.60797119140625,70.60797119140625,,True,26.358634700001858,0.8633584998169681,26.368407599999045,10411.0,25.49527620018489,70.60797119140625,,,,,,,,,,,,,,,,,,,,
lcbench_168910,lcbench,CMAES,0,200,200,-71.53121948242188,-71.53121948242188,71.53121948242188,,True,0.2293666999976267,0.04439350002940046,57.36821549999877,10400.0,0.18497319996822625,71.53121948242188,,,,,,,,,,,,,,,,,,,,
lcbench_168910,lcbench,CMAES,1,200,200,-71.82090759277344,-71.82090759277344,71.82090759277344,,True,0.28124229999957606,0.05667659993196139,54.564739300003566,10400.0,0.22456570006761467,71.82090759277344,,,,,,,,,,,,,,,,,,,,
lcbench_168910,lcbench,CMAES,2,200,200,-74.49527740478516,-74.49527740478516,74.49527740478516,,True,0.4573019000017666,0.11746160002076067,10.743310700003349,10400.0,0.33984029998100596,74.49527740478516,,,,,,,,,,,,,,,,,,,,
lcbench_168910,lcbench,CMAES,3,200,200,-68.61033630371094,-68.61033630371094,68.61033630371094,,True,0.3316342000034638,0.07111090003309073,54.02069749999646,10400.0,0.26052329997037305,68.61033630371094,,,,,,,,,,,,,,,,,,,,
lcbench_168910,lcbench,CMAES,4,200,200,-68.48991394042969,-68.48991394042969,68.48991394042969,,True,0.25312129999656463,0.052392199970199727,53.929244899998594,10400.0,0.2007291000263649,68.48991394042969,,,,,,,,,,,,,,,,,,,,
lcbench_168910,lcbench,CMAES,5,200,200,-71.05433654785156,-71.05433654785156,71.05433654785156,,True,0.3048092000026372,0.06774529996619094,53.81057829999918,10400.0,0.23706390003644628,71.05433654785156,,,,,,,,,,,,,,,,,,,,
lcbench_168910,lcbench,CMAES,6,200,200,-79.3760757446289,-79.3760757446289,79.3760757446289,,True,0.3536839999942458,0.08547570000519045,53.778021300000546,10400.0,0.2682082999890554,79.3760757446289,,,,,,,,,,,,,,,,,,,,
lcbench_168910,lcbench,CMAES,7,200,200,-71.10721588134766,-71.10721588134766,71.10721588134766,,True,0.4465416000020923,0.1244589999987511,0.4577361000046949,10400.0,0.3220826000033412,71.10721588134766,,,,,,,,,,,,,,,,,,,,
lcbench_168910,lcbench,CMAES,8,200,200,-81.19304656982422,-81.19304656982422,81.19304656982422,,True,0.2892457999987528,0.07226179995632265,0.2975201000008383,10400.0,0.21698400004243013,81.19304656982422,,,,,,,,,,,,,,,,,,,,
lcbench_168910,lcbench,CMAES,9,200,200,-69.9209976196289,-69.9209976196289,69.9209976196289,,True,0.30682700000033947,0.07766380003886297,0.3145753999997396,10400.0,0.2291631999614765,69.9209976196289,,,,,,,,,,,,,,,,,,,,
lcbench_168910,lcbench,CMAES,10,200,200,-71.43414306640625,-71.43414306640625,71.43414306640625,,True,0.3431462000007741,0.08463579993986059,0.352337999996962,10400.0,0.2585104000609135,71.43414306640625,,,,,,,,,,,,,,,,,,,,
lcbench_168910,lcbench,CMAES,11,200,200,-81.10420227050781,-81.10420227050781,81.10420227050781,,True,0.36975360000360524,0.1019265000068117,0.37788809999619843,10400.0,0.26782709999679355,81.10420227050781,,,,,,,,,,,,,,,,,,,,
lcbench_168910,lcbench,CMAES,12,200,200,-71.3921890258789,-71.3921890258789,71.3921890258789,,True,0.3264707999987877,0.07384110004204558,0.33363899999676505,10400.0,0.2526296999567421,71.3921890258789,,,,,,,,,,,,,,,,,,,,
lcbench_168910,lcbench,CMAES,13,200,200,-77.77565002441406,-77.77565002441406,77.77565002441406,,True,0.3589455999972415,0.09556230002635857,0.36672969999926863,10400.0,0.26338329997088294,77.77565002441406,,,,,,,,,,,,,,,,,,,,
lcbench_168910,lcbench,CMAES,14,200,200,-69.49950408935547,-69.49950408935547,69.49950408935547,,True,0.32821859999967273,0.09244609997404041,0.33690519999800017,10400.0,0.23577250002563233,69.49950408935547,,,,,,,,,,,,,,,,,,,,
lcbench_168910,lcbench,CMAES,15,200,200,-70.64178466796875,-70.64178466796875,70.64178466796875,,True,0.37311079999926733,0.08559899994725129,53.31888959999924,10400.0,0.28751180005201604,70.64178466796875,,,,,,,,,,,,,,,,,,,,
lcbench_168910,lcbench,CMAES,16,200,200,-71.80830383300781,-71.80830383300781,71.80830383300781,,True,0.3099891000019852,0.07353280004463159,0.32034070000372594,10400.0,0.23645629995735362,71.80830383300781,,,,,,,,,,,,,,,,,,,,
lcbench_168910,lcbench,CMAES,17,200,200,-72.63993072509766,-72.63993072509766,72.63993072509766,,True,0.35610599999927217,0.0934466999678989,0.3628205000059097,10400.0,0.2626593000313733,72.63993072509766,,,,,,,,,,,,,,,,,,,,
lcbench_168910,lcbench,CMAES,18,200,200,-79.83248138427734,-79.83248138427734,79.83248138427734,,True,0.3161151000022073,0.07669609995355131,0.3250093000024208,10400.0,0.23941900004865602,79.83248138427734,,,,,,,,,,,,,,,,,,,,
lcbench_168910,lcbench,CMAES,19,200,200,-81.46357727050781,-81.46357727050781,81.46357727050781,,True,0.3981930000009015,0.09867789995769272,53.24168289999943,10400.0,0.2995151000432088,81.46357727050781,,,,,,,,,,,,,,,,,,,,
lcbench_168910,lcbench,FMP_DREAM,0,200,200,-69.739990234375,-69.739990234375,69.739990234375,,True,0.49005429999670014,0.10028349995263852,0.5016902999996091,10400.0,0.3897708000440616,69.739990234375,200.0,-69.739990234375,0.7696629213483146,0.5224719101123596,3.0,3.0,13.0,0.48984090000158176,0.1148669000249356,0.37497399997664616,0.6797752808988764,0.8264462809917356,0.3202247191011236,0.6491228070175439,0.0,,"{""decoder"": ""soft"", ""explore_subsample"": false, ""n_chains"": 4, ""orchestrate_every"": 5, ""p_dream"": 0.5, ""seed"": 0}",,,
lcbench_168910,lcbench,FMP_DREAM,1,200,200,-84.17143249511719,-84.17143249511719,84.17143249511719,,True,0.45928529999946477,0.10153969995735679,0.4720904999994673,10400.0,0.357745600042108,84.17143249511719,200.0,-84.17143249511719,0.6348314606741573,0.5,6.0,0.0,9.0,0.45903120000002673,0.1155377000613953,0.34349349993863143,0.6460674157303371,0.7130434782608696,0.3539325842696629,0.49206349206349204,0.0,,"{""decoder"": ""soft"", ""explore_subsample"": false, ""n_chains"": 4, ""orchestrate_every"": 5, ""p_dream"": 0.5, ""seed"": 1}",,,
lcbench_168910,lcbench,FMP_DREAM,2,200,200,-72.57788848876953,-72.57788848876953,72.57788848876953,,True,0.4482971999968868,0.0967291000415571,0.46098150000034366,10400.0,0.35156809995532967,72.57788848876953,200.0,-72.57788848876953,0.7865168539325843,0.5337078651685393,5.0,1.0,11.0,0.4480847000013455,0.1103704999841284,0.3377142000172171,0.6966292134831461,0.8145161290322581,0.30337078651685395,0.7222222222222222,0.0,,"{""decoder"": ""soft"", ""explore_subsample"": false, ""n_chains"": 4, ""orchestrate_every"": 5, ""p_dream"": 0.5, ""seed"": 2}",,,
lcbench_168910,lcbench,FMP_DREAM,3,200,200,-68.33919525146484,-68.33919525146484,68.33919525146484,,True,0.5458619000055478,0.1151713999643107,0.5580446000021766,10400.0,0.4306905000412371,68.33919525146484,200.0,-68.33919525146484,0.7888888888888889,0.5222222222222223,4.0,0.0,14.0,0.5456403999996837,0.12971549995563691,0.4159249000440468,0.7222222222222222,0.823076923076923,0.2777777777777778,0.7,0.0,,"{""decoder"": ""soft"", ""explore_subsample"": false, ""n_chains"": 4, ""orchestrate_every"": 5, ""p_dream"": 0.5, ""seed"": 3}",,,
lcbench_168910,lcbench,FMP_DREAM,4,200,200,-70.65754699707031,-70.65754699707031,70.65754699707031,,True,0.5851842000047327,0.1111134000311722,0.5981687999956193,10400.0,0.4740707999735605,70.65754699707031,200.0,-70.65754699707031,0.7611111111111111,0.5611111111111111,4.0,0.0,15.0,0.5849588999990374,0.1278168999706395,0.4571420000283979,0.65,0.7692307692307693,0.35,0.746031746031746,0.0,,"{""decoder"": ""soft"", ""explore_subsample"": false, ""n_chains"": 4, ""orchestrate_every"": 5, ""p_dream"": 0.5, ""seed"": 4}",,,
lcbench_168910,lcbench,FMP_DREAM,5,200,200,-79.2973861694336,-79.2973861694336,79.2973861694336,,True,0.5260790999964229,0.12200570007553324,0.5358159999959753,10400.0,0.40407339992088964,79.2973861694336,200.0,-79.2973861694336,0.7039106145251397,0.553072625698324,4.0,1.0,12.0,0.5258810000013909,0.13608640000165906,0.38979459999973187,0.6536312849162011,0.7777777777777778,0.3463687150837989,0.5645161290322581,0.0,,"{""decoder"": ""soft"", ""explore_subsample"": false, ""n_chains"": 4, ""orchestrate_every"": 5, ""p_dream"": 0.5, ""seed"": 5}",,,
lcbench_168910,lcbench,FMP_DREAM,6,200,200,-78.23807525634766,-78.23807525634766,78.23807525634766,,True,0.5827424000017345,0.10855010001250776,0.5959337999956915,10400.0,0.47419229998922674,78.23807525634766,200.0,-78.23807525634766,0.5865921787709497,0.4748603351955307,5.0,0.0,13.0,0.5824923999971361,0.12525799997820286,0.45723440001893323,0.4972067039106145,0.6179775280898876,0.5027932960893855,0.5555555555555556,0.0,,"{""decoder"": ""soft"", ""explore_subsample"": false, ""n_chains"": 4, ""orchestrate_every"": 5, ""p_dream"": 0.5, ""seed"": 6}",,,
lcbench_168910,lcbench,FMP_DREAM,7,200,200,-69.87459564208984,-69.87459564208984,69.87459564208984,,True,0.5088218999953824,0.10884999998961575,0.5213596999965375,10400.0,0.39997190000576666,69.87459564208984,200.0,-69.87459564208984,0.7528089887640449,0.47752808988764045,5.0,1.0,11.0,0.5086105999944266,0.1233250999939628,0.3852855000004638,0.7415730337078652,0.8257575757575758,0.25842696629213485,0.5434782608695652,0.0,,"{""decoder"": ""soft"", ""explore_subsample"": false, ""n_chains"": 4, ""orchestrate_every"": 5, ""p_dream"": 0.5, ""seed"": 7}",,,
lcbench_168910,lcbench,FMP_DREAM,8,200,200,-76.65855407714844,-76.65855407714844,76.65855407714844,,True,0.5659487000011723,0.1118094999474124,0.5794894999999087,10400.0,0.45413920005375985,76.65855407714844,200.0,-76.65855407714844,0.6611111111111111,0.4888888888888889,4.0,0.0,16.0,0.5657074999980978,0.12690119991020765,0.4388063000878901,0.48333333333333334,0.6896551724137931,0.5166666666666667,0.6344086021505376,0.0,,"{""decoder"": ""soft"", ""explore_subsample"": false, ""n_chains"": 4, ""orchestrate_every"": 5, ""p_dream"": 0.5, ""seed"": 8}",,,
lcbench_168910,lcbench,FMP_DREAM,9,200,200,-74.8941879272461,-74.8941879272461,74.8941879272461,,True,0.4903880999991088,0.10719629997765878,0.5014974000005168,10400.0,0.38319180002145004,74.8941879272461,200.0,-74.8941879272461,0.7039106145251397,0.5083798882681564,5.0,0.0,11.0,0.4901858000011998,0.12217730001430027,0.36800849998689955,0.6256983240223464,0.75,0.3743016759776536,0.6268656716417911,0.0,,"{""decoder"": ""soft"", ""explore_subsample"": false, ""n_chains"": 4, ""orchestrate_every"": 5, ""p_dream"": 0.5, ""seed"": 9}",,,
lcbench_168910,lcbench,FMP_DREAM,10,200,200,-70.64690399169922,-70.64690399169922,70.64690399169922,,True,0.5822540000008303,0.1069168000103673,0.5954424000010476,10400.0,0.475337199990463,70.64690399169922,200.0,-70.64690399169922,0.7292817679558011,0.5193370165745856,3.0,0.0,21.0,0.5819970000011381,0.12153449998731958,0.4604625000138185,0.6740331491712708,0.7786885245901639,0.3259668508287293,0.6271186440677966,0.0,,"{""decoder"": ""soft"", ""explore_subsample"": false, ""n_chains"": 4, ""orchestrate_every"": 5, ""p_dream"": 0.5, ""seed"": 10}",,,
lcbench_168910,lcbench,FMP_DREAM,11,200,200,-80.94657135009766,-80.94657135009766,80.94657135009766,,True,0.45324510000500595,0.10659369997301837,0.4663342999992892,10400.0,0.3466514000319876,80.94657135009766,200.0,-80.94657135009766,0.6235955056179775,0.5786516853932584,6.0,0.0,10.0,0.45302470000024186,0.1213473999814596,0.33167730001878226,0.6629213483146067,0.711864406779661,0.33707865168539325,0.45,0.0,,"{""decoder"": ""soft"", ""explore_subsample"": false, ""n_chains"": 4, ""orchestrate_every"": 5, ""p_dream"": 0.5, ""seed"": 11}",,,
lcbench_168910,lcbench,FMP_DREAM,12,200,200,-68.66060638427734,-68.66060638427734,68.66060638427734,,True,0.4758694000047399,0.10500599999068072,0.4883902000001399,10400.0,0.37086340001405915,68.66060638427734,200.0,-68.66060638427734,0.7808988764044944,0.4887640449438202,6.0,0.0,10.0,0.4756723000027705,0.11941640004806686,0.35625589995470364,0.6741573033707865,0.8,0.3258426966292135,0.7413793103448276,0.0,,"{""decoder"": ""soft"", ""explore_subsample"": false, ""n_chains"": 4, ""orchestrate_every"": 5, ""p_dream"": 0.5, ""seed"": 12}",,,
lcbench_168910,lcbench,FMP_DREAM,13,200,200,-69.93953704833984,-69.93953704833984,69.93953704833984,,True,0.5438503999976092,0.11073600000236183,0.5570011000017985,10400.0,0.43311439999524737,69.93953704833984,200.0,-69.93953704833984,0.7653631284916201,0.4972067039106145,5.0,0.0,13.0,0.5436346999995294,0.1272277999742073,0.4164069000253221,0.7597765363128491,0.8161764705882353,0.24022346368715083,0.6046511627906976,0.0,,"{""decoder"": ""soft"", ""explore_subsample"": false, ""n_chains"": 4, ""orchestrate_every"": 5, ""p_dream"": 0.5, ""seed"": 13}",,,
lcbench_168910,lcbench,FMP_DREAM,14,200,200,-71.58226013183594,-71.58226013183594,71.58226013183594,,True,0.48938099999941187,0.10208579995378386,0.5034701999975368,10400.0,0.387295200045628,71.58226013183594,200.0,-71.58226013183594,0.6871508379888268,0.4748603351955307,3.0,2.0,12.0,0.4891581000047154,0.11589090005145408,0.3732671999532613,0.6033519553072626,0.75,0.39664804469273746,0.5915492957746479,0.0,,"{""decoder"": ""soft"", ""explore_subsample"": false, ""n_chains"": 4, ""orchestrate_every"": 5, ""p_dream"": 0.5, ""seed"": 14}",,,
lcbench_168910,lcbench,FMP_DREAM,15,200,200,-78.8489990234375,-78.8489990234375,78.8489990234375,,True,0.5462278999984846,0.10524289999739267,0.5686529999948107,10400.0,0.440985000001092,78.8489990234375,200.0,-78.8489990234375,0.7944444444444444,0.5611111111111111,4.0,0.0,15.0,0.5458709000013187,0.11966409997694427,0.4262068000243744,0.6666666666666666,0.8416666666666667,0.3333333333333333,0.7,0.0,,"{""decoder"": ""soft"", ""explore_subsample"": false, ""n_chains"": 4, ""orchestrate_every"": 5, ""p_dream"": 0.5, ""seed"": 15}",,,
lcbench_168910,lcbench,FMP_DREAM,16,200,200,-78.17393493652344,-78.17393493652344,78.17393493652344,,True,0.48953000000619795,0.10789179996936582,0.5032636999967508,10400.0,0.38163820003683213,78.17393493652344,200.0,-78.17393493652344,0.6292134831460674,0.5112359550561798,5.0,1.0,10.0,0.489284499999485,0.12279090000811266,0.3664935999913723,0.5449438202247191,0.6701030927835051,0.4550561797752809,0.5802469135802469,0.0,,"{""decoder"": ""soft"", ""explore_subsample"": false, ""n_chains"": 4, ""orchestrate_every"": 5, ""p_dream"": 0.5, ""seed"": 16}",,,
lcbench_168910,lcbench,FMP_DREAM,17,200,200,-81.4570541381836,-81.4570541381836,81.4570541381836,,True,0.47813559999485733,0.11247849997744197,0.4924869000024046,10400.0,0.36565710001741536,81.4570541381836,200.0,-81.4570541381836,0.6123595505617978,0.5168539325842697,6.0,0.0,8.0,0.47787399999651825,0.12775299992063083,0.3501210000758874,0.5786516853932584,0.6504854368932039,0.42134831460674155,0.56,0.0,,"{""decoder"": ""soft"", ""explore_subsample"": false, ""n_chains"": 4, ""orchestrate_every"": 5, ""p_dream"": 0.5, ""seed"": 17}",,,
lcbench_168910,lcbench,FMP_DREAM,18,200,200,-67.90172576904297,-67.90172576904297,67.90172576904297,,True,0.5292559000008623,0.1165683000072022,0.5408298000038485,10400.0,0.4126875999936601,67.90172576904297,200.0,-67.90172576904297,0.7388888888888889,0.4722222222222222,4.0,0.0,14.0,0.5290168999999878,0.13162279999960447,0.39739410000038333,0.6277777777777778,0.7964601769911505,0.37222222222222223,0.6417910447761194,0.0,,"{""decoder"": ""soft"", ""explore_subsample"": false, ""n_chains"": 4, ""orchestrate_every"": 5, ""p_dream"": 0.5, ""seed"": 18}",,,
lcbench_168910,lcbench,FMP_DREAM,19,200,200,-81.54566192626953,-81.54566192626953,81.54566192626953,,True,0.5498898000005283,0.11856540007283911,0.5637017999979435,10400.0,0.43132439992768923,81.54566192626953,200.0,-81.54566192626953,0.6722222222222223,0.4777777777777778,4.0,0.0,14.0,0.5496338000011747,0.13384709996171296,0.4157867000394617,0.6555555555555556,0.7288135593220338,0.34444444444444444,0.5645161290322581,0.0,,"{""decoder"": ""soft"", ""explore_subsample"": false, ""n_chains"": 4, ""orchestrate_every"": 5, ""p_dream"": 0.5, ""seed"": 19}",,,
lcbench_168910,lcbench,GP,0,200,200,-88.76787567138672,-88.76787567138672,88.76787567138672,,True,120.60669830000552,0.14778209997166414,120.62330599999405,10400.0,120.45891620003385,88.76787567138672,,,,,,,,,,,,,,,,,,,,
lcbench_168910,lcbench,GP,1,200,200,-88.7655029296875,-88.7655029296875,88.7655029296875,,True,122.75254080000013,0.1457581999784452,122.7650192000001,10400.0,122.60678260002169,88.7655029296875,,,,,,,,,,,,,,,,,,,,
lcbench_168910,lcbench,GP,2,200,200,-88.7685546875,-88.7685546875,88.7685546875,,True,103.49080909999611,0.15784619997430127,103.50201920000109,10400.0,103.33296290002181,88.7685546875,,,,,,,,,,,,,,,,,,,,
lcbench_168910,lcbench,GP,3,200,200,-88.76719665527344,-88.76719665527344,88.76719665527344,,True,124.8246788999968,0.1471266000662581,124.8367012000017,10400.0,124.67755229993054,88.76719665527344,,,,,,,,,,,,,,,,,,,,
lcbench_168910,lcbench,GP,4,200,200,-88.76787567138672,-88.76787567138672,88.76787567138672,,True,117.9759395000001,0.14736870001797797,117.98817959999724,10400.0,117.82857079998212,88.76787567138672,,,,,,,,,,,,,,,,,,,,
lcbench_168910,lcbench,GP,5,200,200,-88.531494140625,-88.531494140625,88.531494140625,,True,114.94604310000432,0.1442807999337674,114.95750849999604,10400.0,114.80176230007055,88.531494140625,,,,,,,,,,,,,,,,,,,,
lcbench_168910,lcbench,GP,6,200,200,-88.76686096191406,-88.76686096191406,88.76686096191406,,True,100.33103619999747,0.13888170000427635,100.3419681000014,10400.0,100.1921544999932,88.76686096191406,,,,,,,,,,,,,,,,,,,,
lcbench_168910,lcbench,GP,7,200,200,-88.54399108886719,-88.54399108886719,88.54399108886719,,True,119.14390709999861,0.14446539998607477,119.15648879999935,10400.0,118.99944170001254,88.54399108886719,,,,,,,,,,,,,,,,,,,,
lcbench_168910,lcbench,GP,8,200,200,-88.76821899414062,-88.76821899414062,88.76821899414062,,True,121.24859260000085,0.14702600005693967,121.28881060000276,10400.0,121.10156659994391,88.76821899414062,,,,,,,,,,,,,,,,,,,,
lcbench_168910,lcbench,GP,9,200,200,-88.76177978515625,-88.76177978515625,88.76177978515625,,True,112.94515350000438,0.14820569996663835,112.99069369999779,10400.0,112.79694780003774,88.76177978515625,,,,,,,,,,,,,,,,,,,,
lcbench_168910,lcbench,GP,10,200,200,-88.76008605957031,-88.76008605957031,88.76008605957031,,True,119.98088819999975,0.15413930000795517,119.9932656000019,10400.0,119.8267488999918,88.76008605957031,,,,,,,,,,,,,,,,,,,,
lcbench_168910,lcbench,GP,11,200,200,-88.70626831054688,-88.70626831054688,88.70626831054688,,True,132.26967299999524,0.15480669997486984,132.27939229999902,10400.0,132.11486630002037,88.70626831054688,,,,,,,,,,,,,,,,,,,,
lcbench_168910,lcbench,GP,12,200,200,-88.76753997802734,-88.76753997802734,88.76753997802734,,True,125.63029690000258,0.15805779994116165,125.64211259999865,10400.0,125.47223910006142,88.76753997802734,,,,,,,,,,,,,,,,,,,,
lcbench_168910,lcbench,GP,13,200,200,-88.75941467285156,-88.75941467285156,88.75941467285156,,True,110.54746710000472,0.15433600002143066,110.56065720000333,10400.0,110.3931310999833,88.75941467285156,,,,,,,,,,,,,,,,,,,,
lcbench_168910,lcbench,GP,14,200,200,-88.76821899414062,-88.76821899414062,88.76821899414062,,True,128.98153479999746,0.1538032999887946,128.99757740000496,10400.0,128.82773150000867,88.76821899414062,,,,,,,,,,,,,,,,,,,,
lcbench_168910,lcbench,GP,15,200,200,-88.76821899414062,-88.76821899414062,88.76821899414062,,True,128.47562379999727,0.15271160004340345,128.4888529000018,10400.0,128.32291219995386,88.76821899414062,,,,,,,,,,,,,,,,,,,,
lcbench_168910,lcbench,GP,16,200,200,-88.76719665527344,-88.76719665527344,88.76719665527344,,True,111.28438740000274,0.1596883000311209,111.29824699999881,10400.0,111.12469909997162,88.76719665527344,,,,,,,,,,,,,,,,,,,,
lcbench_168910,lcbench,GP,17,200,200,-88.7685546875,-88.7685546875,88.7685546875,,True,119.6563907000018,0.1582822000636952,119.66657520000444,10400.0,119.4981084999381,88.7685546875,,,,,,,,,,,,,,,,,,,,
lcbench_168910,lcbench,GP,18,200,200,-88.76787567138672,-88.76787567138672,88.76787567138672,,True,119.10553949999303,0.15713650007091928,119.11674199999834,10400.0,118.94840299992211,88.76787567138672,,,,,,,,,,,,,,,,,,,,
lcbench_168910,lcbench,GP,19,200,200,-88.76753997802734,-88.76753997802734,88.76753997802734,,True,110.19899810000061,0.15580359993327875,110.21887649999553,10400.0,110.04319450006733,88.76753997802734,,,,,,,,,,,,,,,,,,,,
lcbench_168910,lcbench,L1_K1_VITERBI_SUB,0,200,200,-68.87545013427734,-68.87545013427734,68.87545013427734,,True,1.0761722000024747,0.12202740002248902,1.1030939999982365,10400.0,0.9541447999799857,68.87545013427734,200.0,-68.87545013427734,0.75,0.0,0.0,0.0,34.0,1.0758352000048035,0.1372874000153388,0.9385477999894647,0.717391304347826,0.7954545454545454,0.2826086956521739,0.6346153846153846,0.0,,"{""decoder"": ""viterbi"", ""explore_subsample"": true, ""n_chains"": 1, ""orchestrate_every"": 0, ""p_dream"": 0.0, ""seed"": 0}",,,
lcbench_168910,lcbench,L1_K1_VITERBI_SUB,1,200,200,-75.77152252197266,-75.77152252197266,75.77152252197266,,True,1.030703899996297,0.12107900001865346,1.0429632000013953,10400.0,0.9096248999776435,75.77152252197266,200.0,-75.77152252197266,0.7445652173913043,0.0,0.0,0.0,34.0,1.0304484000007506,0.1357908999780193,0.8946575000227313,0.8260869565217391,0.7631578947368421,0.17391304347826086,0.65625,0.0,,"{""decoder"": ""viterbi"", ""explore_subsample"": true, ""n_chains"": 1, ""orchestrate_every"": 0, ""p_dream"": 0.0, ""seed"": 1}",,,
lcbench_168910,lcbench,L1_K1_VITERBI_SUB,2,200,200,-69.03985595703125,-69.03985595703125,69.03985595703125,,True,1.0226194999995641,0.12056359995767707,1.0357521000041743,10400.0,0.9020559000418871,69.03985595703125,200.0,-69.03985595703125,0.7554347826086957,0.0,0.0,0.0,34.0,1.0224046000003,0.1353049000390456,0.8870996999612544,0.782608695652174,0.7708333333333334,0.21739130434782608,0.7,0.0,,"{""decoder"": ""viterbi"", ""explore_subsample"": true, ""n_chains"": 1, ""orchestrate_every"": 0, ""p_dream"": 0.0, ""seed"": 2}",,,
lcbench_168910,lcbench,L1_K1_VITERBI_SUB,3,200,200,-67.85537719726562,-67.85537719726562,67.85537719726562,,True,1.0486883999983547,0.12174300001788652,1.059656500001438,10400.0,0.9269453999804682,67.85537719726562,200.0,-67.85537719726562,0.7717391304347826,0.0,0.0,0.0,34.0,1.0484773999996833,0.13627060000726487,0.9122067999924184,0.7065217391304348,0.823076923076923,0.29347826086956524,0.6481481481481481,0.0,,"{""decoder"": ""viterbi"", ""explore_subsample"": true, ""n_chains"": 1, ""orchestrate_every"": 0, ""p_dream"": 0.0, ""seed"": 3}",,,
lcbench_168910,lcbench,L1_K1_VITERBI_SUB,4,200,200,-68.82646942138672,-68.82646942138672,68.82646942138672,,True,1.0670290000052773,0.12235510002938099,1.0830105999993975,10400.0,0.9446738999758963,68.82646942138672,200.0,-68.82646942138672,0.782608695652174,0.0,0.0,0.0,34.0,1.0668306999941706,0.137362400033453,0.9294682999607176,0.8097826086956522,0.8120805369127517,0.19021739130434784,0.6571428571428571,0.0,,"{""decoder"": ""viterbi"", ""explore_subsample"": true, ""n_chains"": 1, ""orchestrate_every"": 0, ""p_dream"": 0.0, ""seed"": 4}",,,
lcbench_168910,lcbench,L1_K1_VITERBI_SUB,5,200,200,-73.93331146240234,-73.93331146240234,73.93331146240234,,True,1.0806420000008075,0.12015659997996408,1.101514000001771,10400.0,0.9604854000208434,73.93331146240234,200.0,-73.93331146240234,0.8152173913043478,0.0,0.0,0.0,34.0,1.0803611000010278,0.13472140001977095,0.9456396999812569,0.8369565217391305,0.8311688311688312,0.16304347826086957,0.7333333333333333,0.0,,"{""decoder"": ""viterbi"", ""explore_subsample"": true, ""n_chains"": 1, ""orchestrate_every"": 0, ""p_dream"": 0.0, ""seed"": 5}",,,
lcbench_168910,lcbench,L1_K1_VITERBI_SUB,6,200,200,-68.56703186035156,-68.56703186035156,68.56703186035156,,True,1.0273157000046922,0.1161031999727129,1.0388348999986192,10400.0,0.9112125000319793,68.56703186035156,200.0,-68.56703186035156,0.7663043478260869,0.0,0.0,0.0,34.0,1.0270311999993282,0.13127180002629757,0.8957593999730307,0.6739130434782609,0.7903225806451613,0.32608695652173914,0.7166666666666667,0.0,,"{""decoder"": ""viterbi"", ""explore_subsample"": true, ""n_chains"": 1, ""orchestrate_every"": 0, ""p_dream"": 0.0, ""seed"": 6}",,,
lcbench_168910,lcbench,L1_K1_VITERBI_SUB,7,200,200,-79.09346771240234,-79.09346771240234,79.09346771240234,,True,1.0658562000025995,0.11613639995630365,1.0848468999975012,10400.0,0.9497198000462959,79.09346771240234,200.0,-79.09346771240234,0.7934782608695652,0.0,0.0,0.0,34.0,1.0655692000000272,0.13376409990451066,0.9318051000955165,0.8260869565217391,0.8223684210526315,0.17391304347826086,0.65625,0.0,,"{""decoder"": ""viterbi"", ""explore_subsample"": true, ""n_chains"": 1, ""orchestrate_every"": 0, ""p_dream"": 0.0, ""seed"": 7}",,,
lcbench_168910,lcbench,L1_K1_VITERBI_SUB,8,200,200,-67.83273315429688,-67.83273315429688,67.83273315429688,,True,1.0408141000007163,0.11385019997396739,1.0540637000012794,10400.0,0.9269639000267489,67.83273315429688,200.0,-67.83273315429688,0.782608695652174,0.0,0.0,0.0,34.0,1.040582200002973,0.1284597999692778,0.9121224000336952,0.7717391304347826,0.8450704225352113,0.22826086956521738,0.5714285714285714,0.0,,"{""decoder"": ""viterbi"", ""explore_subsample"": true, ""n_chains"": 1, ""orchestrate_every"": 0, ""p_dream"": 0.0, ""seed"": 8}",,,
lcbench_168910,lcbench,L1_K1_VITERBI_SUB,9,200,200,-70.7353515625,-70.7353515625,70.7353515625,,True,1.0681324999968638,0.11423750004178146,1.079114899999695,10400.0,0.9538949999550823,70.7353515625,200.0,-70.7353515625,0.7934782608695652,0.0,0.0,0.0,34.0,1.067929599994386,0.12910050003119977,0.9388290999631863,0.7119565217391305,0.8320610687022901,0.28804347826086957,0.6981132075471698,0.0,,"{""decoder"": ""viterbi"", ""explore_subsample"": true, ""n_chains"": 1, ""orchestrate_every"": 0, ""p_dream"": 0.0, ""seed"": 9}",,,
lcbench_168910,lcbench,L1_K1_VITERBI_SUB,10,200,200,-67.88139343261719,-67.88139343261719,67.88139343261719,,True,1.0123363000020618,0.11244639992219163,1.0243169000023045,10400.0,0.8998899000798701,67.88139343261719,200.0,-67.88139343261719,0.8152173913043478,0.0,0.0,0.0,34.0,1.0121031000016956,0.1262703001339105,0.8858327998677851,0.6902173913043478,0.8346456692913385,0.30978260869565216,0.7719298245614035,0.0,,"{""decoder"": ""viterbi"", ""explore_subsample"": true, ""n_chains"": 1, ""orchestrate_every"": 0, ""p_dream"": 0.0, ""seed"": 10}",,,
lcbench_168910,lcbench,L1_K1_VITERBI_SUB,11,200,200,-77.38810729980469,-77.38810729980469,77.38810729980469,,True,1.0247512999994797,0.11603370002558222,1.0361527999993996,10400.0,0.9087175999738974,77.38810729980469,200.0,-77.38810729980469,0.8152173913043478,0.0,0.0,0.0,34.0,1.0245218000054592,0.13067980003688717,0.893841999968572,0.8586956521739131,0.8481012658227848,0.14130434782608695,0.6153846153846154,0.0,,"{""decoder"": ""viterbi"", ""explore_subsample"": true, ""n_chains"": 1, ""orchestrate_every"": 0, ""p_dream"": 0.0, ""seed"": 11}",,,
lcbench_168910,lcbench,L1_K1_VITERBI_SUB,12,200,200,-68.90632629394531,-68.90632629394531,68.90632629394531,,True,1.0436364999986836,0.11481049992289627,1.0565940000014962,10400.0,0.9288260000757873,68.90632629394531,200.0,-68.90632629394531,0.7282608695652174,0.0,0.0,0.0,34.0,1.0433833000060986,0.1294705999607686,0.91391270004533,0.7554347826086957,0.7410071942446043,0.24456521739130435,0.6888888888888889,0.0,,"{""decoder"": ""viterbi"", ""explore_subsample"": true, ""n_chains"": 1, ""orchestrate_every"": 0, ""p_dream"": 0.0, ""seed"": 12}",,,
lcbench_168910,lcbench,L1_K1_VITERBI_SUB,13,200,200,-67.94331359863281,-67.94331359863281,67.94331359863281,,True,1.0015010999995866,0.10878479994426016,1.012172400005511,10400.0,0.8927163000553264,67.94331359863281,200.0,-67.94331359863281,0.7554347826086957,0.0,0.0,0.0,34.0,1.001311700005317,0.1226804999387241,0.878631200066593,0.7336956521739131,0.7925925925925926,0.266304347826087,0.6530612244897959,0.0,,"{""decoder"": ""viterbi"", ""explore_subsample"": true, ""n_chains"": 1, ""orchestrate_every"": 0, ""p_dream"": 0.0, ""seed"": 13}",,,
lcbench_168910,lcbench,L1_K1_VITERBI_SUB,14,200,200,-68.4088363647461,-68.4088363647461,68.4088363647461,,True,1.0431107000040356,0.10702499995386461,1.0659994000016013,10400.0,0.936085700050171,68.4088363647461,200.0,-68.4088363647461,0.7282608695652174,0.0,0.0,0.0,34.0,1.0428068000037456,0.12162500000704313,0.9211817999967025,0.6793478260869565,0.768,0.32065217391304346,0.6440677966101694,0.0,,"{""decoder"": ""viterbi"", ""explore_subsample"": true, ""n_chains"": 1, ""orchestrate_every"": 0, ""p_dream"": 0.0, ""seed"": 14}",,,
lcbench_168910,lcbench,L1_K1_VITERBI_SUB,15,200,200,-69.4206771850586,-69.4206771850586,69.4206771850586,,True,1.0426073999988148,0.11483670005691238,1.0555931999988388,10400.0,0.9277706999419024,69.4206771850586,200.0,-69.4206771850586,0.6630434782608695,0.0,0.0,0.0,34.0,1.0424039999998058,0.12950750006712042,0.9128964999326854,0.625,0.7217391304347827,0.375,0.5652173913043478,0.0,,"{""decoder"": ""viterbi"", ""explore_subsample"": true, ""n_chains"": 1, ""orchestrate_every"": 0, ""p_dream"": 0.0, ""seed"": 15}",,,
lcbench_168910,lcbench,L1_K1_VITERBI_SUB,16,200,200,-67.91221618652344,-67.91221618652344,67.91221618652344,,True,1.0606617999947048,0.111778900041827,1.0828026000017417,10400.0,0.9488828999528778,67.91221618652344,200.0,-67.91221618652344,0.7717391304347826,0.0,0.0,0.0,34.0,1.0603676999962772,0.1264646999334218,0.9339030000628554,0.6684782608695652,0.8130081300813008,0.33152173913043476,0.6885245901639344,0.0,,"{""decoder"": ""viterbi"", ""explore_subsample"": true, ""n_chains"": 1, ""orchestrate_every"": 0, ""p_dream"": 0.0, ""seed"": 16}",,,
lcbench_168910,lcbench,L1_K1_VITERBI_SUB,17,200,200,-78.42528533935547,-78.42528533935547,78.42528533935547,,True,1.0348474999991595,0.108534300023166,1.046303099996294,10400.0,0.9263131999759935,78.42528533935547,200.0,-78.42528533935547,0.7228260869565217,0.0,0.0,0.0,34.0,1.0346090000020922,0.1233801000053063,0.9112288999967859,0.7771739130434783,0.7552447552447552,0.22282608695652173,0.6097560975609756,0.0,,"{""decoder"": ""viterbi"", ""explore_subsample"": true, ""n_chains"": 1, ""orchestrate_every"": 0, ""p_dream"": 0.0, ""seed"": 17}",,,
lcbench_168910,lcbench,L1_K1_VITERBI_SUB,18,200,200,-67.76884460449219,-67.76884460449219,67.76884460449219,,True,1.0279341999994358,0.10735959998419276,1.041101399998297,10400.0,0.920574600015243,67.76884460449219,200.0,-67.76884460449219,0.7934782608695652,0.0,0.0,0.0,34.0,1.0277183999933186,0.12160260001110146,0.9061157999822171,0.7336956521739131,0.8074074074074075,0.266304347826087,0.7551020408163265,0.0,,"{""decoder"": ""viterbi"", ""explore_subsample"": true, ""n_chains"": 1, ""orchestrate_every"": 0, ""p_dream"": 0.0, ""seed"": 18}",,,
lcbench_168910,lcbench,L1_K1_VITERBI_SUB,19,200,200,-78.48049926757812,-78.48049926757812,78.48049926757812,,True,1.0568617999961134,0.11851180000667227,1.0698102000023937,10400.0,0.9383499999894411,78.48049926757812,200.0,-78.48049926757812,0.8097826086956522,0.0,0.0,0.0,34.0,1.0565843999938807,0.1339852000164683,0.9225991999774124,0.8260869565217391,0.8157894736842105,0.17391304347826086,0.78125,0.0,,"{""decoder"": ""viterbi"", ""explore_subsample"": true, ""n_chains"": 1, ""orchestrate_every"": 0, ""p_dream"": 0.0, ""seed"": 19}",,,
lcbench_168910,lcbench,RS,0,200,200,-72.7142333984375,-72.7142333984375,72.7142333984375,,True,0.2702387999961502,0.09912679995613871,0.31096010000328533,10400.0,0.17111200004001148,72.7142333984375,,,,,,,,,,,,,,,,,,,,
lcbench_168910,lcbench,RS,1,200,200,-71.97161865234375,-71.97161865234375,71.97161865234375,,True,0.2918467999988934,0.11854930001572939,0.3329697000008309,10400.0,0.17329749998316402,71.97161865234375,,,,,,,,,,,,,,,,,,,,
lcbench_168910,lcbench,RS,2,200,200,-70.600830078125,-70.600830078125,70.600830078125,,True,0.28701189999992494,0.11455909996584523,0.335286300003645,10400.0,0.1724528000340797,70.600830078125,,,,,,,,,,,,,,,,,,,,
lcbench_168910,lcbench,RS,3,200,200,-68.5355224609375,-68.5355224609375,68.5355224609375,,True,0.28553429999738,0.1142944000166608,0.29769940000551287,10400.0,0.1712398999807192,68.5355224609375,,,,,,,,,,,,,,,,,,,,
lcbench_168910,lcbench,RS,4,200,200,-75.83586120605469,-75.83586120605469,75.83586120605469,,True,0.285708399998839,0.11507890002394561,0.33191770000121323,10400.0,0.1706294999748934,75.83586120605469,,,,,,,,,,,,,,,,,,,,
lcbench_168910,lcbench,RS,5,200,200,-72.76598358154297,-72.76598358154297,72.76598358154297,,True,0.2894384999963222,0.1097053000194137,0.34378730000025826,10400.0,0.1797331999769085,72.76598358154297,,,,,,,,,,,,,,,,,,,,
lcbench_168910,lcbench,RS,6,200,200,-69.81704711914062,-69.81704711914062,69.81704711914062,,True,0.27467600000090897,0.10892939999030204,0.28960409999854164,10400.0,0.16574660001060693,69.81704711914062,,,,,,,,,,,,,,,,,,,,
lcbench_168910,lcbench,RS,7,200,200,-75.48965454101562,-75.48965454101562,75.48965454101562,,True,0.26164820000121836,0.101328899996588,0.2755724999951781,10400.0,0.16031930000463035,75.48965454101562,,,,,,,,,,,,,,,,,,,,
lcbench_168910,lcbench,RS,8,200,200,-71.9576187133789,-71.9576187133789,71.9576187133789,,True,0.26446779999969294,0.09750090005400125,0.2757495999976527,10400.0,0.1669668999456917,71.9576187133789,,,,,,,,,,,,,,,,,,,,
lcbench_168910,lcbench,RS,9,200,200,-73.59831237792969,-73.59831237792969,73.59831237792969,,True,0.2553513999955612,0.09372579993942054,0.26634000000194646,10400.0,0.16162560005614068,73.59831237792969,,,,,,,,,,,,,,,,,,,,
lcbench_168910,lcbench,RS,10,200,200,-70.0582275390625,-70.0582275390625,70.0582275390625,,True,0.25883579999936046,0.10298109994619153,0.26996759999747155,10400.0,0.15585470005316893,70.0582275390625,,,,,,,,,,,,,,,,,,,,
lcbench_168910,lcbench,RS,11,200,200,-70.86444854736328,-70.86444854736328,70.86444854736328,,True,0.25502229999983683,0.10096369995153509,0.26478469999710796,10400.0,0.15405860004830174,70.86444854736328,,,,,,,,,,,,,,,,,,,,
lcbench_168910,lcbench,RS,12,200,200,-77.53274536132812,-77.53274536132812,77.53274536132812,,True,0.2645838999960688,0.1043448999262182,0.27524170000106096,10400.0,0.1602390000698506,77.53274536132812,,,,,,,,,,,,,,,,,,,,
lcbench_168910,lcbench,RS,13,200,200,-69.65557098388672,-69.65557098388672,69.65557098388672,,True,0.2734651999999187,0.1090115999468253,0.28501040000264766,10400.0,0.1644536000530934,69.65557098388672,,,,,,,,,,,,,,,,,,,,
lcbench_168910,lcbench,RS,14,200,200,-73.25519561767578,-73.25519561767578,73.25519561767578,,True,0.26452319999953033,0.10505179996835068,0.27554609999788227,10400.0,0.15947140003117966,73.25519561767578,,,,,,,,,,,,,,,,,,,,
lcbench_168910,lcbench,RS,15,200,200,-74.18319702148438,-74.18319702148438,74.18319702148438,,True,0.2657967999984976,0.10596280008758185,0.2771296000064467,10400.0,0.15983399991091574,74.18319702148438,,,,,,,,,,,,,,,,,,,,
lcbench_168910,lcbench,RS,16,200,200,-75.07482147216797,-75.07482147216797,75.07482147216797,,True,0.2789569000015035,0.11112659994250862,0.2899939999988419,10400.0,0.1678303000589949,75.07482147216797,,,,,,,,,,,,,,,,,,,,
lcbench_168910,lcbench,RS,17,200,200,-71.42678833007812,-71.42678833007812,71.42678833007812,,True,0.27068989999679616,0.10486139998829458,0.28288700000121025,10400.0,0.16582850000850158,71.42678833007812,,,,,,,,,,,,,,,,,,,,
lcbench_168910,lcbench,RS,18,200,200,-75.15447998046875,-75.15447998046875,75.15447998046875,,True,0.25357650000660215,0.09912649996113032,0.26471789999777684,10400.0,0.15445000004547182,75.15447998046875,,,,,,,,,,,,,,,,,,,,
lcbench_168910,lcbench,RS,19,200,200,-68.37753295898438,-68.37753295898438,68.37753295898438,,True,0.256223600001249,0.09814690001803683,0.2675632999962545,10400.0,0.15807669998321217,68.37753295898438,,,,,,,,,,,,,,,,,,,,
lcbench_168910,lcbench,TPE,0,200,200,-81.58766174316406,-81.58766174316406,81.58766174316406,,True,3.6343908999988344,0.1439422999683302,3.6455230999999912,10400.0,3.490448600030504,81.58766174316406,,,,,,,,,,,,,,,,,,,,
lcbench_168910,lcbench,TPE,1,200,200,-71.82090759277344,-71.82090759277344,71.82090759277344,,True,3.5951361000043107,0.14601969998329878,3.6084752999959164,10400.0,3.449116400021012,71.82090759277344,,,,,,,,,,,,,,,,,,,,
lcbench_168910,lcbench,TPE,2,200,200,-75.78207397460938,-75.78207397460938,75.78207397460938,,True,2.870733299998392,0.14160629999969387,2.881553100000019,10400.0,2.729126999998698,75.78207397460938,,,,,,,,,,,,,,,,,,,,
lcbench_168910,lcbench,TPE,3,200,200,-69.67829132080078,-69.67829132080078,69.67829132080078,,True,3.561407200002577,0.1471669999154983,3.572399199998472,10400.0,3.414240200087079,69.67829132080078,,,,,,,,,,,,,,,,,,,,
lcbench_168910,lcbench,TPE,4,200,200,-78.46118927001953,-78.46118927001953,78.46118927001953,,True,3.8628051999985473,0.1426881999213947,3.8733157999959076,10400.0,3.7201170000771526,78.46118927001953,,,,,,,,,,,,,,,,,,,,
lcbench_168910,lcbench,TPE,5,200,200,-72.14134979248047,-72.14134979248047,72.14134979248047,,True,4.602971300002537,0.1419466000807006,4.6477604000028805,10400.0,4.461024699921836,72.14134979248047,,,,,,,,,,,,,,,,,,,,
lcbench_168910,lcbench,TPE,6,200,200,-68.77201080322266,-68.77201080322266,68.77201080322266,,True,3.8594938999958686,0.1387166000495199,3.8687228999988292,10400.0,3.7207772999463486,68.77201080322266,,,,,,,,,,,,,,,,,,,,
lcbench_168910,lcbench,TPE,7,200,200,-86.66494750976562,-86.66494750976562,86.66494750976562,,True,3.460538200000883,0.1439652000044589,3.4708191999961855,10400.0,3.316572999996424,86.66494750976562,,,,,,,,,,,,,,,,,,,,
lcbench_168910,lcbench,TPE,8,200,200,-71.74053955078125,-71.74053955078125,71.74053955078125,,True,3.6280763000031584,0.14210050000838237,3.6396143000019947,10400.0,3.485975799994776,71.74053955078125,,,,,,,,,,,,,,,,,,,,
lcbench_168910,lcbench,TPE,9,200,200,-83.12704467773438,-83.12704467773438,83.12704467773438,,True,4.1091966000021785,0.14277500002935994,4.120298599998932,10400.0,3.9664215999728185,83.12704467773438,,,,,,,,,,,,,,,,,,,,
lcbench_168910,lcbench,TPE,10,200,200,-82.87944030761719,-82.87944030761719,82.87944030761719,,True,4.3122533000059775,0.1458354001151747,4.328959099999338,10400.0,4.166417899890803,82.87944030761719,,,,,,,,,,,,,,,,,,,,
lcbench_168910,lcbench,TPE,11,200,200,-68.44642639160156,-68.44642639160156,68.44642639160156,,True,3.0965924999982235,0.14092180007719435,3.106878800004779,10400.0,2.955670699921029,68.44642639160156,,,,,,,,,,,,,,,,,,,,
lcbench_168910,lcbench,TPE,12,200,200,-81.75621795654297,-81.75621795654297,81.75621795654297,,True,3.3326127999971504,0.14320600004430162,3.3756806000019424,10400.0,3.189406799952849,81.75621795654297,,,,,,,,,,,,,,,,,,,,
lcbench_168910,lcbench,TPE,13,200,200,-68.4217529296875,-68.4217529296875,68.4217529296875,,True,3.360680500001763,0.14002659997640876,3.3708655000009458,10400.0,3.2206539000253542,68.4217529296875,,,,,,,,,,,,,,,,,,,,
lcbench_168910,lcbench,TPE,14,200,200,-68.96786499023438,-68.96786499023438,68.96786499023438,,True,3.060190299998794,0.14048259997798596,3.072741700001643,10400.0,2.9197077000208083,68.96786499023438,,,,,,,,,,,,,,,,,,,,
lcbench_168910,lcbench,TPE,15,200,200,-78.97498321533203,-78.97498321533203,78.97498321533203,,True,3.5952347999991616,0.1450650000042515,3.605491100002837,10400.0,3.45016979999491,78.97498321533203,,,,,,,,,,,,,,,,,,,,
lcbench_168910,lcbench,TPE,16,200,200,-70.1214599609375,-70.1214599609375,70.1214599609375,,True,4.138638700002048,0.14935289999266388,4.14862390000053,10400.0,3.989285800009384,70.1214599609375,,,,,,,,,,,,,,,,,,,,
lcbench_168910,lcbench,TPE,17,200,200,-82.45874786376953,-82.45874786376953,82.45874786376953,,True,3.2313317000007373,0.14629369997419417,3.2432079000063823,10400.0,3.085038000026543,82.45874786376953,,,,,,,,,,,,,,,,,,,,
lcbench_168910,lcbench,TPE,18,200,200,-72.40492248535156,-72.40492248535156,72.40492248535156,,True,4.067095499995048,0.14415630002622493,4.078870299999835,10400.0,3.9229391999688232,72.40492248535156,,,,,,,,,,,,,,,,,,,,
lcbench_168910,lcbench,TPE,19,200,200,-83.60884857177734,-83.60884857177734,83.60884857177734,,True,4.0908792999980506,0.14487109991023317,4.1268235000025015,10400.0,3.9460082000878174,83.60884857177734,,,,,,,,,,,,,,,,,,,,
lcbench_168910,lcbench,TPE_HB,0,200,2026,-78.63078308105469,-78.63078308105469,78.63078308105469,,True,18.008906100003514,0.5282225001283223,18.01558970000042,10411.0,17.480683599875192,78.63078308105469,,,,,,,,,,,,,,,,,,,,
lcbench_168910,lcbench,TPE_HB,1,200,2503,-68.16397857666016,-68.16397857666016,68.16397857666016,,True,46.18752339999628,1.4730724001201452,98.78206969999883,10415.0,44.714450999876135,68.16397857666016,,,,,,,,,,,,,,,,,,,,
lcbench_168910,lcbench,TPE_HB,2,200,2118,-75.73713684082031,-75.73713684082031,75.73713684082031,,True,9.83404590000282,0.39354990014544455,9.84018020000076,10403.0,9.440495999857376,75.73713684082031,,,,,,,,,,,,,,,,,,,,
lcbench_168910,lcbench,TPE_HB,3,200,2308,-71.55550384521484,-71.55550384521484,71.55550384521484,,True,22.238196199999948,0.7184216000969172,22.244339800003218,10414.0,21.51977459990303,71.55550384521484,,,,,,,,,,,,,,,,,,,,
lcbench_168910,lcbench,TPE_HB,4,200,1791,-68.73843383789062,-68.73843383789062,68.73843383789062,,True,19.7631074000019,0.6571545000115293,19.768199400001322,10422.0,19.10595289999037,68.73843383789062,,,,,,,,,,,,,,,,,,,,
lcbench_168910,lcbench,TPE_HB,5,200,2204,-69.75421905517578,-69.75421905517578,69.75421905517578,,True,47.14961879999464,1.011444700146967,47.15480369999568,10413.0,46.138174099847674,69.75421905517578,,,,,,,,,,,,,,,,,,,,
lcbench_168910,lcbench,TPE_HB,6,200,1276,-68.82384490966797,-68.82384490966797,68.82384490966797,,True,6.422357700001157,0.4199988998370827,6.427465499997197,10409.0,6.002358800164075,68.82384490966797,,,,,,,,,,,,,,,,,,,,
lcbench_168910,lcbench,TPE_HB,7,200,2247,-71.1570053100586,-71.1570053100586,71.1570053100586,,True,41.950855399998545,1.2209376999162487,41.959505899998476,10400.0,40.7299177000823,71.1570053100586,,,,,,,,,,,,,,,,,,,,
lcbench_168910,lcbench,TPE_HB,8,200,2010,-72.552978515625,-72.552978515625,72.552978515625,,True,36.03740449999896,1.0844489998780773,36.046490699998685,10405.0,34.95295550012088,72.552978515625,,,,,,,,,,,,,,,,,,,,
lcbench_168910,lcbench,TPE_HB,9,200,1574,-70.10394287109375,-70.10394287109375,70.10394287109375,,True,19.322389199995087,0.822879199818999,19.33192649999546,10414.0,18.499510000176087,70.10394287109375,,,,,,,,,,,,,,,,,,,,
lcbench_168910,lcbench,TPE_HB,10,200,1367,-67.7388687133789,-67.7388687133789,67.7388687133789,,True,16.013283300002513,0.6800282000767766,16.022377399996913,10408.0,15.333255099925736,67.7388687133789,,,,,,,,,,,,,,,,,,,,
lcbench_168910,lcbench,TPE_HB,11,200,1834,-69.85340881347656,-69.85340881347656,69.85340881347656,,True,44.07388080000237,1.006647800000792,44.082950700001675,10408.0,43.06723300000158,69.85340881347656,,,,,,,,,,,,,,,,,,,,
lcbench_168910,lcbench,TPE_HB,12,200,1768,-68.90606689453125,-68.90606689453125,68.90606689453125,,True,23.819025500000862,0.991054599857307,23.828721800004132,10414.0,22.827970900143555,68.90606689453125,,,,,,,,,,,,,,,,,,,,
lcbench_168910,lcbench,TPE_HB,13,200,1467,-68.87886810302734,-68.87886810302734,68.87886810302734,,True,12.617705099997693,0.7691651001296123,12.628120499997749,10417.0,11.84853999986808,68.87886810302734,,,,,,,,,,,,,,,,,,,,
lcbench_168910,lcbench,TPE_HB,14,200,1845,-63.09550476074219,-63.09550476074219,63.09550476074219,,True,16.69056190000265,1.0104231000586879,16.700690999998187,10416.0,15.680138799943961,63.09550476074219,,,,,,,,,,,,,,,,,,,,
lcbench_168910,lcbench,TPE_HB,15,200,1637,-68.35079956054688,-68.35079956054688,68.35079956054688,,True,21.405891800000973,0.8837796001098468,21.41610000000219,10403.0,20.522112199891126,68.35079956054688,,,,,,,,,,,,,,,,,,,,
lcbench_168910,lcbench,TPE_HB,16,200,1429,-67.71832275390625,-67.71832275390625,67.71832275390625,,True,12.328606700000819,0.7367017000360647,12.338749900001858,10407.0,11.591904999964754,67.71832275390625,,,,,,,,,,,,,,,,,,,,
lcbench_168910,lcbench,TPE_HB,17,200,1486,-70.99459838867188,-70.99459838867188,70.99459838867188,,True,24.967535700001463,0.7917549998892355,24.97479849999945,10404.0,24.175780700112227,70.99459838867188,,,,,,,,,,,,,,,,,,,,
lcbench_168910,lcbench,TPE_HB,18,200,1657,-68.43441772460938,-68.43441772460938,68.43441772460938,,True,16.589077899996482,0.8767552000645082,16.599369399998977,10417.0,15.712322699931974,68.43441772460938,,,,,,,,,,,,,,,,,,,,
lcbench_168910,lcbench,TPE_HB,19,200,1892,-69.00931549072266,-69.00931549072266,69.00931549072266,,True,15.022650499995507,1.004178100025456,15.032918099997914,10412.0,14.018472399970051,69.00931549072266,,,,,,,,,,,,,,,,,,,,
lcbench_189873,lcbench,CMAES,0,200,200,-91.11349487304688,-91.11349487304688,91.11349487304688,,True,0.1932498999958625,0.040296499988471624,57.978217299998505,10400.0,0.15295340000739088,91.11349487304688,,,,,,,,,,,,,,,,,,,,
lcbench_189873,lcbench,CMAES,1,200,200,-89.21768951416016,-89.21768951416016,89.21768951416016,,True,0.28745809999963967,0.05868630009354092,57.0622513000053,10400.0,0.22877179990609875,89.21768951416016,,,,,,,,,,,,,,,,,,,,
lcbench_189873,lcbench,CMAES,2,200,200,-92.33427429199219,-92.33427429199219,92.33427429199219,,True,0.288913299998967,0.05847090004681377,55.33384110000043,10400.0,0.2304423999521532,92.33427429199219,,,,,,,,,,,,,,,,,,,,
lcbench_189873,lcbench,CMAES,3,200,200,-91.07388305664062,-91.07388305664062,91.07388305664062,,True,0.29324220000125933,0.06014859994320432,54.40217449999909,10400.0,0.23309360005805502,91.07388305664062,,,,,,,,,,,,,,,,,,,,
lcbench_189873,lcbench,CMAES,4,200,200,-92.12774658203125,-92.12774658203125,92.12774658203125,,True,0.30145289999927627,0.0635573999825283,53.95265929999732,10400.0,0.23789550001674797,92.12774658203125,,,,,,,,,,,,,,,,,,,,
lcbench_189873,lcbench,CMAES,5,200,200,-92.8850326538086,-92.8850326538086,92.8850326538086,,True,0.3643186999979662,0.0885960000086925,53.858022299995355,10400.0,0.2757226999892737,92.8850326538086,,,,,,,,,,,,,,,,,,,,
lcbench_189873,lcbench,CMAES,6,200,200,-91.58706665039062,-91.58706665039062,91.58706665039062,,True,0.34990819999802625,0.07430440007010475,4.258695900003659,10400.0,0.2756037999279215,91.58706665039062,,,,,,,,,,,,,,,,,,,,
lcbench_189873,lcbench,CMAES,7,200,200,-87.59793090820312,-87.59793090820312,87.59793090820312,,True,0.37948700000561075,0.08942779996141326,53.26651960000163,10400.0,0.2900592000441975,87.59793090820312,,,,,,,,,,,,,,,,,,,,
lcbench_189873,lcbench,CMAES,8,200,200,-89.6010513305664,-89.6010513305664,89.6010513305664,,True,0.398562900001707,0.09911039997678017,53.13450720000401,10400.0,0.29945250002492685,89.6010513305664,,,,,,,,,,,,,,,,,,,,
lcbench_189873,lcbench,CMAES,9,200,200,-91.34526824951172,-91.34526824951172,91.34526824951172,,True,0.2061154999973951,0.04324769995582756,0.21508080000057817,10400.0,0.16286780004156753,91.34526824951172,,,,,,,,,,,,,,,,,,,,
lcbench_189873,lcbench,CMAES,10,200,200,-89.56722259521484,-89.56722259521484,89.56722259521484,,True,0.2783017999972799,0.06414480001694756,0.28604319999431027,10400.0,0.21415699998033233,89.56722259521484,,,,,,,,,,,,,,,,,,,,
lcbench_189873,lcbench,CMAES,11,200,200,-89.97541809082031,-89.97541809082031,89.97541809082031,,True,0.2873607000001357,0.06350170006771805,0.2961220999932266,10400.0,0.22385899993241765,89.97541809082031,,,,,,,,,,,,,,,,,,,,
lcbench_189873,lcbench,CMAES,12,200,200,-88.78209686279297,-88.78209686279297,88.78209686279297,,True,0.23108370000409195,0.047020299920404796,0.23878179999883287,10400.0,0.18406340008368716,88.78209686279297,,,,,,,,,,,,,,,,,,,,
lcbench_189873,lcbench,CMAES,13,200,200,-87.82813262939453,-87.82813262939453,87.82813262939453,,True,0.2214488999961759,0.04795269997703144,0.22796240000025136,10400.0,0.17349620001914445,87.82813262939453,,,,,,,,,,,,,,,,,,,,
lcbench_189873,lcbench,CMAES,14,200,200,-89.1863784790039,-89.1863784790039,89.1863784790039,,True,0.20720479999727104,0.04258409998146817,0.21550330000172835,10400.0,0.16462070001580287,89.1863784790039,,,,,,,,,,,,,,,,,,,,
lcbench_189873,lcbench,CMAES,15,200,200,-85.7867202758789,-85.7867202758789,85.7867202758789,,True,0.28439959999377606,0.059583400092378724,0.2927406999951927,10400.0,0.22481619990139734,85.7867202758789,,,,,,,,,,,,,,,,,,,,
lcbench_189873,lcbench,CMAES,16,200,200,-89.04088592529297,-89.04088592529297,89.04088592529297,,True,0.20058270000299672,0.04331790000287583,0.2093414999981178,10400.0,0.15726480000012089,89.04088592529297,,,,,,,,,,,,,,,,,,,,
lcbench_189873,lcbench,CMAES,17,200,200,-90.46965026855469,-90.46965026855469,90.46965026855469,,True,0.3066305000029388,0.06906430000526598,0.3126291000007768,10400.0,0.2375661999976728,90.46965026855469,,,,,,,,,,,,,,,,,,,,
lcbench_189873,lcbench,CMAES,18,200,200,-92.76287078857422,-92.76287078857422,92.76287078857422,,True,0.1968297999992501,0.0395326000143541,0.204817700003332,10400.0,0.157297199984896,92.76287078857422,,,,,,,,,,,,,,,,,,,,
lcbench_189873,lcbench,CMAES,19,200,200,-85.77984619140625,-85.77984619140625,85.77984619140625,,True,0.27106910000293283,0.05225809997500619,0.2797502000030363,10400.0,0.21881100002792664,85.77984619140625,,,,,,,,,,,,,,,,,,,,
lcbench_189873,lcbench,FMP_DREAM,0,200,200,-85.17564392089844,-85.17564392089844,85.17564392089844,,True,0.4948032999964198,0.0900946000328986,0.5078042999957688,10400.0,0.4047086999635212,85.17564392089844,200.0,-85.17564392089844,0.7111111111111111,0.5166666666666667,4.0,0.0,17.0,0.49458230000163894,0.10353779995784862,0.3910445000437903,0.7,0.7777777777777778,0.3,0.5555555555555556,0.0,,"{""decoder"": ""soft"", ""explore_subsample"": false, ""n_chains"": 4, ""orchestrate_every"": 5, ""p_dream"": 0.5, ""seed"": 0}",,,
lcbench_189873,lcbench,FMP_DREAM,1,200,200,-87.55716705322266,-87.55716705322266,87.55716705322266,,True,0.478996100006043,0.10131380002712831,0.4915044000008493,10400.0,0.37768229997891467,87.55716705322266,200.0,-87.55716705322266,0.5921787709497207,0.5083798882681564,5.0,0.0,12.0,0.4787672000020393,0.11560190001182491,0.3631652999902144,0.6089385474860335,0.6330275229357798,0.39106145251396646,0.5285714285714286,0.0,,"{""decoder"": ""soft"", ""explore_subsample"": false, ""n_chains"": 4, ""orchestrate_every"": 5, ""p_dream"": 0.5, ""seed"": 1}",,,
lcbench_189873,lcbench,FMP_DREAM,2,200,200,-97.4180908203125,-97.4180908203125,97.4180908203125,,True,0.5125623999992968,0.10923539995565079,0.5251451000003726,10400.0,0.40332700004364597,97.4180908203125,200.0,-97.4180908203125,0.5586592178770949,0.48044692737430167,5.0,0.0,11.0,0.5123482999988482,0.12404719999904046,0.3883010999998078,0.5195530726256983,0.6021505376344086,0.48044692737430167,0.5116279069767442,0.0,,"{""decoder"": ""soft"", ""explore_subsample"": false, ""n_chains"": 4, ""orchestrate_every"": 5, ""p_dream"": 0.5, ""seed"": 2}",,,
lcbench_189873,lcbench,FMP_DREAM,3,200,200,-84.29193115234375,-84.29193115234375,84.29193115234375,,True,0.5644507000033627,0.11773080003331415,0.5762982000014745,10400.0,0.4467198999700486,84.29193115234375,200.0,-84.29193115234375,0.6444444444444445,0.4666666666666667,4.0,0.0,13.0,0.5642471000028308,0.13330169998516794,0.4309454000176629,0.6277777777777778,0.672566371681416,0.37222222222222223,0.5970149253731343,0.0,,"{""decoder"": ""soft"", ""explore_subsample"": false, ""n_chains"": 4, ""orchestrate_every"": 5, ""p_dream"": 0.5, ""seed"": 3}",,,
lcbench_189873,lcbench,FMP_DREAM,4,200,200,-88.06061553955078,-88.06061553955078,88.06061553955078,,True,0.5943973000030383,0.11588809995737392,0.6086198999983026,10400.0,0.47850920004566433,88.06061553955078,200.0,-88.06061553955078,0.6944444444444444,0.4666666666666667,4.0,0.0,15.0,0.5941912999987835,0.13045159997273004,0.46373970002605347,0.6611111111111111,0.7394957983193278,0.3388888888888889,0.6065573770491803,0.0,,"{""decoder"": ""soft"", ""explore_subsample"": false, ""n_chains"": 4, ""orchestrate_every"": 5, ""p_dream"": 0.5, ""seed"": 4}",,,
lcbench_189873,lcbench,FMP_DREAM,5,200,200,-90.70393371582031,-90.70393371582031,90.70393371582031,,True,0.6533643000002485,0.1291230000424548,0.6748012000025483,10400.0,0.5242412999577937,90.70393371582031,200.0,-90.70393371582031,0.7292817679558011,0.5248618784530387,3.0,0.0,19.0,0.6530850999988616,0.1437769999538432,0.5093081000450184,0.6243093922651933,0.7964601769911505,0.3756906077348066,0.6176470588235294,0.0,,"{""decoder"": ""soft"", ""explore_subsample"": false, ""n_chains"": 4, ""orchestrate_every"": 5, ""p_dream"": 0.5, ""seed"": 5}",,,
lcbench_189873,lcbench,FMP_DREAM,6,200,200,-91.8922348022461,-91.8922348022461,91.8922348022461,,True,0.5239748000021791,0.11716650004382245,0.5363874000031501,10400.0,0.40680829995835666,91.8922348022461,200.0,-91.8922348022461,0.5898876404494382,0.5168539325842697,6.0,0.0,11.0,0.5237484000026598,0.13197779990150593,0.39177060010115383,0.5674157303370787,0.7128712871287128,0.43258426966292135,0.42857142857142855,0.0,,"{""decoder"": ""soft"", ""explore_subsample"": false, ""n_chains"": 4, ""orchestrate_every"": 5, ""p_dream"": 0.5, ""seed"": 6}",,,
lcbench_189873,lcbench,FMP_DREAM,7,200,200,-88.92683410644531,-88.92683410644531,88.92683410644531,,True,0.6066135000000941,0.12823730000673095,0.6185464000009233,10452.0,0.4783761999933631,88.92683410644531,200.0,-88.92683410644531,0.7055555555555556,0.46111111111111114,5.0,0.0,16.0,0.6063661999942269,0.14372450001974357,0.46264169997448334,0.6111111111111112,0.6909090909090909,0.3888888888888889,0.7285714285714285,0.0,,"{""decoder"": ""soft"", ""explore_subsample"": false, ""n_chains"": 4, ""orchestrate_every"": 5, ""p_dream"": 0.5, ""seed"": 7}",True,,
lcbench_189873,lcbench,FMP_DREAM,8,200,200,-81.31051635742188,-81.31051635742188,81.31051635742188,,True,0.6622352999984287,0.11853179999889107,0.6751193000018247,10400.0,0.5437034999995376,81.31051635742188,200.0,-81.31051635742188,0.6229508196721312,0.4918032786885246,1.0,0.0,23.0,0.6619917999996687,0.134579700010363,0.5274120999893057,0.5027322404371585,0.6739130434782609,0.4972677595628415,0.5714285714285714,0.0,,"{""decoder"": ""soft"", ""explore_subsample"": false, ""n_chains"": 4, ""orchestrate_every"": 5, ""p_dream"": 0.5, ""seed"": 8}",,,
lcbench_189873,lcbench,FMP_DREAM,9,200,200,-93.29838562011719,-93.29838562011719,93.29838562011719,,True,0.5304810000016005,0.1140286000299966,0.5448681999987457,10400.0,0.4164523999716039,93.29838562011719,200.0,-93.29838562011719,0.5586592178770949,0.4972067039106145,5.0,0.0,11.0,0.5302314000000479,0.13012319995323196,0.4001082000468159,0.5698324022346368,0.6176470588235294,0.4301675977653631,0.4805194805194805,0.0,,"{""decoder"": ""soft"", ""explore_subsample"": false, ""n_chains"": 4, ""orchestrate_every"": 5, ""p_dream"": 0.5, ""seed"": 9}",,,
lcbench_189873,lcbench,FMP_DREAM,10,200,200,-91.91992950439453,-91.91992950439453,91.91992950439453,,True,0.5681987999996636,0.11816800004453398,0.5839424000005238,10400.0,0.4500307999551296,91.91992950439453,200.0,-91.91992950439453,0.5921787709497207,0.4692737430167598,5.0,0.0,12.0,0.5679544000013266,0.13405520001833793,0.43389919998298865,0.5139664804469274,0.6630434782608695,0.4860335195530726,0.5172413793103449,0.0,,"{""decoder"": ""soft"", ""explore_subsample"": false, ""n_chains"": 4, ""orchestrate_every"": 5, ""p_dream"": 0.5, ""seed"": 10}",,,
lcbench_189873,lcbench,FMP_DREAM,11,200,200,-93.67498016357422,-93.67498016357422,93.67498016357422,,True,0.5912858999945456,0.12103329996170942,0.6035940000001574,10400.0,0.4702526000328362,93.67498016357422,200.0,-93.67498016357422,0.6777777777777778,0.5,4.0,0.0,17.0,0.5910409999996773,0.1370401999593014,0.4540008000403759,0.6166666666666667,0.7297297297297297,0.38333333333333336,0.5942028985507246,0.0,,"{""decoder"": ""soft"", ""explore_subsample"": false, ""n_chains"": 4, ""orchestrate_every"": 5, ""p_dream"": 0.5, ""seed"": 11}",,,
lcbench_189873,lcbench,FMP_DREAM,12,200,200,-93.4469223022461,-93.4469223022461,93.4469223022461,,True,0.5366454000031808,0.11876910003775265,0.5499406000017188,10400.0,0.4178762999654282,93.4469223022461,200.0,-93.4469223022461,0.6145251396648045,0.553072625698324,5.0,0.0,13.0,0.5363976000007824,0.13462150006671436,0.40177609993406804,0.5195530726256983,0.6774193548387096,0.48044692737430167,0.5465116279069767,0.0,,"{""decoder"": ""soft"", ""explore_subsample"": false, ""n_chains"": 4, ""orchestrate_every"": 5, ""p_dream"": 0.5, ""seed"": 12}",,,
lcbench_189873,lcbench,FMP_DREAM,13,200,200,-85.90493774414062,-85.90493774414062,85.90493774414062,,True,0.5870065999988583,0.1186437000578735,0.606099999997241,10400.0,0.4683628999409848,85.90493774414062,200.0,-85.90493774414062,0.6201117318435754,0.5139664804469274,5.0,0.0,13.0,0.5866982000006828,0.1371863999956986,0.44951180000498425,0.5418994413407822,0.6907216494845361,0.4581005586592179,0.5365853658536586,0.0,,"{""decoder"": ""soft"", ""explore_subsample"": false, ""n_chains"": 4, ""orchestrate_every"": 5, ""p_dream"": 0.5, ""seed"": 13}",,,
lcbench_189873,lcbench,FMP_DREAM,14,200,200,-91.55528259277344,-91.55528259277344,91.55528259277344,,True,0.6102709000042523,0.12570639999466948,0.6293230000010226,10452.0,0.48456450000958284,91.55528259277344,200.0,-91.55528259277344,0.5888888888888889,0.4166666666666667,5.0,0.0,15.0,0.6100363000005018,0.14310909996856935,0.46692720003193244,0.6388888888888888,0.6608695652173913,0.3611111111111111,0.46153846153846156,0.0,,"{""decoder"": ""soft"", ""explore_subsample"": false, ""n_chains"": 4, ""orchestrate_every"": 5, ""p_dream"": 0.5, ""seed"": 14}",True,,
lcbench_189873,lcbench,FMP_DREAM,15,200,200,-93.45761108398438,-93.45761108398438,93.45761108398438,,True,0.5435337000017171,0.11522110001533292,0.5603817000010167,10400.0,0.42831259998638416,93.45761108398438,200.0,-93.45761108398438,0.5810055865921788,0.4748603351955307,5.0,0.0,11.0,0.5433018999974593,0.13057579998712754,0.4127261000103317,0.5139664804469274,0.5869565217391305,0.4860335195530726,0.5747126436781609,0.0,,"{""decoder"": ""soft"", ""explore_subsample"": false, ""n_chains"": 4, ""orchestrate_every"": 5, ""p_dream"": 0.5, ""seed"": 15}",,,
lcbench_189873,lcbench,FMP_DREAM,16,200,200,-94.44174194335938,-94.44174194335938,94.44174194335938,,True,0.6004662000050303,0.11391900011221878,0.6137183000028017,10400.0,0.4865471998928115,94.44174194335938,200.0,-94.44174194335938,0.55,0.45555555555555555,4.0,0.0,17.0,0.6002311000047484,0.12926730002800468,0.47096379997674376,0.5111111111111111,0.6521739130434783,0.4888888888888889,0.4431818181818182,0.0,,"{""decoder"": ""soft"", ""explore_subsample"": false, ""n_chains"": 4, ""orchestrate_every"": 5, ""p_dream"": 0.5, ""seed"": 16}",,,
lcbench_189873,lcbench,FMP_DREAM,17,200,200,-92.07645416259766,-92.07645416259766,92.07645416259766,,True,0.6199313999968581,0.11813850000908133,0.633176999996067,10400.0,0.5017928999877768,92.07645416259766,200.0,-92.07645416259766,0.6758241758241759,0.510989010989011,2.0,0.0,21.0,0.6196966999996221,0.13419390003400622,0.48550279996561585,0.5659340659340659,0.7281553398058253,0.4340659340659341,0.6075949367088608,0.0,,"{""decoder"": ""soft"", ""explore_subsample"": false, ""n_chains"": 4, ""orchestrate_every"": 5, ""p_dream"": 0.5, ""seed"": 17}",,,
lcbench_189873,lcbench,FMP_DREAM,18,200,200,-94.35171508789062,-94.35171508789062,94.35171508789062,,True,0.5529605999981868,0.10995659996115137,0.5668852000017068,10400.0,0.44300400003703544,94.35171508789062,200.0,-94.35171508789062,0.6111111111111112,0.46111111111111114,4.0,0.0,15.0,0.5527339999971446,0.12568150006700307,0.4270524999301415,0.6611111111111111,0.6302521008403361,0.3388888888888889,0.5737704918032787,0.0,,"{""decoder"": ""soft"", ""explore_subsample"": false, ""n_chains"": 4, ""orchestrate_every"": 5, ""p_dream"": 0.5, ""seed"": 18}",,,
lcbench_189873,lcbench,FMP_DREAM,19,200,200,-94.56539154052734,-94.56539154052734,94.56539154052734,,True,0.5966744000033941,0.11795540003367933,0.6104342999969958,10400.0,0.4787189999697148,94.56539154052734,200.0,-94.56539154052734,0.6685082872928176,0.49171270718232046,3.0,0.0,18.0,0.5964244999995572,0.13418450001336168,0.46223999998619547,0.712707182320442,0.6976744186046512,0.287292817679558,0.5961538461538461,0.0,,"{""decoder"": ""soft"", ""explore_subsample"": false, ""n_chains"": 4, ""orchestrate_every"": 5, ""p_dream"": 0.5, ""seed"": 19}",,,
lcbench_189873,lcbench,GP,0,200,200,-99.12976837158203,-99.12976837158203,99.12976837158203,,True,114.40469519999897,0.14697229999728734,114.45060479999665,10400.0,114.25772290000168,99.12976837158203,,,,,,,,,,,,,,,,,,,,
lcbench_189873,lcbench,GP,1,200,200,-99.12976837158203,-99.12976837158203,99.12976837158203,,True,106.03796539999894,0.15042139999422943,106.08161599999585,10400.0,105.88754400000471,99.12976837158203,,,,,,,,,,,,,,,,,,,,
lcbench_189873,lcbench,GP,2,200,200,-99.12976837158203,-99.12976837158203,99.12976837158203,,True,109.77247530000022,0.1493264999880921,109.7847630000033,10400.0,109.62314880001213,99.12976837158203,,,,,,,,,,,,,,,,,,,,
lcbench_189873,lcbench,GP,3,200,200,-99.12976837158203,-99.12976837158203,99.12976837158203,,True,114.30137059999834,0.147493200005556,114.31490619999386,10400.0,114.15387739999278,99.12976837158203,,,,,,,,,,,,,,,,,,,,
lcbench_189873,lcbench,GP,4,200,200,-99.12976837158203,-99.12976837158203,99.12976837158203,,True,112.22941180000635,0.14910580003925133,112.24299740000424,10400.0,112.0803059999671,99.12976837158203,,,,,,,,,,,,,,,,,,,,
lcbench_189873,lcbench,GP,5,200,200,-99.12976837158203,-99.12976837158203,99.12976837158203,,True,104.60377069999959,0.14878589996078517,104.61650910000026,10400.0,104.4549848000388,99.12976837158203,,,,,,,,,,,,,,,,,,,,
lcbench_189873,lcbench,GP,6,200,200,-99.12976837158203,-99.12976837158203,99.12976837158203,,True,116.32018239999888,0.14704330002859933,116.33895939999638,10400.0,116.17313909997029,99.12976837158203,,,,,,,,,,,,,,,,,,,,
lcbench_189873,lcbench,GP,7,200,200,-99.12976837158203,-99.12976837158203,99.12976837158203,,True,105.98388790000172,0.14223669999773847,105.99682549999852,10400.0,105.84165120000398,99.12976837158203,,,,,,,,,,,,,,,,,,,,
lcbench_189873,lcbench,GP,8,200,200,-99.12976837158203,-99.12976837158203,99.12976837158203,,True,113.84487770000123,0.14672320005047368,113.85948550000467,10400.0,113.69815449995076,99.12976837158203,,,,,,,,,,,,,,,,,,,,
lcbench_189873,lcbench,GP,9,200,200,-99.12976837158203,-99.12976837158203,99.12976837158203,,True,112.48212220000278,0.1463179999627755,112.52858419999393,10400.0,112.33580420004,99.12976837158203,,,,,,,,,,,,,,,,,,,,
lcbench_189873,lcbench,GP,10,200,200,-99.12976837158203,-99.12976837158203,99.12976837158203,,True,105.54629550000391,0.1495363000431098,105.55952919999982,10400.0,105.3967591999608,99.12976837158203,,,,,,,,,,,,,,,,,,,,
lcbench_189873,lcbench,GP,11,200,200,-99.12976837158203,-99.12976837158203,99.12976837158203,,True,107.62135600000329,0.14806449993920978,107.63247289999708,10400.0,107.47329150006408,99.12976837158203,,,,,,,,,,,,,,,,,,,,
lcbench_189873,lcbench,GP,12,200,200,-99.12976837158203,-99.12976837158203,99.12976837158203,,True,114.54655459999776,0.15656729994952912,114.55896989999746,10400.0,114.38998730004823,99.12976837158203,,,,,,,,,,,,,,,,,,,,
lcbench_189873,lcbench,GP,13,200,200,-99.12976837158203,-99.12976837158203,99.12976837158203,,True,107.7565362000023,0.15485599988460308,107.76551599999948,10400.0,107.6016802001177,99.12976837158203,,,,,,,,,,,,,,,,,,,,
lcbench_189873,lcbench,GP,14,200,200,-99.12976837158203,-99.12976837158203,99.12976837158203,,True,112.88445739999588,0.15658770000300137,112.89650599999732,10400.0,112.72786969999288,99.12976837158203,,,,,,,,,,,,,,,,,,,,
lcbench_189873,lcbench,GP,15,200,200,-99.12976837158203,-99.12976837158203,99.12976837158203,,True,107.3106231999991,0.15918260004400508,107.32416859999648,10400.0,107.1514405999551,99.12976837158203,,,,,,,,,,,,,,,,,,,,
lcbench_189873,lcbench,GP,16,200,200,-99.12976837158203,-99.12976837158203,99.12976837158203,,True,108.83712519999972,0.16190609998739092,108.8547522000008,10400.0,108.67521910001233,99.12976837158203,,,,,,,,,,,,,,,,,,,,
lcbench_189873,lcbench,GP,17,200,200,-99.12976837158203,-99.12976837158203,99.12976837158203,,True,122.73931029999949,0.15053879997867625,122.7516203999985,10400.0,122.58877150002081,99.12976837158203,,,,,,,,,,,,,,,,,,,,
lcbench_189873,lcbench,GP,18,200,200,-99.12976837158203,-99.12976837158203,99.12976837158203,,True,111.97084850000101,0.15444780002871994,111.9834342000031,10400.0,111.81640069997229,99.12976837158203,,,,,,,,,,,,,,,,,,,,
lcbench_189873,lcbench,GP,19,200,200,-99.12976837158203,-99.12976837158203,99.12976837158203,,True,105.75348130000202,0.15555999999924097,105.76496659999975,10400.0,105.59792130000278,99.12976837158203,,,,,,,,,,,,,,,,,,,,
lcbench_189873,lcbench,L1_K1_VITERBI_SUB,0,200,200,-57.7412109375,-57.7412109375,57.7412109375,,True,1.0692023000010522,0.11979420005809516,1.0949077999975998,10400.0,0.949408099942957,57.7412109375,200.0,-57.7412109375,0.6413043478260869,0.0,0.0,0.0,34.0,1.0689399000038975,0.13465499998710584,0.9342849000167917,0.9456521739130435,0.6436781609195402,0.05434782608695652,0.6,0.0,,"{""decoder"": ""viterbi"", ""explore_subsample"": true, ""n_chains"": 1, ""orchestrate_every"": 0, ""p_dream"": 0.0, ""seed"": 0}",,,
lcbench_189873,lcbench,L1_K1_VITERBI_SUB,1,200,200,-88.92411804199219,-88.92411804199219,88.92411804199219,,True,1.0822232000064105,0.11996280003222637,1.0946588000006159,10400.0,0.9622603999741841,88.92411804199219,200.0,-88.92411804199219,0.7010869565217391,0.0,0.0,0.0,34.0,1.0819675999955507,0.1345917999788071,0.9473758000167436,0.6793478260869565,0.72,0.24456521739130435,0.6,0.07608695652173914,0.8571428571428571,"{""decoder"": ""viterbi"", ""explore_subsample"": true, ""n_chains"": 1, ""orchestrate_every"": 0, ""p_dream"": 0.0, ""seed"": 1}",,,
lcbench_189873,lcbench,L1_K1_VITERBI_SUB,2,200,200,-88.9336166381836,-88.9336166381836,88.9336166381836,,True,1.0047140000024228,0.11876890001440188,1.017190099999425,10400.0,0.885945099988021,88.9336166381836,200.0,-88.9336166381836,0.7065217391304348,0.0,0.0,0.0,34.0,1.0044850999984192,0.13337679999676766,0.8711083000016515,0.6847826086956522,0.7936507936507936,0.31521739130434784,0.5172413793103449,0.0,,"{""decoder"": ""viterbi"", ""explore_subsample"": true, ""n_chains"": 1, ""orchestrate_every"": 0, ""p_dream"": 0.0, ""seed"": 2}",,,
lcbench_189873,lcbench,L1_K1_VITERBI_SUB,3,200,200,-90.72747039794922,-90.72747039794922,90.72747039794922,,True,1.0811824999982491,0.12298349997581681,1.0938715000011143,10400.0,0.9581990000224323,90.72747039794922,200.0,-90.72747039794922,0.7391304347826086,0.0,0.0,0.0,34.0,1.0809410000001662,0.13804099997651065,0.9429000000236556,0.6739130434782609,0.7903225806451613,0.32608695652173914,0.6333333333333333,0.0,,"{""decoder"": ""viterbi"", ""explore_subsample"": true, ""n_chains"": 1, ""orchestrate_every"": 0, ""p_dream"": 0.0, ""seed"": 3}",,,
lcbench_189873,lcbench,L1_K1_VITERBI_SUB,4,200,200,-86.70793151855469,-86.70793151855469,86.70793151855469,,True,1.0805794999978389,0.11804680007480783,1.1020045999975991,10400.0,0.962532699923031,86.70793151855469,200.0,-86.70793151855469,0.6141304347826086,0.0,0.0,0.0,34.0,1.0802848000021186,0.13272379995760275,0.9475610000445158,0.6902173913043478,0.6614173228346457,0.30978260869565216,0.5087719298245614,0.0,,"{""decoder"": ""viterbi"", ""explore_subsample"": true, ""n_chains"": 1, ""orchestrate_every"": 0, ""p_dream"": 0.0, ""seed"": 4}",,,
lcbench_189873,lcbench,L1_K1_VITERBI_SUB,5,200,200,-88.53656005859375,-88.53656005859375,88.53656005859375,,True,1.0578218000009656,0.11401820000901353,1.070179200003622,10400.0,0.9438035999919521,88.53656005859375,200.0,-88.53656005859375,0.5869565217391305,0.0,0.0,0.0,34.0,1.057600400003139,0.1289344999822788,0.9286659000208601,0.6304347826086957,0.6637931034482759,0.3695652173913043,0.45588235294117646,0.0,,"{""decoder"": ""viterbi"", ""explore_subsample"": true, ""n_chains"": 1, ""orchestrate_every"": 0, ""p_dream"": 0.0, ""seed"": 5}",,,
lcbench_189873,lcbench,L1_K1_VITERBI_SUB,6,200,200,-87.42066955566406,-87.42066955566406,87.42066955566406,,True,0.9914214000018546,0.10855430000810884,1.004237799999828,10400.0,0.8828670999937458,87.42066955566406,200.0,-87.42066955566406,0.6467391304347826,0.0,0.0,0.0,34.0,0.9912038000038592,0.1225758999644313,0.8686279000394279,0.6739130434782609,0.7096774193548387,0.31521739130434784,0.5,0.010869565217391304,1.0,"{""decoder"": ""viterbi"", ""explore_subsample"": true, ""n_chains"": 1, ""orchestrate_every"": 0, ""p_dream"": 0.0, ""seed"": 6}",,,
lcbench_189873,lcbench,L1_K1_VITERBI_SUB,7,200,200,-88.63929748535156,-88.63929748535156,88.63929748535156,,True,1.0834265000012238,0.11729160002869321,1.0961295000015525,10400.0,0.9661348999725305,88.63929748535156,200.0,-88.63929748535156,0.7228260869565217,0.0,0.0,0.0,34.0,1.0832158999983221,0.1321598999638809,0.9510560000344412,0.717391304347826,0.7878787878787878,0.2826086956521739,0.5576923076923077,0.0,,"{""decoder"": ""viterbi"", ""explore_subsample"": true, ""n_chains"": 1, ""orchestrate_every"": 0, ""p_dream"": 0.0, ""seed"": 7}",,,
lcbench_189873,lcbench,L1_K1_VITERBI_SUB,8,200,200,-87.9937973022461,-87.9937973022461,87.9937973022461,,True,1.10949619999883,0.1158158999751322,1.130053200002294,10400.0,0.9936803000236978,87.9937973022461,200.0,-87.9937973022461,0.6902173913043478,0.0,0.0,0.0,34.0,1.1092198999976972,0.13086889998521656,0.9783510000124807,0.6630434782608695,0.7704918032786885,0.33695652173913043,0.532258064516129,0.0,,"{""decoder"": ""viterbi"", ""explore_subsample"": true, ""n_chains"": 1, ""orchestrate_every"": 0, ""p_dream"": 0.0, ""seed"": 8}",,,
lcbench_189873,lcbench,L1_K1_VITERBI_SUB,9,200,200,-82.09154510498047,-82.09154510498047,82.09154510498047,,True,0.9965547000028891,0.10291840004356345,1.0180236999949557,10400.0,0.8936362999593257,82.09154510498047,200.0,-82.09154510498047,0.717391304347826,0.0,0.0,0.0,34.0,0.9962549999982002,0.11840369998390088,0.8778513000142993,0.7228260869565217,0.7969924812030075,0.2554347826086957,0.48936170212765956,0.021739130434782608,0.75,"{""decoder"": ""viterbi"", ""explore_subsample"": true, ""n_chains"": 1, ""orchestrate_every"": 0, ""p_dream"": 0.0, ""seed"": 9}",,,
lcbench_189873,lcbench,L1_K1_VITERBI_SUB,10,200,200,-88.64639282226562,-88.64639282226562,88.64639282226562,,True,1.0037942999988445,0.10478690000309143,1.016438200000266,10400.0,0.8990073999957531,88.64639282226562,200.0,-88.64639282226562,0.6032608695652174,0.0,0.0,0.0,34.0,1.0035814000002574,0.11922059996868484,0.8843608000315726,0.6739130434782609,0.6129032258064516,0.32065217391304346,0.5932203389830508,0.005434782608695652,0.0,"{""decoder"": ""viterbi"", ""explore_subsample"": true, ""n_chains"": 1, ""orchestrate_every"": 0, ""p_dream"": 0.0, ""seed"": 10}",,,
lcbench_189873,lcbench,L1_K1_VITERBI_SUB,11,200,200,-89.63762664794922,-89.63762664794922,89.63762664794922,,True,1.0579093999986071,0.10973069993633544,1.0692435999953886,10400.0,0.9481787000622717,89.63762664794922,200.0,-89.63762664794922,0.625,0.0,0.0,0.0,34.0,1.0576931000032346,0.12460240001382772,0.9330906999894069,0.6521739130434783,0.725,0.21739130434782608,0.45,0.13043478260869565,0.4166666666666667,"{""decoder"": ""viterbi"", ""explore_subsample"": true, ""n_chains"": 1, ""orchestrate_every"": 0, ""p_dream"": 0.0, ""seed"": 11}",,,
lcbench_189873,lcbench,L1_K1_VITERBI_SUB,12,200,200,-83.14067840576172,-83.14067840576172,83.14067840576172,,True,1.015600300001097,0.10523460002877982,1.0285954999999376,10400.0,0.9103656999723171,83.14067840576172,200.0,-83.14067840576172,0.7010869565217391,0.0,0.0,0.0,34.0,1.015353499999037,0.11999210002977634,0.8953613999692607,0.8043478260869565,0.722972972972973,0.13043478260869565,0.6666666666666666,0.06521739130434782,0.5,"{""decoder"": ""viterbi"", ""explore_subsample"": true, ""n_chains"": 1, ""orchestrate_every"": 0, ""p_dream"": 0.0, ""seed"": 12}",,,
lcbench_189873,lcbench,L1_K1_VITERBI_SUB,13,200,200,-89.32563781738281,-89.32563781738281,89.32563781738281,,True,1.0234185999943293,0.10861489999660989,1.0371169999998529,10400.0,0.9148036999977194,89.32563781738281,200.0,-89.32563781738281,0.7010869565217391,0.0,0.0,0.0,34.0,1.0231323999978486,0.12342189997434616,0.8997105000235024,0.6467391304347826,0.7647058823529411,0.3532608695652174,0.5846153846153846,0.0,,"{""decoder"": ""viterbi"", ""explore_subsample"": true, ""n_chains"": 1, ""orchestrate_every"": 0, ""p_dream"": 0.0, ""seed"": 13}",,,
lcbench_189873,lcbench,L1_K1_VITERBI_SUB,14,200,200,-91.22235107421875,-91.22235107421875,91.22235107421875,,True,1.0410030000057304,0.10867209995922167,1.053554800004349,10400.0,0.9323309000465088,91.22235107421875,200.0,-91.22235107421875,0.7065217391304348,0.0,0.0,0.0,34.0,1.0407895999960601,0.12347439998120535,0.9173152000148548,0.6684782608695652,0.7398373983739838,0.33152173913043476,0.639344262295082,0.0,,"{""decoder"": ""viterbi"", ""explore_subsample"": true, ""n_chains"": 1, ""orchestrate_every"": 0, ""p_dream"": 0.0, ""seed"": 14}",,,
lcbench_189873,lcbench,L1_K1_VITERBI_SUB,15,200,200,-82.5790023803711,-82.5790023803711,82.5790023803711,,True,1.0418448999989778,0.10939770000550197,1.0543875000003027,10400.0,0.9324471999934758,82.5790023803711,200.0,-82.5790023803711,0.7119565217391305,0.0,0.0,0.0,34.0,1.0416494000019156,0.12405669996223878,0.9175927000396769,0.7119565217391305,0.7480916030534351,0.28804347826086957,0.6226415094339622,0.0,,"{""decoder"": ""viterbi"", ""explore_subsample"": true, ""n_chains"": 1, ""orchestrate_every"": 0, ""p_dream"": 0.0, ""seed"": 15}",,,
lcbench_189873,lcbench,L1_K1_VITERBI_SUB,16,200,200,-67.62010192871094,-67.62010192871094,67.62010192871094,,True,1.0531878999972832,0.11054830000648508,1.065722999999707,10400.0,0.9426395999907982,67.62010192871094,200.0,-67.62010192871094,0.7010869565217391,0.0,0.0,0.0,34.0,1.052942800000892,0.1261193999889656,0.9268234000119264,0.7391304347826086,0.7352941176470589,0.2608695652173913,0.6041666666666666,0.0,,"{""decoder"": ""viterbi"", ""explore_subsample"": true, ""n_chains"": 1, ""orchestrate_every"": 0, ""p_dream"": 0.0, ""seed"": 16}",,,
lcbench_189873,lcbench,L1_K1_VITERBI_SUB,17,200,200,-87.63235473632812,-87.63235473632812,87.63235473632812,,True,1.044308500000625,0.11094279996177647,1.056122599999071,10400.0,0.9333657000388484,87.63235473632812,200.0,-87.63235473632812,0.7282608695652174,0.0,0.0,0.0,34.0,1.044117700002971,0.12616679999337066,0.9179509000096004,0.6358695652173914,0.717948717948718,0.3641304347826087,0.746268656716418,0.0,,"{""decoder"": ""viterbi"", ""explore_subsample"": true, ""n_chains"": 1, ""orchestrate_every"": 0, ""p_dream"": 0.0, ""seed"": 17}",,,
lcbench_189873,lcbench,L1_K1_VITERBI_SUB,18,200,200,-89.45965576171875,-89.45965576171875,89.45965576171875,,True,1.030696200003149,0.11227460004010936,1.0441257999991649,10400.0,0.9184215999630396,89.45965576171875,200.0,-89.45965576171875,0.6521739130434783,0.0,0.0,0.0,34.0,1.0304542000012589,0.1269166999773006,0.9035375000239583,0.657608695652174,0.6776859504132231,0.3423913043478261,0.6031746031746031,0.0,,"{""decoder"": ""viterbi"", ""explore_subsample"": true, ""n_chains"": 1, ""orchestrate_every"": 0, ""p_dream"": 0.0, ""seed"": 18}",,,
lcbench_189873,lcbench,L1_K1_VITERBI_SUB,19,200,200,-89.23811340332031,-89.23811340332031,89.23811340332031,,True,1.0162322000032873,0.11227030000009108,1.0284122000011848,10400.0,0.9039619000031962,89.23811340332031,200.0,-89.23811340332031,0.7010869565217391,0.0,0.0,0.0,34.0,1.0160015000001295,0.1270003000536235,0.889001199946506,0.7391304347826086,0.7426470588235294,0.23369565217391305,0.5581395348837209,0.02717391304347826,0.8,"{""decoder"": ""viterbi"", ""explore_subsample"": true, ""n_chains"": 1, ""orchestrate_every"": 0, ""p_dream"": 0.0, ""seed"": 19}",,,
lcbench_189873,lcbench,RS,0,200,200,-84.04630279541016,-84.04630279541016,84.04630279541016,,True,0.2524007000029087,0.09083560005092295,0.29386489999888,10400.0,0.16156509995198576,84.04630279541016,,,,,,,,,,,,,,,,,,,,
lcbench_189873,lcbench,RS,1,200,200,-81.55374908447266,-81.55374908447266,81.55374908447266,,True,0.25001909999991767,0.0962932999827899,0.2886837999976706,10400.0,0.15372580001712777,81.55374908447266,,,,,,,,,,,,,,,,,,,,
lcbench_189873,lcbench,RS,2,200,200,-83.52978515625,-83.52978515625,83.52978515625,,True,0.2591284000009182,0.09976949998963391,0.2697263000009116,10400.0,0.15935890001128428,83.52978515625,,,,,,,,,,,,,,,,,,,,
lcbench_189873,lcbench,RS,3,200,200,-87.37299346923828,-87.37299346923828,87.37299346923828,,True,0.28908389999560313,0.11170839996339055,0.3336312999963411,10400.0,0.17737550003221259,87.37299346923828,,,,,,,,,,,,,,,,,,,,
lcbench_189873,lcbench,RS,4,200,200,-85.31221771240234,-85.31221771240234,85.31221771240234,,True,0.28384700000606244,0.11403549993701745,0.32582109999930253,10400.0,0.169811500069045,85.31221771240234,,,,,,,,,,,,,,,,,,,,
lcbench_189873,lcbench,RS,5,200,200,-86.48330688476562,-86.48330688476562,86.48330688476562,,True,0.28081920000113314,0.10530940002354328,0.32513859999744454,10400.0,0.17550979997758986,86.48330688476562,,,,,,,,,,,,,,,,,,,,
lcbench_189873,lcbench,RS,6,200,200,-78.92845153808594,-78.92845153808594,78.92845153808594,,True,0.2441599999947357,0.09329720008099684,0.25462590000097407,10400.0,0.15086279991373885,78.92845153808594,,,,,,,,,,,,,,,,,,,,
lcbench_189873,lcbench,RS,7,200,200,-85.34574127197266,-85.34574127197266,85.34574127197266,,True,0.25127539999812143,0.09664350001548883,0.2654257999965921,10400.0,0.1546318999826326,85.34574127197266,,,,,,,,,,,,,,,,,,,,
lcbench_189873,lcbench,RS,8,200,200,-86.16783142089844,-86.16783142089844,86.16783142089844,,True,0.26293599999917205,0.10202570003457367,0.2739639999999781,10400.0,0.16091029996459838,86.16783142089844,,,,,,,,,,,,,,,,,,,,
lcbench_189873,lcbench,RS,9,200,200,-79.62840270996094,-79.62840270996094,79.62840270996094,,True,0.24151089999941178,0.09263009996357141,0.25269130000378937,10400.0,0.14888080003584037,79.62840270996094,,,,,,,,,,,,,,,,,,,,
lcbench_189873,lcbench,RS,10,200,200,-82.2677230834961,-82.2677230834961,82.2677230834961,,True,0.2651874000002863,0.10318849999748636,0.27552529999957187,10400.0,0.16199890000279993,82.2677230834961,,,,,,,,,,,,,,,,,,,,
lcbench_189873,lcbench,RS,11,200,200,-81.31175994873047,-81.31175994873047,81.31175994873047,,True,0.2680552000019816,0.10792389995185658,0.2801760000002105,10400.0,0.160131300050125,81.31175994873047,,,,,,,,,,,,,,,,,,,,
lcbench_189873,lcbench,RS,12,200,200,-86.1024398803711,-86.1024398803711,86.1024398803711,,True,0.2855952999962028,0.11583999996219063,0.29630059999908553,10400.0,0.16975530003401218,86.1024398803711,,,,,,,,,,,,,,,,,,,,
lcbench_189873,lcbench,RS,13,200,200,-79.3458023071289,-79.3458023071289,79.3458023071289,,True,0.29860509999707574,0.1226639999440522,0.31019039999955567,10400.0,0.17594110005302355,79.3458023071289,,,,,,,,,,,,,,,,,,,,
lcbench_189873,lcbench,RS,14,200,200,-86.96366119384766,-86.96366119384766,86.96366119384766,,True,0.30917780000163475,0.12470019994361792,0.319264400000975,10400.0,0.18447760005801683,86.96366119384766,,,,,,,,,,,,,,,,,,,,
lcbench_189873,lcbench,RS,15,200,200,-90.6288833618164,-90.6288833618164,90.6288833618164,,True,0.2961174000010942,0.1240055999805918,0.30840449999959674,10400.0,0.17211180002050241,90.6288833618164,,,,,,,,,,,,,,,,,,,,
lcbench_189873,lcbench,RS,16,200,200,-83.38079833984375,-83.38079833984375,83.38079833984375,,True,0.3200161999993725,0.13140329995803768,0.3328773000030196,10400.0,0.1886129000413348,83.38079833984375,,,,,,,,,,,,,,,,,,,,
lcbench_189873,lcbench,RS,17,200,200,-83.97611999511719,-83.97611999511719,83.97611999511719,,True,0.30761570000322536,0.1309325000984245,0.32087029999820516,10400.0,0.17668319990480086,83.97611999511719,,,,,,,,,,,,,,,,,,,,
lcbench_189873,lcbench,RS,18,200,200,-89.60685729980469,-89.60685729980469,89.60685729980469,,True,0.3084976000027382,0.1305735000205459,0.3203129999965313,10400.0,0.17792409998219227,89.60685729980469,,,,,,,,,,,,,,,,,,,,
lcbench_189873,lcbench,RS,19,200,200,-81.86700439453125,-81.86700439453125,81.86700439453125,,True,0.2620494000002509,0.09687869992194464,0.272369999998773,10400.0,0.16517070007830625,81.86700439453125,,,,,,,,,,,,,,,,,,,,
lcbench_189873,lcbench,TPE,0,200,200,-90.55769348144531,-90.55769348144531,90.55769348144531,,True,3.8624827999956324,0.1445538000407396,3.873984300000302,10400.0,3.717928999954893,90.55769348144531,,,,,,,,,,,,,,,,,,,,
lcbench_189873,lcbench,TPE,1,200,200,-91.69789123535156,-91.69789123535156,91.69789123535156,,True,3.0250317999962135,0.1464673999507795,3.0416872999994666,10400.0,2.878564400045434,91.69789123535156,,,,,,,,,,,,,,,,,,,,
lcbench_189873,lcbench,TPE,2,200,200,-88.90309143066406,-88.90309143066406,88.90309143066406,,True,4.023180500000308,0.14499699995940318,4.040035499994701,10400.0,3.8781835000409046,88.90309143066406,,,,,,,,,,,,,,,,,,,,
lcbench_189873,lcbench,TPE,3,200,200,-87.8284683227539,-87.8284683227539,87.8284683227539,,True,3.3691946000035387,0.14523100000224076,3.37989430000016,10400.0,3.223963600001298,87.8284683227539,,,,,,,,,,,,,,,,,,,,
lcbench_189873,lcbench,TPE,4,200,200,-90.09288024902344,-90.09288024902344,90.09288024902344,,True,4.469777800004522,0.14392579993000254,4.4813474000038696,10400.0,4.325852000074519,90.09288024902344,,,,,,,,,,,,,,,,,,,,
lcbench_189873,lcbench,TPE,5,200,200,-88.45452880859375,-88.45452880859375,88.45452880859375,,True,3.0265725999997812,0.14547400005540112,3.068581200001063,10400.0,2.88109859994438,88.45452880859375,,,,,,,,,,,,,,,,,,,,
lcbench_189873,lcbench,TPE,6,200,200,-88.91529846191406,-88.91529846191406,88.91529846191406,,True,3.961249300002237,0.14142369999171933,3.9718130999972345,10400.0,3.8198256000105175,88.91529846191406,,,,,,,,,,,,,,,,,,,,
lcbench_189873,lcbench,TPE,7,200,200,-92.51338195800781,-92.51338195800781,92.51338195800781,,True,3.3400448999964283,0.1434310999175068,3.3526095999986865,10400.0,3.1966138000789215,92.51338195800781,,,,,,,,,,,,,,,,,,,,
lcbench_189873,lcbench,TPE,8,200,200,-88.69002532958984,-88.69002532958984,88.69002532958984,,True,3.8393313999986276,0.14184260005276883,3.8497220000062953,10400.0,3.6974887999458588,88.69002532958984,,,,,,,,,,,,,,,,,,,,
lcbench_189873,lcbench,TPE,9,200,200,-89.06228637695312,-89.06228637695312,89.06228637695312,,True,3.0004284999959054,0.14391369997611037,3.010930799995549,10400.0,2.856514800019795,89.06228637695312,,,,,,,,,,,,,,,,,,,,
lcbench_189873,lcbench,TPE,10,200,200,-92.46856689453125,-92.46856689453125,92.46856689453125,,True,3.456970300001558,0.14232299993454944,3.467860800003109,10400.0,3.3146473000670085,92.46856689453125,,,,,,,,,,,,,,,,,,,,
lcbench_189873,lcbench,TPE,11,200,200,-91.20216369628906,-91.20216369628906,91.20216369628906,,True,3.311390199996822,0.14385370001400588,3.3245008000012604,10400.0,3.167536499982816,91.20216369628906,,,,,,,,,,,,,,,,,,,,
lcbench_189873,lcbench,TPE,12,200,200,-86.35243225097656,-86.35243225097656,86.35243225097656,,True,3.754537299995718,0.150890199947753,3.7647082999974373,10400.0,3.603647100047965,86.35243225097656,,,,,,,,,,,,,,,,,,,,
lcbench_189873,lcbench,TPE,13,200,200,-91.81794738769531,-91.81794738769531,91.81794738769531,,True,2.728989499999443,0.14466599997831509,2.7396050000024843,10400.0,2.584323500021128,91.81794738769531,,,,,,,,,,,,,,,,,,,,
lcbench_189873,lcbench,TPE,14,200,200,-92.9924545288086,-92.9924545288086,92.9924545288086,,True,3.2217413000034867,0.14565410008799518,3.231875099998433,10400.0,3.0760871999154915,92.9924545288086,,,,,,,,,,,,,,,,,,,,
lcbench_189873,lcbench,TPE,15,200,200,-86.543701171875,-86.543701171875,86.543701171875,,True,4.261936599999899,0.14984719994390616,4.2722661000007065,10400.0,4.112089400055993,86.543701171875,,,,,,,,,,,,,,,,,,,,
lcbench_189873,lcbench,TPE,16,200,200,-84.12553405761719,-84.12553405761719,84.12553405761719,,True,4.021105799998622,0.14657710002938984,4.032328100001905,10400.0,3.8745286999692325,84.12553405761719,,,,,,,,,,,,,,,,,,,,
lcbench_189873,lcbench,TPE,17,200,200,-92.55397033691406,-92.55397033691406,92.55397033691406,,True,3.362396099997568,0.1460239000080037,3.3719299000003957,10400.0,3.2163721999895643,92.55397033691406,,,,,,,,,,,,,,,,,,,,
lcbench_189873,lcbench,TPE,18,200,200,-93.9329833984375,-93.9329833984375,93.9329833984375,,True,3.3515208000026178,0.14658730000519427,3.389765299994906,10400.0,3.2049334999974235,93.9329833984375,,,,,,,,,,,,,,,,,,,,
lcbench_189873,lcbench,TPE,19,200,200,-89.2694320678711,-89.2694320678711,89.2694320678711,,True,3.9731606999994256,0.14133980003680335,3.982889899998554,10400.0,3.831820899962622,89.2694320678711,,,,,,,,,,,,,,,,,,,,
lcbench_189873,lcbench,TPE_HB,0,200,1923,-91.82074737548828,-91.82074737548828,91.82074737548828,,True,14.137440099999367,0.5219793000287609,14.141752700001234,10411.0,13.615460799970606,91.82074737548828,,,,,,,,,,,,,,,,,,,,
lcbench_189873,lcbench,TPE_HB,1,200,1925,-90.98290252685547,-90.98290252685547,90.98290252685547,,True,24.853564500001085,1.0472654999539373,77.43674309999915,10400.0,23.806299000047147,90.98290252685547,,,,,,,,,,,,,,,,,,,,
lcbench_189873,lcbench,TPE_HB,2,200,2020,-90.47862243652344,-90.47862243652344,90.47862243652344,,True,14.935832199997094,0.39960950004751794,14.942056400002912,10401.0,14.536222699949576,90.47862243652344,,,,,,,,,,,,,,,,,,,,
lcbench_189873,lcbench,TPE_HB,3,200,2020,-60.784690856933594,-60.784690856933594,60.784690856933594,,True,9.868306099997426,0.38373150012193946,9.875073299997894,10403.0,9.484574599875486,60.784690856933594,,,,,,,,,,,,,,,,,,,,
lcbench_189873,lcbench,TPE_HB,4,200,2150,-91.04261779785156,-91.04261779785156,91.04261779785156,,True,39.65550400000211,1.0136324001650792,39.66106010000658,10401.0,38.64187159983703,91.04261779785156,,,,,,,,,,,,,,,,,,,,
lcbench_189873,lcbench,TPE_HB,5,200,1720,-92.76216125488281,-92.76216125488281,92.76216125488281,,True,16.145999100001063,0.6855209001951152,16.15099840000039,10402.0,15.460478199805948,92.76216125488281,,,,,,,,,,,,,,,,,,,,
lcbench_189873,lcbench,TPE_HB,6,200,2017,-94.66104125976562,-94.66104125976562,94.66104125976562,,True,31.144789999998466,0.9727528998555499,31.152883499999007,10408.0,30.172037100142916,94.66104125976562,,,,,,,,,,,,,,,,,,,,
lcbench_189873,lcbench,TPE_HB,7,200,1481,-76.98457336425781,-76.98457336425781,76.98457336425781,,True,16.321230800000194,0.6753691998237628,16.329380699993635,10423.0,15.645861600176431,76.98457336425781,,,,,,,,,,,,,,,,,,,,
lcbench_189873,lcbench,TPE_HB,8,200,1753,-85.3874282836914,-85.3874282836914,85.3874282836914,,True,31.170735399995465,0.8778219000450918,31.17630300000019,10412.0,30.292913499950373,85.3874282836914,,,,,,,,,,,,,,,,,,,,
lcbench_189873,lcbench,TPE_HB,9,200,1935,-92.33392333984375,-92.33392333984375,92.33392333984375,,True,19.69796209999913,0.9932917000551242,19.706546000001254,10404.0,18.704670399944007,92.33392333984375,,,,,,,,,,,,,,,,,,,,
lcbench_189873,lcbench,TPE_HB,10,200,1796,-91.57588958740234,-91.57588958740234,91.57588958740234,,True,23.43925780000427,0.9341093999682926,23.447441899996193,10413.0,22.505148400035978,91.57588958740234,,,,,,,,,,,,,,,,,,,,
lcbench_189873,lcbench,TPE_HB,11,200,1441,-91.58706665039062,-91.58706665039062,91.58706665039062,,True,11.233531300000323,0.6929781999569968,11.243435899996257,10423.0,10.540553100043326,91.58706665039062,,,,,,,,,,,,,,,,,,,,
lcbench_189873,lcbench,TPE_HB,12,200,2037,-93.878173828125,-93.878173828125,93.878173828125,,True,29.3973307999986,1.0874748999776784,29.407731200000853,10415.0,28.30985590002092,93.878173828125,,,,,,,,,,,,,,,,,,,,
lcbench_189873,lcbench,TPE_HB,13,200,1885,-90.83724975585938,-90.83724975585938,90.83724975585938,,True,25.332081200001994,1.006231099847355,25.342227100001764,10415.0,24.32585010015464,90.83724975585938,,,,,,,,,,,,,,,,,,,,
lcbench_189873,lcbench,TPE_HB,14,200,1347,-90.211181640625,-90.211181640625,90.211181640625,,True,11.053167300000496,0.6835873001546133,11.063049100004719,10404.0,10.369579999845882,90.211181640625,,,,,,,,,,,,,,,,,,,,
lcbench_189873,lcbench,TPE_HB,15,200,1746,-89.86393737792969,-89.86393737792969,89.86393737792969,,True,31.045091500003764,0.9430961001198739,31.054996000006213,10403.0,30.10199539988389,89.86393737792969,,,,,,,,,,,,,,,,,,,,
lcbench_189873,lcbench,TPE_HB,16,200,1756,-91.5050048828125,-91.5050048828125,91.5050048828125,,True,21.052066500000365,0.9005992000966216,21.06189119999908,10405.0,20.151467299903743,91.5050048828125,,,,,,,,,,,,,,,,,,,,
lcbench_189873,lcbench,TPE_HB,17,200,1696,-71.8949203491211,-71.8949203491211,71.8949203491211,,True,29.882205000001704,0.9348787999842898,29.89060910000262,10409.0,28.947326200017415,71.8949203491211,,,,,,,,,,,,,,,,,,,,
lcbench_189873,lcbench,TPE_HB,18,200,2213,-94.19815826416016,-94.19815826416016,94.19815826416016,,True,28.341432799999893,1.2230342999318964,28.351500699995086,10400.0,27.118398500067997,94.19815826416016,,,,,,,,,,,,,,,,,,,,
lcbench_189873,lcbench,TPE_HB,19,200,1640,-87.11672973632812,-87.11672973632812,87.11672973632812,,True,24.246604200001457,0.8538999998490908,24.253738200000953,10421.0,23.392704200152366,87.11672973632812,,,,,,,,,,,,,,,,,,,,
lcbench_189906,lcbench,CMAES,0,200,200,-90.66968536376953,-90.66968536376953,90.66968536376953,,True,0.2664786000023014,0.06078159997559851,63.39591669999936,10400.0,0.20569700002670288,90.66968536376953,,,,,,,,,,,,,,,,,,,,
lcbench_189906,lcbench,CMAES,1,200,200,-91.12322998046875,-91.12322998046875,91.12322998046875,,True,0.263484499999322,0.05972979999933159,63.39290500000061,10400.0,0.2037546999999904,91.12322998046875,,,,,,,,,,,,,,,,,,,,
lcbench_189906,lcbench,CMAES,2,200,200,-91.033935546875,-91.033935546875,91.033935546875,,True,0.42528419999871403,0.11154650004027644,79.2554378000059,10400.0,0.3137376999584376,91.033935546875,,,,,,,,,,,,,,,,,,,,
lcbench_189906,lcbench,CMAES,3,200,200,-92.13864135742188,-92.13864135742188,92.13864135742188,,True,0.28921899999841116,0.06948719998763409,56.57911130000139,10400.0,0.21973180001077708,92.13864135742188,,,,,,,,,,,,,,,,,,,,
lcbench_189906,lcbench,CMAES,4,200,200,-91.01726531982422,-91.01726531982422,91.01726531982422,,True,0.3093516999942949,0.0574628000613302,14.299147799996717,10400.0,0.2518888999329647,91.01726531982422,,,,,,,,,,,,,,,,,,,,
lcbench_189906,lcbench,CMAES,5,200,200,-91.5399169921875,-91.5399169921875,91.5399169921875,,True,0.34701769999810494,0.08631890004471643,53.13434050000069,10400.0,0.2606987999533885,91.5399169921875,,,,,,,,,,,,,,,,,,,,
lcbench_189906,lcbench,CMAES,6,200,200,-90.68386840820312,-90.68386840820312,90.68386840820312,,True,0.4560825000007753,0.12470329998905072,61.29534350000176,10400.0,0.3313792000117246,90.68386840820312,,,,,,,,,,,,,,,,,,,,
lcbench_189906,lcbench,CMAES,7,200,200,-92.04344177246094,-92.04344177246094,92.04344177246094,,True,0.43352539999614237,0.11330699994869065,63.64021959999809,10400.0,0.3202184000474517,92.04344177246094,,,,,,,,,,,,,,,,,,,,
lcbench_189906,lcbench,CMAES,8,200,200,-90.934326171875,-90.934326171875,90.934326171875,,True,0.30671040000015637,0.06721270008711144,0.3166175000005751,10400.0,0.23949769991304493,90.934326171875,,,,,,,,,,,,,,,,,,,,
lcbench_189906,lcbench,CMAES,9,200,200,-90.99088287353516,-90.99088287353516,90.99088287353516,,True,0.2359772999989218,0.05260540004383074,0.2431704999980866,10400.0,0.18337189995509107,90.99088287353516,,,,,,,,,,,,,,,,,,,,
lcbench_189906,lcbench,CMAES,10,200,200,-91.26029205322266,-91.26029205322266,91.26029205322266,,True,0.3383447999949567,0.07418749999487773,0.3470224999982747,10400.0,0.264157300000079,91.26029205322266,,,,,,,,,,,,,,,,,,,,
lcbench_189906,lcbench,CMAES,11,200,200,-94.4759750366211,-94.4759750366211,94.4759750366211,,True,0.319628899997042,0.07692890001635533,0.32724600000074133,10400.0,0.2426999999806867,94.4759750366211,,,,,,,,,,,,,,,,,,,,
lcbench_189906,lcbench,CMAES,12,200,200,-93.5610580444336,-93.5610580444336,93.5610580444336,,True,0.3043928999977652,0.06653470003948314,0.31291760000021895,10400.0,0.23785819995828206,93.5610580444336,,,,,,,,,,,,,,,,,,,,
lcbench_189906,lcbench,CMAES,13,200,200,-93.41270446777344,-93.41270446777344,93.41270446777344,,True,0.3242429000019911,0.08256570008961717,0.3326909999959753,10400.0,0.2416771999123739,93.41270446777344,,,,,,,,,,,,,,,,,,,,
lcbench_189906,lcbench,CMAES,14,200,200,-90.48379516601562,-90.48379516601562,90.48379516601562,,True,0.4046470999965095,0.09996940006385557,53.460828599992965,10400.0,0.3046776999326539,90.48379516601562,,,,,,,,,,,,,,,,,,,,
lcbench_189906,lcbench,CMAES,15,200,200,-90.52902221679688,-90.52902221679688,90.52902221679688,,True,0.3399476999984472,0.07452760005980963,0.3480162000050768,10400.0,0.2654200999386376,90.52902221679688,,,,,,,,,,,,,,,,,,,,
lcbench_189906,lcbench,CMAES,16,200,200,-91.84667205810547,-91.84667205810547,91.84667205810547,,True,0.31383809999533696,0.06283450001501478,0.32279649999691173,10400.0,0.2510035999803222,91.84667205810547,,,,,,,,,,,,,,,,,,,,
lcbench_189906,lcbench,CMAES,17,200,200,-89.56858825683594,-89.56858825683594,89.56858825683594,,True,0.28292180000426015,0.06287800006975885,0.28833080000185873,10400.0,0.2200437999345013,89.56858825683594,,,,,,,,,,,,,,,,,,,,
lcbench_189906,lcbench,CMAES,18,200,200,-91.31356811523438,-91.31356811523438,91.31356811523438,,True,0.24286559999745805,0.04925620002904907,0.2483183999938774,10400.0,0.19360939996840898,91.31356811523438,,,,,,,,,,,,,,,,,,,,
lcbench_189906,lcbench,CMAES,19,200,200,-91.81024169921875,-91.81024169921875,91.81024169921875,,True,0.20573219999641879,0.04501980003260542,0.21102710000559455,10400.0,0.16071239996381337,91.81024169921875,,,,,,,,,,,,,,,,,,,,
lcbench_189906,lcbench,FMP_DREAM,0,200,200,-90.5732421875,-90.5732421875,90.5732421875,,True,0.5020006999984616,0.09330680001585279,0.5114465000006021,10400.0,0.40869389998260885,90.5732421875,200.0,-90.5732421875,0.7458563535911602,0.4861878453038674,3.0,0.0,17.0,0.5017513999991934,0.10665779999544611,0.39509360000374727,0.6408839779005525,0.7844827586206896,0.35911602209944754,0.676923076923077,0.0,,"{""decoder"": ""soft"", ""explore_subsample"": false, ""n_chains"": 4, ""orchestrate_every"": 5, ""p_dream"": 0.5, ""seed"": 0}",,,
lcbench_189906,lcbench,FMP_DREAM,1,200,200,-90.48759460449219,-90.48759460449219,90.48759460449219,,True,0.5211350999961724,0.10755800003244076,0.5437182000023313,10400.0,0.4135770999637316,90.48759460449219,200.0,-90.48759460449219,0.7078651685393258,0.5674157303370787,5.0,1.0,9.0,0.520815699994273,0.1244479999950272,0.3963676999992458,0.5617977528089888,0.74,0.43820224719101125,0.6666666666666666,0.0,,"{""decoder"": ""soft"", ""explore_subsample"": false, ""n_chains"": 4, ""orchestrate_every"": 5, ""p_dream"": 0.5, ""seed"": 1}",,,
lcbench_189906,lcbench,FMP_DREAM,2,200,200,-90.94959259033203,-90.94959259033203,90.94959259033203,,True,0.5303038999991259,0.11110559995722724,0.5432305000067572,10400.0,0.4191983000418986,90.94959259033203,200.0,-90.94959259033203,0.664804469273743,0.5139664804469274,5.0,0.0,13.0,0.5300865999961388,0.126796699987608,0.4032899000085308,0.6368715083798883,0.7017543859649122,0.36312849162011174,0.6,0.0,,"{""decoder"": ""soft"", ""explore_subsample"": false, ""n_chains"": 4, ""orchestrate_every"": 5, ""p_dream"": 0.5, ""seed"": 2}",,,
lcbench_189906,lcbench,FMP_DREAM,3,200,200,-88.77837371826172,-88.77837371826172,88.77837371826172,,True,0.5409385000020848,0.11307219995069318,0.5532246000002488,10400.0,0.4278663000513916,88.77837371826172,200.0,-88.77837371826172,0.7277777777777777,0.4888888888888889,4.0,0.0,13.0,0.5407412999993539,0.12810449998505646,0.4126368000142975,0.5722222222222222,0.7766990291262136,0.42777777777777776,0.6623376623376623,0.0,,"{""decoder"": ""soft"", ""explore_subsample"": false, ""n_chains"": 4, ""orchestrate_every"": 5, ""p_dream"": 0.5, ""seed"": 3}",,,
lcbench_189906,lcbench,FMP_DREAM,4,200,200,-88.96992492675781,-88.96992492675781,88.96992492675781,,True,0.5183796999990591,0.11974889997509308,0.5317846999969333,10400.0,0.398630800023966,88.96992492675781,200.0,-88.96992492675781,0.7318435754189944,0.5195530726256983,4.0,1.0,11.0,0.518149399998947,0.13547859994287137,0.3826708000560757,0.5977653631284916,0.8037383177570093,0.4022346368715084,0.625,0.0,,"{""decoder"": ""soft"", ""explore_subsample"": false, ""n_chains"": 4, ""orchestrate_every"": 5, ""p_dream"": 0.5, ""seed"": 4}",,,
lcbench_189906,lcbench,FMP_DREAM,5,200,200,-88.94277954101562,-88.94277954101562,88.94277954101562,,True,0.5634600000048522,0.11993960001564119,0.5805613999982597,10400.0,0.443520399989211,88.94277954101562,200.0,-88.94277954101562,0.7444444444444445,0.5277777777777778,4.0,0.0,15.0,0.5632751999946777,0.13584490000357619,0.4274302999911015,0.5833333333333334,0.819047619047619,0.4166666666666667,0.64,0.0,,"{""decoder"": ""soft"", ""explore_subsample"": false, ""n_chains"": 4, ""orchestrate_every"": 5, ""p_dream"": 0.5, ""seed"": 5}",,,
lcbench_189906,lcbench,FMP_DREAM,6,200,200,-90.20636749267578,-90.20636749267578,90.20636749267578,,True,0.49141299999610055,0.11548620004032273,0.5054261999976006,10400.0,0.3759267999557778,90.20636749267578,200.0,-90.20636749267578,0.7415730337078652,0.5617977528089888,6.0,0.0,10.0,0.4911719000010635,0.1309988999782945,0.360173000022769,0.6179775280898876,0.7545454545454545,0.38202247191011235,0.7205882352941176,0.0,,"{""decoder"": ""soft"", ""explore_subsample"": false, ""n_chains"": 4, ""orchestrate_every"": 5, ""p_dream"": 0.5, ""seed"": 6}",,,
lcbench_189906,lcbench,FMP_DREAM,7,200,200,-87.9830551147461,-87.9830551147461,87.9830551147461,,True,0.6110012999997707,0.12421980002545752,0.6323592999979155,10400.0,0.4867814999743132,87.9830551147461,200.0,-87.9830551147461,0.75,0.55,3.0,1.0,17.0,0.6106832000004943,0.14039519994548755,0.4702880000550067,0.6111111111111112,0.8090909090909091,0.3888888888888889,0.6571428571428571,0.0,,"{""decoder"": ""soft"", ""explore_subsample"": false, ""n_chains"": 4, ""orchestrate_every"": 5, ""p_dream"": 0.5, ""seed"": 7}",,,
lcbench_189906,lcbench,FMP_DREAM,8,200,200,-90.3265380859375,-90.3265380859375,90.3265380859375,,True,0.5874130999945919,0.11670559997583041,0.6003780999963055,10400.0,0.4707075000187615,90.3265380859375,200.0,-90.3265380859375,0.6850828729281768,0.5193370165745856,3.0,0.0,18.0,0.5871859999970184,0.13223980006296188,0.4549461999340565,0.4861878453038674,0.75,0.5138121546961326,0.6236559139784946,0.0,,"{""decoder"": ""soft"", ""explore_subsample"": false, ""n_chains"": 4, ""orchestrate_every"": 5, ""p_dream"": 0.5, ""seed"": 8}",,,
lcbench_189906,lcbench,FMP_DREAM,9,200,200,-92.18997192382812,-92.18997192382812,92.18997192382812,,True,0.5180418000018108,0.1142850000251201,0.5334617999978946,10400.0,0.4037567999766907,92.18997192382812,200.0,-92.18997192382812,0.8212290502793296,0.5027932960893855,5.0,0.0,11.0,0.5178100999983144,0.12974130006477935,0.38806879993353505,0.7318435754189944,0.8396946564885496,0.2681564245810056,0.7708333333333334,0.0,,"{""decoder"": ""soft"", ""explore_subsample"": false, ""n_chains"": 4, ""orchestrate_every"": 5, ""p_dream"": 0.5, ""seed"": 9}",,,
lcbench_189906,lcbench,FMP_DREAM,10,200,200,-90.9912338256836,-90.9912338256836,90.9912338256836,,True,0.5805485000018962,0.11759059997712029,0.5958300999991479,10400.0,0.4629579000247759,90.9912338256836,200.0,-90.9912338256836,0.6444444444444445,0.49444444444444446,4.0,0.0,13.0,0.5802974000034737,0.13374240003031446,0.4465549999731593,0.5611111111111111,0.7524752475247525,0.4388888888888889,0.5063291139240507,0.0,,"{""decoder"": ""soft"", ""explore_subsample"": false, ""n_chains"": 4, ""orchestrate_every"": 5, ""p_dream"": 0.5, ""seed"": 10}",,,
lcbench_189906,lcbench,FMP_DREAM,11,200,200,-91.64788055419922,-91.64788055419922,91.64788055419922,,True,0.5352060000004712,0.11359939994872548,0.5477799000000232,10400.0,0.4216066000517458,91.64788055419922,200.0,-91.64788055419922,0.6966292134831461,0.48314606741573035,5.0,1.0,12.0,0.5349759999953676,0.1288438000046881,0.4061321999906795,0.6685393258426966,0.7058823529411765,0.33146067415730335,0.6779661016949152,0.0,,"{""decoder"": ""soft"", ""explore_subsample"": false, ""n_chains"": 4, ""orchestrate_every"": 5, ""p_dream"": 0.5, ""seed"": 11}",,,
lcbench_189906,lcbench,FMP_DREAM,12,200,200,-90.19363403320312,-90.19363403320312,90.19363403320312,,True,0.618110000003071,0.1166009000808117,0.6325937000001431,10400.0,0.5015090999222593,90.19363403320312,200.0,-90.19363403320312,0.6961325966850829,0.46408839779005523,2.0,1.0,19.0,0.6178460999944946,0.1325709000302595,0.48527519996423507,0.6464088397790055,0.7521367521367521,0.35359116022099446,0.59375,0.0,,"{""decoder"": ""soft"", ""explore_subsample"": false, ""n_chains"": 4, ""orchestrate_every"": 5, ""p_dream"": 0.5, ""seed"": 12}",,,
lcbench_189906,lcbench,FMP_DREAM,13,200,200,-91.6101303100586,-91.6101303100586,91.6101303100586,,True,0.6204440000001341,0.11514020000322489,0.6318219000022509,10400.0,0.5053037999969092,91.6101303100586,200.0,-91.6101303100586,0.6850828729281768,0.5359116022099447,3.0,0.0,19.0,0.6202229999980773,0.1306138999934774,0.4896091000045999,0.5303867403314917,0.7083333333333334,0.4696132596685083,0.6588235294117647,0.0,,"{""decoder"": ""soft"", ""explore_subsample"": false, ""n_chains"": 4, ""orchestrate_every"": 5, ""p_dream"": 0.5, ""seed"": 13}",,,
lcbench_189906,lcbench,FMP_DREAM,14,200,200,-88.76787567138672,-88.76787567138672,88.76787567138672,,True,0.6631416000018362,0.11142199997993885,0.6790910999989137,10400.0,0.5517196000218973,88.76787567138672,200.0,-88.76787567138672,0.6978021978021978,0.5164835164835165,2.0,0.0,23.0,0.6629067999965628,0.12673809994885232,0.5361687000477104,0.5989010989010989,0.6880733944954128,0.4010989010989011,0.7123287671232876,0.0,,"{""decoder"": ""soft"", ""explore_subsample"": false, ""n_chains"": 4, ""orchestrate_every"": 5, ""p_dream"": 0.5, ""seed"": 14}",,,
lcbench_189906,lcbench,FMP_DREAM,15,200,200,-90.16886138916016,-90.16886138916016,90.16886138916016,,True,0.598020199999155,0.10969910005223937,0.6110631999981706,10504.0,0.48832109994691564,90.16886138916016,200.0,-90.16886138916016,0.6888888888888889,0.45555555555555555,6.0,0.0,15.0,0.597782199998619,0.1259243000022252,0.4718578999963938,0.6222222222222222,0.7142857142857143,0.37777777777777777,0.6470588235294118,0.0,,"{""decoder"": ""soft"", ""explore_subsample"": false, ""n_chains"": 4, ""orchestrate_every"": 5, ""p_dream"": 0.5, ""seed"": 15}",True,,
lcbench_189906,lcbench,FMP_DREAM,16,200,200,-90.04718017578125,-90.04718017578125,90.04718017578125,,True,0.6306909000049927,0.11993010000151116,0.644524100003764,10400.0,0.5107608000034816,90.04718017578125,200.0,-90.04718017578125,0.7166666666666667,0.4722222222222222,4.0,0.0,14.0,0.6304498000026797,0.1401674998778617,0.490282300124818,0.6222222222222222,0.7767857142857143,0.37777777777777777,0.6176470588235294,0.0,,"{""decoder"": ""soft"", ""explore_subsample"": false, ""n_chains"": 4, ""orchestrate_every"": 5, ""p_dream"": 0.5, ""seed"": 16}",,,
lcbench_189906,lcbench,FMP_DREAM,17,200,200,-92.8343734741211,-92.8343734741211,92.8343734741211,,True,0.5324031000054674,0.10857500004203757,0.545198599997093,10400.0,0.42382809996342985,92.8343734741211,200.0,-92.8343734741211,0.6536312849162011,0.5027932960893855,5.0,0.0,11.0,0.5321919999987585,0.12563779999618419,0.40655420000257436,0.6256983240223464,0.7142857142857143,0.3743016759776536,0.5522388059701493,0.0,,"{""decoder"": ""soft"", ""explore_subsample"": false, ""n_chains"": 4, ""orchestrate_every"": 5, ""p_dream"": 0.5, ""seed"": 17}",,,
lcbench_189906,lcbench,FMP_DREAM,18,200,200,-92.52784729003906,-92.52784729003906,92.52784729003906,,True,0.6292641999971238,0.13615870001376607,0.6441070000000764,10400.0,0.49310549998335773,92.52784729003906,200.0,-92.52784729003906,0.6944444444444444,0.5444444444444444,4.0,0.0,17.0,0.6290007999996305,0.15704190002725227,0.4719588999723783,0.5555555555555556,0.8,0.4444444444444444,0.5625,0.0,,"{""decoder"": ""soft"", ""explore_subsample"": false, ""n_chains"": 4, ""orchestrate_every"": 5, ""p_dream"": 0.5, ""seed"": 18}",,,
lcbench_189906,lcbench,FMP_DREAM,19,200,200,-89.74848937988281,-89.74848937988281,89.74848937988281,,True,0.6261666999998852,0.12914000004093396,0.6386349000022165,10452.0,0.4970266999589512,89.74848937988281,200.0,-89.74848937988281,0.6944444444444444,0.46111111111111114,5.0,0.0,16.0,0.6259350000036648,0.14528879998397315,0.4806462000196916,0.6111111111111112,0.7636363636363637,0.3888888888888889,0.5857142857142857,0.0,,"{""decoder"": ""soft"", ""explore_subsample"": false, ""n_chains"": 4, ""orchestrate_every"": 5, ""p_dream"": 0.5, ""seed"": 19}",True,,
lcbench_189906,lcbench,GP,0,200,200,-94.68667602539062,-94.68667602539062,94.68667602539062,,True,130.26423030000296,0.14320309999311576,130.29439730000013,10400.0,130.12102720000985,94.68667602539062,,,,,,,,,,,,,,,,,,,,
lcbench_189906,lcbench,GP,1,200,200,-94.92863464355469,-94.92863464355469,94.92863464355469,,True,144.2464839000022,0.14376380004250677,144.25895039999887,10400.0,144.1027200999597,94.92863464355469,,,,,,,,,,,,,,,,,,,,
lcbench_189906,lcbench,GP,2,200,200,-94.69823455810547,-94.69823455810547,94.69823455810547,,True,128.08190089999698,0.14233930001500994,128.09400789999927,10400.0,127.93956159998197,94.69823455810547,,,,,,,,,,,,,,,,,,,,
lcbench_189906,lcbench,GP,3,200,200,-94.8207778930664,-94.8207778930664,94.8207778930664,,True,120.79212130000087,0.14799439995113062,120.80532420000236,10400.0,120.64412690004974,94.8207778930664,,,,,,,,,,,,,,,,,,,,
lcbench_189906,lcbench,GP,4,200,200,-94.68631744384766,-94.68631744384766,94.68631744384766,,True,124.51529840000148,0.142985900019994,124.52688830000261,10400.0,124.37231249998149,94.68631744384766,,,,,,,,,,,,,,,,,,,,
lcbench_189906,lcbench,GP,5,200,200,-94.69751739501953,-94.69751739501953,94.69751739501953,,True,131.14351130000432,0.1470480000207317,131.1545571999959,10400.0,130.9964632999836,94.69751739501953,,,,,,,,,,,,,,,,,,,,
lcbench_189906,lcbench,GP,6,200,200,-94.68415069580078,-94.68415069580078,94.68415069580078,,True,106.93935439999768,0.14566430002014386,106.95339740000054,10400.0,106.79369009997754,94.68415069580078,,,,,,,,,,,,,,,,,,,,
lcbench_189906,lcbench,GP,7,200,200,-94.68487548828125,-94.68487548828125,94.68487548828125,,True,124.26111310000124,0.1461618999746861,124.27466899999854,10400.0,124.11495120002655,94.68487548828125,,,,,,,,,,,,,,,,,,,,
lcbench_189906,lcbench,GP,8,200,200,-94.900390625,-94.900390625,94.900390625,,True,126.40747220000048,0.1448141999935615,126.41976380000415,10400.0,126.26265800000692,94.900390625,,,,,,,,,,,,,,,,,,,,
lcbench_189906,lcbench,GP,9,200,200,-94.68956756591797,-94.68956756591797,94.68956756591797,,True,132.4838619000002,0.14561650004907278,132.52958789999684,10400.0,132.33824539995112,94.68956756591797,,,,,,,,,,,,,,,,,,,,
lcbench_189906,lcbench,GP,10,200,200,-94.8710708618164,-94.8710708618164,94.8710708618164,,True,145.6892732999986,0.1528841999679571,145.701716399999,10400.0,145.53638910003065,94.8710708618164,,,,,,,,,,,,,,,,,,,,
lcbench_189906,lcbench,GP,11,200,200,-94.69318389892578,-94.69318389892578,94.69318389892578,,True,121.79277269999875,0.14535919997433666,121.80442120000225,10400.0,121.64741350002441,94.69318389892578,,,,,,,,,,,,,,,,,,,,
lcbench_189906,lcbench,GP,12,200,200,-94.68848419189453,-94.68848419189453,94.68848419189453,,True,136.2069796000069,0.18107179995422484,136.2306236000004,10400.0,136.02590780005266,94.68848419189453,,,,,,,,,,,,,,,,,,,,
lcbench_189906,lcbench,GP,13,200,200,-94.90437316894531,-94.90437316894531,94.90437316894531,,True,127.99097900000197,0.15982180005812552,128.00587950000045,10400.0,127.83115719994385,94.90437316894531,,,,,,,,,,,,,,,,,,,,
lcbench_189906,lcbench,GP,14,200,200,-94.68812561035156,-94.68812561035156,94.68812561035156,,True,141.25154800000018,0.1685534999705851,141.26986909999687,10400.0,141.0829945000296,94.68812561035156,,,,,,,,,,,,,,,,,,,,
lcbench_189906,lcbench,GP,15,200,200,-94.95507049560547,-94.95507049560547,94.95507049560547,,True,129.2371140999967,0.15840809998189798,129.2537658000001,10400.0,129.0787060000148,94.95507049560547,,,,,,,,,,,,,,,,,,,,
lcbench_189906,lcbench,GP,16,200,200,-94.68631744384766,-94.68631744384766,94.68631744384766,,True,118.3337485000011,0.16058229996269802,118.34543159999885,10400.0,118.1731662000384,94.68631744384766,,,,,,,,,,,,,,,,,,,,
lcbench_189906,lcbench,GP,17,200,200,-94.69173431396484,-94.69173431396484,94.69173431396484,,True,126.29092820000369,0.15743029998702696,126.30101700000523,10400.0,126.13349790001666,94.69173431396484,,,,,,,,,,,,,,,,,,,,
lcbench_189906,lcbench,GP,18,200,200,-94.69318389892578,-94.69318389892578,94.69318389892578,,True,131.03566449999926,0.14980099999229424,131.04547309999907,10400.0,130.88586350000696,94.69318389892578,,,,,,,,,,,,,,,,,,,,
lcbench_189906,lcbench,GP,19,200,200,-94.93623352050781,-94.93623352050781,94.93623352050781,,True,139.2776539999977,0.1510679000421078,139.28711499999918,10400.0,139.1265860999556,94.93623352050781,,,,,,,,,,,,,,,,,,,,
lcbench_189906,lcbench,L1_K1_VITERBI_SUB,0,200,200,-89.21836853027344,-89.21836853027344,89.21836853027344,,True,1.030669100000523,0.11866399997961707,1.0590263000049163,10400.0,0.912005100020906,89.21836853027344,200.0,-89.21836853027344,0.7663043478260869,0.0,0.0,0.0,34.0,1.0304149000003235,0.1330392999079777,0.8973756000923458,0.6195652173913043,0.8333333333333334,0.3804347826086957,0.6571428571428571,0.0,,"{""decoder"": ""viterbi"", ""explore_subsample"": true, ""n_chains"": 1, ""orchestrate_every"": 0, ""p_dream"": 0.0, ""seed"": 0}",,,
lcbench_189906,lcbench,L1_K1_VITERBI_SUB,1,200,200,-91.7290267944336,-91.7290267944336,91.7290267944336,,True,1.0785900999981095,0.11733900012040976,1.100023400002101,10400.0,0.9612510998776997,91.7290267944336,200.0,-91.7290267944336,0.7771739130434783,0.0,0.0,0.0,34.0,1.07827840000391,0.13266570005362155,0.9456126999502885,0.7934782608695652,0.7945205479452054,0.20652173913043478,0.7105263157894737,0.0,,"{""decoder"": ""viterbi"", ""explore_subsample"": true, ""n_chains"": 1, ""orchestrate_every"": 0, ""p_dream"": 0.0, ""seed"": 1}",,,
lcbench_189906,lcbench,L1_K1_VITERBI_SUB,2,200,200,-90.0966567993164,-90.0966567993164,90.0966567993164,,True,1.0716800000009243,0.11162960001820466,1.0913048000002163,10400.0,0.9600503999827197,90.0966567993164,200.0,-90.0966567993164,0.6956521739130435,0.0,0.0,0.0,34.0,1.0714523999995436,0.12637240001640748,0.9450799999831361,0.7336956521739131,0.725925925925926,0.266304347826087,0.6122448979591837,0.0,,"{""decoder"": ""viterbi"", ""explore_subsample"": true, ""n_chains"": 1, ""orchestrate_every"": 0, ""p_dream"": 0.0, ""seed"": 2}",,,
lcbench_189906,lcbench,L1_K1_VITERBI_SUB,3,200,200,-84.25366973876953,-84.25366973876953,84.25366973876953,,True,1.0714833999954863,0.11676469998201355,1.0934734000038588,10400.0,0.9547187000134727,84.25366973876953,200.0,-84.25366973876953,0.8043478260869565,0.0,0.0,0.0,34.0,1.0711773000002722,0.13199159994110232,0.9391857000591699,0.7717391304347826,0.8380281690140845,0.22826086956521738,0.6904761904761905,0.0,,"{""decoder"": ""viterbi"", ""explore_subsample"": true, ""n_chains"": 1, ""orchestrate_every"": 0, ""p_dream"": 0.0, ""seed"": 3}",,,
lcbench_189906,lcbench,L1_K1_VITERBI_SUB,4,200,200,-90.55320739746094,-90.55320739746094,90.55320739746094,,True,1.0333669999963604,0.11304239994933596,1.04554260000441,10400.0,0.9203246000470244,90.55320739746094,200.0,-90.55320739746094,0.8478260869565217,0.0,0.0,0.0,34.0,1.0331136000022525,0.12769670005945954,0.905416899942793,0.8695652173913043,0.84375,0.13043478260869565,0.875,0.0,,"{""decoder"": ""viterbi"", ""explore_subsample"": true, ""n_chains"": 1, ""orchestrate_every"": 0, ""p_dream"": 0.0, ""seed"": 4}",,,
lcbench_189906,lcbench,L1_K1_VITERBI_SUB,5,200,200,-91.5923080444336,-91.5923080444336,91.5923080444336,,True,1.035596000001533,0.10887379998894176,1.047639700002037,10400.0,0.9267222000125912,91.5923080444336,200.0,-91.5923080444336,0.7771739130434783,0.0,0.0,0.0,34.0,1.0353421999971033,0.12373440000374103,0.9116077999933623,0.7010869565217391,0.8062015503875969,0.29891304347826086,0.7090909090909091,0.0,,"{""decoder"": ""viterbi"", ""explore_subsample"": true, ""n_chains"": 1, ""orchestrate_every"": 0, ""p_dream"": 0.0, ""seed"": 5}",,,
lcbench_189906,lcbench,L1_K1_VITERBI_SUB,6,200,200,-89.95001983642578,-89.95001983642578,89.95001983642578,,True,1.039313499997661,0.109273200010648,1.0528682000003755,10400.0,0.930040299987013,89.95001983642578,200.0,-89.95001983642578,0.8315217391304348,0.0,0.0,0.0,34.0,1.039069299993571,0.12409450006089173,0.9149747999326792,0.8152173913043478,0.88,0.18478260869565216,0.6176470588235294,0.0,,"{""decoder"": ""viterbi"", ""explore_subsample"": true, ""n_chains"": 1, ""orchestrate_every"": 0, ""p_dream"": 0.0, ""seed"": 6}",,,
lcbench_189906,lcbench,L1_K1_VITERBI_SUB,7,200,200,-89.26058197021484,-89.26058197021484,89.26058197021484,,True,1.0728331999998773,0.11577500004204921,1.0853178999968804,10400.0,0.957058199957828,89.26058197021484,200.0,-89.26058197021484,0.8532608695652174,0.0,0.0,0.0,34.0,1.0726175000017975,0.1308901999509544,0.941727300050843,0.7717391304347826,0.852112676056338,0.22826086956521738,0.8571428571428571,0.0,,"{""decoder"": ""viterbi"", ""explore_subsample"": true, ""n_chains"": 1, ""orchestrate_every"": 0, ""p_dream"": 0.0, ""seed"": 7}",,,
lcbench_189906,lcbench,L1_K1_VITERBI_SUB,8,200,200,-87.1064224243164,-87.1064224243164,87.1064224243164,,True,1.0063023999973666,0.10539969996898435,1.018259999997099,10400.0,0.9009027000283822,87.1064224243164,200.0,-87.1064224243164,0.7934782608695652,0.0,0.0,0.0,34.0,1.0060759999978472,0.11915869994118111,0.8869173000566661,0.7554347826086957,0.8129496402877698,0.24456521739130435,0.7333333333333333,0.0,,"{""decoder"": ""viterbi"", ""explore_subsample"": true, ""n_chains"": 1, ""orchestrate_every"": 0, ""p_dream"": 0.0, ""seed"": 8}",,,
lcbench_189906,lcbench,L1_K1_VITERBI_SUB,9,200,200,-88.77092742919922,-88.77092742919922,88.77092742919922,,True,0.9324454000015976,0.10529740003403276,0.944569399995089,10400.0,0.8271479999675648,88.77092742919922,200.0,-88.77092742919922,0.8152173913043478,0.0,0.0,0.0,34.0,0.9322536000036052,0.11909239997476107,0.8131612000288442,0.8152173913043478,0.8333333333333334,0.18478260869565216,0.7352941176470589,0.0,,"{""decoder"": ""viterbi"", ""explore_subsample"": true, ""n_chains"": 1, ""orchestrate_every"": 0, ""p_dream"": 0.0, ""seed"": 9}",,,
lcbench_189906,lcbench,L1_K1_VITERBI_SUB,10,200,200,-90.3792724609375,-90.3792724609375,90.3792724609375,,True,1.0107818999968003,0.10847049998119473,1.0238309999986086,10400.0,0.9023114000156056,90.3792724609375,200.0,-90.3792724609375,0.8260869565217391,0.0,0.0,0.0,34.0,1.01058059999923,0.12279889994533733,0.8877817000538926,0.875,0.84472049689441,0.125,0.6956521739130435,0.0,,"{""decoder"": ""viterbi"", ""explore_subsample"": true, ""n_chains"": 1, ""orchestrate_every"": 0, ""p_dream"": 0.0, ""seed"": 10}",,,
lcbench_189906,lcbench,L1_K1_VITERBI_SUB,11,200,200,-88.69916534423828,-88.69916534423828,88.69916534423828,,True,1.0207442000028095,0.11024979997455375,1.0322942999991938,10400.0,0.9104944000282558,88.69916534423828,200.0,-88.69916534423828,0.7771739130434783,0.0,0.0,0.0,34.0,1.020543300001009,0.12552489996596705,0.8950184000350419,0.8586956521739131,0.8037974683544303,0.14130434782608695,0.6153846153846154,0.0,,"{""decoder"": ""viterbi"", ""explore_subsample"": true, ""n_chains"": 1, ""orchestrate_every"": 0, ""p_dream"": 0.0, ""seed"": 11}",,,
lcbench_189906,lcbench,L1_K1_VITERBI_SUB,12,200,200,-89.77074432373047,-89.77074432373047,89.77074432373047,,True,0.9087724999990314,0.0997924999683164,0.9192349999939324,10400.0,0.808980000030715,89.77074432373047,200.0,-89.77074432373047,0.8315217391304348,0.0,0.0,0.0,34.0,0.9085868999973172,0.11336429997027153,0.7952226000270457,0.7771739130434783,0.8391608391608392,0.22282608695652173,0.8048780487804879,0.0,,"{""decoder"": ""viterbi"", ""explore_subsample"": true, ""n_chains"": 1, ""orchestrate_every"": 0, ""p_dream"": 0.0, ""seed"": 12}",,,
lcbench_189906,lcbench,L1_K1_VITERBI_SUB,13,200,200,-86.70892333984375,-86.70892333984375,86.70892333984375,,True,0.9760457000011229,0.10485179996612715,0.9864916000005906,10400.0,0.8711939000349957,86.70892333984375,200.0,-86.70892333984375,0.8206521739130435,0.0,0.0,0.0,34.0,0.97583239999949,0.11917940006242134,0.8566529999370687,0.7934782608695652,0.863013698630137,0.20652173913043478,0.6578947368421053,0.0,,"{""decoder"": ""viterbi"", ""explore_subsample"": true, ""n_chains"": 1, ""orchestrate_every"": 0, ""p_dream"": 0.0, ""seed"": 13}",,,
lcbench_189906,lcbench,L1_K1_VITERBI_SUB,14,200,200,-87.02339172363281,-87.02339172363281,87.02339172363281,,True,1.0116038999985904,0.10688209998625098,1.0245215000031749,10400.0,0.9047218000123394,87.02339172363281,200.0,-87.02339172363281,0.8206521739130435,0.0,0.0,0.0,34.0,1.0113899999996647,0.12220069995964877,0.889189300040016,0.842391304347826,0.8258064516129032,0.15760869565217392,0.7931034482758621,0.0,,"{""decoder"": ""viterbi"", ""explore_subsample"": true, ""n_chains"": 1, ""orchestrate_every"": 0, ""p_dream"": 0.0, ""seed"": 14}",,,
lcbench_189906,lcbench,L1_K1_VITERBI_SUB,15,200,200,-86.81285095214844,-86.81285095214844,86.81285095214844,,True,0.9982935000007274,0.10744900001736823,1.0110922999956529,10400.0,0.8908444999833591,86.81285095214844,200.0,-86.81285095214844,0.7717391304347826,0.0,0.0,0.0,34.0,0.9980500000019674,0.12200339999253629,0.8760466000094311,0.6521739130434783,0.825,0.34782608695652173,0.671875,0.0,,"{""decoder"": ""viterbi"", ""explore_subsample"": true, ""n_chains"": 1, ""orchestrate_every"": 0, ""p_dream"": 0.0, ""seed"": 15}",,,
lcbench_189906,lcbench,L1_K1_VITERBI_SUB,16,200,200,-89.40132141113281,-89.40132141113281,89.40132141113281,,True,0.9772609999999986,0.10211960007291054,0.9883734000031836,10400.0,0.8751413999270881,89.40132141113281,200.0,-89.40132141113281,0.7771739130434783,0.0,0.0,0.0,34.0,0.9770699000000604,0.11610739991010632,0.8609625000899541,0.7282608695652174,0.8134328358208955,0.2717391304347826,0.68,0.0,,"{""decoder"": ""viterbi"", ""explore_subsample"": true, ""n_chains"": 1, ""orchestrate_every"": 0, ""p_dream"": 0.0, ""seed"": 16}",,,
lcbench_189906,lcbench,L1_K1_VITERBI_SUB,17,200,200,-89.37677001953125,-89.37677001953125,89.37677001953125,,True,1.0697172000000137,0.11569310004415456,1.0800027000004775,10400.0,0.9540240999558591,89.37677001953125,200.0,-89.37677001953125,0.7880434782608695,0.0,0.0,0.0,34.0,1.0695211999991443,0.1306067000477924,0.9389144999513519,0.8586956521739131,0.8227848101265823,0.14130434782608695,0.5769230769230769,0.0,,"{""decoder"": ""viterbi"", ""explore_subsample"": true, ""n_chains"": 1, ""orchestrate_every"": 0, ""p_dream"": 0.0, ""seed"": 17}",,,
lcbench_189906,lcbench,L1_K1_VITERBI_SUB,18,200,200,-89.79985809326172,-89.79985809326172,89.79985809326172,,True,1.093284999995376,0.11546259991882835,1.1036471000043093,10400.0,0.9778224000765476,89.79985809326172,200.0,-89.79985809326172,0.7119565217391305,0.0,0.0,0.0,34.0,1.093082699997467,0.13057590002426878,0.9625067999731982,0.6467391304347826,0.7899159663865546,0.3532608695652174,0.5692307692307692,0.0,,"{""decoder"": ""viterbi"", ""explore_subsample"": true, ""n_chains"": 1, ""orchestrate_every"": 0, ""p_dream"": 0.0, ""seed"": 18}",,,
lcbench_189906,lcbench,L1_K1_VITERBI_SUB,19,200,200,-88.95771026611328,-88.95771026611328,88.95771026611328,,True,1.07307800000126,0.11988319999363739,1.0859779000020353,10400.0,0.9531948000076227,88.95771026611328,200.0,-88.95771026611328,0.7663043478260869,0.0,0.0,0.0,34.0,1.072852299999795,0.13529839996044757,0.9375539000393474,0.782608695652174,0.8125,0.21739130434782608,0.6,0.0,,"{""decoder"": ""viterbi"", ""explore_subsample"": true, ""n_chains"": 1, ""orchestrate_every"": 0, ""p_dream"": 0.0, ""seed"": 19}",,,
lcbench_189906,lcbench,RS,0,200,200,-90.79498291015625,-90.79498291015625,90.79498291015625,,True,0.2461777999997139,0.08771329999581212,0.2885494000001927,10400.0,0.15846450000390178,90.79498291015625,,,,,,,,,,,,,,,,,,,,
lcbench_189906,lcbench,RS,1,200,200,-89.84200286865234,-89.84200286865234,89.84200286865234,,True,0.27166980000038166,0.1014644001115812,0.31455819999973755,10400.0,0.17020539988880046,89.84200286865234,,,,,,,,,,,,,,,,,,,,
lcbench_189906,lcbench,RS,2,200,200,-89.79369354248047,-89.79369354248047,89.79369354248047,,True,0.2775393000047188,0.10714630005531944,0.3241444000013871,10400.0,0.17039299994939938,89.79369354248047,,,,,,,,,,,,,,,,,,,,
lcbench_189906,lcbench,RS,3,200,200,-87.04397583007812,-87.04397583007812,87.04397583007812,,True,0.28392709999752697,0.10909889997856226,0.32851490000030026,10400.0,0.1748282000189647,87.04397583007812,,,,,,,,,,,,,,,,,,,,
lcbench_189906,lcbench,RS,4,200,200,-88.71540832519531,-88.71540832519531,88.71540832519531,,True,0.2769639000034658,0.10589410011743894,0.29044610000710236,10400.0,0.17106979988602689,88.71540832519531,,,,,,,,,,,,,,,,,,,,
lcbench_189906,lcbench,RS,5,200,200,-88.598388671875,-88.598388671875,88.598388671875,,True,0.303841699998884,0.11317830000189133,0.3486806000000797,10400.0,0.19066339999699267,88.598388671875,,,,,,,,,,,,,,,,,,,,
lcbench_189906,lcbench,RS,6,200,200,-87.4960708618164,-87.4960708618164,87.4960708618164,,True,0.2952805000022636,0.11641360000066925,0.3076246999989962,10400.0,0.17886690000159433,87.4960708618164,,,,,,,,,,,,,,,,,,,,
lcbench_189906,lcbench,RS,7,200,200,-90.30931091308594,-90.30931091308594,90.30931091308594,,True,0.27935810000053607,0.10930160011048429,0.32604009999340633,10400.0,0.17005649989005178,90.30931091308594,,,,,,,,,,,,,,,,,,,,
lcbench_189906,lcbench,RS,8,200,200,-90.90449523925781,-90.90449523925781,90.90449523925781,,True,0.2839263999994728,0.10926600007223897,0.33110950000263983,10400.0,0.1746603999272338,90.90449523925781,,,,,,,,,,,,,,,,,,,,
lcbench_189906,lcbench,RS,9,200,200,-88.8956298828125,-88.8956298828125,88.8956298828125,,True,0.27827809999871533,0.10775900002045091,0.33003050000115763,10400.0,0.17051909997826442,88.8956298828125,,,,,,,,,,,,,,,,,,,,
lcbench_189906,lcbench,RS,10,200,200,-88.78311920166016,-88.78311920166016,88.78311920166016,,True,0.27391390000411775,0.10708350004279055,0.2891190000009374,10400.0,0.1668303999613272,88.78311920166016,,,,,,,,,,,,,,,,,,,,
lcbench_189906,lcbench,RS,11,200,200,-85.74484252929688,-85.74484252929688,85.74484252929688,,True,0.27491330000339076,0.10773449999396689,0.2878865999955451,10400.0,0.16717880000942387,85.74484252929688,,,,,,,,,,,,,,,,,,,,
lcbench_189906,lcbench,RS,12,200,200,-89.07146453857422,-89.07146453857422,89.07146453857422,,True,0.26753820000158157,0.10225420002825558,0.2797925999984727,10400.0,0.165283999973326,89.07146453857422,,,,,,,,,,,,,,,,,,,,
lcbench_189906,lcbench,RS,13,200,200,-89.7341079711914,-89.7341079711914,89.7341079711914,,True,0.2999710000003688,0.11262240002542967,0.31278529999690363,10400.0,0.18734859997493913,89.7341079711914,,,,,,,,,,,,,,,,,,,,
lcbench_189906,lcbench,RS,14,200,200,-88.86376190185547,-88.86376190185547,88.86376190185547,,True,0.2810615000053076,0.10958380003285129,0.2923871000020881,10400.0,0.17147769997245632,88.86376190185547,,,,,,,,,,,,,,,,,,,,
lcbench_189906,lcbench,RS,15,200,200,-89.49105834960938,-89.49105834960938,89.49105834960938,,True,0.28354720000061207,0.10891930007346673,0.29204370000661584,10400.0,0.17462789992714534,89.49105834960938,,,,,,,,,,,,,,,,,,,,
lcbench_189906,lcbench,RS,16,200,200,-90.00837707519531,-90.00837707519531,90.00837707519531,,True,0.29027290000522044,0.10883430000103544,0.30051730000559473,10400.0,0.181438600004185,90.00837707519531,,,,,,,,,,,,,,,,,,,,
lcbench_189906,lcbench,RS,17,200,200,-87.7574691772461,-87.7574691772461,87.7574691772461,,True,0.2899875000002794,0.11106210001889849,0.30255469999974594,10400.0,0.1789253999813809,87.7574691772461,,,,,,,,,,,,,,,,,,,,
lcbench_189906,lcbench,RS,18,200,200,-92.11966705322266,-92.11966705322266,92.11966705322266,,True,0.2895161999986158,0.11349940000945935,0.30264969999552704,10400.0,0.17601679998915642,92.11966705322266,,,,,,,,,,,,,,,,,,,,
lcbench_189906,lcbench,RS,19,200,200,-87.53980255126953,-87.53980255126953,87.53980255126953,,True,0.27908490000118036,0.10775859994464554,0.2934309999982361,10400.0,0.17132630005653482,87.53980255126953,,,,,,,,,,,,,,,,,,,,
lcbench_189906,lcbench,TPE,0,200,200,-90.934326171875,-90.934326171875,90.934326171875,,True,3.70613880000019,0.1456457000458613,3.7214410999949905,10400.0,3.5604930999543285,90.934326171875,,,,,,,,,,,,,,,,,,,,
lcbench_189906,lcbench,TPE,1,200,200,-94.56539154052734,-94.56539154052734,94.56539154052734,,True,3.3071147999944515,0.1425744001098792,3.3193017000012333,10400.0,3.1645403998845723,94.56539154052734,,,,,,,,,,,,,,,,,,,,
lcbench_189906,lcbench,TPE,2,200,200,-91.70733642578125,-91.70733642578125,91.70733642578125,,True,4.16807329999574,0.14738009989378043,4.182971599999291,10400.0,4.0206932001019595,91.70733642578125,,,,,,,,,,,,,,,,,,,,
lcbench_189906,lcbench,TPE,3,200,200,-93.94695281982422,-93.94695281982422,93.94695281982422,,True,4.052976800005126,0.14565110001422,4.07068270000309,10400.0,3.9073256999909063,93.94695281982422,,,,,,,,,,,,,,,,,,,,
lcbench_189906,lcbench,TPE,4,200,200,-92.57868957519531,-92.57868957519531,92.57868957519531,,True,3.7996763000046485,0.14426990003994433,3.8116873999970267,10400.0,3.655406399964704,92.57868957519531,,,,,,,,,,,,,,,,,,,,
lcbench_189906,lcbench,TPE,5,200,200,-91.6433334350586,-91.6433334350586,91.6433334350586,,True,4.380460899999889,0.14617349997570273,4.391759199999797,10400.0,4.234287400024186,91.6433334350586,,,,,,,,,,,,,,,,,,,,
lcbench_189906,lcbench,TPE,6,200,200,-91.6510238647461,-91.6510238647461,91.6510238647461,,True,3.722019500004535,0.14689020004152553,3.7349709999980405,10400.0,3.5751292999630095,91.6510238647461,,,,,,,,,,,,,,,,,,,,
lcbench_189906,lcbench,TPE,7,200,200,-94.4266128540039,-94.4266128540039,94.4266128540039,,True,3.463090299999749,0.14362980007717852,3.482430600000953,10400.0,3.3194604999225703,94.4266128540039,,,,,,,,,,,,,,,,,,,,
lcbench_189906,lcbench,TPE,8,200,200,-90.07913208007812,-90.07913208007812,90.07913208007812,,True,3.3719837999960873,0.13966870000876952,3.416404900002817,10400.0,3.232315099987318,90.07913208007812,,,,,,,,,,,,,,,,,,,,
lcbench_189906,lcbench,TPE,9,200,200,-94.11841583251953,-94.11841583251953,94.11841583251953,,True,3.8809184999990975,0.13973719996283762,3.891430000003311,10400.0,3.74118130003626,94.11841583251953,,,,,,,,,,,,,,,,,,,,
lcbench_189906,lcbench,TPE,10,200,200,-92.65641784667969,-92.65641784667969,92.65641784667969,,True,4.332176399999298,0.14068670010601636,4.3430317000020295,10400.0,4.191489699893282,92.65641784667969,,,,,,,,,,,,,,,,,,,,
lcbench_189906,lcbench,TPE,11,200,200,-89.94247436523438,-89.94247436523438,89.94247436523438,,True,4.126879299998109,0.13767400000506314,4.134429699995962,10400.0,3.9892052999930456,89.94247436523438,,,,,,,,,,,,,,,,,,,,
lcbench_189906,lcbench,TPE,12,200,200,-91.83476257324219,-91.83476257324219,91.83476257324219,,True,3.865533399999549,0.14018729999224888,3.876800199999707,10400.0,3.7253461000073003,91.83476257324219,,,,,,,,,,,,,,,,,,,,
lcbench_189906,lcbench,TPE,13,200,200,-89.87593841552734,-89.87593841552734,89.87593841552734,,True,3.2485903999986476,0.13959419992170297,3.259322300000349,10400.0,3.1089962000769447,89.87593841552734,,,,,,,,,,,,,,,,,,,,
lcbench_189906,lcbench,TPE,14,200,200,-94.00395202636719,-94.00395202636719,94.00395202636719,,True,3.3885607000047457,0.13571320004120935,3.398452899993572,10400.0,3.2528474999635364,94.00395202636719,,,,,,,,,,,,,,,,,,,,
lcbench_189906,lcbench,TPE,15,200,200,-91.93290710449219,-91.93290710449219,91.93290710449219,,True,4.041000500001246,0.1430876999947941,4.051770099998976,10400.0,3.897912800006452,91.93290710449219,,,,,,,,,,,,,,,,,,,,
lcbench_189906,lcbench,TPE,16,200,200,-91.94657897949219,-91.94657897949219,91.94657897949219,,True,4.076282599999104,0.14073289999942062,4.088262700002815,10400.0,3.935549699999683,91.94657897949219,,,,,,,,,,,,,,,,,,,,
lcbench_189906,lcbench,TPE,17,200,200,-94.42012786865234,-94.42012786865234,94.42012786865234,,True,3.373815499995544,0.1405674000052386,3.3844337000045925,10400.0,3.2332480999903055,94.42012786865234,,,,,,,,,,,,,,,,,,,,
lcbench_189906,lcbench,TPE,18,200,200,-91.5528335571289,-91.5528335571289,91.5528335571289,,True,3.8929420999993454,0.13653210003394634,3.901738500004285,10400.0,3.756409999965399,91.5528335571289,,,,,,,,,,,,,,,,,,,,
lcbench_189906,lcbench,TPE,19,200,200,-91.96868133544922,-91.96868133544922,91.96868133544922,,True,3.845627999995486,0.1373514999722829,3.855947700001707,10400.0,3.708276500023203,91.96868133544922,,,,,,,,,,,,,,,,,,,,
lcbench_189906,lcbench,TPE_HB,0,200,1683,-91.19451904296875,-91.19451904296875,91.19451904296875,,True,11.675959399995918,0.5187975997032481,11.683296800001699,10402.0,11.15716180029267,91.19451904296875,,,,,,,,,,,,,,,,,,,,
lcbench_189906,lcbench,TPE_HB,1,200,1583,-91.10446166992188,-91.10446166992188,91.10446166992188,,True,17.44801549999829,0.8785946002390119,70.36291989999881,10417.0,16.56942089975928,91.10446166992188,,,,,,,,,,,,,,,,,,,,
lcbench_189906,lcbench,TPE_HB,2,200,1349,-91.18060302734375,-91.18060302734375,91.18060302734375,,True,3.6856689999985974,0.22004469980311114,3.69394860000466,10424.0,3.4656243001954863,91.18060302734375,,,,,,,,,,,,,,,,,,,,
lcbench_189906,lcbench,TPE_HB,3,200,1502,-91.3062515258789,-91.3062515258789,91.3062515258789,,True,6.4228505000064615,0.26059010012977524,6.429386000003433,10401.0,6.162260399876686,91.3062515258789,,,,,,,,,,,,,,,,,,,,
lcbench_189906,lcbench,TPE_HB,4,200,1257,-91.38011932373047,-91.38011932373047,91.38011932373047,,True,4.064018899996881,0.20688969993352657,4.070216399995843,10415.0,3.857129200063355,91.38011932373047,,,,,,,,,,,,,,,,,,,,
lcbench_189906,lcbench,TPE_HB,5,200,1223,-91.24531555175781,-91.24531555175781,91.24531555175781,,True,3.3157481999951415,0.19799579990649363,3.3222989000059897,10403.0,3.117752400088648,91.24531555175781,,,,,,,,,,,,,,,,,,,,
lcbench_189906,lcbench,TPE_HB,6,200,1474,-91.33272552490234,-91.33272552490234,91.33272552490234,,True,5.252539499997511,0.24590119977801805,5.2586356999963755,10406.0,5.0066383002194925,91.33272552490234,,,,,,,,,,,,,,,,,,,,
lcbench_189906,lcbench,TPE_HB,7,200,1518,-91.41429138183594,-91.41429138183594,91.41429138183594,,True,8.787764000000607,0.45154989984439453,8.793743399997766,10400.0,8.336214100156212,91.41429138183594,,,,,,,,,,,,,,,,,,,,
lcbench_189906,lcbench,TPE_HB,8,200,1347,-88.36751556396484,-88.36751556396484,88.36751556396484,,True,7.904232100001536,0.47080079992156243,7.911827900003118,10415.0,7.433431300079974,88.36751556396484,,,,,,,,,,,,,,,,,,,,
lcbench_189906,lcbench,TPE_HB,9,200,1845,-94.93913269042969,-94.93913269042969,94.93913269042969,,True,24.951729799999157,0.7884805998546653,24.958547299997008,10411.0,24.16324920014449,94.93913269042969,,,,,,,,,,,,,,,,,,,,
lcbench_189906,lcbench,TPE_HB,10,200,1491,-91.25472259521484,-91.25472259521484,91.25472259521484,,True,10.374841099997866,0.572964800077898,10.381759099996998,10401.0,9.801876299919968,91.25472259521484,,,,,,,,,,,,,,,,,,,,
lcbench_189906,lcbench,TPE_HB,11,200,1289,-87.88309478759766,-87.88309478759766,87.88309478759766,,True,9.152371800002584,0.4652079000006779,9.160950700003013,10421.0,8.687163900001906,87.88309478759766,,,,,,,,,,,,,,,,,,,,
lcbench_189906,lcbench,TPE_HB,12,200,1579,-91.96623229980469,-91.96623229980469,91.96623229980469,,True,13.411507799995888,0.6575785998647916,13.418783100001747,10400.0,12.753929200131097,91.96623229980469,,,,,,,,,,,,,,,,,,,,
lcbench_189906,lcbench,TPE_HB,13,200,1522,-90.83204650878906,-90.83204650878906,90.83204650878906,,True,11.73646309999458,0.6822287001632503,11.745121800006018,10423.0,11.05423439983133,90.83204650878906,,,,,,,,,,,,,,,,,,,,
lcbench_189906,lcbench,TPE_HB,14,200,1308,-91.46556854248047,-91.46556854248047,91.46556854248047,,True,9.613642099997378,0.5758523998738383,9.621976900001755,10402.0,9.03778970012354,91.46556854248047,,,,,,,,,,,,,,,,,,,,
lcbench_189906,lcbench,TPE_HB,15,200,1175,-91.01067352294922,-91.01067352294922,91.01067352294922,,True,6.485960400001204,0.5048619998924551,6.4946827000021585,10406.0,5.981098400108749,91.01067352294922,,,,,,,,,,,,,,,,,,,,
lcbench_189906,lcbench,TPE_HB,16,200,1626,-93.01374053955078,-93.01374053955078,93.01374053955078,,True,20.544461199999205,0.7877872998215025,20.553907900000922,10400.0,19.756673900177702,93.01374053955078,,,,,,,,,,,,,,,,,,,,
lcbench_189906,lcbench,TPE_HB,17,200,1505,-86.57672119140625,-86.57672119140625,86.57672119140625,,True,25.76034890000301,0.7665130999812391,25.769484399999783,10412.0,24.99383580002177,86.57672119140625,,,,,,,,,,,,,,,,,,,,
lcbench_189906,lcbench,TPE_HB,18,200,1578,-90.81299591064453,-90.81299591064453,90.81299591064453,,True,14.247903000003134,0.7678556003374979,14.256859499997518,10402.0,13.480047399665636,90.81299591064453,,,,,,,,,,,,,,,,,,,,
lcbench_189906,lcbench,TPE_HB,19,200,1224,-90.53247833251953,-90.53247833251953,90.53247833251953,,True,6.808980399997381,0.5474259999973583,6.818068199994741,10403.0,6.261554400000023,90.53247833251953,,,,,,,,,,,,,,,,,,,,
lcbench_7593,lcbench,CMAES,0,200,200,-79.77616119384766,-79.77616119384766,79.77616119384766,,True,0.49866889999975683,0.11410210008762078,7.419727000000421,10400.0,0.38456679991213605,79.77616119384766,,,,,,,,,,,,,,,,,,,,
lcbench_7593,lcbench,CMAES,1,200,200,-81.90167999267578,-81.90167999267578,81.90167999267578,,True,0.5219591999994009,0.13983259996166453,0.5364128000001074,10400.0,0.38212660003773635,81.90167999267578,,,,,,,,,,,,,,,,,,,,
lcbench_7593,lcbench,CMAES,2,200,200,-81.40424346923828,-81.40424346923828,81.40424346923828,,True,0.463314900000114,0.11472580002737232,0.47466569999960484,10400.0,0.3485890999727417,81.40424346923828,,,,,,,,,,,,,,,,,,,,
lcbench_7593,lcbench,CMAES,3,200,200,-81.70882415771484,-81.70882415771484,81.70882415771484,,True,0.44857800000318093,0.11544090004463214,0.4607880999974441,10400.0,0.3331370999585488,81.70882415771484,,,,,,,,,,,,,,,,,,,,
lcbench_7593,lcbench,CMAES,4,200,200,-85.86726379394531,-85.86726379394531,85.86726379394531,,True,0.506803399999626,0.13339709999854676,0.518603799995617,10400.0,0.3734063000010792,85.86726379394531,,,,,,,,,,,,,,,,,,,,
lcbench_7593,lcbench,CMAES,5,200,200,-83.7480239868164,-83.7480239868164,83.7480239868164,,True,0.4771106999978656,0.1271405999941635,0.49273460000404157,10400.0,0.3499701000037021,83.7480239868164,,,,,,,,,,,,,,,,,,,,
lcbench_7593,lcbench,CMAES,6,200,200,-87.36299133300781,-87.36299133300781,87.36299133300781,,True,0.44060560000070836,0.10580009999830509,0.4518919000038295,10400.0,0.3348055000024033,87.36299133300781,,,,,,,,,,,,,,,,,,,,
lcbench_7593,lcbench,CMAES,7,200,200,-83.47595977783203,-83.47595977783203,83.47595977783203,,True,0.4450438000058057,0.1093908998882398,0.45810980000533164,10400.0,0.3356529001175659,83.47595977783203,,,,,,,,,,,,,,,,,,,,
lcbench_7593,lcbench,CMAES,8,200,200,-79.70832824707031,-79.70832824707031,79.70832824707031,,True,0.4875077999968198,0.12674850006442284,0.4983780999973533,10400.0,0.36075929993239697,79.70832824707031,,,,,,,,,,,,,,,,,,,,
lcbench_7593,lcbench,CMAES,9,200,200,-80.7876968383789,-80.7876968383789,80.7876968383789,,True,0.4850925000064308,0.12604800007829908,0.49730260000069393,10400.0,0.3590444999281317,80.7876968383789,,,,,,,,,,,,,,,,,,,,
lcbench_7593,lcbench,CMAES,10,200,200,-78.47032165527344,-78.47032165527344,78.47032165527344,,True,0.47073590000218246,0.12313710000307765,0.4840263000005507,10400.0,0.3475987999991048,78.47032165527344,,,,,,,,,,,,,,,,,,,,
lcbench_7593,lcbench,CMAES,11,200,200,-83.1479721069336,-83.1479721069336,83.1479721069336,,True,0.6007409999947413,0.166657000023406,0.6149004999970202,10400.0,0.4340839999713353,83.1479721069336,,,,,,,,,,,,,,,,,,,,
lcbench_7593,lcbench,CMAES,12,200,200,-81.34929656982422,-81.34929656982422,81.34929656982422,,True,0.6117835999975796,0.16694579995964887,0.6257953000022098,10400.0,0.4448378000379307,81.34929656982422,,,,,,,,,,,,,,,,,,,,
lcbench_7593,lcbench,CMAES,13,200,200,-83.95113372802734,-83.95113372802734,83.95113372802734,,True,0.5869607999993605,0.15932869997777743,0.608451200001582,10400.0,0.42763210002158303,83.95113372802734,,,,,,,,,,,,,,,,,,,,
lcbench_7593,lcbench,CMAES,14,200,200,-81.10265350341797,-81.10265350341797,81.10265350341797,,True,0.5115132999999332,0.14490019997174386,0.528402100004314,10400.0,0.36661310002818936,81.10265350341797,,,,,,,,,,,,,,,,,,,,
lcbench_7593,lcbench,CMAES,15,200,200,-81.11781311035156,-81.11781311035156,81.11781311035156,,True,0.48144350000075065,0.12607849996857112,0.4956101000061608,10400.0,0.3553650000321795,81.11781311035156,,,,,,,,,,,,,,,,,,,,
lcbench_7593,lcbench,CMAES,16,200,200,-79.203369140625,-79.203369140625,79.203369140625,,True,0.41870290000224486,0.10347690006892662,0.4309667999987141,10400.0,0.31522599993331823,79.203369140625,,,,,,,,,,,,,,,,,,,,
lcbench_7593,lcbench,CMAES,17,200,200,-83.73109436035156,-83.73109436035156,83.73109436035156,,True,0.466181100004178,0.1218119000113802,0.4779567000005045,10400.0,0.3443691999927978,83.73109436035156,,,,,,,,,,,,,,,,,,,,
lcbench_7593,lcbench,CMAES,18,200,200,-80.22936248779297,-80.22936248779297,80.22936248779297,,True,0.47011550000024727,0.12353580001945375,0.48027559999900404,10400.0,0.3465796999807935,80.22936248779297,,,,,,,,,,,,,,,,,,,,
lcbench_7593,lcbench,CMAES,19,200,200,-84.46123504638672,-84.46123504638672,84.46123504638672,,True,0.4458888000008301,0.11550700003135717,0.45547780000197235,10400.0,0.3303817999694729,84.46123504638672,,,,,,,,,,,,,,,,,,,,
lcbench_7593,lcbench,FMP_DREAM,0,200,200,-80.2765121459961,-80.2765121459961,80.2765121459961,,True,0.566377499999362,0.10088749994611135,0.5790125999992597,10400.0,0.4654900000532507,80.2765121459961,200.0,-80.2765121459961,0.6629834254143646,0.4419889502762431,3.0,0.0,19.0,0.5661273999940022,0.11509649996150983,0.45103090003249235,0.46408839779005523,0.7380952380952381,0.5359116022099447,0.5979381443298969,0.0,,"{""decoder"": ""soft"", ""explore_subsample"": false, ""n_chains"": 4, ""orchestrate_every"": 5, ""p_dream"": 0.5, ""seed"": 0}",,,
lcbench_7593,lcbench,FMP_DREAM,1,200,200,-81.14288330078125,-81.14288330078125,81.14288330078125,,True,0.51395390000107,0.10256630003277678,0.5266680999993696,10400.0,0.4113875999682932,81.14288330078125,200.0,-81.14288330078125,0.5722222222222222,0.49444444444444446,4.0,0.0,13.0,0.5137713000003714,0.1164499999867985,0.3973213000135729,0.4666666666666667,0.6428571428571429,0.5333333333333333,0.5104166666666666,0.0,,"{""decoder"": ""soft"", ""explore_subsample"": false, ""n_chains"": 4, ""orchestrate_every"": 5, ""p_dream"": 0.5, ""seed"": 1}",,,
lcbench_7593,lcbench,FMP_DREAM,2,200,200,-83.25080871582031,-83.25080871582031,83.25080871582031,,True,0.6062641999960761,0.1081932000015513,0.6193833000070299,10400.0,0.49807099999452475,83.25080871582031,200.0,-83.25080871582031,0.580110497237569,0.4585635359116022,3.0,0.0,21.0,0.6060137000022223,0.12252849999640603,0.4834852000058163,0.4530386740331492,0.5853658536585366,0.5469613259668509,0.5757575757575758,0.0,,"{""decoder"": ""soft"", ""explore_subsample"": false, ""n_chains"": 4, ""orchestrate_every"": 5, ""p_dream"": 0.5, ""seed"": 2}",,,
lcbench_7593,lcbench,FMP_DREAM,3,200,200,-82.973388671875,-82.973388671875,82.973388671875,,True,0.5092550000044866,0.10429109996039188,0.5217553999973461,10400.0,0.40496390004409477,82.973388671875,200.0,-82.973388671875,0.6666666666666666,0.5333333333333333,4.0,0.0,15.0,0.5089737000016612,0.11875640002108412,0.3902172999805771,0.4222222222222222,0.8157894736842105,0.5777777777777777,0.5576923076923077,0.0,,"{""decoder"": ""soft"", ""explore_subsample"": false, ""n_chains"": 4, ""orchestrate_every"": 5, ""p_dream"": 0.5, ""seed"": 3}",,,
lcbench_7593,lcbench,FMP_DREAM,4,200,200,-81.27454376220703,-81.27454376220703,81.27454376220703,,True,0.5420739999972284,0.10404810002364684,0.5553517999942414,10400.0,0.43802589997358155,81.27454376220703,200.0,-81.27454376220703,0.6611111111111111,0.4722222222222222,4.0,0.0,16.0,0.5418424000017694,0.11821469995629741,0.423627700045472,0.45,0.7407407407407407,0.55,0.5959595959595959,0.0,,"{""decoder"": ""soft"", ""explore_subsample"": false, ""n_chains"": 4, ""orchestrate_every"": 5, ""p_dream"": 0.5, ""seed"": 4}",,,
lcbench_7593,lcbench,FMP_DREAM,5,200,200,-81.88574981689453,-81.88574981689453,81.88574981689453,,True,0.498390599997947,0.1019995000824565,0.5104816999955801,10400.0,0.3963910999154905,81.88574981689453,200.0,-81.88574981689453,0.6256983240223464,0.5307262569832403,4.0,1.0,13.0,0.4981863000066369,0.11639240000658901,0.38179390000004787,0.44692737430167595,0.6,0.553072625698324,0.6464646464646465,0.0,,"{""decoder"": ""soft"", ""explore_subsample"": false, ""n_chains"": 4, ""orchestrate_every"": 5, ""p_dream"": 0.5, ""seed"": 5}",,,
lcbench_7593,lcbench,FMP_DREAM,6,200,200,-87.00613403320312,-87.00613403320312,87.00613403320312,,True,0.5200729999996838,0.10466550009005005,0.530434599997534,10400.0,0.41540749990963377,87.00613403320312,200.0,-87.00613403320312,0.6,0.5055555555555555,4.0,0.0,15.0,0.5198751999996603,0.11915020000742516,0.4007249999922351,0.48333333333333334,0.6551724137931034,0.5166666666666667,0.5483870967741935,0.0,,"{""decoder"": ""soft"", ""explore_subsample"": false, ""n_chains"": 4, ""orchestrate_every"": 5, ""p_dream"": 0.5, ""seed"": 6}",,,
lcbench_7593,lcbench,FMP_DREAM,7,200,200,-82.29346466064453,-82.29346466064453,82.29346466064453,,True,0.5096532999959891,0.10690590000740485,0.5229175999993458,10400.0,0.4027473999885842,82.29346466064453,200.0,-82.29346466064453,0.6166666666666667,0.5,4.0,0.0,13.0,0.5094071999992593,0.12134889998560539,0.38805830001365393,0.4388888888888889,0.6329113924050633,0.5611111111111111,0.6039603960396039,0.0,,"{""decoder"": ""soft"", ""explore_subsample"": false, ""n_chains"": 4, ""orchestrate_every"": 5, ""p_dream"": 0.5, ""seed"": 7}",,,
lcbench_7593,lcbench,FMP_DREAM,8,200,200,-85.40110778808594,-85.40110778808594,85.40110778808594,,True,0.5353372999961721,0.1067643999485881,0.5491381999963778,10400.0,0.42857290004758397,85.40110778808594,200.0,-85.40110778808594,0.6077348066298343,0.4972375690607735,3.0,0.0,16.0,0.5350858000019798,0.12099619994842215,0.41408960005355766,0.40331491712707185,0.684931506849315,0.5966850828729282,0.5555555555555556,0.0,,"{""decoder"": ""soft"", ""explore_subsample"": false, ""n_chains"": 4, ""orchestrate_every"": 5, ""p_dream"": 0.5, ""seed"": 8}",,,
lcbench_7593,lcbench,FMP_DREAM,9,200,200,-80.97590637207031,-80.97590637207031,80.97590637207031,,True,0.6017114000060246,0.10938710001209984,0.6152342999994289,10400.0,0.4923242999939248,80.97590637207031,200.0,-80.97590637207031,0.6408839779005525,0.49171270718232046,3.0,0.0,20.0,0.6014512000037939,0.12447770004655467,0.47697349995723926,0.47513812154696133,0.6976744186046512,0.5248618784530387,0.5894736842105263,0.0,,"{""decoder"": ""soft"", ""explore_subsample"": false, ""n_chains"": 4, ""orchestrate_every"": 5, ""p_dream"": 0.5, ""seed"": 9}",,,
lcbench_7593,lcbench,FMP_DREAM,10,200,200,-77.05390930175781,-77.05390930175781,77.05390930175781,,True,0.44089039999380475,0.09369260002131341,0.45325160000356846,10400.0,0.34719779997249134,77.05390930175781,200.0,-77.05390930175781,0.6759776536312849,0.5810055865921788,5.0,0.0,13.0,0.4406899000023259,0.10688170007779263,0.33380819992453326,0.5139664804469274,0.6521739130434783,0.4860335195530726,0.7011494252873564,0.0,,"{""decoder"": ""soft"", ""explore_subsample"": false, ""n_chains"": 4, ""orchestrate_every"": 5, ""p_dream"": 0.5, ""seed"": 10}",,,
lcbench_7593,lcbench,FMP_DREAM,11,200,200,-82.52136993408203,-82.52136993408203,82.52136993408203,,True,0.5168253000010736,0.10696260008990066,0.5300013000014587,10400.0,0.40986269991117297,82.52136993408203,200.0,-82.52136993408203,0.5418994413407822,0.49162011173184356,5.0,0.0,13.0,0.5165625000008731,0.12161439994815737,0.39494810005271574,0.41899441340782123,0.6533333333333333,0.5810055865921788,0.46153846153846156,0.0,,"{""decoder"": ""soft"", ""explore_subsample"": false, ""n_chains"": 4, ""orchestrate_every"": 5, ""p_dream"": 0.5, ""seed"": 11}",,,
lcbench_7593,lcbench,FMP_DREAM,12,200,200,-80.92094421386719,-80.92094421386719,80.92094421386719,,True,0.5130518000005395,0.10345069999311818,0.5246127999998862,10400.0,0.40960110000742134,80.92094421386719,200.0,-80.92094421386719,0.5754189944134078,0.5363128491620112,5.0,0.0,15.0,0.5128396999934921,0.1179794999625301,0.394860200030962,0.44692737430167595,0.55,0.553072625698324,0.5959595959595959,0.0,,"{""decoder"": ""soft"", ""explore_subsample"": false, ""n_chains"": 4, ""orchestrate_every"": 5, ""p_dream"": 0.5, ""seed"": 12}",,,
lcbench_7593,lcbench,FMP_DREAM,13,200,200,-85.97476959228516,-85.97476959228516,85.97476959228516,,True,0.5689309000008507,0.11607350001577288,0.5797034999995958,10400.0,0.4528573999850778,85.97476959228516,200.0,-85.97476959228516,0.5833333333333334,0.49444444444444446,4.0,0.0,17.0,0.5687372999964282,0.13014239999029087,0.4385949000061373,0.4722222222222222,0.7058823529411765,0.5277777777777778,0.47368421052631576,0.0,,"{""decoder"": ""soft"", ""explore_subsample"": false, ""n_chains"": 4, ""orchestrate_every"": 5, ""p_dream"": 0.5, ""seed"": 13}",,,
lcbench_7593,lcbench,FMP_DREAM,14,200,200,-80.11589813232422,-80.11589813232422,80.11589813232422,,True,0.6092157000020961,0.11235609992581885,0.6234554999973625,10400.0,0.4968596000762773,80.11589813232422,200.0,-80.11589813232422,0.5888888888888889,0.5555555555555556,4.0,0.0,17.0,0.6089421999931801,0.12740719994326355,0.48153500004991656,0.5111111111111111,0.6195652173913043,0.4888888888888889,0.5568181818181818,0.0,,"{""decoder"": ""soft"", ""explore_subsample"": false, ""n_chains"": 4, ""orchestrate_every"": 5, ""p_dream"": 0.5, ""seed"": 14}",,,
lcbench_7593,lcbench,FMP_DREAM,15,200,200,-85.31742095947266,-85.31742095947266,85.31742095947266,,True,0.5229819000014686,0.12384250000468455,0.5360561999987112,10400.0,0.39913939999678405,85.31742095947266,200.0,-85.31742095947266,0.6424581005586593,0.5418994413407822,5.0,0.0,13.0,0.5227695000066888,0.1393045999793685,0.38346490002732025,0.5865921787709497,0.638095238095238,0.4134078212290503,0.6486486486486487,0.0,,"{""decoder"": ""soft"", ""explore_subsample"": false, ""n_chains"": 4, ""orchestrate_every"": 5, ""p_dream"": 0.5, ""seed"": 15}",,,
lcbench_7593,lcbench,FMP_DREAM,16,200,200,-78.38670349121094,-78.38670349121094,78.38670349121094,,True,0.565210599997954,0.11792089990194654,0.5791757999977563,10400.0,0.44728970009600744,78.38670349121094,200.0,-78.38670349121094,0.6759776536312849,0.5139664804469274,5.0,0.0,14.0,0.564977900001395,0.1329897999385139,0.43198810006288113,0.46368715083798884,0.7228915662650602,0.5363128491620112,0.6354166666666666,0.0,,"{""decoder"": ""soft"", ""explore_subsample"": false, ""n_chains"": 4, ""orchestrate_every"": 5, ""p_dream"": 0.5, ""seed"": 16}",,,
lcbench_7593,lcbench,FMP_DREAM,17,200,200,-86.12741088867188,-86.12741088867188,86.12741088867188,,True,0.566946500002814,0.11645909997605486,0.5802805999992415,10400.0,0.45048740002675913,86.12741088867188,200.0,-86.12741088867188,0.6910112359550562,0.47752808988764045,6.0,0.0,9.0,0.5666928999999072,0.13215600002877181,0.4345368999711354,0.4887640449438202,0.6666666666666666,0.5112359550561798,0.7142857142857143,0.0,,"{""decoder"": ""soft"", ""explore_subsample"": false, ""n_chains"": 4, ""orchestrate_every"": 5, ""p_dream"": 0.5, ""seed"": 17}",,,
lcbench_7593,lcbench,FMP_DREAM,18,200,200,-82.6395034790039,-82.6395034790039,82.6395034790039,,True,0.5194221999990987,0.11630349994811695,0.5306372999984887,10400.0,0.4031187000509817,82.6395034790039,200.0,-82.6395034790039,0.6067415730337079,0.5,6.0,0.0,12.0,0.5191647999963607,0.13102429998252774,0.38814050001383293,0.4438202247191011,0.569620253164557,0.5561797752808989,0.6363636363636364,0.0,,"{""decoder"": ""soft"", ""explore_subsample"": false, ""n_chains"": 4, ""orchestrate_every"": 5, ""p_dream"": 0.5, ""seed"": 18}",,,
lcbench_7593,lcbench,FMP_DREAM,19,200,200,-83.55432891845703,-83.55432891845703,83.55432891845703,,True,0.5319235999995726,0.11211819997697603,0.5447720000011032,10400.0,0.4198054000225966,83.55432891845703,200.0,-83.55432891845703,0.6277777777777778,0.5055555555555555,4.0,0.0,18.0,0.5316822999957367,0.1262592999773915,0.4054230000183452,0.38333333333333336,0.6956521739130435,0.6166666666666667,0.5855855855855856,0.0,,"{""decoder"": ""soft"", ""explore_subsample"": false, ""n_chains"": 4, ""orchestrate_every"": 5, ""p_dream"": 0.5, ""seed"": 19}",,,
lcbench_7593,lcbench,GP,0,200,200,-91.65486907958984,-91.65486907958984,91.65486907958984,,True,75.98420189999888,0.12036829996941378,75.9945652000024,10400.0,75.86383360002947,91.65486907958984,,,,,,,,,,,,,,,,,,,,
lcbench_7593,lcbench,GP,1,200,200,-91.65486907958984,-91.65486907958984,91.65486907958984,,True,111.04445970000234,0.13735260003159055,111.05556480000087,10400.0,110.90710709997074,91.65486907958984,,,,,,,,,,,,,,,,,,,,
lcbench_7593,lcbench,GP,2,200,200,-91.65486907958984,-91.65486907958984,91.65486907958984,,True,104.51963239999895,0.1433825000131037,104.52818950000074,10400.0,104.37624989998585,91.65486907958984,,,,,,,,,,,,,,,,,,,,
lcbench_7593,lcbench,GP,3,200,200,-90.66207885742188,-90.66207885742188,90.66207885742188,,True,108.7038590000011,0.14186710002832115,108.71504569999524,10400.0,108.56199189997278,90.66207885742188,,,,,,,,,,,,,,,,,,,,
lcbench_7593,lcbench,GP,4,200,200,-91.65486907958984,-91.65486907958984,91.65486907958984,,True,109.6180091999995,0.15027520007424755,109.62964089999878,10400.0,109.46773399992526,91.65486907958984,,,,,,,,,,,,,,,,,,,,
lcbench_7593,lcbench,GP,5,200,200,-90.66207885742188,-90.66207885742188,90.66207885742188,,True,116.74271330000192,0.14827020010125125,116.7532299999948,10400.0,116.59444309990067,90.66207885742188,,,,,,,,,,,,,,,,,,,,
lcbench_7593,lcbench,GP,6,200,200,-91.65486907958984,-91.65486907958984,91.65486907958984,,True,96.76565599999594,0.15102399997704197,96.77606779999769,10400.0,96.6146320000189,91.65486907958984,,,,,,,,,,,,,,,,,,,,
lcbench_7593,lcbench,GP,7,200,200,-91.65486907958984,-91.65486907958984,91.65486907958984,,True,97.94369180000649,0.1467941999217146,97.95594539999729,10400.0,97.79689760008478,91.65486907958984,,,,,,,,,,,,,,,,,,,,
lcbench_7593,lcbench,GP,8,200,200,-91.65486907958984,-91.65486907958984,91.65486907958984,,True,91.99730119999731,0.14536979995318688,92.00942239999858,10400.0,91.85193140004412,91.65486907958984,,,,,,,,,,,,,,,,,,,,
lcbench_7593,lcbench,GP,9,200,200,-90.66207885742188,-90.66207885742188,90.66207885742188,,True,107.59141319999617,0.14705589998629875,107.60532070000045,10400.0,107.44435730000987,90.66207885742188,,,,,,,,,,,,,,,,,,,,
lcbench_7593,lcbench,GP,10,200,200,-91.65486907958984,-91.65486907958984,91.65486907958984,,True,107.242591299997,0.15620169994508615,107.25507920000382,10400.0,107.08638960005192,91.65486907958984,,,,,,,,,,,,,,,,,,,,
lcbench_7593,lcbench,GP,11,200,200,-91.65486907958984,-91.65486907958984,91.65486907958984,,True,113.90238810000301,0.15711029999511084,113.92661230000522,10400.0,113.7452778000079,91.65486907958984,,,,,,,,,,,,,,,,,,,,
lcbench_7593,lcbench,GP,12,200,200,-91.65486907958984,-91.65486907958984,91.65486907958984,,True,112.06733370000438,0.15757710000616498,112.08466330000374,10400.0,111.90975659999822,91.65486907958984,,,,,,,,,,,,,,,,,,,,
lcbench_7593,lcbench,GP,13,200,200,-91.65486907958984,-91.65486907958984,91.65486907958984,,True,95.41191389999585,0.1511971999789239,95.43017780000082,10400.0,95.26071670001693,91.65486907958984,,,,,,,,,,,,,,,,,,,,
lcbench_7593,lcbench,GP,14,200,200,-91.65486907958984,-91.65486907958984,91.65486907958984,,True,107.09036149999883,0.1591094000468729,107.12467620000098,10400.0,106.93125209995196,91.65486907958984,,,,,,,,,,,,,,,,,,,,
lcbench_7593,lcbench,GP,15,200,200,-91.65486907958984,-91.65486907958984,91.65486907958984,,True,103.23801100000128,0.15456520001316676,103.25326070000301,10400.0,103.08344579998811,91.65486907958984,,,,,,,,,,,,,,,,,,,,
lcbench_7593,lcbench,GP,16,200,200,-91.65486907958984,-91.65486907958984,91.65486907958984,,True,106.5764113999976,0.16338200000609504,106.59319680000044,10400.0,106.4130293999915,91.65486907958984,,,,,,,,,,,,,,,,,,,,
lcbench_7593,lcbench,GP,17,200,200,-91.65486907958984,-91.65486907958984,91.65486907958984,,True,118.57790070000192,0.15710440000839299,118.60743490000459,10400.0,118.42079629999353,91.65486907958984,,,,,,,,,,,,,,,,,,,,
lcbench_7593,lcbench,GP,18,200,200,-91.65486907958984,-91.65486907958984,91.65486907958984,,True,108.5762309999991,0.17377590000251075,108.59014480000042,10400.0,108.40245509999659,91.65486907958984,,,,,,,,,,,,,,,,,,,,
lcbench_7593,lcbench,GP,19,200,200,-91.65486907958984,-91.65486907958984,91.65486907958984,,True,103.03438380000443,0.1535646000338602,103.04347710000002,10400.0,102.88081919997057,91.65486907958984,,,,,,,,,,,,,,,,,,,,
lcbench_7593,lcbench,L1_K1_VITERBI_SUB,0,200,200,-76.05387115478516,-76.05387115478516,76.05387115478516,,True,1.1211423999993713,0.1254422999700182,1.1529279000023962,10400.0,0.995700100029353,76.05387115478516,200.0,-76.05387115478516,0.7282608695652174,0.0,0.0,0.0,34.0,1.120745899999747,0.14141869999002665,0.9793272000097204,0.6739130434782609,0.7741935483870968,0.32608695652173914,0.6333333333333333,0.0,,"{""decoder"": ""viterbi"", ""explore_subsample"": true, ""n_chains"": 1, ""orchestrate_every"": 0, ""p_dream"": 0.0, ""seed"": 0}",,,
lcbench_7593,lcbench,L1_K1_VITERBI_SUB,1,200,200,-77.84644317626953,-77.84644317626953,77.84644317626953,,True,1.046455399999104,0.12165859997912776,1.0596082999982173,10400.0,0.9247968000199762,77.84644317626953,200.0,-77.84644317626953,0.6630434782608695,0.0,0.0,0.0,34.0,1.0461886000048253,0.13635310001700418,0.9098354999878211,0.717391304347826,0.7348484848484849,0.2826086956521739,0.4807692307692308,0.0,,"{""decoder"": ""viterbi"", ""explore_subsample"": true, ""n_chains"": 1, ""orchestrate_every"": 0, ""p_dream"": 0.0, ""seed"": 1}",,,
lcbench_7593,lcbench,L1_K1_VITERBI_SUB,2,200,200,-83.54986572265625,-83.54986572265625,83.54986572265625,,True,1.0465855999937048,0.1238140999848838,1.0596923999983119,10400.0,0.922771500008821,83.54986572265625,200.0,-83.54986572265625,0.6956521739130435,0.0,0.0,0.0,34.0,1.0463357999979053,0.13913040007901145,0.9072053999188938,0.6086956521739131,0.7410714285714286,0.391304347826087,0.625,0.0,,"{""decoder"": ""viterbi"", ""explore_subsample"": true, ""n_chains"": 1, ""orchestrate_every"": 0, ""p_dream"": 0.0, ""seed"": 2}",,,
lcbench_7593,lcbench,L1_K1_VITERBI_SUB,3,200,200,-78.31182861328125,-78.31182861328125,78.31182861328125,,True,1.0411020000028657,0.12070259999745758,1.0553647999986424,10400.0,0.9203994000054081,78.31182861328125,200.0,-78.31182861328125,0.6902173913043478,0.0,0.0,0.0,34.0,1.0408711999989464,0.1359960999689065,0.9048751000300399,0.6413043478260869,0.7372881355932204,0.358695652173913,0.6060606060606061,0.0,,"{""decoder"": ""viterbi"", ""explore_subsample"": true, ""n_chains"": 1, ""orchestrate_every"": 0, ""p_dream"": 0.0, ""seed"": 3}",,,
lcbench_7593,lcbench,L1_K1_VITERBI_SUB,4,200,200,-74.4082260131836,-74.4082260131836,74.4082260131836,,True,1.059232299994619,0.12322060003498336,1.0720073000047705,10400.0,0.9360116999596357,74.4082260131836,200.0,-74.4082260131836,0.7554347826086957,0.0,0.0,0.0,34.0,1.0590126000024611,0.13827150005090516,0.920741099951556,0.6956521739130435,0.8125,0.30434782608695654,0.625,0.0,,"{""decoder"": ""viterbi"", ""explore_subsample"": true, ""n_chains"": 1, ""orchestrate_every"": 0, ""p_dream"": 0.0, ""seed"": 4}",,,
lcbench_7593,lcbench,L1_K1_VITERBI_SUB,5,200,200,-84.40969848632812,-84.40969848632812,84.40969848632812,,True,1.0137542000011308,0.12076899987732759,1.0270181999949273,10400.0,0.8929852001238032,84.40969848632812,200.0,-84.40969848632812,0.10326086956521739,0.0,0.0,0.0,34.0,1.0135394999961136,0.1352624000501237,0.8782770999459899,0.09239130434782608,0.5882352941176471,0.08152173913043478,0.6,0.8260869565217391,0.0,"{""decoder"": ""viterbi"", ""explore_subsample"": true, ""n_chains"": 1, ""orchestrate_every"": 0, ""p_dream"": 0.0, ""seed"": 5}",,,
lcbench_7593,lcbench,L1_K1_VITERBI_SUB,6,200,200,-84.28775024414062,-84.28775024414062,84.28775024414062,,True,1.0973478000014438,0.12142719997063978,1.1185817000005045,10400.0,0.975920600030804,84.28775024414062,200.0,-84.28775024414062,0.6956521739130435,0.0,0.0,0.0,34.0,1.09706510000251,0.13639589997183066,0.9606692000306793,0.7554347826086957,0.7482014388489209,0.24456521739130435,0.5333333333333333,0.0,,"{""decoder"": ""viterbi"", ""explore_subsample"": true, ""n_chains"": 1, ""orchestrate_every"": 0, ""p_dream"": 0.0, ""seed"": 6}",,,
lcbench_7593,lcbench,L1_K1_VITERBI_SUB,7,200,200,-77.31846618652344,-77.31846618652344,77.31846618652344,,True,1.0525519000002532,0.12102010002126917,1.0640002000000095,10400.0,0.931531799978984,77.31846618652344,200.0,-77.31846618652344,0.7010869565217391,0.0,0.0,0.0,34.0,1.0523485999947297,0.13651249997201376,0.915836100022716,0.6521739130434783,0.7666666666666667,0.34782608695652173,0.578125,0.0,,"{""decoder"": ""viterbi"", ""explore_subsample"": true, ""n_chains"": 1, ""orchestrate_every"": 0, ""p_dream"": 0.0, ""seed"": 7}",,,
lcbench_7593,lcbench,L1_K1_VITERBI_SUB,8,200,200,-78.97769165039062,-78.97769165039062,78.97769165039062,,True,1.0848012999995262,0.11978939999244176,1.1058687999975518,10400.0,0.9650119000070845,78.97769165039062,200.0,-78.97769165039062,0.625,0.0,0.0,0.0,34.0,1.0845176000002539,0.13518700003623962,0.9493305999640143,0.6467391304347826,0.7226890756302521,0.3532608695652174,0.4461538461538462,0.0,,"{""decoder"": ""viterbi"", ""explore_subsample"": true, ""n_chains"": 1, ""orchestrate_every"": 0, ""p_dream"": 0.0, ""seed"": 8}",,,
lcbench_7593,lcbench,L1_K1_VITERBI_SUB,9,200,200,-80.67683410644531,-80.67683410644531,80.67683410644531,,True,1.0728902000046219,0.12331300001824275,1.085331700000097,10400.0,0.9495771999863791,80.67683410644531,200.0,-80.67683410644531,0.717391304347826,0.0,0.0,0.0,34.0,1.0726483000034932,0.13796730005560676,0.9346809999478864,0.6902173913043478,0.7716535433070866,0.30978260869565216,0.5964912280701754,0.0,,"{""decoder"": ""viterbi"", ""explore_subsample"": true, ""n_chains"": 1, ""orchestrate_every"": 0, ""p_dream"": 0.0, ""seed"": 9}",,,
lcbench_7593,lcbench,L1_K1_VITERBI_SUB,10,200,200,-79.75395202636719,-79.75395202636719,79.75395202636719,,True,1.0671245000048657,0.125981699944532,1.0806695999999647,10400.0,0.9411428000603337,79.75395202636719,200.0,-79.75395202636719,0.7608695652173914,0.0,0.0,0.0,34.0,1.066905299994687,0.14126920003036503,0.9256360999643221,0.6467391304347826,0.7815126050420168,0.3532608695652174,0.7230769230769231,0.0,,"{""decoder"": ""viterbi"", ""explore_subsample"": true, ""n_chains"": 1, ""orchestrate_every"": 0, ""p_dream"": 0.0, ""seed"": 10}",,,
lcbench_7593,lcbench,L1_K1_VITERBI_SUB,11,200,200,-76.83435821533203,-76.83435821533203,76.83435821533203,,True,1.0561601999943377,0.11778289992071223,1.0715760000020964,10400.0,0.9383773000736255,76.83435821533203,200.0,-76.83435821533203,0.6902173913043478,0.0,0.0,0.0,34.0,1.055881500004034,0.13322820001485525,0.9226532999891788,0.6521739130434783,0.7416666666666667,0.34782608695652173,0.59375,0.0,,"{""decoder"": ""viterbi"", ""explore_subsample"": true, ""n_chains"": 1, ""orchestrate_every"": 0, ""p_dream"": 0.0, ""seed"": 11}",,,
lcbench_7593,lcbench,L1_K1_VITERBI_SUB,12,200,200,-80.54737091064453,-80.54737091064453,80.54737091064453,,True,1.0892303000000538,0.12259530006849673,1.1021744000026956,10400.0,0.9666349999315571,80.54737091064453,200.0,-80.54737091064453,0.7554347826086957,0.0,0.0,0.0,34.0,1.0890109000029042,0.13817619998735609,0.9508347000155482,0.47282608695652173,0.8390804597701149,0.5271739130434783,0.6804123711340206,0.0,,"{""decoder"": ""viterbi"", ""explore_subsample"": true, ""n_chains"": 1, ""orchestrate_every"": 0, ""p_dream"": 0.0, ""seed"": 12}",,,
lcbench_7593,lcbench,L1_K1_VITERBI_SUB,13,200,200,-81.49372863769531,-81.49372863769531,81.49372863769531,,True,1.0675966999988304,0.11796200004027924,1.0792612999939593,10400.0,0.9496346999585512,81.49372863769531,200.0,-81.49372863769531,0.8097826086956522,0.0,0.0,0.0,34.0,1.0673947999966913,0.13321369998448063,0.9341811000122107,0.7065217391304348,0.8153846153846154,0.29347826086956524,0.7962962962962963,0.0,,"{""decoder"": ""viterbi"", ""explore_subsample"": true, ""n_chains"": 1, ""orchestrate_every"": 0, ""p_dream"": 0.0, ""seed"": 13}",,,
lcbench_7593,lcbench,L1_K1_VITERBI_SUB,14,200,200,-79.56403350830078,-79.56403350830078,79.56403350830078,,True,1.0757049000021652,0.12203029997181147,1.0880913000000874,10400.0,0.9536746000303538,79.56403350830078,200.0,-79.56403350830078,0.7065217391304348,0.0,0.0,0.0,34.0,1.075505200002226,0.13693430000421358,0.9385708999980125,0.5760869565217391,0.7547169811320755,0.42391304347826086,0.6410256410256411,0.0,,"{""decoder"": ""viterbi"", ""explore_subsample"": true, ""n_chains"": 1, ""orchestrate_every"": 0, ""p_dream"": 0.0, ""seed"": 14}",,,
lcbench_7593,lcbench,L1_K1_VITERBI_SUB,15,200,200,-81.25222778320312,-81.25222778320312,81.25222778320312,,True,1.0399143999966327,0.11527009998098947,1.0555924000000232,10400.0,0.9246443000156432,81.25222778320312,200.0,-81.25222778320312,0.7065217391304348,0.0,0.0,0.0,34.0,1.039696300002106,0.1301821999513777,0.9095141000507283,0.6358695652173914,0.7435897435897436,0.3641304347826087,0.6417910447761194,0.0,,"{""decoder"": ""viterbi"", ""explore_subsample"": true, ""n_chains"": 1, ""orchestrate_every"": 0, ""p_dream"": 0.0, ""seed"": 15}",,,
lcbench_7593,lcbench,L1_K1_VITERBI_SUB,16,200,200,-85.28813934326172,-85.28813934326172,85.28813934326172,,True,1.0201196999987587,0.11106759996619076,1.0334247999999207,10400.0,0.909052100032568,85.28813934326172,200.0,-85.28813934326172,0.7336956521739131,0.0,0.0,0.0,34.0,1.0198775000026217,0.1255668999729096,0.8943106000297121,0.6413043478260869,0.7796610169491526,0.358695652173913,0.6515151515151515,0.0,,"{""decoder"": ""viterbi"", ""explore_subsample"": true, ""n_chains"": 1, ""orchestrate_every"": 0, ""p_dream"": 0.0, ""seed"": 16}",,,
lcbench_7593,lcbench,L1_K1_VITERBI_SUB,17,200,200,-80.47335052490234,-80.47335052490234,80.47335052490234,,True,1.0504331999982242,0.1134992000006605,1.063534900000377,10400.0,0.9369339999975637,80.47335052490234,200.0,-80.47335052490234,0.7391304347826086,0.0,0.0,0.0,34.0,1.0502335999990464,0.12825879995216383,0.9219748000468826,0.6739130434782609,0.7661290322580645,0.32608695652173914,0.6833333333333333,0.0,,"{""decoder"": ""viterbi"", ""explore_subsample"": true, ""n_chains"": 1, ""orchestrate_every"": 0, ""p_dream"": 0.0, ""seed"": 17}",,,
lcbench_7593,lcbench,L1_K1_VITERBI_SUB,18,200,200,-79.95927429199219,-79.95927429199219,79.95927429199219,,True,1.0460655999995652,0.11141779994068202,1.0665570000055595,10400.0,0.9346478000588831,79.95927429199219,200.0,-79.95927429199219,0.6141304347826086,0.0,0.0,0.0,34.0,1.0457820000010543,0.12600699996983167,0.9197750000312226,0.592391304347826,0.6605504587155964,0.4076086956521739,0.5466666666666666,0.0,,"{""decoder"": ""viterbi"", ""explore_subsample"": true, ""n_chains"": 1, ""orchestrate_every"": 0, ""p_dream"": 0.0, ""seed"": 18}",,,
lcbench_7593,lcbench,L1_K1_VITERBI_SUB,19,200,200,-75.09931182861328,-75.09931182861328,75.09931182861328,,True,1.072161199997936,0.11273929996968945,1.0930216000051587,10400.0,0.9594219000282465,75.09931182861328,200.0,-75.09931182861328,0.7336956521739131,0.0,0.0,0.0,34.0,1.0718888999981573,0.12773330002528382,0.9441555999728735,0.6956521739130435,0.78125,0.30434782608695654,0.625,0.0,,"{""decoder"": ""viterbi"", ""explore_subsample"": true, ""n_chains"": 1, ""orchestrate_every"": 0, ""p_dream"": 0.0, ""seed"": 19}",,,
lcbench_7593,lcbench,RS,0,200,200,-77.23754119873047,-77.23754119873047,77.23754119873047,,True,0.20903679999901215,0.07660040009068325,52.94555009999749,10400.0,0.1324363999083289,77.23754119873047,,,,,,,,,,,,,,,,,,,,
lcbench_7593,lcbench,RS,1,200,200,-76.6636734008789,-76.6636734008789,76.6636734008789,,True,0.22327590000350028,0.08350010003778152,52.933339900002466,10400.0,0.13977579996571876,76.6636734008789,,,,,,,,,,,,,,,,,,,,
lcbench_7593,lcbench,RS,2,200,200,-76.57569122314453,-76.57569122314453,76.57569122314453,,True,0.1933059000002686,0.07111360006820178,52.90430400000332,10400.0,0.12219229993206682,76.57569122314453,,,,,,,,,,,,,,,,,,,,
lcbench_7593,lcbench,RS,3,200,200,-78.98341369628906,-78.98341369628906,78.98341369628906,,True,0.26368689999799244,0.09041059997252887,63.01725109999825,10400.0,0.17327630002546357,78.98341369628906,,,,,,,,,,,,,,,,,,,,
lcbench_7593,lcbench,RS,4,200,200,-77.57372283935547,-77.57372283935547,77.57372283935547,,True,0.24397559999488294,0.09138460004032822,52.93122690000018,10400.0,0.15259099995455472,77.57372283935547,,,,,,,,,,,,,,,,,,,,
lcbench_7593,lcbench,RS,5,200,200,-75.71590423583984,-75.71590423583984,75.71590423583984,,True,0.20557990000088466,0.07575859995995415,52.89054510000278,10400.0,0.1298213000409305,75.71590423583984,,,,,,,,,,,,,,,,,,,,
lcbench_7593,lcbench,RS,6,200,200,-77.91923522949219,-77.91923522949219,77.91923522949219,,True,0.2806607000020449,0.09825870007625781,63.02014020000206,10400.0,0.1824019999257871,77.91923522949219,,,,,,,,,,,,,,,,,,,,
lcbench_7593,lcbench,RS,7,200,200,-77.42737579345703,-77.42737579345703,77.42737579345703,,True,0.10621350000292296,0.034132399974623695,12.986053699998592,10400.0,0.07208110002829926,77.42737579345703,,,,,,,,,,,,,,,,,,,,
lcbench_7593,lcbench,RS,8,200,200,-79.12394714355469,-79.12394714355469,79.12394714355469,,True,0.26871379999647615,0.09286189989506966,62.98419379999541,10400.0,0.1758519001014065,79.12394714355469,,,,,,,,,,,,,,,,,,,,
lcbench_7593,lcbench,RS,9,200,200,-77.97067260742188,-77.97067260742188,77.97067260742188,,True,0.28471369999897433,0.09772989997873083,62.97196759999497,10400.0,0.1869838000202435,77.97067260742188,,,,,,,,,,,,,,,,,,,,
lcbench_7593,lcbench,RS,10,200,200,-79.14839935302734,-79.14839935302734,79.14839935302734,,True,0.10278919999836944,0.030596999982662965,0.10746250000374857,10400.0,0.07219220001570648,79.14839935302734,,,,,,,,,,,,,,,,,,,,
lcbench_7593,lcbench,RS,11,200,200,-74.4822006225586,-74.4822006225586,74.4822006225586,,True,0.10771010000462411,0.03239250001934124,0.11364000000321539,10400.0,0.07531759998528287,74.4822006225586,,,,,,,,,,,,,,,,,,,,
lcbench_7593,lcbench,RS,12,200,200,-77.67973327636719,-77.67973327636719,77.67973327636719,,True,0.10367479999695206,0.03099500004464062,0.10982660000445321,10400.0,0.07267979995231144,77.67973327636719,,,,,,,,,,,,,,,,,,,,
lcbench_7593,lcbench,RS,13,200,200,-75.90387725830078,-75.90387725830078,75.90387725830078,,True,0.10659039999882225,0.03263739989051828,0.1137005999989924,10400.0,0.07395300010830397,75.90387725830078,,,,,,,,,,,,,,,,,,,,
lcbench_7593,lcbench,RS,14,200,200,-74.91647338867188,-74.91647338867188,74.91647338867188,,True,0.11778770000091754,0.03676320001977729,0.12459649999800604,10400.0,0.08102449998114025,74.91647338867188,,,,,,,,,,,,,,,,,,,,
lcbench_7593,lcbench,RS,15,200,200,-76.34207153320312,-76.34207153320312,76.34207153320312,,True,0.13205379999999423,0.04247510006825905,0.13915930000075605,10400.0,0.08957869993173517,76.34207153320312,,,,,,,,,,,,,,,,,,,,
lcbench_7593,lcbench,RS,16,200,200,-77.92221069335938,-77.92221069335938,77.92221069335938,,True,0.11674350000248523,0.03675389997806633,0.12143179999839049,10400.0,0.0799896000244189,77.92221069335938,,,,,,,,,,,,,,,,,,,,
lcbench_7593,lcbench,RS,17,200,200,-77.00601196289062,-77.00601196289062,77.00601196289062,,True,0.09744749999663327,0.028881400015961844,0.101809100000537,10400.0,0.06856609998067142,77.00601196289062,,,,,,,,,,,,,,,,,,,,
lcbench_7593,lcbench,RS,18,200,200,-78.1787109375,-78.1787109375,78.1787109375,,True,0.1020420000058948,0.030601100013882387,0.10841169999912381,10400.0,0.07144089999201242,78.1787109375,,,,,,,,,,,,,,,,,,,,
lcbench_7593,lcbench,RS,19,200,200,-78.95148468017578,-78.95148468017578,78.95148468017578,,True,0.1082721000057063,0.03185559995472431,0.11332219999894733,10400.0,0.076416500050982,78.95148468017578,,,,,,,,,,,,,,,,,,,,
lcbench_7593,lcbench,TPE,0,200,200,-88.43867492675781,-88.43867492675781,88.43867492675781,,True,1.526473799996893,0.06109600001218496,1.5332586000004085,10400.0,1.465377799984708,88.43867492675781,,,,,,,,,,,,,,,,,,,,
lcbench_7593,lcbench,TPE,1,200,200,-82.07494354248047,-82.07494354248047,82.07494354248047,,True,1.400229599996237,0.05649669996637385,1.4051102999947034,10400.0,1.3437329000298632,82.07494354248047,,,,,,,,,,,,,,,,,,,,
lcbench_7593,lcbench,TPE,2,200,200,-88.33650970458984,-88.33650970458984,88.33650970458984,,True,1.4552155999990646,0.04425699995044852,1.461562500000582,10400.0,1.410958600048616,88.33650970458984,,,,,,,,,,,,,,,,,,,,
lcbench_7593,lcbench,TPE,3,200,200,-88.55919647216797,-88.55919647216797,88.55919647216797,,True,1.3158092999947257,0.047712499916087836,1.3209816000016872,10400.0,1.268096800078638,88.55919647216797,,,,,,,,,,,,,,,,,,,,
lcbench_7593,lcbench,TPE,4,200,200,-80.66329193115234,-80.66329193115234,80.66329193115234,,True,1.3438638000006904,0.04958619997341884,1.3506667999972706,10400.0,1.2942776000272715,80.66329193115234,,,,,,,,,,,,,,,,,,,,
lcbench_7593,lcbench,TPE,5,200,200,-88.41606903076172,-88.41606903076172,88.41606903076172,,True,1.5034908000016003,0.06526099998882273,1.5103750999987824,10400.0,1.4382298000127776,88.41606903076172,,,,,,,,,,,,,,,,,,,,
lcbench_7593,lcbench,TPE,6,200,200,-84.05720520019531,-84.05720520019531,84.05720520019531,,True,1.6188873999999487,0.06723330001841532,1.6239685000036843,10400.0,1.5516540999815334,84.05720520019531,,,,,,,,,,,,,,,,,,,,
lcbench_7593,lcbench,TPE,7,200,200,-89.379150390625,-89.379150390625,89.379150390625,,True,1.4346108000027016,0.06247369995980989,1.439892799993686,10400.0,1.3721371000428917,89.379150390625,,,,,,,,,,,,,,,,,,,,
lcbench_7593,lcbench,TPE,8,200,200,-88.62103271484375,-88.62103271484375,88.62103271484375,,True,1.4803026000008686,0.048577600027783774,1.4870807999977842,10400.0,1.4317249999730848,88.62103271484375,,,,,,,,,,,,,,,,,,,,
lcbench_7593,lcbench,TPE,9,200,200,-88.88715362548828,-88.88715362548828,88.88715362548828,,True,1.4346254000047338,0.051104399979521986,1.4406544000012218,10400.0,1.3835210000252118,88.88715362548828,,,,,,,,,,,,,,,,,,,,
lcbench_7593,lcbench,TPE,10,200,200,-80.4580078125,-80.4580078125,80.4580078125,,True,1.2532510000019101,0.0407364000348025,1.2597695000004023,10400.0,1.2125145999671076,80.4580078125,,,,,,,,,,,,,,,,,,,,
lcbench_7593,lcbench,TPE,11,200,200,-84.07388305664062,-84.07388305664062,84.07388305664062,,True,1.1364778999995906,0.04150339999614516,1.143747699999949,10400.0,1.0949745000034454,84.07388305664062,,,,,,,,,,,,,,,,,,,,
lcbench_7593,lcbench,TPE,12,200,200,-85.84236907958984,-85.84236907958984,85.84236907958984,,True,1.255344099998183,0.04609540008823387,1.2618593000006513,10400.0,1.2092486999099492,85.84236907958984,,,,,,,,,,,,,,,,,,,,
lcbench_7593,lcbench,TPE,13,200,200,-85.02468872070312,-85.02468872070312,85.02468872070312,,True,1.2031731000024593,0.03932329997041961,1.208297199998924,10400.0,1.1638498000320396,85.02468872070312,,,,,,,,,,,,,,,,,,,,
lcbench_7593,lcbench,TPE,14,200,200,-88.12211608886719,-88.12211608886719,88.12211608886719,,True,1.2814006000044174,0.03952100002061343,1.2880169999989448,10400.0,1.241879599983804,88.12211608886719,,,,,,,,,,,,,,,,,,,,
lcbench_7593,lcbench,TPE,15,200,200,-83.01961517333984,-83.01961517333984,83.01961517333984,,True,1.7603175999975065,0.040483399978256784,1.7663489999977173,10400.0,1.7198342000192497,83.01961517333984,,,,,,,,,,,,,,,,,,,,
lcbench_7593,lcbench,TPE,16,200,200,-81.73220825195312,-81.73220825195312,81.73220825195312,,True,1.2675195999981952,0.04118320001725806,1.2727152000006754,10400.0,1.2263363999809371,81.73220825195312,,,,,,,,,,,,,,,,,,,,
lcbench_7593,lcbench,TPE,17,200,200,-89.18944549560547,-89.18944549560547,89.18944549560547,,True,1.4974307000011322,0.04960479989676969,1.5040604999958305,10400.0,1.4478259001043625,89.18944549560547,,,,,,,,,,,,,,,,,,,,
lcbench_7593,lcbench,TPE,18,200,200,-85.4679183959961,-85.4679183959961,85.4679183959961,,True,1.2408450999937486,0.045538599930296186,1.2455747999993037,10400.0,1.1953065000634524,85.4679183959961,,,,,,,,,,,,,,,,,,,,
lcbench_7593,lcbench,TPE,19,200,200,-80.54705810546875,-80.54705810546875,80.54705810546875,,True,1.3308156999992207,0.0535904999851482,1.3356838999970932,10400.0,1.2772252000140725,80.54705810546875,,,,,,,,,,,,,,,,,,,,
lcbench_7593,lcbench,TPE_HB,0,200,1827,-72.8074951171875,-72.8074951171875,72.8074951171875,,True,33.29521989999921,1.2745425999019062,33.30340010000509,10404.0,32.020677300097304,72.8074951171875,,,,,,,,,,,,,,,,,,,,
lcbench_7593,lcbench,TPE_HB,1,200,1401,-80.2584457397461,-80.2584457397461,80.2584457397461,,True,7.3650696000040625,0.36887360006949166,63.76926939999976,10409.0,6.996195999934571,80.2584457397461,,,,,,,,,,,,,,,,,,,,
lcbench_7593,lcbench,TPE_HB,2,200,1834,-82.19620513916016,-82.19620513916016,82.19620513916016,,True,13.549268499999016,0.7364375998804462,67.95663220000279,10400.0,12.81283090011857,82.19620513916016,,,,,,,,,,,,,,,,,,,,
lcbench_7593,lcbench,TPE_HB,3,200,1725,-84.18331146240234,-84.18331146240234,84.18331146240234,,True,21.87712409999949,0.8413406997933635,75.97998039999948,10417.0,21.035783400206128,84.18331146240234,,,,,,,,,,,,,,,,,,,,
lcbench_7593,lcbench,TPE_HB,4,200,1399,-84.05175018310547,-84.05175018310547,84.05175018310547,,True,10.185841999998956,0.6629284000373445,64.27232730000105,10400.0,9.522913599961612,84.05175018310547,,,,,,,,,,,,,,,,,,,,
lcbench_7593,lcbench,TPE_HB,5,200,1395,-85.56709289550781,-85.56709289550781,85.56709289550781,,True,12.519410200002312,0.7265798998560058,66.48670560000028,10405.0,11.792830300146306,85.56709289550781,,,,,,,,,,,,,,,,,,,,
lcbench_7593,lcbench,TPE_HB,6,200,1310,-81.81393432617188,-81.81393432617188,81.81393432617188,,True,8.032989100000123,0.6500715001675417,61.541190999996616,10401.0,7.382917599832581,81.81393432617188,,,,,,,,,,,,,,,,,,,,
lcbench_7593,lcbench,TPE_HB,7,200,2177,-78.47002410888672,-78.47002410888672,78.47002410888672,,True,35.413590199998,1.2260198998919805,88.61715819999517,10401.0,34.18757030010602,78.47002410888672,,,,,,,,,,,,,,,,,,,,
lcbench_7593,lcbench,TPE_HB,8,200,1534,-73.51763916015625,-73.51763916015625,73.51763916015625,,True,7.743407199996,0.45890039990626974,7.751299600000493,10403.0,7.28450680008973,73.51763916015625,,,,,,,,,,,,,,,,,,,,
lcbench_7593,lcbench,TPE_HB,9,200,2016,-82.75464630126953,-82.75464630126953,82.75464630126953,,True,31.12430669999594,1.1470964999243733,83.69092239999736,10407.0,29.977210200071568,82.75464630126953,,,,,,,,,,,,,,,,,,,,
lcbench_7593,lcbench,TPE_HB,10,200,1660,-78.82614135742188,-78.82614135742188,78.82614135742188,,True,18.596808199996303,0.9218661000049906,71.19107870000153,10405.0,17.674942099991313,78.82614135742188,,,,,,,,,,,,,,,,,,,,
lcbench_7593,lcbench,TPE_HB,11,200,1375,-86.95536804199219,-86.95536804199219,86.95536804199219,,True,5.279071900004055,0.23980390015640296,5.28547389999585,10402.0,5.039267999847652,86.95536804199219,,,,,,,,,,,,,,,,,,,,
lcbench_7593,lcbench,TPE_HB,12,200,2132,-83.51354217529297,-83.51354217529297,83.51354217529297,,True,9.509838999998465,0.3892310997907771,9.516165100001672,10400.0,9.120607900207688,83.51354217529297,,,,,,,,,,,,,,,,,,,,
lcbench_7593,lcbench,TPE_HB,13,200,1921,-73.24457550048828,-73.24457550048828,73.24457550048828,,True,7.536880100000417,0.337769899990235,7.543086300000141,10411.0,7.199110200010182,73.24457550048828,,,,,,,,,,,,,,,,,,,,
lcbench_7593,lcbench,TPE_HB,14,200,1573,-79.51457214355469,-79.51457214355469,79.51457214355469,,True,9.714178499998525,0.30973749994154787,9.720370700000785,10404.0,9.404441000056977,79.51457214355469,,,,,,,,,,,,,,,,,,,,
lcbench_7593,lcbench,TPE_HB,15,200,1922,-78.48633575439453,-78.48633575439453,78.48633575439453,,True,30.725214499994763,0.8507852998518501,30.731525900002453,10400.0,29.874429200142913,78.48633575439453,,,,,,,,,,,,,,,,,,,,
lcbench_7593,lcbench,TPE_HB,16,200,1628,-87.70659637451172,-87.70659637451172,87.70659637451172,,True,25.751651600003242,0.8022860996497911,25.757560099998955,10402.0,24.94936550035345,87.70659637451172,,,,,,,,,,,,,,,,,,,,
lcbench_7593,lcbench,TPE_HB,17,200,1882,-79.89676666259766,-79.89676666259766,79.89676666259766,,True,28.665800800001307,1.0644584000692703,28.67606220000016,10408.0,27.601342399932037,79.89676666259766,,,,,,,,,,,,,,,,,,,,
lcbench_7593,lcbench,TPE_HB,18,200,2309,-85.85252380371094,-85.85252380371094,85.85252380371094,,True,35.99323420000292,1.3353824999867356,36.00161640000442,10402.0,34.65785170001618,85.85252380371094,,,,,,,,,,,,,,,,,,,,
lcbench_7593,lcbench,TPE_HB,19,200,1314,-78.4444351196289,-78.4444351196289,78.4444351196289,,True,9.668978900001093,0.6697689002685365,9.677105900002061,10413.0,8.999209999732557,78.4444351196289,,,,,,,,,,,,,,,,,,,,
