task,suite,method,seed,n_evals,best_loss,acceptance_rate,kernel_fraction_dream,n_rescues,n_reseeds,n_bw_refits,time_total,time_objective,time_overhead,frac_exploit,acc_exploit,frac_explore,acc_explore,frac_trapped,acc_trapped
lcbench_126025,lcbench,FMP_DREAM,0,200,-97.39876556396484,0.1896551724137931,0.27586206896551724,2,1,18,0.5319088000105694,0.09203119983430952,0.4398776001762599,0.29310344827586204,0.11764705882352941,0.6839080459770115,0.2184873949579832,0.022988505747126436,0.25
lcbench_126025,lcbench,FMP_DREAM,1,200,-97.239501953125,0.1781609195402299,0.3218390804597701,1,2,21,0.5564011000096798,0.0867009999928996,0.4697001000167802,0.16666666666666666,0.2413793103448276,0.8275862068965517,0.1597222222222222,0.005747126436781609,1.0
lcbench_126025,lcbench,FMP_DREAM,2,200,-92.33462524414062,0.1676300578034682,0.24855491329479767,2,2,17,0.5594247999833897,0.09748719993513077,0.4619376000482589,0.36416184971098264,0.1746031746031746,0.630057803468208,0.1559633027522936,0.005780346820809248,1.0
lcbench_126025,lcbench,FMP_DREAM,3,200,-95.80829620361328,0.1896551724137931,0.27586206896551724,2,1,19,0.5408233999623917,0.09621870052069426,0.44460469944169745,0.22988505747126436,0.15,0.7528735632183908,0.19083969465648856,0.017241379310344827,0.6666666666666666
lcbench_126025,lcbench,FMP_DREAM,4,200,-92.08348083496094,0.21965317919075145,0.2543352601156069,3,1,20,0.5352797000086866,0.0911316997371614,0.44414800027152523,0.2774566473988439,0.20833333333333334,0.7052023121387283,0.22131147540983606,0.017341040462427744,0.3333333333333333
lcbench_126025,lcbench,FMP_DREAM,5,200,-98.60665893554688,0.16,0.26285714285714284,2,0,21,0.7180309999966994,0.1235080998740159,0.5945229001226835,0.2057142857142857,0.1111111111111111,0.7371428571428571,0.17054263565891473,0.05714285714285714,0.2
lcbench_126025,lcbench,FMP_DREAM,6,200,-97.78034973144531,0.17341040462427745,0.23121387283236994,3,1,16,0.645624999946449,0.12009569921065122,0.5255293007357977,0.2774566473988439,0.1875,0.7109826589595376,0.17073170731707318,0.011560693641618497,0.0
lcbench_126025,lcbench,FMP_DREAM,7,200,-91.74862670898438,0.21965317919075145,0.21965317919075145,2,2,17,0.5699335999670438,0.10135929950047284,0.468574300466571,0.37572254335260113,0.27692307692307694,0.6184971098265896,0.17757009345794392,0.005780346820809248,1.0
lcbench_126025,lcbench,FMP_DREAM,8,200,-95.8477783203125,0.1676300578034682,0.23121387283236994,3,1,16,0.5728012999752536,0.10457669961033389,0.46822460036491975,0.24277456647398843,0.21428571428571427,0.7109826589595376,0.13008130081300814,0.046242774566473986,0.5
lcbench_126025,lcbench,FMP_DREAM,9,200,-99.15435028076172,0.17142857142857143,0.3142857142857143,1,1,22,0.7076594999525696,0.1214598995866254,0.5861996003659442,0.18857142857142858,0.18181818181818182,0.8114285714285714,0.16901408450704225,0.0,
lcbench_126025,lcbench,FMP_DREAM,10,200,-98.07396697998047,0.12138728323699421,0.20809248554913296,3,1,16,0.6179671999998391,0.1109574997681193,0.5070097002317198,0.24277456647398843,0.11904761904761904,0.7514450867052023,0.12307692307692308,0.005780346820809248,0.0
lcbench_126025,lcbench,FMP_DREAM,11,200,-91.49313354492188,0.2254335260115607,0.32947976878612717,2,2,21,0.6485522000002675,0.11292589991353452,0.535626300086733,0.23121387283236994,0.25,0.7572254335260116,0.20610687022900764,0.011560693641618497,1.0
lcbench_126025,lcbench,FMP_DREAM,12,200,-97.94273376464844,0.1839080459770115,0.27011494252873564,1,2,18,0.6387478999677114,0.11453109997091815,0.5242167999967933,0.28735632183908044,0.26,0.7011494252873564,0.13934426229508196,0.011494252873563218,1.0
lcbench_126025,lcbench,FMP_DREAM,13,200,-94.26142120361328,0.2,0.24571428571428572,1,1,22,0.6241971999988891,0.10951259976718575,0.5146846002317034,0.26285714285714284,0.30434782608695654,0.7314285714285714,0.15625,0.005714285714285714,1.0
lcbench_126025,lcbench,FMP_DREAM,14,200,-98.33583068847656,0.19653179190751446,0.27167630057803466,3,1,17,0.49124480003956705,0.09661919990321621,0.39462560013635084,0.41040462427745666,0.2535211267605634,0.5722543352601156,0.16161616161616163,0.017341040462427744,0.0
lcbench_126025,lcbench,FMP_DREAM,15,200,-92.04940795898438,0.20809248554913296,0.24277456647398843,3,1,20,0.614105999993626,0.11400289984885603,0.50010310014477,0.3352601156069364,0.1896551724137931,0.6589595375722543,0.21052631578947367,0.005780346820809248,1.0
lcbench_126025,lcbench,FMP_DREAM,16,200,-91.69963836669922,0.1511627906976744,0.25,3,2,15,0.5658829000312835,0.10613970039412379,0.4597431996371597,0.32558139534883723,0.125,0.622093023255814,0.14953271028037382,0.05232558139534884,0.3333333333333333
lcbench_126025,lcbench,FMP_DREAM,17,200,-99.09196472167969,0.1896551724137931,0.2471264367816092,2,1,19,0.6727437000372447,0.11072779929963872,0.562015900737606,0.21264367816091953,0.2702702702702703,0.764367816091954,0.16541353383458646,0.022988505747126436,0.25
lcbench_126025,lcbench,FMP_DREAM,18,200,-97.71136474609375,0.12790697674418605,0.22674418604651161,4,1,15,0.5201814000029117,0.10152619989821687,0.4186552001046948,0.22093023255813954,0.23684210526315788,0.7616279069767442,0.09923664122137404,0.01744186046511628,0.0
lcbench_126025,lcbench,FMP_DREAM,19,200,-95.57649993896484,0.1676300578034682,0.20809248554913296,2,2,17,0.6185960000148043,0.11265289987204596,0.5059431001427583,0.19653179190751446,0.2647058823529412,0.7687861271676301,0.12781954887218044,0.03468208092485549,0.5
lcbench_126026,lcbench,FMP_DREAM,0,200,-99.25994110107422,0.3081395348837209,0.3081395348837209,2,3,15,0.512821200012695,0.09747079951921478,0.41535040049348027,0.5174418604651163,0.23595505617977527,0.48255813953488375,0.3855421686746988,0.0,
lcbench_126026,lcbench,FMP_DREAM,1,200,-99.53863525390625,0.24855491329479767,0.2138728323699422,1,3,18,0.5660092000034638,0.09936049993848428,0.4666487000649795,0.4913294797687861,0.18823529411764706,0.5086705202312138,0.3068181818181818,0.0,
lcbench_126026,lcbench,FMP_DREAM,2,200,-99.56977844238281,0.21511627906976744,0.25,2,3,19,0.5047208000323735,0.08926730026723817,0.41545349976513535,0.5116279069767442,0.22727272727272727,0.48255813953488375,0.1927710843373494,0.005813953488372093,1.0
lcbench_126026,lcbench,FMP_DREAM,3,200,-99.1146469116211,0.2529411764705882,0.2647058823529412,3,4,15,0.5310310999630019,0.09972579980967566,0.43130530015332624,0.38823529411764707,0.21212121212121213,0.611764705882353,0.27884615384615385,0.0,
lcbench_126026,lcbench,FMP_DREAM,4,200,-99.4612045288086,0.21176470588235294,0.27058823529411763,4,3,13,0.5536175000015646,0.10877879953477532,0.4448387004667893,0.45294117647058824,0.2077922077922078,0.5411764705882353,0.20652173913043478,0.0058823529411764705,1.0
lcbench_126026,lcbench,FMP_DREAM,5,200,-99.5431900024414,0.19767441860465115,0.27906976744186046,3,2,14,0.5252700999844819,0.11104339978192002,0.4142267002025619,0.4186046511627907,0.16666666666666666,0.5755813953488372,0.21212121212121213,0.005813953488372093,1.0
lcbench_126026,lcbench,FMP_DREAM,6,200,-99.32963562011719,0.20809248554913296,0.23121387283236994,2,2,16,0.5965280000236817,0.10999059973983094,0.48653740028385073,0.4682080924855491,0.16049382716049382,0.5317919075144508,0.25,0.0,
lcbench_126026,lcbench,FMP_DREAM,7,200,-99.39862060546875,0.19883040935672514,0.2631578947368421,3,3,14,0.4539596000104211,0.08540519990492612,0.368554400105495,0.4152046783625731,0.15492957746478872,0.5847953216374269,0.23,0.0,
lcbench_126026,lcbench,FMP_DREAM,8,200,-99.44830322265625,0.21176470588235294,0.25882352941176473,4,3,15,0.5187564000370912,0.11569959996268153,0.4030568000744097,0.37058823529411766,0.19047619047619047,0.6235294117647059,0.2169811320754717,0.0058823529411764705,1.0
lcbench_126026,lcbench,FMP_DREAM,9,200,-99.57319641113281,0.2573099415204678,0.3333333333333333,3,3,15,0.5445110999862663,0.09995240007992834,0.444558699906338,0.49707602339181284,0.3058823529411765,0.4853801169590643,0.20481927710843373,0.017543859649122806,0.3333333333333333
lcbench_126026,lcbench,FMP_DREAM,10,200,-99.59941101074219,0.18604651162790697,0.25,3,2,13,0.500757200003136,0.09593529999256134,0.4048219000105746,0.4186046511627907,0.1527777777777778,0.5697674418604651,0.20408163265306123,0.011627906976744186,0.5
lcbench_126026,lcbench,FMP_DREAM,11,200,-99.38572692871094,0.30994152046783624,0.26900584795321636,2,4,13,0.5222092000185512,0.1013293998548761,0.4208798001636751,0.47953216374269003,0.2804878048780488,0.52046783625731,0.33707865168539325,0.0,
lcbench_126026,lcbench,FMP_DREAM,12,200,-99.48321533203125,0.2441860465116279,0.23255813953488372,2,3,19,0.6006939000217244,0.10702169977594167,0.49367220024578273,0.36046511627906974,0.20967741935483872,0.6337209302325582,0.26605504587155965,0.005813953488372093,0.0
lcbench_126026,lcbench,FMP_DREAM,13,200,-99.59674835205078,0.2647058823529412,0.27058823529411763,3,4,16,0.47792840003967285,0.08951099967816845,0.3884174003615044,0.32941176470588235,0.26785714285714285,0.6647058823529411,0.25663716814159293,0.0058823529411764705,1.0
lcbench_126026,lcbench,FMP_DREAM,14,200,-99.13241577148438,0.3063583815028902,0.26011560693641617,0,4,20,0.5646364000276662,0.09168329939711839,0.47295310063054785,0.49710982658959535,0.313953488372093,0.5028901734104047,0.2988505747126437,0.0,
lcbench_126026,lcbench,FMP_DREAM,15,200,-99.63323211669922,0.26900584795321636,0.21052631578947367,2,4,14,0.4820863999775611,0.0920576000935398,0.3900287998840213,0.4619883040935672,0.22784810126582278,0.5380116959064327,0.30434782608695654,0.0,
lcbench_126026,lcbench,FMP_DREAM,16,200,-97.69459533691406,0.25,0.2441860465116279,2,3,18,0.5708819000283256,0.0977702999371104,0.4731116000912152,0.5058139534883721,0.27586206896551724,0.4883720930232558,0.21428571428571427,0.005813953488372093,1.0
lcbench_126026,lcbench,FMP_DREAM,17,200,-99.31448364257812,0.1907514450867052,0.2543352601156069,2,2,19,0.5932851000106893,0.10065499984193593,0.4926301001687534,0.31213872832369943,0.18518518518518517,0.6763005780346821,0.18803418803418803,0.011560693641618497,0.5
lcbench_126026,lcbench,FMP_DREAM,18,200,-99.62677001953125,0.18604651162790697,0.2558139534883721,3,2,17,0.5462835999787785,0.10165810026228428,0.44462549971649423,0.37209302325581395,0.203125,0.6046511627906976,0.17307692307692307,0.023255813953488372,0.25
lcbench_126026,lcbench,FMP_DREAM,19,200,-99.59636688232422,0.27167630057803466,0.27167630057803466,2,2,19,0.5676640999736264,0.10042700031772256,0.4672370996559039,0.41040462427745666,0.18309859154929578,0.5895953757225434,0.3333333333333333,0.0,
lcbench_126029,lcbench,FMP_DREAM,0,200,-97.13013458251953,0.18604651162790697,0.27325581395348836,4,1,15,0.5265633999952115,0.09829880017787218,0.42826459981733933,0.3372093023255814,0.20689655172413793,0.6453488372093024,0.17117117117117117,0.01744186046511628,0.3333333333333333
lcbench_126029,lcbench,FMP_DREAM,1,200,-95.08592224121094,0.21142857142857144,0.2,0,2,22,0.587065999978222,0.09367889957502484,0.4933871004031971,0.37142857142857144,0.26153846153846155,0.6171428571428571,0.16666666666666666,0.011428571428571429,1.0
lcbench_126029,lcbench,FMP_DREAM,2,200,-94.91053009033203,0.24277456647398843,0.2023121387283237,1,3,18,0.5630578999989666,0.09612699958961457,0.46693090040935203,0.45664739884393063,0.24050632911392406,0.5317919075144508,0.2391304347826087,0.011560693641618497,0.5
lcbench_126029,lcbench,FMP_DREAM,3,200,-95.06053924560547,0.1791907514450867,0.2254335260115607,2,2,18,0.5220262999646366,0.09733660012716427,0.4246896998374723,0.2254335260115607,0.1794871794871795,0.7514450867052023,0.17692307692307693,0.023121387283236993,0.25
lcbench_126029,lcbench,FMP_DREAM,4,200,-95.3856430053711,0.26436781609195403,0.2471264367816092,1,2,20,0.6202899999916553,0.10367569944355637,0.516614300548099,0.3620689655172414,0.2857142857142857,0.6379310344827587,0.25225225225225223,0.0,
lcbench_126029,lcbench,FMP_DREAM,5,200,-94.743408203125,0.13953488372093023,0.2558139534883721,3,2,14,0.576624300039839,0.10918290005065501,0.467441399989184,0.31976744186046513,0.2545454545454545,0.622093023255814,0.06542056074766354,0.05813953488372093,0.3
lcbench_126029,lcbench,FMP_DREAM,6,200,-94.5953369140625,0.21142857142857144,0.26285714285714284,1,1,21,0.5606059999554418,0.0915707997046411,0.4690352002508007,0.37714285714285717,0.2727272727272727,0.6057142857142858,0.16981132075471697,0.017142857142857144,0.3333333333333333
lcbench_126029,lcbench,FMP_DREAM,7,200,-94.42733001708984,0.17058823529411765,0.27058823529411763,4,3,11,0.43195790000027046,0.08673210040433332,0.34522579959593713,0.34705882352941175,0.2542372881355932,0.5764705882352941,0.11224489795918367,0.07647058823529412,0.23076923076923078
lcbench_126029,lcbench,FMP_DREAM,8,200,-94.88627624511719,0.18823529411764706,0.2411764705882353,3,4,13,0.512689399998635,0.09819080046145245,0.4144985995371826,0.3764705882352941,0.265625,0.5588235294117647,0.1368421052631579,0.06470588235294118,0.18181818181818182
lcbench_126029,lcbench,FMP_DREAM,9,200,-95.31616973876953,0.21511627906976744,0.23837209302325582,3,2,15,0.5460713999927975,0.10229340085061267,0.44377799914218485,0.37209302325581395,0.3125,0.5930232558139535,0.14705882352941177,0.03488372093023256,0.3333333333333333
lcbench_126029,lcbench,FMP_DREAM,10,200,-94.91668701171875,0.20809248554913296,0.24277456647398843,3,1,15,0.5057312999852002,0.09328869968885556,0.4124426002963446,0.3815028901734104,0.16666666666666666,0.5664739884393064,0.25510204081632654,0.05202312138728324,0.0
lcbench_126029,lcbench,FMP_DREAM,11,200,-95.0115966796875,0.2254335260115607,0.30057803468208094,3,1,17,0.49282709998078644,0.08917029987787828,0.40365680010290816,0.35260115606936415,0.13114754098360656,0.6184971098265896,0.2803738317757009,0.028901734104046242,0.2
lcbench_126029,lcbench,FMP_DREAM,12,200,-95.67279815673828,0.25862068965517243,0.23563218390804597,1,2,20,0.536153299966827,0.08567549986764789,0.45047780009917915,0.47126436781609193,0.23170731707317074,0.5172413793103449,0.2777777777777778,0.011494252873563218,0.5
lcbench_126029,lcbench,FMP_DREAM,13,200,-95.20315551757812,0.2616279069767442,0.3372093023255814,3,2,15,0.4453491999884136,0.08466359955491498,0.3606856004334986,0.4127906976744186,0.30985915492957744,0.5813953488372093,0.22,0.005813953488372093,1.0
lcbench_126029,lcbench,FMP_DREAM,14,200,-94.53437805175781,0.21511627906976744,0.27906976744186046,3,2,16,0.5383253999752924,0.10328690009191632,0.43503849988337606,0.4127906976744186,0.22535211267605634,0.563953488372093,0.1958762886597938,0.023255813953488372,0.5
lcbench_126029,lcbench,FMP_DREAM,15,200,-95.2681884765625,0.25862068965517243,0.1781609195402299,1,2,24,0.6424110000371002,0.10013949958374724,0.5422715004533529,0.4540229885057471,0.20253164556962025,0.5172413793103449,0.3111111111111111,0.028735632183908046,0.2
lcbench_126029,lcbench,FMP_DREAM,16,200,-95.68521118164062,0.20348837209302326,0.31976744186046513,3,2,16,0.45942679996369407,0.09229089989094064,0.36713590007275343,0.4418604651162791,0.21052631578947367,0.5058139534883721,0.20689655172413793,0.05232558139534884,0.1111111111111111
lcbench_126029,lcbench,FMP_DREAM,17,200,-95.1668472290039,0.1676300578034682,0.2254335260115607,4,0,17,0.43439670000225306,0.07493899995461106,0.359457700047642,0.34104046242774566,0.1694915254237288,0.6011560693641619,0.18269230769230768,0.057803468208092484,0.0
lcbench_126029,lcbench,FMP_DREAM,18,200,-95.5119857788086,0.1676300578034682,0.23121387283236994,2,2,17,0.4532077999901958,0.07924989995080978,0.373957900039386,0.4508670520231214,0.24358974358974358,0.5375722543352601,0.0967741935483871,0.011560693641618497,0.5
lcbench_126029,lcbench,FMP_DREAM,19,200,-94.85985565185547,0.2235294117647059,0.31176470588235294,4,3,13,0.4702524000313133,0.09156379936030135,0.37868860067101195,0.36470588235294116,0.3548387096774194,0.6352941176470588,0.14814814814814814,0.0,
lcbench_146212,lcbench,FMP_DREAM,0,200,-98.97334289550781,0.25146198830409355,0.2807017543859649,2,4,16,0.5147691000020131,0.10190240031806752,0.4128666996839456,0.5847953216374269,0.26,0.4093567251461988,0.22857142857142856,0.005847953216374269,1.0
lcbench_146212,lcbench,FMP_DREAM,1,200,-98.92427062988281,0.31176470588235294,0.22941176470588234,3,4,14,0.49021819996414706,0.09590679995017126,0.3943114000139758,0.6941176470588235,0.288135593220339,0.3058823529411765,0.36538461538461536,0.0,
lcbench_146212,lcbench,FMP_DREAM,2,200,-98.97220611572266,0.30409356725146197,0.26900584795321636,4,2,14,0.5146919999970123,0.10072010022122413,0.4139718997757882,0.7426900584795322,0.31496062992125984,0.2573099415204678,0.2727272727272727,0.0,
lcbench_146212,lcbench,FMP_DREAM,3,200,-98.9016342163086,0.35502958579881655,0.2485207100591716,4,4,12,0.5374615000328049,0.10841020004590973,0.4290512999868952,0.7218934911242604,0.3442622950819672,0.27218934911242604,0.3695652173913043,0.005917159763313609,1.0
lcbench_146212,lcbench,FMP_DREAM,4,200,-98.92351531982422,0.27647058823529413,0.18235294117647058,3,4,11,0.4983021999942139,0.0992423995048739,0.39905980048934,0.6705882352941176,0.2543859649122807,0.32941176470588235,0.32142857142857145,0.0,
lcbench_146212,lcbench,FMP_DREAM,5,200,-99.03414916992188,0.2485207100591716,0.26627218934911245,4,4,10,0.38718659995356575,0.08123879961203784,0.3059478003415279,0.6982248520710059,0.2796610169491525,0.28994082840236685,0.16326530612244897,0.011834319526627219,0.5
lcbench_146212,lcbench,FMP_DREAM,6,200,-99.003173828125,0.2529411764705882,0.29411764705882354,3,4,13,0.4749043000047095,0.09583109995583072,0.3790732000488788,0.7176470588235294,0.29508196721311475,0.2647058823529412,0.13333333333333333,0.01764705882352941,0.3333333333333333
lcbench_146212,lcbench,FMP_DREAM,7,200,-98.9348373413086,0.2781065088757396,0.3076923076923077,4,4,10,0.4354592000017874,0.09711690008407459,0.3383422999177128,0.6982248520710059,0.3050847457627119,0.30177514792899407,0.21568627450980393,0.0,
lcbench_146212,lcbench,FMP_DREAM,8,200,-98.95182037353516,0.34705882352941175,0.18235294117647058,4,3,11,0.5011897000367753,0.09992710006190464,0.4012625999748707,0.7294117647058823,0.33064516129032256,0.27058823529411763,0.391304347826087,0.0,
lcbench_146212,lcbench,FMP_DREAM,9,200,-99.0662612915039,0.29069767441860467,0.2441860465116279,2,3,17,0.5266141000320204,0.09552069997880608,0.4310934000532143,0.6802325581395349,0.2905982905982906,0.31976744186046513,0.2909090909090909,0.0,
lcbench_146212,lcbench,FMP_DREAM,10,200,-98.80961608886719,0.32558139534883723,0.27906976744186046,3,2,18,0.5179403999936767,0.09631079970858991,0.4216296002850868,0.6686046511627907,0.3130434782608696,0.3313953488372093,0.3508771929824561,0.0,
lcbench_146212,lcbench,FMP_DREAM,11,200,-99.05076599121094,0.3352941176470588,0.2647058823529412,5,2,11,0.4961341000162065,0.10128549940418452,0.394848600612022,0.7235294117647059,0.3333333333333333,0.27647058823529413,0.3404255319148936,0.0,
lcbench_146212,lcbench,FMP_DREAM,12,200,-98.9099349975586,0.27380952380952384,0.25,6,3,8,0.4051758000277914,0.0886136997723952,0.3165621002553962,0.6845238095238095,0.28695652173913044,0.31547619047619047,0.24528301886792453,0.0,
lcbench_146212,lcbench,FMP_DREAM,13,200,-98.8454360961914,0.3058823529411765,0.24705882352941178,4,3,12,0.45079719997011125,0.09119639953132719,0.35960080043878406,0.6705882352941176,0.32456140350877194,0.32941176470588235,0.26785714285714285,0.0,
lcbench_146212,lcbench,FMP_DREAM,14,200,-98.98731231689453,0.2807017543859649,0.21052631578947367,3,3,12,0.45411350001813844,0.09512960026040673,0.3589838997577317,0.672514619883041,0.28695652173913044,0.32748538011695905,0.26785714285714285,0.0,
lcbench_146212,lcbench,FMP_DREAM,15,200,-99.02054595947266,0.17159763313609466,0.2781065088757396,4,4,10,0.4628935000509955,0.10314050049055368,0.3597529995604418,0.7159763313609467,0.21487603305785125,0.26627218934911245,0.06666666666666667,0.01775147928994083,0.0
lcbench_146212,lcbench,FMP_DREAM,16,200,-98.98542022705078,0.2631578947368421,0.23976608187134502,4,2,12,0.5446481999824755,0.10860629967646673,0.43604190030600876,0.7543859649122807,0.27906976744186046,0.24561403508771928,0.21428571428571427,0.0,
lcbench_146212,lcbench,FMP_DREAM,17,200,-98.92616271972656,0.28654970760233917,0.1871345029239766,2,4,15,0.5716148000210524,0.10478089982643723,0.4668339001946151,0.6432748538011696,0.33636363636363636,0.3567251461988304,0.19672131147540983,0.0,
lcbench_146212,lcbench,FMP_DREAM,18,200,-98.90955352783203,0.2958579881656805,0.23076923076923078,4,4,13,0.5057425000122748,0.09436819999245927,0.41137430001981556,0.7100591715976331,0.3416666666666667,0.28402366863905326,0.16666666666666666,0.005917159763313609,1.0
lcbench_146212,lcbench,FMP_DREAM,19,200,-99.03905487060547,0.34705882352941175,0.23529411764705882,3,4,14,0.5298617999651469,0.10053930024150759,0.42932249972363934,0.7352941176470589,0.36,0.2647058823529412,0.3111111111111111,0.0,
lcbench_167104,lcbench,FMP_DREAM,0,200,-93.92903900146484,0.21764705882352942,0.2529411764705882,3,4,11,0.39198080002097413,0.07809419988188893,0.3138866001390852,0.7235294117647059,0.22764227642276422,0.2647058823529412,0.2,0.011764705882352941,0.0
lcbench_167104,lcbench,FMP_DREAM,1,200,-94.44354248046875,0.2222222222222222,0.23976608187134502,3,3,15,0.5077261999831535,0.09200109995435923,0.41572510002879426,0.6842105263157895,0.28205128205128205,0.28654970760233917,0.10204081632653061,0.029239766081871343,0.0
lcbench_167104,lcbench,FMP_DREAM,2,200,-94.03838348388672,0.2947976878612717,0.23699421965317918,2,2,17,0.5403545000008307,0.09959980030544102,0.4407546996953897,0.7572254335260116,0.2824427480916031,0.24277456647398843,0.3333333333333333,0.0,
lcbench_167104,lcbench,FMP_DREAM,3,200,-94.18773651123047,0.28654970760233917,0.24561403508771928,2,4,16,0.5789151000208221,0.10249739937717095,0.4764177006436512,0.7017543859649122,0.3333333333333333,0.28654970760233917,0.16326530612244897,0.011695906432748537,0.5
lcbench_167104,lcbench,FMP_DREAM,4,200,-94.5001220703125,0.21052631578947367,0.21637426900584794,3,3,14,0.49721159995533526,0.09087249991716817,0.4063391000381671,0.7368421052631579,0.23809523809523808,0.2631578947368421,0.13333333333333333,0.0,
lcbench_167104,lcbench,FMP_DREAM,5,200,-94.52571868896484,0.3081395348837209,0.2558139534883721,3,2,15,0.5189869000460021,0.10382450022734702,0.4151623998186551,0.7267441860465116,0.344,0.2616279069767442,0.2,0.011627906976744186,0.5
lcbench_167104,lcbench,FMP_DREAM,6,200,-93.66604614257812,0.3505747126436782,0.3103448275862069,1,2,20,0.5588735999772325,0.10134479979751632,0.4575288001797162,0.7586206896551724,0.4318181818181818,0.2413793103448276,0.09523809523809523,0.0,
lcbench_167104,lcbench,FMP_DREAM,7,200,-93.45690155029297,0.20930232558139536,0.22674418604651161,3,2,19,0.5690865000360645,0.09928420057985932,0.4698022994562052,0.7325581395348837,0.23809523809523808,0.2558139534883721,0.11363636363636363,0.011627906976744186,0.5
lcbench_167104,lcbench,FMP_DREAM,8,200,-94.19204711914062,0.24705882352941178,0.19411764705882353,4,3,12,0.45142329996451735,0.09159149957122281,0.35983180039329454,0.8294117647058824,0.2624113475177305,0.17058823529411765,0.1724137931034483,0.0,
lcbench_167104,lcbench,FMP_DREAM,9,200,-94.4031982421875,0.36470588235294116,0.31176470588235294,4,3,9,0.3995009000063874,0.08535949984798208,0.3141414001584053,0.7235294117647059,0.3902439024390244,0.27647058823529413,0.2978723404255319,0.0,
lcbench_167104,lcbench,FMP_DREAM,10,200,-94.67945861816406,0.23529411764705882,0.2411764705882353,4,3,13,0.5124855000176467,0.10204450029414147,0.41044099972350523,0.6882352941176471,0.26495726495726496,0.29411764705882354,0.16,0.01764705882352941,0.3333333333333333
lcbench_167104,lcbench,FMP_DREAM,11,200,-94.05668640136719,0.3431952662721893,0.2485207100591716,5,3,8,0.42409099999349564,0.09117499989224598,0.33291600010124967,0.7988165680473372,0.3851851851851852,0.20118343195266272,0.17647058823529413,0.0,
lcbench_167104,lcbench,FMP_DREAM,12,200,-94.5805435180664,0.20809248554913296,0.26011560693641617,2,2,15,0.5008928999886848,0.09940610022749752,0.4014867997611873,0.6473988439306358,0.22321428571428573,0.32947976878612717,0.15789473684210525,0.023121387283236993,0.5
lcbench_167104,lcbench,FMP_DREAM,13,200,-94.17911529541016,0.1871345029239766,0.19298245614035087,6,0,12,0.48439960001269355,0.09437560033984482,0.39002399967284873,0.5730994152046783,0.23469387755102042,0.3216374269005848,0.14545454545454545,0.10526315789473684,0.05555555555555555
lcbench_167104,lcbench,FMP_DREAM,14,200,-93.88318634033203,0.313953488372093,0.23255813953488372,2,3,16,0.5182194000226445,0.09332339983666316,0.4248960001859814,0.7441860465116279,0.3515625,0.22093023255813954,0.18421052631578946,0.03488372093023256,0.3333333333333333
lcbench_167104,lcbench,FMP_DREAM,15,200,-93.69642639160156,0.22674418604651161,0.2441860465116279,2,3,16,0.5022494000149891,0.0956193000311032,0.4066300999838859,0.622093023255814,0.2897196261682243,0.36046511627906974,0.12903225806451613,0.01744186046511628,0.0
lcbench_167104,lcbench,FMP_DREAM,16,200,-93.40522003173828,0.28654970760233917,0.19883040935672514,4,2,14,0.5403694999986328,0.106252699973993,0.4341168000246398,0.7602339181286549,0.33076923076923076,0.23976608187134502,0.14634146341463414,0.0,
lcbench_167104,lcbench,FMP_DREAM,17,200,-94.7632827758789,0.27485380116959063,0.24561403508771928,4,2,12,0.49167090002447367,0.09605320048285648,0.3956176995416172,0.7368421052631579,0.3253968253968254,0.24561403508771928,0.11904761904761904,0.017543859649122806,0.3333333333333333
lcbench_167104,lcbench,FMP_DREAM,18,200,-94.16043090820312,0.2222222222222222,0.23391812865497075,3,3,12,0.5307581999804825,0.09839210024802014,0.4323660997324623,0.6374269005847953,0.24770642201834864,0.3567251461988304,0.18032786885245902,0.005847953216374269,0.0
lcbench_167104,lcbench,FMP_DREAM,19,200,-93.96595001220703,0.2603550295857988,0.24260355029585798,4,4,13,0.4975319000077434,0.09784329985268414,0.39968860015505925,0.7633136094674556,0.29457364341085274,0.23076923076923078,0.1282051282051282,0.005917159763313609,1.0
lcbench_167149,lcbench,FMP_DREAM,0,200,-99.10784149169922,0.20118343195266272,0.27218934911242604,4,4,10,0.5340069000376388,0.10303800000110641,0.43096890003653243,0.7218934911242604,0.2540983606557377,0.2485207100591716,0.047619047619047616,0.029585798816568046,0.2
lcbench_167149,lcbench,FMP_DREAM,1,200,-99.26827239990234,0.3352941176470588,0.2823529411764706,3,4,16,0.4758223999524489,0.09192809980595484,0.38389430014649406,0.7176470588235294,0.3442622950819672,0.2823529411764706,0.3125,0.0,
lcbench_167149,lcbench,FMP_DREAM,2,200,-98.65557098388672,0.24260355029585798,0.2485207100591716,4,4,12,0.4688507000100799,0.09340779978083447,0.3754429002292454,0.727810650887574,0.2845528455284553,0.23668639053254437,0.125,0.03550295857988166,0.16666666666666666
lcbench_167149,lcbench,FMP_DREAM,3,200,-98.71317291259766,0.30994152046783624,0.2222222222222222,3,3,12,0.48352309997426346,0.10033900017151609,0.38318409980274737,0.6608187134502924,0.34513274336283184,0.3391812865497076,0.2413793103448276,0.0,
lcbench_167149,lcbench,FMP_DREAM,4,200,-98.75836944580078,0.3567251461988304,0.2631578947368421,3,3,14,0.48966829996788874,0.10411380021832883,0.3855544997495599,0.7602339181286549,0.4,0.23976608187134502,0.21951219512195122,0.0,
lcbench_167149,lcbench,FMP_DREAM,5,200,-98.9208755493164,0.3176470588235294,0.3058823529411765,4,3,12,0.49064200004795566,0.10085870034527034,0.3897832997026853,0.8,0.36764705882352944,0.2,0.11764705882352941,0.0,
lcbench_167149,lcbench,FMP_DREAM,6,200,-98.77984619140625,0.37058823529411766,0.27647058823529413,3,4,13,0.4880578000447713,0.10010330012300983,0.38795449992176145,0.7647058823529411,0.45384615384615384,0.23529411764705882,0.1,0.0,
lcbench_167149,lcbench,FMP_DREAM,7,200,-99.0224380493164,0.28823529411764703,0.24705882352941178,5,2,13,0.5409870999865234,0.10435770015465096,0.43662939983187243,0.7294117647058823,0.3225806451612903,0.23529411764705882,0.225,0.03529411764705882,0.0
lcbench_167149,lcbench,FMP_DREAM,8,200,-98.91748046875,0.2411764705882353,0.2411764705882353,4,3,15,0.49931070004822686,0.09756129997549579,0.4017494000727311,0.7647058823529411,0.24615384615384617,0.2235294117647059,0.21052631578947367,0.011764705882352941,0.5
lcbench_167149,lcbench,FMP_DREAM,9,200,-99.22662353515625,0.33136094674556216,0.27218934911242604,4,4,16,0.5355790000176057,0.1005969003890641,0.4349820996285416,0.6923076923076923,0.3418803418803419,0.2781065088757396,0.3191489361702128,0.029585798816568046,0.2
lcbench_167149,lcbench,FMP_DREAM,10,200,-98.95672607421875,0.3,0.2235294117647059,3,4,14,0.5260315000195988,0.10215360054280609,0.42387789947679266,0.7705882352941177,0.35877862595419846,0.22941176470588234,0.10256410256410256,0.0,
lcbench_167149,lcbench,FMP_DREAM,11,200,-98.49011993408203,0.29411764705882354,0.25882352941176473,3,4,15,0.5652955999830738,0.11201069952221587,0.4532849004608579,0.6882352941176471,0.3162393162393162,0.27058823529411763,0.2391304347826087,0.041176470588235294,0.2857142857142857
lcbench_167149,lcbench,FMP_DREAM,12,200,-98.70526123046875,0.31213872832369943,0.28901734104046245,1,3,19,0.5312405999866314,0.1019436001079157,0.4292969998787157,0.6647398843930635,0.33043478260869563,0.3236994219653179,0.2857142857142857,0.011560693641618497,0.0
lcbench_167149,lcbench,FMP_DREAM,13,200,-98.99146270751953,0.31952662721893493,0.25443786982248523,4,4,11,0.41724819998489693,0.09026009950321168,0.32698810048168525,0.7159763313609467,0.34710743801652894,0.27218934911242604,0.2608695652173913,0.011834319526627219,0.0
lcbench_167149,lcbench,FMP_DREAM,14,200,-98.52732849121094,0.3216374269005848,0.23976608187134502,3,3,15,0.5204648000071757,0.10183599923038855,0.4186288007767871,0.7076023391812866,0.38016528925619836,0.28654970760233917,0.16326530612244897,0.005847953216374269,1.0
lcbench_167149,lcbench,FMP_DREAM,15,200,-98.63675689697266,0.3023255813953488,0.2441860465116279,2,3,16,0.48703609994845465,0.09371729975100607,0.3933188001974486,0.7093023255813954,0.36065573770491804,0.29069767441860467,0.16,0.0,
lcbench_167149,lcbench,FMP_DREAM,16,200,-99.04170227050781,0.3546511627906977,0.26744186046511625,2,3,16,0.5416811000322923,0.10132360039278865,0.44035749963950366,0.7034883720930233,0.371900826446281,0.29651162790697677,0.3137254901960784,0.0,
lcbench_167149,lcbench,FMP_DREAM,17,200,-98.93370819091797,0.3508771929824561,0.3216374269005848,2,4,16,0.5129314999794587,0.09249309927690774,0.420438400702551,0.783625730994152,0.39552238805970147,0.21637426900584794,0.1891891891891892,0.0,
lcbench_167149,lcbench,FMP_DREAM,18,200,-98.88239288330078,0.3216374269005848,0.2631578947368421,2,4,14,0.5583776000421494,0.10928810044424608,0.44908949959790334,0.7368421052631579,0.3412698412698413,0.2631578947368421,0.26666666666666666,0.0,
lcbench_167149,lcbench,FMP_DREAM,19,200,-98.68719482421875,0.3727810650887574,0.20118343195266272,4,4,12,0.5209483000217006,0.10274399968329817,0.4182043003384024,0.8402366863905325,0.4014084507042254,0.15976331360946747,0.2222222222222222,0.0,
lcbench_167152,lcbench,FMP_DREAM,0,200,-97.64168548583984,0.4647058823529412,0.2235294117647059,4,3,13,0.5295722000300884,0.10386429977370426,0.42570790025638416,0.8,0.4485294117647059,0.2,0.5294117647058824,0.0,
lcbench_167152,lcbench,FMP_DREAM,1,200,-97.24432373046875,0.47368421052631576,0.23976608187134502,2,4,17,0.5662728000315838,0.10899769974639639,0.45727510028518736,0.7777777777777778,0.48872180451127817,0.21637426900584794,0.43243243243243246,0.005847953216374269,0.0
lcbench_167152,lcbench,FMP_DREAM,2,200,-97.9808578491211,0.46511627906976744,0.26744186046511625,2,3,18,0.5916338000097312,0.10985519975656644,0.48177860025316477,0.8023255813953488,0.4855072463768116,0.18604651162790697,0.375,0.011627906976744186,0.5
lcbench_167152,lcbench,FMP_DREAM,3,200,-97.71248626708984,0.4823529411764706,0.21176470588235294,3,4,13,0.5193608999834396,0.0989965001353994,0.4203643998480402,0.8,0.4852941176470588,0.17647058823529413,0.43333333333333335,0.023529411764705882,0.75
lcbench_167152,lcbench,FMP_DREAM,4,200,-97.71397399902344,0.5872093023255814,0.18604651162790697,2,3,17,0.5520158999715932,0.09694439981831238,0.4550715001532808,0.8546511627906976,0.5850340136054422,0.14534883720930233,0.6,0.0,
lcbench_167152,lcbench,FMP_DREAM,5,200,-97.76803588867188,0.4556213017751479,0.27218934911242604,5,3,10,0.47878440003842115,0.10381100000813603,0.3749734000302851,0.7988165680473372,0.4888888888888889,0.20118343195266272,0.3235294117647059,0.0,
lcbench_167152,lcbench,FMP_DREAM,6,200,-97.35790252685547,0.4411764705882353,0.2529411764705882,3,4,13,0.4586923000169918,0.09096340014366433,0.36772889987332746,0.788235294117647,0.4626865671641791,0.21176470588235294,0.3611111111111111,0.0,
lcbench_167152,lcbench,FMP_DREAM,7,200,-97.29998779296875,0.5882352941176471,0.29411764705882354,3,4,15,0.49659980001160875,0.1026342004770413,0.39396559953456745,0.8470588235294118,0.5972222222222222,0.12941176470588237,0.5909090909090909,0.023529411764705882,0.25
lcbench_167152,lcbench,FMP_DREAM,8,200,-97.59476470947266,0.44970414201183434,0.22485207100591717,4,4,12,0.5524009000509977,0.11195959983160719,0.44044130021939054,0.8224852071005917,0.4676258992805755,0.16568047337278108,0.39285714285714285,0.011834319526627219,0.0
lcbench_167152,lcbench,FMP_DREAM,9,200,-97.34416198730469,0.49411764705882355,0.3058823529411765,3,4,13,0.45102760003646836,0.08756280038505793,0.36346479965141043,0.8470588235294118,0.5138888888888888,0.12941176470588237,0.36363636363636365,0.023529411764705882,0.5
lcbench_167152,lcbench,FMP_DREAM,10,200,-97.32968139648438,0.5562130177514792,0.1952662721893491,4,4,14,0.47226280003087595,0.0934182004421018,0.37884459958877414,0.8698224852071006,0.564625850340136,0.10650887573964497,0.4444444444444444,0.023668639053254437,0.75
lcbench_167152,lcbench,FMP_DREAM,11,200,-97.32411193847656,0.5,0.21176470588235294,3,4,16,0.5520779999787919,0.10080679977545515,0.4512712002033368,0.788235294117647,0.5522388059701493,0.18823529411764706,0.34375,0.023529411764705882,0.0
lcbench_167152,lcbench,FMP_DREAM,12,200,-97.6279067993164,0.40350877192982454,0.28654970760233917,3,3,15,0.544580300047528,0.10315980023005977,0.4414204998174682,0.783625730994152,0.43283582089552236,0.21637426900584794,0.2972972972972973,0.0,
lcbench_167152,lcbench,FMP_DREAM,13,200,-97.45488739013672,0.4853801169590643,0.23391812865497075,2,4,15,0.45420819998253137,0.08886760019231588,0.3653405997902155,0.8187134502923976,0.5214285714285715,0.18128654970760233,0.3225806451612903,0.0,
lcbench_167152,lcbench,FMP_DREAM,14,200,-97.12310028076172,0.45614035087719296,0.28654970760233917,3,3,15,0.445663999998942,0.08787539985496551,0.3577886001439765,0.7777777777777778,0.47368421052631576,0.2222222222222222,0.39473684210526316,0.0,
lcbench_167152,lcbench,FMP_DREAM,15,200,-97.74491882324219,0.46153846153846156,0.20118343195266272,4,4,13,0.4214373999857344,0.0854609000380151,0.3359764999477193,0.8106508875739645,0.4744525547445255,0.15976331360946747,0.37037037037037035,0.029585798816568046,0.6
lcbench_167152,lcbench,FMP_DREAM,16,200,-97.4853744506836,0.4418604651162791,0.21511627906976744,1,4,20,0.4862278000218794,0.0855524999788031,0.4006753000430763,0.813953488372093,0.4714285714285714,0.1744186046511628,0.3333333333333333,0.011627906976744186,0.0
lcbench_167152,lcbench,FMP_DREAM,17,200,-97.25360107421875,0.4764705882352941,0.20588235294117646,3,4,11,0.4202363000367768,0.08602679998148233,0.3342095000552945,0.7823529411764706,0.5037593984962406,0.21764705882352942,0.3783783783783784,0.0,
lcbench_167152,lcbench,FMP_DREAM,18,200,-97.28253936767578,0.4823529411764706,0.27058823529411763,4,3,14,0.40279059996828437,0.08222160034347326,0.3205689996248111,0.8176470588235294,0.5251798561151079,0.14705882352941177,0.36,0.03529411764705882,0.0
lcbench_167152,lcbench,FMP_DREAM,19,200,-97.72925567626953,0.5476190476190477,0.2976190476190476,5,4,7,0.34709809999912977,0.08446630003163591,0.26263179996749386,0.8273809523809523,0.5539568345323741,0.17261904761904762,0.5172413793103449,0.0,
lcbench_167168,lcbench,FMP_DREAM,0,200,-88.8224105834961,0.1329479768786127,0.20809248554913296,4,0,17,0.5412898000213318,0.09980130032636225,0.4414884996949695,0.47398843930635837,0.0975609756097561,0.4797687861271676,0.1566265060240964,0.046242774566473986,0.25
lcbench_167168,lcbench,FMP_DREAM,1,200,-88.2593765258789,0.20689655172413793,0.27586206896551724,2,1,21,0.5472147999680601,0.09258549951482564,0.45462930045323446,0.5517241379310345,0.1875,0.43103448275862066,0.22666666666666666,0.017241379310344827,0.3333333333333333
lcbench_167168,lcbench,FMP_DREAM,2,200,-88.23143005371094,0.25287356321839083,0.27586206896551724,2,1,20,0.4717215999844484,0.0818206996191293,0.3899009003653191,0.5229885057471264,0.26373626373626374,0.47126436781609193,0.23170731707317074,0.005747126436781609,1.0
lcbench_167168,lcbench,FMP_DREAM,3,200,-88.55648803710938,0.16666666666666666,0.20689655172413793,3,0,18,0.5474070999771357,0.10100749955745414,0.4463996004196815,0.5172413793103449,0.15555555555555556,0.47126436781609193,0.17073170731707318,0.011494252873563218,0.5
lcbench_167168,lcbench,FMP_DREAM,4,200,-87.78458404541016,0.19653179190751446,0.23121387283236994,2,2,15,0.5960969000007026,0.107570800348185,0.4885260996525176,0.5780346820809249,0.22,0.42196531791907516,0.1643835616438356,0.0,
lcbench_167168,lcbench,FMP_DREAM,5,200,-87.71395874023438,0.23121387283236994,0.26011560693641617,2,2,15,0.5303816000232473,0.10559059988008812,0.4247910001431592,0.5606936416184971,0.2268041237113402,0.4393063583815029,0.23684210526315788,0.0,
lcbench_167168,lcbench,FMP_DREAM,6,200,-87.48405456542969,0.1781609195402299,0.27011494252873564,2,1,20,0.4990006000152789,0.09110589983174577,0.40789470018353313,0.5229885057471264,0.13186813186813187,0.4367816091954023,0.21052631578947367,0.040229885057471264,0.42857142857142855
lcbench_167168,lcbench,FMP_DREAM,7,200,-86.90959930419922,0.23255813953488372,0.2558139534883721,4,1,16,0.5000133000430651,0.09979330044006929,0.4002199996029958,0.5930232558139535,0.24509803921568626,0.4069767441860465,0.21428571428571427,0.0,
lcbench_167168,lcbench,FMP_DREAM,8,200,-88.80445861816406,0.21511627906976744,0.20930232558139536,4,1,13,0.5473171999910846,0.10783239977899939,0.43948480021208525,0.5697674418604651,0.21428571428571427,0.4186046511627907,0.20833333333333334,0.011627906976744186,0.5
lcbench_167168,lcbench,FMP_DREAM,9,200,-86.02299499511719,0.1907514450867052,0.20809248554913296,3,1,19,0.6153537000063807,0.09950059920083731,0.5158531008055434,0.630057803468208,0.23853211009174313,0.3583815028901734,0.11290322580645161,0.011560693641618497,0.0
lcbench_167168,lcbench,FMP_DREAM,10,200,-86.47538757324219,0.15606936416184972,0.24277456647398843,3,1,17,0.6005838999990374,0.10802150005474687,0.4925623999442905,0.5953757225433526,0.17475728155339806,0.37572254335260113,0.12307692307692308,0.028901734104046242,0.2
lcbench_167168,lcbench,FMP_DREAM,11,200,-88.2869873046875,0.1781609195402299,0.2471264367816092,2,1,19,0.5792880000080913,0.10172740026609972,0.4775605997419916,0.5229885057471264,0.17582417582417584,0.4367816091954023,0.18421052631578946,0.040229885057471264,0.14285714285714285
lcbench_167168,lcbench,FMP_DREAM,12,200,-88.48828125,0.18497109826589594,0.1791907514450867,3,1,16,0.5370142999454401,0.09909770009107888,0.43791659985436127,0.5086705202312138,0.2159090909090909,0.4393063583815029,0.15789473684210525,0.05202312138728324,0.1111111111111111
lcbench_167168,lcbench,FMP_DREAM,13,200,-85.98461151123047,0.2658959537572254,0.20809248554913296,3,1,17,0.5179255999973975,0.0957208999316208,0.4222047000657767,0.5491329479768786,0.28421052631578947,0.4508670520231214,0.24358974358974358,0.0,
lcbench_167168,lcbench,FMP_DREAM,14,200,-86.69866943359375,0.2254335260115607,0.2774566473988439,3,1,15,0.4940791999688372,0.09174560027895495,0.40233359968988225,0.5144508670520231,0.25842696629213485,0.4797687861271676,0.1927710843373494,0.005780346820809248,0.0
lcbench_167168,lcbench,FMP_DREAM,15,200,-89.19658660888672,0.16279069767441862,0.28488372093023256,4,1,15,0.419902199995704,0.08857929962687194,0.33132290036883205,0.5755813953488372,0.1717171717171717,0.4127906976744186,0.1267605633802817,0.011627906976744186,1.0
lcbench_167168,lcbench,FMP_DREAM,16,200,-88.77227783203125,0.19540229885057472,0.1896551724137931,2,1,20,0.6445025999564677,0.10506620066007599,0.5394363992963918,0.45977011494252873,0.1375,0.5114942528735632,0.23595505617977527,0.028735632183908046,0.4
lcbench_167168,lcbench,FMP_DREAM,17,200,-87.01177215576172,0.2543352601156069,0.2774566473988439,2,2,17,0.5919293999904767,0.11041600024327636,0.4815133997472003,0.6242774566473989,0.25,0.3468208092485549,0.26666666666666666,0.028901734104046242,0.2
lcbench_167168,lcbench,FMP_DREAM,18,200,-88.09387969970703,0.21839080459770116,0.28160919540229884,2,1,20,0.5107723999535665,0.09095080016413704,0.41982159978942946,0.5287356321839081,0.21739130434782608,0.4540229885057471,0.21518987341772153,0.017241379310344827,0.3333333333333333
lcbench_167168,lcbench,FMP_DREAM,19,200,-87.88510131835938,0.18023255813953487,0.29069767441860467,3,2,15,0.5392318000085652,0.10110460023861378,0.4381271997699514,0.5348837209302325,0.18478260869565216,0.4418604651162791,0.17105263157894737,0.023255813953488372,0.25
lcbench_167181,lcbench,FMP_DREAM,0,200,-93.72573852539062,0.2023121387283237,0.26011560693641617,2,2,16,0.5808000999968499,0.10597040015272796,0.47482969984412193,0.4797687861271676,0.25301204819277107,0.5028901734104047,0.14942528735632185,0.017341040462427744,0.3333333333333333
lcbench_167181,lcbench,FMP_DREAM,1,200,-93.79834747314453,0.21264367816091953,0.2413793103448276,2,1,19,0.6130296999472193,0.10496590012917295,0.5080637998180464,0.3390804597701149,0.15254237288135594,0.6494252873563219,0.23893805309734514,0.011494252873563218,0.5
lcbench_167181,lcbench,FMP_DREAM,2,200,-93.7933349609375,0.21839080459770116,0.2471264367816092,1,2,19,0.5103263999917544,0.09787229989888147,0.412454100092873,0.5057471264367817,0.2727272727272727,0.4942528735632184,0.16279069767441862,0.0,
lcbench_167181,lcbench,FMP_DREAM,3,200,-93.2258071899414,0.2,0.26857142857142857,1,1,22,0.6547247000271454,0.0986090995138511,0.5561156005132943,0.3657142857142857,0.203125,0.6285714285714286,0.19090909090909092,0.005714285714285714,1.0
lcbench_167181,lcbench,FMP_DREAM,4,200,-93.56498718261719,0.2222222222222222,0.29239766081871343,4,2,13,0.4921256999950856,0.09555310022551566,0.39657259976956993,0.52046783625731,0.1797752808988764,0.47368421052631576,0.25925925925925924,0.005847953216374269,1.0
lcbench_167181,lcbench,FMP_DREAM,5,200,-93.70393371582031,0.17543859649122806,0.26900584795321636,4,2,11,0.514191500027664,0.09776889969361946,0.41642260033404455,0.4152046783625731,0.22535211267605634,0.5789473684210527,0.1414141414141414,0.005847953216374269,0.0
lcbench_167181,lcbench,FMP_DREAM,6,200,-93.26173400878906,0.22413793103448276,0.21839080459770116,1,2,20,0.5749929999583401,0.10102039994671941,0.47397260001162067,0.43103448275862066,0.22666666666666666,0.5574712643678161,0.21649484536082475,0.011494252873563218,0.5
lcbench_167181,lcbench,FMP_DREAM,7,200,-93.61246490478516,0.20809248554913296,0.27167630057803466,3,1,18,0.5793544999905862,0.09638500114670023,0.48296949884388596,0.44508670520231214,0.19480519480519481,0.5549132947976878,0.21875,0.0,
lcbench_167181,lcbench,FMP_DREAM,8,200,-93.57890319824219,0.24,0.24571428571428572,1,1,22,0.6293947999947704,0.10593849985161796,0.5234563001431525,0.4685714285714286,0.17073170731707318,0.5085714285714286,0.29213483146067415,0.022857142857142857,0.5
lcbench_167181,lcbench,FMP_DREAM,9,200,-93.86170196533203,0.2988505747126437,0.3103448275862069,2,1,18,0.5930677999858744,0.10191659966949373,0.4911512003163807,0.47701149425287354,0.3132530120481928,0.5229885057471264,0.2857142857142857,0.0,
lcbench_167181,lcbench,FMP_DREAM,10,200,-93.31298065185547,0.25,0.25,3,2,16,0.544559300004039,0.1015078000491485,0.44305149995489046,0.5232558139534884,0.24444444444444444,0.47674418604651164,0.25609756097560976,0.0,
lcbench_167181,lcbench,FMP_DREAM,11,200,-93.97993469238281,0.21965317919075145,0.3236994219653179,3,1,16,0.4796557000372559,0.0909904993022792,0.3886652007349767,0.5202312138728323,0.23333333333333334,0.4624277456647399,0.2,0.017341040462427744,0.3333333333333333
lcbench_167181,lcbench,FMP_DREAM,12,200,-93.50504302978516,0.20809248554913296,0.21965317919075145,2,2,17,0.5933010000153445,0.10528979991795495,0.4880112000973895,0.43352601156069365,0.2,0.5317919075144508,0.20652173913043478,0.03468208092485549,0.3333333333333333
lcbench_167181,lcbench,FMP_DREAM,13,200,-93.43765258789062,0.20809248554913296,0.21965317919075145,2,2,16,0.5388241999899037,0.09582309989491478,0.44300110009498894,0.3236994219653179,0.26785714285714285,0.6763005780346821,0.1794871794871795,0.0,
lcbench_167181,lcbench,FMP_DREAM,14,200,-93.44014739990234,0.19883040935672514,0.23976608187134502,5,1,11,0.5279014999978244,0.10249790025409311,0.4254035997437313,0.47953216374269003,0.2073170731707317,0.49707602339181284,0.18823529411764706,0.023391812865497075,0.25
lcbench_167181,lcbench,FMP_DREAM,15,200,-93.75935363769531,0.1744186046511628,0.23255813953488372,3,2,14,0.5043587999534793,0.09820989985018969,0.40614890010328963,0.4418604651162791,0.15789473684210525,0.5174418604651163,0.1797752808988764,0.040697674418604654,0.2857142857142857
lcbench_167181,lcbench,FMP_DREAM,16,200,-93.71537017822266,0.1839080459770115,0.25287356321839083,2,1,20,0.620855399989523,0.10651539987884462,0.5143400001106784,0.47701149425287354,0.1686746987951807,0.4885057471264368,0.16470588235294117,0.034482758620689655,0.6666666666666666
lcbench_167181,lcbench,FMP_DREAM,17,200,-93.24110412597656,0.2023121387283237,0.24277456647398843,3,1,17,0.49645520001649857,0.09041320020332932,0.40604199981316924,0.3988439306358382,0.2753623188405797,0.6011560693641619,0.15384615384615385,0.0,
lcbench_167181,lcbench,FMP_DREAM,18,200,-93.69428253173828,0.27011494252873564,0.28160919540229884,1,2,20,0.5192629999946803,0.09015239990549162,0.42911060008918867,0.4827586206896552,0.3333333333333333,0.5114942528735632,0.20224719101123595,0.005747126436781609,1.0
lcbench_167181,lcbench,FMP_DREAM,19,200,-93.66283416748047,0.2413793103448276,0.27011494252873564,1,2,19,0.490033800015226,0.08998620026977733,0.4000475997454487,0.4425287356321839,0.3246753246753247,0.5459770114942529,0.16842105263157894,0.011494252873563218,0.5
lcbench_167185,lcbench,FMP_DREAM,0,200,-97.239501953125,0.45348837209302323,0.27325581395348836,3,2,16,0.4188016999978572,0.08616559999063611,0.3326361000072211,0.7965116279069767,0.48175182481751827,0.19186046511627908,0.3333333333333333,0.011627906976744186,0.5
lcbench_167185,lcbench,FMP_DREAM,1,200,-96.90290069580078,0.48214285714285715,0.2916666666666667,5,4,8,0.46978300000773743,0.10570320021361113,0.3640797997941263,0.8214285714285714,0.4855072463768116,0.17857142857142858,0.4666666666666667,0.0,
lcbench_167185,lcbench,FMP_DREAM,2,200,-96.82493591308594,0.37790697674418605,0.2441860465116279,2,3,17,0.49253330001374707,0.092147599440068,0.40038570057367906,0.7616279069767442,0.4198473282442748,0.23837209302325582,0.24390243902439024,0.0,
lcbench_167185,lcbench,FMP_DREAM,3,200,-96.96983337402344,0.4583333333333333,0.20238095238095238,5,4,10,0.48760029999539256,0.09786449989769608,0.3897358000976965,0.7857142857142857,0.45454545454545453,0.21428571428571427,0.4722222222222222,0.0,
lcbench_167185,lcbench,FMP_DREAM,4,200,-97.1987075805664,0.45294117647058824,0.2,3,4,12,0.5268156999954954,0.10553099995013326,0.4212847000453621,0.7941176470588235,0.43703703703703706,0.20588235294117646,0.5142857142857142,0.0,
lcbench_167185,lcbench,FMP_DREAM,5,200,-96.8847885131836,0.4418604651162791,0.23255813953488372,2,3,17,0.5134780000080355,0.1017038996797055,0.41177410032832995,0.7441860465116279,0.46875,0.2558139534883721,0.36363636363636365,0.0,
lcbench_167185,lcbench,FMP_DREAM,6,200,-97.30963897705078,0.38235294117647056,0.2647058823529412,3,4,12,0.48309539997717366,0.10048040054971352,0.38261499942746013,0.6705882352941176,0.40350877192982454,0.3235294117647059,0.32727272727272727,0.0058823529411764705,1.0
lcbench_167185,lcbench,FMP_DREAM,7,200,-96.88885498046875,0.48823529411764705,0.3176470588235294,3,4,13,0.3878242999780923,0.08728729991707951,0.3005370000610128,0.7941176470588235,0.5037037037037037,0.20588235294117646,0.42857142857142855,0.0,
lcbench_167185,lcbench,FMP_DREAM,8,200,-97.17127227783203,0.46745562130177515,0.2485207100591716,4,4,12,0.5312541000312194,0.11172800010535866,0.41952609992586076,0.7928994082840237,0.5223880597014925,0.20710059171597633,0.2571428571428571,0.0,
lcbench_167185,lcbench,FMP_DREAM,9,200,-97.5783920288086,0.3668639053254438,0.2603550295857988,5,3,10,0.47572970000328496,0.10385430039605126,0.3718753996072337,0.7514792899408284,0.3937007874015748,0.2485207100591716,0.2857142857142857,0.0,
lcbench_167185,lcbench,FMP_DREAM,10,200,-97.10494232177734,0.34502923976608185,0.23391812865497075,3,3,17,0.5411319999839179,0.09565000055590644,0.4454819994280115,0.7368421052631579,0.3412698412698413,0.2631578947368421,0.35555555555555557,0.0,
lcbench_167185,lcbench,FMP_DREAM,11,200,-97.15681457519531,0.4069767441860465,0.26744186046511625,2,3,17,0.5643443000153638,0.10709880030481145,0.4572454997105524,0.6802325581395349,0.4188034188034188,0.3023255813953488,0.36538461538461536,0.01744186046511628,0.6666666666666666
lcbench_167185,lcbench,FMP_DREAM,12,200,-96.7950210571289,0.39766081871345027,0.2222222222222222,4,2,14,0.5186279999907129,0.09875499946065247,0.4198730005300604,0.783625730994152,0.43283582089552236,0.21637426900584794,0.2702702702702703,0.0,
lcbench_167185,lcbench,FMP_DREAM,13,200,-96.66476440429688,0.5290697674418605,0.23837209302325582,3,2,15,0.5802562999888323,0.1109192002331838,0.4693370997556485,0.7441860465116279,0.5234375,0.23255813953488372,0.525,0.023255813953488372,0.75
lcbench_167185,lcbench,FMP_DREAM,14,200,-97.12346649169922,0.5,0.24705882352941178,3,4,16,0.48947339999722317,0.09512330044526607,0.3943500995519571,0.8411764705882353,0.4965034965034965,0.1588235294117647,0.5185185185185185,0.0,
lcbench_167185,lcbench,FMP_DREAM,15,200,-96.84747314453125,0.5317919075144508,0.26011560693641617,2,2,19,0.5378878000192344,0.10001149983145297,0.43787630018778145,0.838150289017341,0.5724137931034483,0.15028901734104047,0.34615384615384615,0.011560693641618497,0.0
lcbench_167185,lcbench,FMP_DREAM,16,200,-97.00424194335938,0.4502923976608187,0.23976608187134502,4,2,14,0.5047947999555618,0.10275179985910654,0.4020430000964552,0.7719298245614035,0.4772727272727273,0.22807017543859648,0.358974358974359,0.0,
lcbench_167185,lcbench,FMP_DREAM,17,200,-97.2469253540039,0.4853801169590643,0.28654970760233917,3,3,14,0.4910342000075616,0.10246189992176369,0.3885723000857979,0.8128654970760234,0.5035971223021583,0.1871345029239766,0.40625,0.0,
lcbench_167185,lcbench,FMP_DREAM,18,200,-96.96613311767578,0.42011834319526625,0.30177514792899407,4,4,13,0.4376756999990903,0.09135399962542579,0.3463217003736645,0.7751479289940828,0.4580152671755725,0.22485207100591717,0.2894736842105263,0.0,
lcbench_167185,lcbench,FMP_DREAM,19,200,-97.12865447998047,0.40828402366863903,0.26627218934911245,4,4,13,0.5080382999731228,0.10162789997411892,0.40641039999900386,0.7928994082840237,0.44776119402985076,0.20710059171597633,0.2571428571428571,0.0,
lcbench_167190,lcbench,FMP_DREAM,0,200,-88.99810028076172,0.17543859649122806,0.2573099415204678,2,4,18,0.6077996999956667,0.11217349994694814,0.4956262000487186,0.3742690058479532,0.25,0.6257309941520468,0.1308411214953271,0.0,
lcbench_167190,lcbench,FMP_DREAM,1,200,-89.23436737060547,0.1839080459770115,0.29310344827586204,2,1,19,0.5869666000362486,0.10653119994094595,0.4804354000953026,0.41379310344827586,0.20833333333333334,0.5689655172413793,0.1717171717171717,0.017241379310344827,0.0
lcbench_167190,lcbench,FMP_DREAM,2,200,-88.49604034423828,0.2138728323699422,0.23699421965317918,2,2,17,0.5326750000240281,0.09804830054054037,0.43462669948348776,0.4277456647398844,0.17567567567567569,0.5549132947976878,0.25,0.017341040462427744,0.0
lcbench_167190,lcbench,FMP_DREAM,3,200,-89.16529083251953,0.18497109826589594,0.2138728323699422,2,2,18,0.5076990000088699,0.0921289001707919,0.415570099838078,0.31213872832369943,0.25925925925925924,0.6820809248554913,0.15254237288135594,0.005780346820809248,0.0
lcbench_167190,lcbench,FMP_DREAM,4,200,-89.31780242919922,0.2023121387283237,0.2947976878612717,3,1,17,0.4429472999763675,0.08584279986098409,0.3571045001153834,0.4393063583815029,0.27631578947368424,0.5317919075144508,0.15217391304347827,0.028901734104046242,0.0
lcbench_167190,lcbench,FMP_DREAM,5,200,-88.9400634765625,0.1695906432748538,0.28654970760233917,4,2,13,0.5128276000032201,0.10010079998755828,0.41272680001566187,0.27485380116959063,0.2553191489361702,0.7134502923976608,0.13934426229508196,0.011695906432748537,0.0
lcbench_167190,lcbench,FMP_DREAM,6,200,-88.70965576171875,0.18023255813953487,0.2616279069767442,3,2,14,0.5587616999982856,0.10571810067631304,0.4530435993219726,0.3430232558139535,0.2542372881355932,0.6104651162790697,0.13333333333333333,0.046511627906976744,0.25
lcbench_167190,lcbench,FMP_DREAM,7,200,-87.52677917480469,0.16666666666666666,0.20114942528735633,2,1,18,0.5684175999485888,0.09828749962616712,0.47013010032242164,0.27586206896551724,0.14583333333333334,0.7126436781609196,0.1693548387096774,0.011494252873563218,0.5
lcbench_167190,lcbench,FMP_DREAM,8,200,-89.79471588134766,0.22093023255813954,0.2558139534883721,3,2,14,0.5525240999995731,0.1032495996914804,0.4492745003080927,0.38372093023255816,0.30303030303030304,0.5872093023255814,0.15841584158415842,0.029069767441860465,0.4
lcbench_167190,lcbench,FMP_DREAM,9,200,-89.19795227050781,0.2254335260115607,0.30057803468208094,3,1,18,0.5731985999736935,0.10148580005625263,0.47171279991744086,0.3236994219653179,0.3392857142857143,0.653179190751445,0.17699115044247787,0.023121387283236993,0.0
lcbench_167190,lcbench,FMP_DREAM,10,200,-88.1873550415039,0.15789473684210525,0.29239766081871343,4,2,15,0.4402646000380628,0.08312699967063963,0.35713760036742315,0.2982456140350877,0.19607843137254902,0.6198830409356725,0.14150943396226415,0.08187134502923976,0.14285714285714285
lcbench_167190,lcbench,FMP_DREAM,11,200,-88.62103271484375,0.1744186046511628,0.19186046511627908,4,1,13,0.5289146000286564,0.09914089977974072,0.4297737002489157,0.37209302325581395,0.234375,0.6046511627906976,0.1346153846153846,0.023255813953488372,0.25
lcbench_167190,lcbench,FMP_DREAM,12,200,-88.83155822753906,0.21176470588235294,0.2529411764705882,4,3,9,0.431933099986054,0.08621119993040338,0.3457219000556506,0.5,0.18823529411764706,0.49411764705882355,0.2261904761904762,0.0058823529411764705,1.0
lcbench_167190,lcbench,FMP_DREAM,13,200,-89.33041381835938,0.1781609195402299,0.22413793103448276,1,2,20,0.5754962000064552,0.09171239932766184,0.48378380067879334,0.25287356321839083,0.20454545454545456,0.735632183908046,0.1640625,0.011494252873563218,0.5
lcbench_167190,lcbench,FMP_DREAM,14,200,-89.40132141113281,0.26744186046511625,0.28488372093023256,2,3,19,0.5965421000146307,0.09927229961613193,0.4972698003984988,0.45348837209302323,0.2948717948717949,0.5232558139534884,0.24444444444444444,0.023255813953488372,0.25
lcbench_167190,lcbench,FMP_DREAM,15,200,-89.42008209228516,0.2,0.21142857142857144,0,2,23,0.6073954000021331,0.09998159983661026,0.5074138001655228,0.3657142857142857,0.21875,0.6342857142857142,0.1891891891891892,0.0,
lcbench_167190,lcbench,FMP_DREAM,16,200,-89.22041320800781,0.15517241379310345,0.22988505747126436,1,2,18,0.5342837999924086,0.10257619910407811,0.4317076008883305,0.4367816091954023,0.13157894736842105,0.5632183908045977,0.17346938775510204,0.0,
lcbench_167190,lcbench,FMP_DREAM,17,200,-89.1720962524414,0.1791907514450867,0.23699421965317918,2,2,18,0.5027950999792665,0.09074329980649054,0.412051800172776,0.2658959537572254,0.2608695652173913,0.6994219653179191,0.14049586776859505,0.03468208092485549,0.3333333333333333
lcbench_167190,lcbench,FMP_DREAM,18,200,-89.50129699707031,0.1791907514450867,0.3063583815028902,3,1,17,0.5161168999620713,0.093640600098297,0.42247629986377433,0.2832369942196532,0.1836734693877551,0.6763005780346821,0.17094017094017094,0.04046242774566474,0.2857142857142857
lcbench_167190,lcbench,FMP_DREAM,19,200,-89.26160430908203,0.24277456647398843,0.28901734104046245,3,1,18,0.4886001000413671,0.09119359980104491,0.3974065002403222,0.4913294797687861,0.2823529411764706,0.48554913294797686,0.21428571428571427,0.023121387283236993,0.0
lcbench_168329,lcbench,FMP_DREAM,0,200,-43.92535400390625,0.16091954022988506,0.26436781609195403,3,0,18,0.5127357000019401,0.08811039966531098,0.42462530033662915,0.28735632183908044,0.26,0.6781609195402298,0.11864406779661017,0.034482758620689655,0.16666666666666666
lcbench_168329,lcbench,FMP_DREAM,1,200,-49.81184005737305,0.14689265536723164,0.23163841807909605,0,0,27,0.6618427000357769,0.099789900588803,0.562052799446974,0.1751412429378531,0.12903225806451613,0.807909604519774,0.13986013986013987,0.01694915254237288,0.6666666666666666
lcbench_168329,lcbench,FMP_DREAM,2,200,-42.85196304321289,0.15517241379310345,0.22988505747126436,3,0,18,0.5021736000198871,0.08734719961648807,0.414826400403399,0.28160919540229884,0.08163265306122448,0.6494252873563219,0.168141592920354,0.06896551724137931,0.3333333333333333
lcbench_168329,lcbench,FMP_DREAM,3,200,-49.12533187866211,0.16666666666666666,0.26436781609195403,2,1,18,0.5309621000196785,0.08927909965859726,0.4416830003610812,0.3160919540229885,0.2,0.6839080459770115,0.15126050420168066,0.0,
lcbench_168329,lcbench,FMP_DREAM,4,200,-42.25323486328125,0.20114942528735633,0.2413793103448276,3,0,18,0.540478200011421,0.09283239988144487,0.4476458001299761,0.3275862068965517,0.19298245614035087,0.6436781609195402,0.20535714285714285,0.028735632183908046,0.2
lcbench_168329,lcbench,FMP_DREAM,5,200,-47.630706787109375,0.15428571428571428,0.24,2,0,21,0.5345551999635063,0.0965330998878926,0.4380221000756137,0.21142857142857144,0.16216216216216217,0.7542857142857143,0.15151515151515152,0.03428571428571429,0.16666666666666666
lcbench_168329,lcbench,FMP_DREAM,6,200,-52.16563415527344,0.17142857142857143,0.29714285714285715,2,0,22,0.6849685999914072,0.11623999971197918,0.5687286002794281,0.2342857142857143,0.2926829268292683,0.7371428571428571,0.13953488372093023,0.02857142857142857,0.0
lcbench_168329,lcbench,FMP_DREAM,7,200,-38.38639831542969,0.11046511627906977,0.2616279069767442,5,0,16,0.5382838000077754,0.09722800110466778,0.44105579890310764,0.27325581395348836,0.1276595744680851,0.6511627906976745,0.08928571428571429,0.0755813953488372,0.23076923076923078
lcbench_168329,lcbench,FMP_DREAM,8,200,-48.57301330566406,0.19653179190751446,0.2658959537572254,3,1,16,0.5290352000156417,0.10157239995896816,0.4274628000566736,0.2254335260115607,0.20512820512820512,0.7687861271676301,0.18796992481203006,0.005780346820809248,1.0
lcbench_168329,lcbench,FMP_DREAM,9,200,-47.33356475830078,0.13714285714285715,0.2914285714285714,2,0,23,0.5875365999527276,0.099439499725122,0.48809710022760555,0.17714285714285713,0.16129032258064516,0.7542857142857143,0.12878787878787878,0.06857142857142857,0.16666666666666666
lcbench_168329,lcbench,FMP_DREAM,10,200,-48.848018646240234,0.19318181818181818,0.23295454545454544,0,1,24,0.6994442999712192,0.10051960009150207,0.5989246998797171,0.30113636363636365,0.16981132075471697,0.6704545454545454,0.2033898305084746,0.028409090909090908,0.2
lcbench_168329,lcbench,FMP_DREAM,11,200,-37.868404388427734,0.21142857142857144,0.18285714285714286,2,0,22,0.635461799975019,0.09470080019673333,0.5407609997782856,0.35428571428571426,0.24193548387096775,0.6114285714285714,0.17757009345794392,0.03428571428571429,0.5
lcbench_168329,lcbench,FMP_DREAM,12,200,-35.31056594848633,0.12716763005780346,0.23699421965317918,4,0,17,0.5869423000258394,0.09849159995792434,0.488450700067915,0.2947976878612717,0.1568627450980392,0.6647398843930635,0.11304347826086956,0.04046242774566474,0.14285714285714285
lcbench_168329,lcbench,FMP_DREAM,13,200,-46.06235885620117,0.1511627906976744,0.22674418604651161,5,0,12,0.46526329999323934,0.0958971997606568,0.36936610023258254,0.28488372093023256,0.10204081632653061,0.6686046511627907,0.16521739130434782,0.046511627906976744,0.25
lcbench_168329,lcbench,FMP_DREAM,14,200,-33.49334716796875,0.14942528735632185,0.3103448275862069,3,0,18,0.5555192999891005,0.10216579987900332,0.45335350011009723,0.29310344827586204,0.19607843137254902,0.6781609195402298,0.1271186440677966,0.028735632183908046,0.2
lcbench_168329,lcbench,FMP_DREAM,15,200,-47.70344161987305,0.1206896551724138,0.23563218390804597,3,0,21,0.6723595999646932,0.10467229946516454,0.5676873004995286,0.19540229885057472,0.14705882352941177,0.764367816091954,0.10526315789473684,0.040229885057471264,0.2857142857142857
lcbench_168329,lcbench,FMP_DREAM,16,200,-46.368587493896484,0.15428571428571428,0.17142857142857143,2,0,23,0.6487125999992713,0.0969969998113811,0.5517156001878902,0.16,0.2857142857142857,0.8285714285714286,0.11724137931034483,0.011428571428571429,1.0
lcbench_168329,lcbench,FMP_DREAM,17,200,-46.58746337890625,0.17341040462427745,0.24277456647398843,3,1,15,0.5654380000196397,0.10479489993304014,0.4606431000865996,0.2947976878612717,0.21568627450980393,0.6820809248554913,0.15254237288135594,0.023121387283236993,0.25
lcbench_168329,lcbench,FMP_DREAM,18,200,-38.550018310546875,0.19540229885057472,0.28160919540229884,3,0,20,0.618851600040216,0.10531829996034503,0.513533300079871,0.367816091954023,0.15625,0.6206896551724138,0.2037037037037037,0.011494252873563218,1.0
lcbench_168329,lcbench,FMP_DREAM,19,200,-38.57399368286133,0.16184971098265896,0.2947976878612717,4,0,16,0.5255495999590494,0.10373379988595843,0.42181580007309094,0.37572254335260113,0.15384615384615385,0.6069364161849711,0.1619047619047619,0.017341040462427744,0.3333333333333333
lcbench_168330,lcbench,FMP_DREAM,0,200,-75.17613220214844,0.1686046511627907,0.23837209302325582,3,2,14,0.49982149997958913,0.09277819993440062,0.4070433000451885,0.2558139534883721,0.2727272727272727,0.7325581395348837,0.1349206349206349,0.011627906976744186,0.0
lcbench_168330,lcbench,FMP_DREAM,1,200,-74.4029769897461,0.12643678160919541,0.1896551724137931,3,0,18,0.5873780999681912,0.10279309988254681,0.4845850000856444,0.25862068965517243,0.06666666666666667,0.632183908045977,0.14545454545454545,0.10919540229885058,0.15789473684210525
lcbench_168330,lcbench,FMP_DREAM,2,200,-74.35161590576172,0.19540229885057472,0.21839080459770116,3,0,19,0.550944900023751,0.09218699991470203,0.45875790010904893,0.29310344827586204,0.19607843137254902,0.6609195402298851,0.19130434782608696,0.04597701149425287,0.25
lcbench_168330,lcbench,FMP_DREAM,3,200,-72.26736450195312,0.2023121387283237,0.24855491329479767,2,2,16,0.5861731999902986,0.10320209967903793,0.48297110031126067,0.3352601156069364,0.1724137931034483,0.6647398843930635,0.21739130434782608,0.0,
lcbench_168330,lcbench,FMP_DREAM,4,200,-74.3452377319336,0.13872832369942195,0.23699421965317918,2,2,17,0.5907818999839947,0.129882600158453,0.4608992998255417,0.31213872832369943,0.1111111111111111,0.6705202312138728,0.15517241379310345,0.017341040462427744,0.0
lcbench_168330,lcbench,FMP_DREAM,5,200,-72.1491928100586,0.16477272727272727,0.22727272727272727,0,1,24,0.7435297000338323,0.10699680040124804,0.6365328996325843,0.2556818181818182,0.17777777777777778,0.7272727272727273,0.1484375,0.017045454545454544,0.6666666666666666
lcbench_168330,lcbench,FMP_DREAM,6,200,-73.47516632080078,0.18497109826589594,0.31213872832369943,3,1,16,0.5557695999741554,0.10401310015004128,0.45175649982411414,0.35260115606936415,0.18032786885245902,0.6127167630057804,0.16981132075471697,0.03468208092485549,0.5
lcbench_168330,lcbench,FMP_DREAM,7,200,-74.92205047607422,0.16091954022988506,0.2988505747126437,2,1,22,0.5801039999932982,0.0948367003002204,0.4852672996930778,0.22988505747126436,0.175,0.7528735632183908,0.15267175572519084,0.017241379310344827,0.3333333333333333
lcbench_168330,lcbench,FMP_DREAM,8,200,-72.16047668457031,0.13872832369942195,0.2832369942196532,3,1,17,0.5559227000339888,0.09991399984573945,0.45600870018824935,0.21965317919075145,0.15789473684210525,0.7109826589595376,0.10569105691056911,0.06936416184971098,0.4166666666666667
lcbench_168330,lcbench,FMP_DREAM,9,200,-73.59986114501953,0.1676300578034682,0.31213872832369943,3,1,18,0.526129600009881,0.0975191003526561,0.42861049965722486,0.2947976878612717,0.21568627450980393,0.6589595375722543,0.14035087719298245,0.046242774566473986,0.25
lcbench_168330,lcbench,FMP_DREAM,10,200,-71.3770751953125,0.1781609195402299,0.28160919540229884,1,2,20,0.5712617000099272,0.09394980000797659,0.47731190000195056,0.20114942528735633,0.17142857142857143,0.7413793103448276,0.17829457364341086,0.05747126436781609,0.2
lcbench_168330,lcbench,FMP_DREAM,11,200,-74.50806427001953,0.18181818181818182,0.2215909090909091,1,0,24,0.6826377999968827,0.10373960010474548,0.5788981998921372,0.2556818181818182,0.1111111111111111,0.7329545454545454,0.20155038759689922,0.011363636363636364,0.5
lcbench_168330,lcbench,FMP_DREAM,12,200,-74.12958526611328,0.20114942528735633,0.25862068965517243,1,2,19,0.5322296000085771,0.09006769960979,0.4421619003987871,0.2471264367816092,0.27906976744186046,0.7413793103448276,0.17829457364341086,0.011494252873563218,0.0
lcbench_168330,lcbench,FMP_DREAM,13,200,-70.3467788696289,0.19298245614035087,0.2222222222222222,3,3,16,0.4585164999589324,0.082197499810718,0.3763190001482144,0.2982456140350877,0.2549019607843137,0.6783625730994152,0.16379310344827586,0.023391812865497075,0.25
lcbench_168330,lcbench,FMP_DREAM,14,200,-74.1877212524414,0.21264367816091953,0.2988505747126437,3,0,20,0.5636612999951467,0.0995886996970512,0.4640726002980955,0.2413793103448276,0.21428571428571427,0.7011494252873564,0.21311475409836064,0.05747126436781609,0.2
lcbench_168330,lcbench,FMP_DREAM,15,200,-72.93592071533203,0.16184971098265896,0.2832369942196532,2,2,18,0.5112862999667414,0.09289400029229,0.41839229967445135,0.2658959537572254,0.10869565217391304,0.7109826589595376,0.17886178861788618,0.023121387283236993,0.25
lcbench_168330,lcbench,FMP_DREAM,16,200,-74.06076049804688,0.20348837209302326,0.16279069767441862,4,1,15,0.56206900003599,0.10304760013241321,0.4590213999035768,0.31976744186046513,0.16363636363636364,0.6627906976744186,0.22807017543859648,0.01744186046511628,0.0
lcbench_168330,lcbench,FMP_DREAM,17,200,-76.01065063476562,0.19653179190751446,0.2774566473988439,2,2,19,0.48171970003750175,0.08334159944206476,0.398378100595437,0.23121387283236994,0.2,0.7630057803468208,0.1893939393939394,0.005780346820809248,1.0
lcbench_168330,lcbench,FMP_DREAM,18,200,-71.64140319824219,0.11627906976744186,0.2441860465116279,3,2,15,0.43904089997522533,0.08425110025564209,0.35478979971958324,0.32558139534883723,0.125,0.622093023255814,0.11214953271028037,0.05232558139534884,0.1111111111111111
lcbench_168330,lcbench,FMP_DREAM,19,200,-73.92682647705078,0.16666666666666666,0.25287356321839083,2,1,18,0.42611849994864315,0.08021229977020994,0.3459062001784332,0.1724137931034483,0.23333333333333334,0.764367816091954,0.15037593984962405,0.06321839080459771,0.18181818181818182
lcbench_168331,lcbench,FMP_DREAM,0,200,-79.5167007446289,0.19653179190751446,0.2254335260115607,3,1,18,0.560992700047791,0.09700170013820753,0.4639909999095835,0.3468208092485549,0.23333333333333334,0.6416184971098265,0.18018018018018017,0.011560693641618497,0.0
lcbench_168331,lcbench,FMP_DREAM,1,200,-76.62127685546875,0.14367816091954022,0.22988505747126436,3,0,20,0.5657127000158653,0.09051459940383211,0.47519810061203316,0.27586206896551724,0.16666666666666666,0.6666666666666666,0.11206896551724138,0.05747126436781609,0.4
lcbench_168331,lcbench,FMP_DREAM,2,200,-80.49115753173828,0.16279069767441862,0.23255813953488372,5,0,14,0.4311807999620214,0.08697439962998033,0.3442064003320411,0.27906976744186046,0.10416666666666667,0.6918604651162791,0.16806722689075632,0.029069767441860465,0.6
lcbench_168331,lcbench,FMP_DREAM,3,200,-75.3790054321289,0.18604651162790697,0.23837209302325582,4,1,15,0.5056230999762192,0.09340020007221028,0.41222289990400895,0.27325581395348836,0.3404255319148936,0.7034883720930233,0.1322314049586777,0.023255813953488372,0.0
lcbench_168331,lcbench,FMP_DREAM,4,200,-79.00993347167969,0.14857142857142858,0.3142857142857143,2,0,21,0.5495300000184216,0.09602359985001385,0.4535064001684077,0.24571428571428572,0.20930232558139536,0.7314285714285714,0.125,0.022857142857142857,0.25
lcbench_168331,lcbench,FMP_DREAM,5,200,-74.05680847167969,0.15517241379310345,0.22413793103448276,3,0,19,0.5257406999589875,0.09372249915031716,0.43201820080867037,0.3045977011494253,0.07547169811320754,0.6666666666666666,0.1810344827586207,0.028735632183908046,0.4
lcbench_168331,lcbench,FMP_DREAM,6,200,-77.6692123413086,0.13372093023255813,0.18604651162790697,5,0,14,0.5367828999878839,0.10227129998384044,0.43451160000404343,0.2616279069767442,0.08888888888888889,0.686046511627907,0.1440677966101695,0.05232558139534884,0.2222222222222222
lcbench_168331,lcbench,FMP_DREAM,7,200,-75.15777587890625,0.17341040462427745,0.2658959537572254,3,1,18,0.5894142999895848,0.10058689955621958,0.48882740043336526,0.28901734104046245,0.16,0.6589595375722543,0.16666666666666666,0.05202312138728324,0.3333333333333333
lcbench_168331,lcbench,FMP_DREAM,8,200,-78.46672821044922,0.14942528735632185,0.21839080459770116,3,0,20,0.6256498000002466,0.1043365997611545,0.5213132002390921,0.25862068965517243,0.2,0.7241379310344828,0.12698412698412698,0.017241379310344827,0.3333333333333333
lcbench_168331,lcbench,FMP_DREAM,9,200,-79.60319519042969,0.1206896551724138,0.28160919540229884,3,0,18,0.5807678999844939,0.10242240002844483,0.478345499956049,0.2413793103448276,0.11904761904761904,0.7413793103448276,0.10852713178294573,0.017241379310344827,0.6666666666666666
lcbench_168331,lcbench,FMP_DREAM,10,200,-74.75218963623047,0.09826589595375723,0.2658959537572254,4,0,16,0.4887643000110984,0.09490439982619137,0.393859900184907,0.30057803468208094,0.09615384615384616,0.653179190751445,0.07079646017699115,0.046242774566473986,0.5
lcbench_168331,lcbench,FMP_DREAM,11,200,-81.38499450683594,0.19186046511627908,0.19767441860465115,4,1,12,0.5467861000215635,0.10472330002812669,0.4420627999934368,0.36046511627906974,0.1935483870967742,0.5813953488372093,0.19,0.05813953488372093,0.2
lcbench_168331,lcbench,FMP_DREAM,12,200,-77.71841430664062,0.14857142857142858,0.32,2,0,22,0.6087376999785192,0.10148370068054646,0.5072539992979728,0.25142857142857145,0.20454545454545456,0.7314285714285714,0.1171875,0.017142857142857144,0.6666666666666666
lcbench_168331,lcbench,FMP_DREAM,13,200,-77.90214538574219,0.12643678160919541,0.21264367816091953,3,0,20,0.5909693000139669,0.09700280014658347,0.4939664998673834,0.20689655172413793,0.08333333333333333,0.7011494252873564,0.12295081967213115,0.09195402298850575,0.25
lcbench_168331,lcbench,FMP_DREAM,14,200,-78.34768676757812,0.18285714285714286,0.26285714285714284,2,0,21,0.5756387999863364,0.0965723002445884,0.479066499741748,0.26285714285714284,0.2826086956521739,0.7028571428571428,0.13008130081300814,0.03428571428571429,0.5
lcbench_168331,lcbench,FMP_DREAM,15,200,-75.22863006591797,0.22988505747126436,0.20114942528735633,3,0,18,0.5128998999716714,0.09459999977843836,0.41829990019323304,0.3505747126436782,0.22950819672131148,0.632183908045977,0.22727272727272727,0.017241379310344827,0.3333333333333333
lcbench_168331,lcbench,FMP_DREAM,16,200,-79.6609115600586,0.1534090909090909,0.23295454545454544,1,0,24,0.6317696000332944,0.09969459992134944,0.532075000111945,0.17613636363636365,0.22580645161290322,0.7897727272727273,0.12949640287769784,0.03409090909090909,0.3333333333333333
lcbench_168331,lcbench,FMP_DREAM,17,200,-78.49861145019531,0.09248554913294797,0.27167630057803466,4,0,16,0.4874500999576412,0.09155839990125969,0.3958917000563815,0.24855491329479767,0.06976744186046512,0.6647398843930635,0.10434782608695652,0.08670520231213873,0.06666666666666667
lcbench_168331,lcbench,FMP_DREAM,18,200,-75.69164276123047,0.11494252873563218,0.25287356321839083,3,0,20,0.5652151000103913,0.10103979968698695,0.46417530032340437,0.1896551724137931,0.09090909090909091,0.6839080459770115,0.10084033613445378,0.12643678160919541,0.22727272727272727
lcbench_168331,lcbench,FMP_DREAM,19,200,-76.73345184326172,0.1590909090909091,0.22727272727272727,1,0,24,0.6534623000188731,0.09895130043150857,0.5545109995873645,0.19318181818181818,0.17647058823529413,0.7897727272727273,0.15827338129496402,0.017045454545454544,0.0
lcbench_168335,lcbench,FMP_DREAM,0,200,-98.63375091552734,0.22807017543859648,0.21637426900584794,4,2,12,0.5022808999638073,0.09257030027220026,0.40971059969160706,0.3333333333333333,0.21052631578947367,0.631578947368421,0.23148148148148148,0.03508771929824561,0.3333333333333333
lcbench_168335,lcbench,FMP_DREAM,1,200,-97.93003845214844,0.22674418604651161,0.28488372093023256,3,2,16,0.6068227000068873,0.10877799923764542,0.4980447007692419,0.4127906976744186,0.2535211267605634,0.5755813953488372,0.21212121212121213,0.011627906976744186,0.0
lcbench_168335,lcbench,FMP_DREAM,2,200,-95.67535400390625,0.14534883720930233,0.20930232558139536,3,2,14,0.5399217999656685,0.10399520001374185,0.4359265999519266,0.3953488372093023,0.14705882352941177,0.563953488372093,0.14432989690721648,0.040697674418604654,0.14285714285714285
lcbench_168335,lcbench,FMP_DREAM,3,200,-99.35616302490234,0.1781609195402299,0.27011494252873564,1,2,22,0.587041299964767,0.10119049996137619,0.48585080000339076,0.20689655172413793,0.2222222222222222,0.7816091954022989,0.16176470588235295,0.011494252873563218,0.5
lcbench_168335,lcbench,FMP_DREAM,4,200,-99.50826263427734,0.22093023255813954,0.32558139534883723,3,2,14,0.46254019998013973,0.0913527004304342,0.37118749954970554,0.38372093023255816,0.24242424242424243,0.5930232558139535,0.18627450980392157,0.023255813953488372,0.75
lcbench_168335,lcbench,FMP_DREAM,5,200,-98.14769744873047,0.19186046511627908,0.23837209302325582,3,2,16,0.5933689000084996,0.10620439983904362,0.487164500169456,0.2558139534883721,0.25,0.7267441860465116,0.16,0.01744186046511628,0.6666666666666666
lcbench_168335,lcbench,FMP_DREAM,6,200,-98.33769989013672,0.1871345029239766,0.23976608187134502,3,3,15,0.5199127999949269,0.09691280039260164,0.42299999960232526,0.391812865497076,0.22388059701492538,0.5906432748538012,0.15841584158415842,0.017543859649122806,0.3333333333333333
lcbench_168335,lcbench,FMP_DREAM,7,200,-99.4752426147461,0.19186046511627908,0.3023255813953488,2,3,15,0.5711018000147305,0.1088510004337877,0.46225079958094284,0.29069767441860467,0.3,0.6976744186046512,0.13333333333333333,0.011627906976744186,1.0
lcbench_168335,lcbench,FMP_DREAM,8,200,-95.16866302490234,0.12209302325581395,0.2441860465116279,3,2,14,0.5030693000298925,0.09188660071231425,0.4111826993175782,0.36627906976744184,0.1111111111111111,0.5988372093023255,0.1262135922330097,0.03488372093023256,0.16666666666666666
lcbench_168335,lcbench,FMP_DREAM,9,200,-99.41796112060547,0.1839080459770115,0.28735632183908044,1,2,20,0.5349139000172727,0.09119729965459555,0.4437166003626771,0.29310344827586204,0.21568627450980393,0.6839080459770115,0.17647058823529413,0.022988505747126436,0.0
lcbench_168335,lcbench,FMP_DREAM,10,200,-99.36715698242188,0.1744186046511628,0.18604651162790697,2,3,16,0.5966281999717467,0.10039840009994805,0.4962297998717986,0.25,0.20930232558139536,0.7441860465116279,0.15625,0.005813953488372093,1.0
lcbench_168335,lcbench,FMP_DREAM,11,200,-98.68079376220703,0.19883040935672514,0.2573099415204678,3,3,15,0.5056764999753796,0.08986680011730641,0.41580969985807315,0.39766081871345027,0.23529411764705882,0.5847953216374269,0.17,0.017543859649122806,0.3333333333333333
lcbench_168335,lcbench,FMP_DREAM,12,200,-98.94351959228516,0.23121387283236994,0.21965317919075145,0,4,20,0.6352521000080742,0.10773390048416331,0.5275181995239109,0.32947976878612717,0.3333333333333333,0.6589595375722543,0.18421052631578946,0.011560693641618497,0.0
lcbench_168335,lcbench,FMP_DREAM,13,200,-98.5573959350586,0.15028901734104047,0.2138728323699422,3,1,16,0.5137559000286274,0.09243649995187297,0.4213194000767544,0.37572254335260113,0.12307692307692308,0.5606936416184971,0.17525773195876287,0.06358381502890173,0.09090909090909091
lcbench_168335,lcbench,FMP_DREAM,14,200,-98.86466979980469,0.1744186046511628,0.29069767441860467,4,1,15,0.48157760000322014,0.09363850066438317,0.38793909933883697,0.32558139534883723,0.23214285714285715,0.6453488372093024,0.14414414414414414,0.029069767441860465,0.2
lcbench_168335,lcbench,FMP_DREAM,15,200,-95.30126190185547,0.15028901734104047,0.1791907514450867,3,1,17,0.5254278000211343,0.09585639997385442,0.4295714000472799,0.42196531791907516,0.1232876712328767,0.5375722543352601,0.15053763440860216,0.04046242774566474,0.42857142857142855
lcbench_168335,lcbench,FMP_DREAM,16,200,-95.80500793457031,0.14942528735632185,0.28160919540229884,2,1,21,0.6239134999923408,0.10575659992173314,0.5181569000706077,0.27586206896551724,0.14583333333333334,0.6896551724137931,0.15,0.034482758620689655,0.16666666666666666
lcbench_168335,lcbench,FMP_DREAM,17,200,-99.58686828613281,0.1907514450867052,0.3236994219653179,3,1,18,0.526825100008864,0.10101439955178648,0.4258107004570775,0.3179190751445087,0.23636363636363636,0.6473988439306358,0.16071428571428573,0.03468208092485549,0.3333333333333333
lcbench_168335,lcbench,FMP_DREAM,18,200,-95.68375396728516,0.20809248554913296,0.20809248554913296,2,2,17,0.5830666000256315,0.09581720049027354,0.48724939953535795,0.49710982658959535,0.20930232558139536,0.49710982658959535,0.19767441860465115,0.005780346820809248,1.0
lcbench_168335,lcbench,FMP_DREAM,19,200,-95.94837951660156,0.17341040462427745,0.28901734104046245,2,2,18,0.6339190999860875,0.11081760009983554,0.523101499886252,0.3063583815028902,0.1509433962264151,0.6820809248554913,0.1694915254237288,0.011560693641618497,1.0
lcbench_168868,lcbench,FMP_DREAM,0,200,-99.69710540771484,0.3081395348837209,0.2441860465116279,1,4,20,0.6142621000180952,0.10632939962670207,0.5079327003913932,0.622093023255814,0.308411214953271,0.37790697674418605,0.3076923076923077,0.0,
lcbench_168868,lcbench,FMP_DREAM,1,200,-99.70661163330078,0.23391812865497075,0.23976608187134502,2,4,18,0.5656113000004552,0.09825779916718602,0.4673535008332692,0.5847953216374269,0.27,0.4152046783625731,0.18309859154929578,0.0,
lcbench_168868,lcbench,FMP_DREAM,2,200,-99.70509338378906,0.27325581395348836,0.313953488372093,1,4,17,0.47601440001744777,0.09112640010425821,0.38488799991318956,0.5813953488372093,0.26,0.4186046511627907,0.2916666666666667,0.0,
lcbench_168868,lcbench,FMP_DREAM,3,200,-99.66896057128906,0.23529411764705882,0.23529411764705882,3,4,15,0.5679870000458322,0.10638150037266314,0.4616054996731691,0.5647058823529412,0.2916666666666667,0.43529411764705883,0.16216216216216217,0.0,
lcbench_168868,lcbench,FMP_DREAM,4,200,-99.69291687011719,0.2631578947368421,0.2222222222222222,2,4,16,0.5502576000289991,0.09994090028339997,0.4503166997455992,0.543859649122807,0.21505376344086022,0.4327485380116959,0.32432432432432434,0.023391812865497075,0.25
lcbench_168868,lcbench,FMP_DREAM,5,200,-99.6678237915039,0.33727810650887574,0.28994082840236685,4,4,13,0.5325104999938048,0.10639800026547164,0.4261124997283332,0.6686390532544378,0.3805309734513274,0.31952662721893493,0.25925925925925924,0.011834319526627219,0.0
lcbench_168868,lcbench,FMP_DREAM,6,200,-99.70356750488281,0.25882352941176473,0.22941176470588234,3,4,14,0.5043028000509366,0.09788210038095713,0.4064206996699795,0.6176470588235294,0.2761904761904762,0.37058823529411766,0.20634920634920634,0.011764705882352941,1.0
lcbench_168868,lcbench,FMP_DREAM,7,200,-99.70433044433594,0.3136094674556213,0.28994082840236685,4,4,11,0.4624972000019625,0.09696930041536689,0.3655278995865956,0.650887573964497,0.3090909090909091,0.34911242603550297,0.3220338983050847,0.0,
lcbench_168868,lcbench,FMP_DREAM,8,200,-99.68264770507812,0.24561403508771928,0.19883040935672514,2,4,17,0.5152207000064664,0.09318000019993633,0.42204069980653003,0.6549707602339181,0.25,0.34502923976608185,0.23728813559322035,0.0,
lcbench_168868,lcbench,FMP_DREAM,9,200,-99.68189239501953,0.3235294117647059,0.3352941176470588,3,4,16,0.5817466999869794,0.11130360019160435,0.470443099795375,0.6294117647058823,0.3364485981308411,0.37058823529411766,0.30158730158730157,0.0,
lcbench_168868,lcbench,FMP_DREAM,10,200,-99.69406127929688,0.3,0.27058823529411763,3,4,14,0.4720651000388898,0.09213440009625629,0.3799306999426335,0.6764705882352942,0.3391304347826087,0.3235294117647059,0.21818181818181817,0.0,
lcbench_168868,lcbench,FMP_DREAM,11,200,-99.68341064453125,0.3508771929824561,0.25146198830409355,3,3,17,0.5691219999571331,0.09620719990925863,0.47291480004787445,0.6257309941520468,0.29906542056074764,0.3742690058479532,0.4375,0.0,
lcbench_168868,lcbench,FMP_DREAM,12,200,-99.67162322998047,0.3176470588235294,0.23529411764705882,3,4,17,0.5517901999992318,0.09690310043515638,0.45488709956407547,0.5411764705882353,0.3804347826086957,0.4470588235294118,0.23684210526315788,0.011764705882352941,0.5
lcbench_168868,lcbench,FMP_DREAM,13,200,-99.70509338378906,0.3508771929824561,0.3333333333333333,2,4,18,0.4971732000121847,0.08575070014921948,0.4114224998629652,0.6783625730994152,0.3879310344827586,0.3216374269005848,0.2727272727272727,0.0,
lcbench_168868,lcbench,FMP_DREAM,14,200,-99.69900512695312,0.3076923076923077,0.1834319526627219,4,4,12,0.5012168000102974,0.09697400050936267,0.4042427995009348,0.6035502958579881,0.3235294117647059,0.39644970414201186,0.2835820895522388,0.0,
lcbench_168868,lcbench,FMP_DREAM,15,200,-99.64653015136719,0.3,0.25882352941176473,3,4,14,0.4883001000271179,0.09208699979353696,0.3962131002335809,0.6352941176470588,0.32407407407407407,0.36470588235294116,0.25806451612903225,0.0,
lcbench_168868,lcbench,FMP_DREAM,16,200,-99.7081298828125,0.18823529411764706,0.1411764705882353,3,4,14,0.6041948000201955,0.10556710028322414,0.4986276997369714,0.4823529411764706,0.18292682926829268,0.4647058823529412,0.20253164556962025,0.052941176470588235,0.1111111111111111
lcbench_168868,lcbench,FMP_DREAM,17,200,-99.68036651611328,0.2823529411764706,0.2411764705882353,3,4,16,0.5077934000291862,0.09238669998012483,0.41540670004906133,0.6,0.29411764705882354,0.4,0.2647058823529412,0.0,
lcbench_168868,lcbench,FMP_DREAM,18,200,-99.69672393798828,0.3076923076923077,0.30177514792899407,4,4,12,0.47639590001199394,0.09919109957991168,0.37720480043208227,0.6094674556213018,0.3106796116504854,0.3905325443786982,0.30303030303030304,0.0,
lcbench_168868,lcbench,FMP_DREAM,19,200,-99.6921615600586,0.30409356725146197,0.23976608187134502,2,4,15,0.5606214000144973,0.10444469976937398,0.45617670024512336,0.5789473684210527,0.30303030303030304,0.42105263157894735,0.3055555555555556,0.0,
lcbench_168908,lcbench,FMP_DREAM,0,200,-85.7392807006836,0.20689655172413793,0.25862068965517243,1,2,19,0.6417048000148498,0.1025694000418298,0.53913539997302,0.3103448275862069,0.2962962962962963,0.6781609195402298,0.16101694915254236,0.011494252873563218,0.5
lcbench_168908,lcbench,FMP_DREAM,1,200,-87.78793334960938,0.16091954022988506,0.2988505747126437,2,1,21,0.6853614999563433,0.10721290024230257,0.5781485997140408,0.3103448275862069,0.3148148148148148,0.6494252873563219,0.07079646017699115,0.040229885057471264,0.42857142857142855
lcbench_168908,lcbench,FMP_DREAM,2,200,-85.76414489746094,0.2471264367816092,0.22413793103448276,2,1,20,0.6385080000036396,0.09775359969353303,0.5407544003101066,0.3448275862068966,0.25,0.6264367816091954,0.24770642201834864,0.028735632183908046,0.2
lcbench_168908,lcbench,FMP_DREAM,3,200,-85.83582305908203,0.22988505747126436,0.22413793103448276,2,1,18,0.6193306999630295,0.10609429981559515,0.5132364001474343,0.3103448275862069,0.2962962962962963,0.6896551724137931,0.2,0.0,
lcbench_168908,lcbench,FMP_DREAM,4,200,-86.69767761230469,0.2,0.21714285714285714,0,2,22,0.6361154999467544,0.10099090042058378,0.5351245995261706,0.17714285714285713,0.3225806451612903,0.8228571428571428,0.1736111111111111,0.0,
lcbench_168908,lcbench,FMP_DREAM,5,200,-86.58695983886719,0.19653179190751446,0.27167630057803466,2,2,17,0.5912545000319369,0.10485029953997582,0.4864042004919611,0.23121387283236994,0.25,0.7456647398843931,0.18604651162790697,0.023121387283236993,0.0
lcbench_168908,lcbench,FMP_DREAM,6,200,-86.70230865478516,0.1511627906976744,0.2558139534883721,2,3,14,0.5261182999820448,0.09913380059879273,0.4269844993832521,0.3430232558139535,0.2033898305084746,0.6337209302325582,0.12844036697247707,0.023255813953488372,0.0
lcbench_168908,lcbench,FMP_DREAM,7,200,-86.34353637695312,0.19540229885057472,0.3103448275862069,1,2,20,0.6091770000057295,0.10587499983375892,0.5033020001719706,0.3045977011494253,0.1509433962264151,0.6839080459770115,0.2184873949579832,0.011494252873563218,0.0
lcbench_168908,lcbench,FMP_DREAM,8,200,-86.3218002319336,0.2413793103448276,0.2471264367816092,1,2,21,0.5797694000066258,0.09665250044781715,0.48311689955880865,0.25287356321839083,0.2727272727272727,0.7471264367816092,0.23076923076923078,0.0,
lcbench_168908,lcbench,FMP_DREAM,9,200,-85.79752349853516,0.18497109826589594,0.2774566473988439,2,2,19,0.622197300021071,0.10993799980496988,0.5122593002161011,0.26011560693641617,0.24444444444444444,0.7283236994219653,0.16666666666666666,0.011560693641618497,0.0
lcbench_168908,lcbench,FMP_DREAM,10,200,-85.3854751586914,0.1744186046511628,0.23837209302325582,3,2,16,0.5518834000104107,0.09622019965900108,0.4556632003514096,0.23837209302325582,0.24390243902439024,0.7616279069767442,0.15267175572519084,0.0,
lcbench_168908,lcbench,FMP_DREAM,11,200,-83.73844146728516,0.25,0.21511627906976744,3,2,13,0.5003836000105366,0.0905513004399836,0.409832299570553,0.3546511627906977,0.32786885245901637,0.6453488372093024,0.2072072072072072,0.0,
lcbench_168908,lcbench,FMP_DREAM,12,200,-82.8380355834961,0.2411764705882353,0.21764705882352942,5,2,13,0.5134850000031292,0.09505079954396933,0.4184342004591599,0.3941176470588235,0.29850746268656714,0.5588235294117647,0.22105263157894736,0.047058823529411764,0.0
lcbench_168908,lcbench,FMP_DREAM,13,200,-85.34378814697266,0.2023121387283237,0.2543352601156069,3,1,17,0.5474563000025228,0.0952185001806356,0.45223779982188717,0.3063583815028902,0.2830188679245283,0.653179190751445,0.1592920353982301,0.04046242774566474,0.2857142857142857
lcbench_168908,lcbench,FMP_DREAM,14,200,-83.48455047607422,0.21052631578947367,0.23391812865497075,3,3,17,0.5390633000060916,0.09825069969519973,0.44081260031089187,0.36257309941520466,0.3225806451612903,0.5964912280701754,0.1568627450980392,0.04093567251461988,0.0
lcbench_168908,lcbench,FMP_DREAM,15,200,-86.32838439941406,0.18857142857142858,0.26857142857142857,2,0,23,0.6331785999936983,0.0938409001682885,0.5393376998254098,0.2,0.22857142857142856,0.7314285714285714,0.171875,0.06857142857142857,0.25
lcbench_168908,lcbench,FMP_DREAM,16,200,-83.0481185913086,0.1676300578034682,0.18497109826589594,2,2,17,0.5409864999819547,0.09584810037631541,0.4451383996056393,0.24277456647398843,0.19047619047619047,0.7456647398843931,0.16279069767441862,0.011560693641618497,0.0
lcbench_168908,lcbench,FMP_DREAM,17,200,-86.09488677978516,0.1896551724137931,0.2413793103448276,1,2,19,0.5256035000202246,0.09517079987563193,0.4304327001445927,0.27586206896551724,0.20833333333333334,0.7011494252873564,0.18032786885245902,0.022988505747126436,0.25
lcbench_168908,lcbench,FMP_DREAM,18,200,-85.51911926269531,0.18497109826589594,0.24855491329479767,2,2,19,0.633445399987977,0.10635180014651269,0.5270935998414643,0.2947976878612717,0.19607843137254902,0.6647398843930635,0.17391304347826086,0.04046242774566474,0.2857142857142857
lcbench_168908,lcbench,FMP_DREAM,19,200,-84.8526382446289,0.19540229885057472,0.28735632183908044,2,1,22,0.5831128999707289,0.09771519975038245,0.48539770022034645,0.29310344827586204,0.21568627450980393,0.7068965517241379,0.18699186991869918,0.0,
lcbench_168910,lcbench,FMP_DREAM,0,200,-71.8688735961914,0.24277456647398843,0.23121387283236994,3,1,17,0.574121399957221,0.10153189959237352,0.4725895003648475,0.7167630057803468,0.22580645161290322,0.2832369942196532,0.2857142857142857,0.0,
lcbench_168910,lcbench,FMP_DREAM,1,200,-84.3134765625,0.16184971098265896,0.26011560693641617,4,0,16,0.5930447000428103,0.10768650029785931,0.485358199744951,0.5317919075144508,0.16304347826086957,0.43352601156069365,0.13333333333333333,0.03468208092485549,0.5
lcbench_168910,lcbench,FMP_DREAM,2,200,-85.31742095947266,0.14857142857142858,0.25142857142857145,2,0,23,0.5664490999770351,0.09047579992329702,0.47597330005373806,0.5714285714285714,0.18,0.36,0.09523809523809523,0.06857142857142857,0.16666666666666666
lcbench_168910,lcbench,FMP_DREAM,3,200,-85.23739624023438,0.2023121387283237,0.20809248554913296,3,1,20,0.5334536000154912,0.08767299953615293,0.4457806004793383,0.44508670520231214,0.2987012987012987,0.5375722543352601,0.10752688172043011,0.017341040462427744,0.6666666666666666
lcbench_168910,lcbench,FMP_DREAM,4,200,-83.31275939941406,0.20710059171597633,0.25443786982248523,4,4,13,0.4830161000136286,0.09725699998671189,0.3857591000269167,0.650887573964497,0.23636363636363636,0.33136094674556216,0.16071428571428573,0.01775147928994083,0.0
lcbench_168910,lcbench,FMP_DREAM,5,200,-79.95561218261719,0.3620689655172414,0.3045977011494253,2,1,18,0.4855017999652773,0.09915240027476102,0.3863493996905163,0.7471264367816092,0.36923076923076925,0.25287356321839083,0.3409090909090909,0.0,
lcbench_168910,lcbench,FMP_DREAM,6,200,-83.0037841796875,0.2023121387283237,0.1907514450867052,2,2,17,0.48174949997337535,0.08673319965600967,0.3950163003173657,0.5317919075144508,0.21739130434782608,0.42196531791907516,0.2054794520547945,0.046242774566473986,0.0
lcbench_168910,lcbench,FMP_DREAM,7,200,-78.36547088623047,0.21142857142857144,0.2571428571428571,1,1,23,0.6328071000170894,0.10420029977103695,0.5286068002460524,0.64,0.25892857142857145,0.36,0.12698412698412698,0.0,
lcbench_168910,lcbench,FMP_DREAM,8,200,-71.47653198242188,0.3313953488372093,0.19186046511627908,3,2,13,0.5209483000217006,0.10179529950255528,0.4191530005191453,0.6511627906976745,0.4107142857142857,0.3488372093023256,0.18333333333333332,0.0,
lcbench_168910,lcbench,FMP_DREAM,9,200,-78.47241973876953,0.22857142857142856,0.28,2,0,21,0.6284033000119962,0.10372690000804141,0.5246764000039548,0.56,0.2653061224489796,0.4342857142857143,0.17105263157894737,0.005714285714285714,1.0
lcbench_168910,lcbench,FMP_DREAM,10,200,-81.8410873413086,0.2807017543859649,0.23976608187134502,3,3,16,0.5628381999558769,0.10344879975309595,0.45938940020278096,0.672514619883041,0.3565217391304348,0.28654970760233917,0.14285714285714285,0.04093567251461988,0.0
lcbench_168910,lcbench,FMP_DREAM,11,200,-71.83282470703125,0.2046783625730994,0.25146198830409355,3,3,14,0.5052150000119582,0.09772279975004494,0.40749220026191324,0.6608187134502924,0.2743362831858407,0.32748538011695905,0.07142857142857142,0.011695906432748537,0.0
lcbench_168910,lcbench,FMP_DREAM,12,200,-82.96737670898438,0.1676300578034682,0.26011560693641617,3,1,18,0.5904345000162721,0.100764800386969,0.48966969962930307,0.4913294797687861,0.16470588235294117,0.48554913294797686,0.15476190476190477,0.023121387283236993,0.5
lcbench_168910,lcbench,FMP_DREAM,13,200,-80.44051361083984,0.23391812865497075,0.2631578947368421,4,2,14,0.5570686999708414,0.12809679977362975,0.42897190019721165,0.5847953216374269,0.25,0.3742690058479532,0.21875,0.04093567251461988,0.14285714285714285
lcbench_168910,lcbench,FMP_DREAM,14,200,-80.65498352050781,0.2441860465116279,0.23255813953488372,5,0,13,0.5353996999911033,0.09828920039581135,0.4371104995952919,0.6104651162790697,0.3142857142857143,0.36627906976744184,0.1111111111111111,0.023255813953488372,0.5
lcbench_168910,lcbench,FMP_DREAM,15,200,-82.41566467285156,0.20689655172413793,0.23563218390804597,1,2,19,0.5930775000015274,0.10611320025054738,0.48696429975098,0.5287356321839081,0.2717391304347826,0.4367816091954023,0.13157894736842105,0.034482758620689655,0.16666666666666666
lcbench_168910,lcbench,FMP_DREAM,16,200,-81.1298828125,0.23255813953488372,0.23837209302325582,3,2,15,0.47418080002535135,0.08710759959649295,0.3870732004288584,0.5406976744186046,0.25806451612903225,0.4127906976744186,0.2112676056338028,0.046511627906976744,0.125
lcbench_168910,lcbench,FMP_DREAM,17,200,-82.83708190917969,0.21511627906976744,0.2558139534883721,3,2,14,0.48428959999000654,0.08805809979094192,0.3962315001990646,0.5813953488372093,0.28,0.4069767441860465,0.12857142857142856,0.011627906976744186,0.0
lcbench_168910,lcbench,FMP_DREAM,18,200,-79.04520416259766,0.1907514450867052,0.31213872832369943,4,0,19,0.5620294999680482,0.10019609984010458,0.4618334001279436,0.5780346820809249,0.19,0.41040462427745666,0.18309859154929578,0.011560693641618497,0.5
lcbench_168910,lcbench,FMP_DREAM,19,200,-75.78785705566406,0.2441860465116279,0.29651162790697677,4,1,15,0.5249997999635525,0.09742799936793745,0.42757180059561506,0.627906976744186,0.3333333333333333,0.3430232558139535,0.0847457627118644,0.029069767441860465,0.2
lcbench_189862,lcbench,FMP_DREAM,0,200,-90.83482360839844,0.2254335260115607,0.2832369942196532,2,2,15,0.39933489996474236,0.07831259968224913,0.32102230028249323,0.3815028901734104,0.2878787878787879,0.6069364161849711,0.18095238095238095,0.011560693641618497,0.5
lcbench_189862,lcbench,FMP_DREAM,1,200,-89.35699462890625,0.16666666666666666,0.28160919540229884,2,1,18,0.5558118000044487,0.09815189975779504,0.4576599002466537,0.40804597701149425,0.18309859154929578,0.5632183908045977,0.14285714285714285,0.028735632183908046,0.4
lcbench_189862,lcbench,FMP_DREAM,2,200,-89.65404510498047,0.23255813953488372,0.28488372093023256,2,3,18,0.6335852000047453,0.11224459990626201,0.5213406000984833,0.4186046511627907,0.25,0.5755813953488372,0.21212121212121213,0.005813953488372093,1.0
lcbench_189862,lcbench,FMP_DREAM,3,200,-89.45555877685547,0.21264367816091953,0.2471264367816092,2,1,19,0.588053600047715,0.10626939998473972,0.4817842000629753,0.3505747126436782,0.2786885245901639,0.6436781609195402,0.16964285714285715,0.005747126436781609,1.0
lcbench_189862,lcbench,FMP_DREAM,4,200,-94.36035919189453,0.24277456647398843,0.23121387283236994,1,3,22,0.5822759000002407,0.09331909992033616,0.4889568000799045,0.24277456647398843,0.47619047619047616,0.7398843930635838,0.1640625,0.017341040462427744,0.3333333333333333
lcbench_189862,lcbench,FMP_DREAM,5,200,-93.45690155029297,0.1791907514450867,0.2947976878612717,2,2,19,0.5838511000038125,0.10703860025387257,0.4768124997499399,0.27167630057803466,0.2553191489361702,0.7052023121387283,0.13934426229508196,0.023121387283236993,0.5
lcbench_189862,lcbench,FMP_DREAM,6,200,-91.70313262939453,0.16666666666666666,0.2471264367816092,2,1,18,0.6298143999883905,0.1111187997739762,0.5186956002144143,0.43103448275862066,0.18666666666666668,0.5344827586206896,0.13978494623655913,0.034482758620689655,0.3333333333333333
lcbench_189862,lcbench,FMP_DREAM,7,200,-90.39651489257812,0.1695906432748538,0.3216374269005848,4,2,15,0.4721779999672435,0.09349800023483112,0.3786799997324124,0.4444444444444444,0.17105263157894737,0.5029239766081871,0.1744186046511628,0.05263157894736842,0.1111111111111111
lcbench_189862,lcbench,FMP_DREAM,8,200,-90.37996673583984,0.2138728323699422,0.2138728323699422,2,2,18,0.6661533999722451,0.11713260057149455,0.5490207994007505,0.42196531791907516,0.2876712328767123,0.5780346820809249,0.16,0.0,
lcbench_189862,lcbench,FMP_DREAM,9,200,-90.32274627685547,0.15517241379310345,0.26436781609195403,2,1,20,0.5990268000168726,0.10047650034539402,0.49855029967147857,0.40804597701149425,0.22535211267605634,0.5574712643678161,0.10309278350515463,0.034482758620689655,0.16666666666666666
lcbench_189862,lcbench,FMP_DREAM,10,200,-93.07585906982422,0.17543859649122806,0.21637426900584794,4,2,11,0.5549911999842152,0.11658459971658885,0.43840660026762635,0.43859649122807015,0.18666666666666668,0.5555555555555556,0.15789473684210525,0.005847953216374269,1.0
lcbench_189862,lcbench,FMP_DREAM,11,200,-92.8814926147461,0.17045454545454544,0.22727272727272727,1,0,24,0.6955955000012182,0.10920749977231026,0.5863880002289079,0.38636363636363635,0.22058823529411764,0.5568181818181818,0.14285714285714285,0.056818181818181816,0.1
lcbench_189862,lcbench,FMP_DREAM,12,200,-90.1427230834961,0.17714285714285713,0.2914285714285714,0,2,23,0.6216784000280313,0.12056699948152527,0.501111400546506,0.34285714285714286,0.18333333333333332,0.6514285714285715,0.17543859649122806,0.005714285714285714,0.0
lcbench_189862,lcbench,FMP_DREAM,13,200,-87.57487487792969,0.16091954022988506,0.1839080459770115,2,1,18,0.6423375000013039,0.10964380082441494,0.5326936991768889,0.4827586206896552,0.21428571428571427,0.4885057471264368,0.08235294117647059,0.028735632183908046,0.6
lcbench_189862,lcbench,FMP_DREAM,14,200,-85.64807891845703,0.21511627906976744,0.3081395348837209,4,1,16,0.6147066000266932,0.1228383993729949,0.4918682006536983,0.4883720930232558,0.2619047619047619,0.4883720930232558,0.14285714285714285,0.023255813953488372,0.75
lcbench_189862,lcbench,FMP_DREAM,15,200,-89.49754333496094,0.1907514450867052,0.24855491329479767,3,1,17,0.5658165000495501,0.10645950020989403,0.45935699983965605,0.48554913294797686,0.21428571428571427,0.49710982658959535,0.1744186046511628,0.017341040462427744,0.0
lcbench_189862,lcbench,FMP_DREAM,16,200,-88.56696319580078,0.20809248554913296,0.2543352601156069,2,2,17,0.5899288000073284,0.10797190037555993,0.48195689963176847,0.3583815028901734,0.1774193548387097,0.630057803468208,0.21100917431192662,0.011560693641618497,1.0
lcbench_189862,lcbench,FMP_DREAM,17,200,-89.34847259521484,0.23255813953488372,0.25,2,3,13,0.5223800999810919,0.0999631000449881,0.4224169999361038,0.47093023255813954,0.32098765432098764,0.4883720930232558,0.13095238095238096,0.040697674418604654,0.42857142857142855
lcbench_189862,lcbench,FMP_DREAM,18,200,-90.33308410644531,0.19540229885057472,0.29310344827586204,2,1,18,0.5639024999691173,0.10386619996279478,0.46003630000632256,0.42528735632183906,0.17567567567567569,0.5689655172413793,0.20202020202020202,0.005747126436781609,1.0
lcbench_189862,lcbench,FMP_DREAM,19,200,-89.25479125976562,0.1875,0.25,1,0,24,0.6142786999698728,0.09473109961254522,0.5195476003573276,0.3693181818181818,0.23076923076923078,0.5681818181818182,0.16,0.0625,0.18181818181818182
lcbench_189865,lcbench,FMP_DREAM,0,200,-97.95320129394531,0.2558139534883721,0.2558139534883721,3,2,15,0.5755630999919958,0.10300610022386536,0.4725569997681305,0.6802325581395349,0.28205128205128205,0.313953488372093,0.18518518518518517,0.005813953488372093,1.0
lcbench_189865,lcbench,FMP_DREAM,1,200,-96.68062591552734,0.2832369942196532,0.24277456647398843,2,2,21,0.634957000031136,0.1050580995506607,0.5298989004804753,0.7861271676300579,0.3088235294117647,0.2023121387283237,0.14285714285714285,0.011560693641618497,1.0
lcbench_189865,lcbench,FMP_DREAM,2,200,-97.19759368896484,0.2235294117647059,0.2235294117647059,4,3,13,0.522039000003133,0.1039708002936095,0.41806819970952347,0.7,0.2605042016806723,0.29411764705882354,0.14,0.0058823529411764705,0.0
lcbench_189865,lcbench,FMP_DREAM,3,200,-97.7229232788086,0.23529411764705882,0.2235294117647059,4,3,11,0.5318688000552356,0.10345290001714602,0.4284159000380896,0.6176470588235294,0.2761904761904762,0.34705882352941175,0.1694915254237288,0.03529411764705882,0.16666666666666666
lcbench_189865,lcbench,FMP_DREAM,4,200,-98.32870483398438,0.23529411764705882,0.2235294117647059,3,4,12,0.5650823999894783,0.10957919986685738,0.4555032001226209,0.7294117647058823,0.24193548387096775,0.27058823529411763,0.21739130434782608,0.0,
lcbench_189865,lcbench,FMP_DREAM,5,200,-98.03207397460938,0.19767441860465115,0.28488372093023256,2,3,19,0.6753770000068471,0.11690700013423339,0.5584699998726137,0.7034883720930233,0.23140495867768596,0.29651162790697677,0.11764705882352941,0.0,
lcbench_189865,lcbench,FMP_DREAM,6,200,-97.48946380615234,0.2616279069767442,0.3313953488372093,3,2,15,0.5476401000050828,0.1089099005330354,0.4387301994720474,0.7267441860465116,0.28,0.27325581395348836,0.2127659574468085,0.0,
lcbench_189865,lcbench,FMP_DREAM,7,200,-97.84452819824219,0.22485207100591717,0.28402366863905326,4,4,14,0.5111073000007309,0.09937760006869212,0.4117296999320388,0.6745562130177515,0.23684210526315788,0.31952662721893493,0.2037037037037037,0.005917159763313609,0.0
lcbench_189865,lcbench,FMP_DREAM,8,200,-96.42721557617188,0.23391812865497075,0.25146198830409355,2,4,14,0.5314452999737114,0.1058108993456699,0.4256344006280415,0.7192982456140351,0.2682926829268293,0.27485380116959063,0.14893617021276595,0.005847953216374269,0.0
lcbench_189865,lcbench,FMP_DREAM,9,200,-97.04569244384766,0.25146198830409355,0.2807017543859649,3,3,13,0.4999182999599725,0.09670470014680177,0.40321359981317073,0.7719298245614035,0.26515151515151514,0.21052631578947367,0.19444444444444445,0.017543859649122806,0.3333333333333333
lcbench_189865,lcbench,FMP_DREAM,10,200,-97.48500061035156,0.26900584795321636,0.24561403508771928,3,3,12,0.5098843000014313,0.10397739964537323,0.40590690035605803,0.6432748538011696,0.2909090909090909,0.3391812865497076,0.22413793103448276,0.017543859649122806,0.3333333333333333
lcbench_189865,lcbench,FMP_DREAM,11,200,-96.72083282470703,0.3136094674556213,0.26627218934911245,4,4,12,0.4677665999624878,0.09623069979716092,0.3715359001653269,0.7751479289940828,0.32061068702290074,0.22485207100591717,0.2894736842105263,0.0,
lcbench_189865,lcbench,FMP_DREAM,12,200,-98.15892791748047,0.23837209302325582,0.22093023255813954,3,2,17,0.6035137000144459,0.10984179988736287,0.49367190012708306,0.6453488372093024,0.25225225225225223,0.3546511627906977,0.21311475409836064,0.0,
lcbench_189865,lcbench,FMP_DREAM,13,200,-97.210205078125,0.3508771929824561,0.23976608187134502,3,3,15,0.5090249999775551,0.09458769991761073,0.4144373000599444,0.5847953216374269,0.33,0.40350877192982454,0.37681159420289856,0.011695906432748537,0.5
lcbench_189865,lcbench,FMP_DREAM,14,200,-95.97840118408203,0.2558139534883721,0.25,1,4,21,0.5551353000337258,0.09116799989715219,0.4639673001365736,0.7034883720930233,0.2892561983471074,0.2558139534883721,0.18181818181818182,0.040697674418604654,0.14285714285714285
lcbench_189865,lcbench,FMP_DREAM,15,200,-97.35939025878906,0.35260115606936415,0.2658959537572254,1,3,19,0.5522426000097767,0.09733710036380216,0.4549054996459745,0.7341040462427746,0.3464566929133858,0.2658959537572254,0.3695652173913043,0.0,
lcbench_189865,lcbench,FMP_DREAM,16,200,-98.28632354736328,0.1907514450867052,0.2543352601156069,3,1,16,0.4951696999487467,0.09490620042197406,0.40026349952677265,0.6184971098265896,0.2523364485981308,0.35260115606936415,0.09836065573770492,0.028901734104046242,0.0
lcbench_189865,lcbench,FMP_DREAM,17,200,-97.48686218261719,0.27906976744186046,0.2441860465116279,3,2,19,0.5571399999898858,0.09883749968139455,0.4583025003084913,0.7093023255813954,0.29508196721311475,0.27906976744186046,0.25,0.011627906976744186,0.0
lcbench_189865,lcbench,FMP_DREAM,18,200,-98.19900512695312,0.18604651162790697,0.2616279069767442,3,2,15,0.44038119999459013,0.08881090022623539,0.35157029976835474,0.6744186046511628,0.21551724137931033,0.31976744186046513,0.10909090909090909,0.005813953488372093,1.0
lcbench_189865,lcbench,FMP_DREAM,19,200,-96.99646759033203,0.2807017543859649,0.2631578947368421,2,4,16,0.41095300001325086,0.08348720014328137,0.3274657998699695,0.7426900584795322,0.2992125984251969,0.2573099415204678,0.22727272727272727,0.0,
lcbench_189873,lcbench,FMP_DREAM,0,200,-92.65747833251953,0.15028901734104047,0.23699421965317918,4,0,18,0.5378199000260793,0.10152660019230098,0.4362932998337783,0.47398843930635837,0.14634146341463414,0.4508670520231214,0.15384615384615385,0.07514450867052024,0.15384615384615385
lcbench_189873,lcbench,FMP_DREAM,1,200,-94.41112518310547,0.0872093023255814,0.23837209302325582,5,0,17,0.5589537000050768,0.10274920001393184,0.456204499991145,0.4069767441860465,0.07142857142857142,0.5697674418604651,0.09183673469387756,0.023255813953488372,0.25
lcbench_189873,lcbench,FMP_DREAM,2,200,-92.48902893066406,0.11560693641618497,0.24855491329479767,4,0,15,0.5431969999917783,0.10201829933794215,0.44117870065383613,0.3815028901734104,0.13636363636363635,0.5028901734104047,0.11494252873563218,0.11560693641618497,0.05
lcbench_189873,lcbench,FMP_DREAM,3,200,-94.70221710205078,0.11560693641618497,0.23699421965317918,4,0,17,0.5144722000113688,0.09636700066039339,0.41810519935097545,0.4682080924855491,0.04938271604938271,0.5028901734104047,0.16091954022988506,0.028901734104046242,0.4
lcbench_189873,lcbench,FMP_DREAM,4,200,-95.45079803466797,0.14534883720930233,0.22674418604651161,4,1,14,0.5113058999995701,0.09173899976303801,0.4195669002365321,0.36046511627906974,0.14516129032258066,0.5988372093023255,0.1262135922330097,0.040697674418604654,0.42857142857142855
lcbench_189873,lcbench,FMP_DREAM,5,200,-90.68386840820312,0.15606936416184972,0.1907514450867052,4,0,17,0.5155929999891669,0.09798610006691888,0.417606899922248,0.5433526011560693,0.1595744680851064,0.42196531791907516,0.1643835616438356,0.03468208092485549,0.0
lcbench_189873,lcbench,FMP_DREAM,6,200,-91.80218505859375,0.15606936416184972,0.2658959537572254,4,0,15,0.5271046000416391,0.10472600028151646,0.4223785997601226,0.49710982658959535,0.1511627906976744,0.48554913294797686,0.13095238095238096,0.017341040462427744,1.0
lcbench_189873,lcbench,FMP_DREAM,7,200,-92.1766128540039,0.15789473684210525,0.2631578947368421,5,1,10,0.5608661000151187,0.11755769938463345,0.44330840063048527,0.5497076023391813,0.1276595744680851,0.42105263157894735,0.18055555555555555,0.029239766081871343,0.4
lcbench_189873,lcbench,FMP_DREAM,8,200,-94.49832153320312,0.13872832369942195,0.2023121387283237,3,1,17,0.539064500015229,0.1002572996658273,0.4388072003494017,0.3872832369942196,0.16417910447761194,0.5780346820809249,0.12,0.03468208092485549,0.16666666666666666
lcbench_189873,lcbench,FMP_DREAM,9,200,-93.02510070800781,0.16279069767441862,0.23255813953488372,5,0,13,0.5361018999828957,0.10290819982765242,0.4331937001552433,0.5174418604651163,0.14606741573033707,0.47674418604651164,0.17073170731707318,0.005813953488372093,1.0
lcbench_189873,lcbench,FMP_DREAM,10,200,-92.81915283203125,0.1896551724137931,0.2413793103448276,2,1,19,0.5333557000267319,0.09169869968900457,0.44165700033772737,0.47701149425287354,0.1927710843373494,0.4885057471264368,0.16470588235294117,0.034482758620689655,0.5
lcbench_189873,lcbench,FMP_DREAM,11,200,-91.763671875,0.1206896551724138,0.2413793103448276,3,0,20,0.5830368000315502,0.10524320031981915,0.4777935997117311,0.42528735632183906,0.10810810810810811,0.5517241379310345,0.11458333333333333,0.022988505747126436,0.5
lcbench_189873,lcbench,FMP_DREAM,12,200,-93.2823715209961,0.2342857142857143,0.2742857142857143,2,0,23,0.5797330999630503,0.09233859978849068,0.48739450017455965,0.46285714285714286,0.2345679012345679,0.5257142857142857,0.22826086956521738,0.011428571428571429,0.5
lcbench_189873,lcbench,FMP_DREAM,13,200,-88.91224670410156,0.1329479768786127,0.24277456647398843,4,0,16,0.5222848000121303,0.0999485999927856,0.4223362000193447,0.4508670520231214,0.16666666666666666,0.4913294797687861,0.10588235294117647,0.057803468208092484,0.1
lcbench_189873,lcbench,FMP_DREAM,14,200,-92.129150390625,0.23121387283236994,0.23121387283236994,3,1,17,0.5715438000042923,0.10407979995943606,0.4674640000448562,0.5433526011560693,0.3404255319148936,0.45664739884393063,0.10126582278481013,0.0,
lcbench_189873,lcbench,FMP_DREAM,15,200,-92.2811050415039,0.12643678160919541,0.1896551724137931,3,0,18,0.5740406999830157,0.10335699951974675,0.4706837004632689,0.42528735632183906,0.13513513513513514,0.4827586206896552,0.10714285714285714,0.09195402298850575,0.1875
lcbench_189873,lcbench,FMP_DREAM,16,200,-91.9760513305664,0.14942528735632185,0.1896551724137931,3,0,20,0.625412099994719,0.10444570047548041,0.5209663995192386,0.3505747126436782,0.11475409836065574,0.5459770114942529,0.16842105263157894,0.10344827586206896,0.16666666666666666
lcbench_189873,lcbench,FMP_DREAM,17,200,-93.39845275878906,0.12716763005780346,0.27167630057803466,4,0,17,0.580299700028263,0.11135399987688288,0.46894570015138015,0.4277456647398844,0.08108108108108109,0.5317919075144508,0.15217391304347827,0.04046242774566474,0.2857142857142857
lcbench_189873,lcbench,FMP_DREAM,18,200,-92.48938751220703,0.1744186046511628,0.29651162790697677,5,0,14,0.5476857000030577,0.10468339984072372,0.443002300162334,0.3546511627906977,0.19672131147540983,0.5988372093023255,0.14563106796116504,0.046511627906976744,0.375
lcbench_189873,lcbench,FMP_DREAM,19,200,-94.34632110595703,0.25,0.27325581395348836,3,2,16,0.534706600010395,0.10159070044755936,0.4331158995628357,0.4941860465116279,0.32941176470588235,0.4883720930232558,0.16666666666666666,0.01744186046511628,0.3333333333333333
lcbench_189906,lcbench,FMP_DREAM,0,200,-93.3126220703125,0.18128654970760233,0.2573099415204678,4,2,10,0.4672267999849282,0.10144880006555468,0.36577799991937354,0.6549707602339181,0.17857142857142858,0.3216374269005848,0.2,0.023391812865497075,0.0
lcbench_189906,lcbench,FMP_DREAM,1,200,-93.66497802734375,0.25146198830409355,0.2573099415204678,3,3,13,0.5791831000242382,0.1136610004468821,0.46552209957735613,0.631578947368421,0.28703703703703703,0.3333333333333333,0.19298245614035087,0.03508771929824561,0.16666666666666666
lcbench_189906,lcbench,FMP_DREAM,2,200,-93.01835632324219,0.19767441860465115,0.28488372093023256,3,2,17,0.6195854999823496,0.11955759936245158,0.500027900619898,0.6395348837209303,0.19090909090909092,0.3488372093023256,0.21666666666666667,0.011627906976744186,0.0
lcbench_189906,lcbench,FMP_DREAM,3,200,-93.16573333740234,0.25,0.2558139534883721,3,2,17,0.5724331000237726,0.11064349982189015,0.4617896002018824,0.7093023255813954,0.26229508196721313,0.29069767441860467,0.22,0.0,
lcbench_189906,lcbench,FMP_DREAM,4,200,-90.86636352539062,0.29651162790697677,0.29069767441860467,3,2,14,0.42099770001368597,0.09296349930809811,0.32803420070558786,0.686046511627907,0.3389830508474576,0.29651162790697677,0.21568627450980393,0.01744186046511628,0.0
lcbench_189906,lcbench,FMP_DREAM,5,200,-91.26029205322266,0.24855491329479767,0.2832369942196532,2,2,18,0.5403070999891497,0.09736429993063211,0.4429428000585176,0.6069364161849711,0.3047619047619048,0.3930635838150289,0.16176470588235295,0.0,
lcbench_189906,lcbench,FMP_DREAM,6,200,-93.84845733642578,0.25882352941176473,0.29411764705882354,5,2,15,0.5177179000456817,0.1032780995592475,0.41443980048643425,0.6529411764705882,0.32432432432432434,0.3176470588235294,0.12962962962962962,0.029411764705882353,0.2
lcbench_189906,lcbench,FMP_DREAM,7,200,-93.69178009033203,0.25443786982248523,0.26627218934911245,5,3,12,0.48955840000417084,0.10206940060015768,0.38748899940401316,0.6686390532544378,0.25663716814159293,0.2958579881656805,0.24,0.03550295857988166,0.3333333333333333
lcbench_189906,lcbench,FMP_DREAM,8,200,-93.84916687011719,0.21511627906976744,0.18023255813953487,4,1,13,0.5031327999895439,0.10044290026417002,0.40268989972537383,0.7383720930232558,0.23622047244094488,0.22674418604651161,0.1282051282051282,0.03488372093023256,0.3333333333333333
lcbench_189906,lcbench,FMP_DREAM,9,200,-92.03185272216797,0.21965317919075145,0.23699421965317918,2,2,22,0.5576411999645643,0.09078330034390092,0.4668578996206634,0.7109826589595376,0.25203252032520324,0.28901734104046245,0.14,0.0,
lcbench_189906,lcbench,FMP_DREAM,10,200,-92.11404418945312,0.27485380116959063,0.19298245614035087,4,2,13,0.5303096999996342,0.10479870019480586,0.4255109998048283,0.7485380116959064,0.3046875,0.25146198830409355,0.18604651162790697,0.0,
lcbench_189906,lcbench,FMP_DREAM,11,200,-91.75492858886719,0.20348837209302326,0.313953488372093,4,1,14,0.5061387000023387,0.10014269995735958,0.40599600004497916,0.6104651162790697,0.24761904761904763,0.3430232558139535,0.11864406779661017,0.046511627906976744,0.25
lcbench_189906,lcbench,FMP_DREAM,12,200,-93.58890533447266,0.16374269005847952,0.21637426900584794,5,1,14,0.5148057999904267,0.10443560034036636,0.4103701996500604,0.6023391812865497,0.18446601941747573,0.3391812865497076,0.15517241379310345,0.05847953216374269,0.0
lcbench_189906,lcbench,FMP_DREAM,13,200,-92.04765319824219,0.25862068965517243,0.25862068965517243,2,1,19,0.5353508000262082,0.09493380022468045,0.4404169998015277,0.6551724137931034,0.30701754385964913,0.3448275862068966,0.16666666666666666,0.0,
lcbench_189906,lcbench,FMP_DREAM,14,200,-92.20685577392578,0.3028571428571429,0.30857142857142855,1,1,23,0.5827424000017345,0.0958955004462041,0.4868468995555304,0.6971428571428572,0.2786885245901639,0.29714285714285715,0.34615384615384615,0.005714285714285714,1.0
lcbench_189906,lcbench,FMP_DREAM,15,200,-93.47793579101562,0.26285714285714284,0.26285714285714284,2,0,21,0.6242158000241034,0.10900419956305996,0.5152116004610434,0.6514285714285715,0.30701754385964913,0.32571428571428573,0.15789473684210525,0.022857142857142857,0.5
lcbench_189906,lcbench,FMP_DREAM,16,200,-92.76959228515625,0.27485380116959063,0.1871345029239766,4,2,11,0.5519102999824099,0.11184179951669648,0.44006850046571344,0.6081871345029239,0.25961538461538464,0.3391812865497076,0.3275862068965517,0.05263157894736842,0.1111111111111111
lcbench_189906,lcbench,FMP_DREAM,17,200,-94.55096435546875,0.22285714285714286,0.22285714285714286,2,0,21,0.5847015000181273,0.094543999992311,0.49015750002581626,0.6457142857142857,0.23008849557522124,0.3314285714285714,0.22413793103448276,0.022857142857142857,0.0
lcbench_189906,lcbench,FMP_DREAM,18,200,-92.7954330444336,0.1744186046511628,0.23837209302325582,3,2,16,0.5620769999804907,0.10294610023265705,0.4591308997478336,0.622093023255814,0.205607476635514,0.3430232558139535,0.11864406779661017,0.03488372093023256,0.16666666666666666
lcbench_189906,lcbench,FMP_DREAM,19,200,-93.0549087524414,0.25,0.25,3,2,15,0.5611770999967121,0.11257219960680231,0.44860490038990974,0.6686046511627907,0.2782608695652174,0.3023255813953488,0.17307692307692307,0.029069767441860465,0.4
lcbench_189908,lcbench,FMP_DREAM,0,200,-91.53153228759766,0.2023121387283237,0.2947976878612717,3,1,15,0.5425310999853536,0.1026166999945417,0.43991439999081194,0.4913294797687861,0.24705882352941178,0.48554913294797686,0.15476190476190477,0.023121387283236993,0.25
lcbench_189908,lcbench,FMP_DREAM,1,200,-91.5468978881836,0.1896551724137931,0.21264367816091953,3,0,18,0.6256547000375576,0.11323449981864542,0.5124202002189122,0.5344827586206896,0.1827956989247312,0.4367816091954023,0.17105263157894737,0.028735632183908046,0.6
lcbench_189908,lcbench,FMP_DREAM,2,200,-91.79623413085938,0.18604651162790697,0.27906976744186046,5,0,13,0.49769849999574944,0.09761299955425784,0.4000855004414916,0.48255813953488375,0.1927710843373494,0.46511627906976744,0.1875,0.05232558139534884,0.1111111111111111
lcbench_189908,lcbench,FMP_DREAM,3,200,-91.86559295654297,0.2222222222222222,0.26900584795321636,3,3,17,0.5525027000112459,0.1007587993517518,0.4517439006594941,0.39766081871345027,0.29411764705882354,0.6023391812865497,0.17475728155339806,0.0,
lcbench_189908,lcbench,FMP_DREAM,4,200,-91.63529205322266,0.17341040462427745,0.23699421965317918,3,1,17,0.5879379999823868,0.11064180015819147,0.47729619982419536,0.48554913294797686,0.15476190476190477,0.4913294797687861,0.18823529411764706,0.023121387283236993,0.25
lcbench_189908,lcbench,FMP_DREAM,5,200,-91.93045043945312,0.1744186046511628,0.2558139534883721,3,2,15,0.6099658000166528,0.11162649933248758,0.4983393006841652,0.436046511627907,0.16,0.5348837209302325,0.17391304347826086,0.029069767441860465,0.4
lcbench_189908,lcbench,FMP_DREAM,6,200,-91.62796020507812,0.2441860465116279,0.25,3,2,17,0.6494363000383601,0.11890559986932203,0.530530700169038,0.3546511627906977,0.29508196721311475,0.6337209302325582,0.21100917431192662,0.011627906976744186,0.5
lcbench_189908,lcbench,FMP_DREAM,7,200,-90.84695434570312,0.2,0.2647058823529412,4,3,13,0.5437747999676503,0.10498149995692074,0.4387933000107296,0.5352941176470588,0.18681318681318682,0.4647058823529412,0.21518987341772153,0.0,
lcbench_189908,lcbench,FMP_DREAM,8,200,-91.42963409423828,0.19186046511627908,0.19767441860465115,2,3,17,0.5552874999702908,0.10323170007904992,0.4520557998912409,0.37790697674418605,0.26153846153846155,0.6046511627906976,0.14423076923076922,0.01744186046511628,0.3333333333333333
lcbench_189908,lcbench,FMP_DREAM,9,200,-91.4456787109375,0.2222222222222222,0.2982456140350877,5,1,13,0.5250873999902979,0.10400370002025738,0.42108369997004047,0.47368421052631576,0.19753086419753085,0.5263157894736842,0.24444444444444444,0.0,
lcbench_189908,lcbench,FMP_DREAM,10,200,-91.87155151367188,0.2441860465116279,0.2616279069767442,2,3,19,0.6402242000331171,0.11499779997393489,0.5252264000591822,0.43023255813953487,0.24324324324324326,0.5581395348837209,0.22916666666666666,0.011627906976744186,1.0
lcbench_189908,lcbench,FMP_DREAM,11,200,-91.93921661376953,0.21052631578947367,0.21637426900584794,3,3,14,0.5535747000249103,0.11068610026268288,0.4428885997622274,0.4152046783625731,0.18309859154929578,0.5614035087719298,0.21875,0.023391812865497075,0.5
lcbench_189908,lcbench,FMP_DREAM,12,200,-91.77137756347656,0.19186046511627908,0.2558139534883721,2,3,17,0.5147574000293389,0.0978098998311907,0.4169475001981482,0.45930232558139533,0.22784810126582278,0.5348837209302325,0.15217391304347827,0.005813953488372093,1.0
lcbench_189908,lcbench,FMP_DREAM,13,200,-91.56017303466797,0.20809248554913296,0.21965317919075145,3,1,18,0.4915486000245437,0.09410489990841597,0.39744370011612773,0.3468208092485549,0.21666666666666667,0.630057803468208,0.1926605504587156,0.023121387283236993,0.5
lcbench_189908,lcbench,FMP_DREAM,14,200,-91.55074310302734,0.23976608187134502,0.29239766081871343,3,3,13,0.4499181999708526,0.09293849999085069,0.3569796999800019,0.43859649122807015,0.3333333333333333,0.5497076023391813,0.1595744680851064,0.011695906432748537,0.5
lcbench_189908,lcbench,FMP_DREAM,15,200,-91.28430938720703,0.2046783625730994,0.2807017543859649,3,3,14,0.5187889000517316,0.1019748006365262,0.4168140994152054,0.3567251461988304,0.26229508196721313,0.5847953216374269,0.17,0.05847953216374269,0.2
lcbench_189908,lcbench,FMP_DREAM,16,200,-91.09056091308594,0.2138728323699422,0.2543352601156069,3,1,15,0.5505364999989979,0.10529729956761003,0.44523920043138787,0.3468208092485549,0.18333333333333332,0.630057803468208,0.22935779816513763,0.023121387283236993,0.25
lcbench_189908,lcbench,FMP_DREAM,17,200,-91.72272491455078,0.2832369942196532,0.23121387283236994,2,2,19,0.5540941000217572,0.09833210060605779,0.4557619994156994,0.5433526011560693,0.3191489361702128,0.42196531791907516,0.2328767123287671,0.03468208092485549,0.3333333333333333
lcbench_189908,lcbench,FMP_DREAM,18,200,-91.89749145507812,0.16374269005847952,0.28654970760233917,4,2,11,0.4515802999958396,0.089508599601686,0.3620717003941536,0.5964912280701754,0.16666666666666666,0.40350877192982454,0.15942028985507245,0.0,
lcbench_189908,lcbench,FMP_DREAM,19,200,-91.86244201660156,0.20348837209302326,0.2441860465116279,4,1,18,0.45487720001256093,0.08160340000176802,0.3732738000107929,0.4418604651162791,0.17105263157894737,0.5116279069767442,0.22727272727272727,0.046511627906976744,0.25
lcbench_34539,lcbench,FMP_DREAM,0,200,-98.94276428222656,0.3735632183908046,0.2471264367816092,1,2,21,0.5376532999798656,0.09242509969044477,0.4452282002894208,0.7241379310344828,0.3968253968253968,0.27586206896551724,0.3125,0.0,
lcbench_34539,lcbench,FMP_DREAM,1,200,-98.99713134765625,0.28160919540229884,0.27011494252873564,1,2,20,0.6054153999430127,0.09978389961179346,0.5056315003312193,0.7126436781609196,0.29838709677419356,0.28735632183908044,0.24,0.0,
lcbench_34539,lcbench,FMP_DREAM,2,200,-99.01034545898438,0.367816091954023,0.21264367816091953,0,3,23,0.5828148000291549,0.09535140020307153,0.48746339982608333,0.7183908045977011,0.384,0.27586206896551724,0.3125,0.005747126436781609,1.0
lcbench_34539,lcbench,FMP_DREAM,3,200,-99.01715087890625,0.3567251461988304,0.28654970760233917,4,2,14,0.5083376000402495,0.0980946003110148,0.4102429997292347,0.7426900584795322,0.3779527559055118,0.2573099415204678,0.29545454545454547,0.0,
lcbench_34539,lcbench,FMP_DREAM,4,200,-98.82544708251953,0.36627906976744184,0.2558139534883721,3,2,17,0.5349789999891073,0.10131439979886636,0.4336646001902409,0.7441860465116279,0.359375,0.2558139534883721,0.38636363636363635,0.0,
lcbench_34539,lcbench,FMP_DREAM,5,200,-98.95333099365234,0.3136094674556213,0.2485207100591716,4,4,11,0.44710819999454543,0.098358599410858,0.3487496005836874,0.7337278106508875,0.3548387096774194,0.26627218934911245,0.2,0.0,
lcbench_34539,lcbench,FMP_DREAM,6,200,-99.0280990600586,0.3333333333333333,0.25146198830409355,4,2,13,0.4640732000116259,0.09543610020773485,0.36863709980389103,0.7660818713450293,0.3816793893129771,0.23391812865497075,0.175,0.0,
lcbench_34539,lcbench,FMP_DREAM,7,200,-99.08629608154297,0.32748538011695905,0.23391812865497075,3,3,15,0.5273617000202648,0.10067459935089573,0.4266871006693691,0.7076023391812866,0.2809917355371901,0.29239766081871343,0.44,0.0,
lcbench_34539,lcbench,FMP_DREAM,8,200,-98.99788665771484,0.3235294117647059,0.21176470588235294,4,3,12,0.5181326000019908,0.09924709954066202,0.4188855004613288,0.7470588235294118,0.3543307086614173,0.2529411764705882,0.23255813953488372,0.0,
lcbench_34539,lcbench,FMP_DREAM,9,200,-98.95748138427734,0.2658959537572254,0.2947976878612717,1,3,18,0.4477801999892108,0.08175419957842678,0.36602600041078404,0.7283236994219653,0.2777777777777778,0.2658959537572254,0.21739130434782608,0.005780346820809248,1.0
lcbench_34539,lcbench,FMP_DREAM,10,200,-98.9782485961914,0.2631578947368421,0.19298245614035087,4,2,14,0.5869786000112072,0.11058790032984689,0.4763906996813603,0.7076023391812866,0.2809917355371901,0.29239766081871343,0.22,0.0,
lcbench_34539,lcbench,FMP_DREAM,11,200,-99.00203704833984,0.35260115606936415,0.20809248554913296,1,3,19,0.5353338000131771,0.0914512999006547,0.4438825001125224,0.6936416184971098,0.4,0.3063583815028902,0.24528301886792453,0.0,
lcbench_34539,lcbench,FMP_DREAM,12,200,-98.83110809326172,0.3764705882352941,0.27647058823529413,4,3,13,0.5316762999864295,0.10663389996625483,0.4250424000201747,0.7235294117647059,0.34146341463414637,0.27647058823529413,0.46808510638297873,0.0,
lcbench_34539,lcbench,FMP_DREAM,13,200,-98.9125747680664,0.3546511627906977,0.23255813953488372,1,4,17,0.5460222000256181,0.09198570053558797,0.4540364994900301,0.7151162790697675,0.3983739837398374,0.28488372093023256,0.24489795918367346,0.0,
lcbench_34539,lcbench,FMP_DREAM,14,200,-98.8412857055664,0.2807017543859649,0.2631578947368421,4,2,13,0.4663945999927819,0.09229370043613017,0.3741008995566517,0.6666666666666666,0.2894736842105263,0.30409356725146197,0.2692307692307692,0.029239766081871343,0.2
lcbench_34539,lcbench,FMP_DREAM,15,200,-98.9250259399414,0.30994152046783624,0.27485380116959063,2,4,19,0.49677800002973527,0.09279600001173094,0.40398200001800433,0.7719298245614035,0.3181818181818182,0.22807017543859648,0.28205128205128205,0.0,
lcbench_34539,lcbench,FMP_DREAM,16,200,-98.99713134765625,0.3930635838150289,0.2543352601156069,2,2,18,0.6220828000223264,0.11221160076092929,0.5098711992613971,0.8208092485549133,0.43661971830985913,0.1791907514450867,0.1935483870967742,0.0,
lcbench_34539,lcbench,FMP_DREAM,17,200,-98.8835220336914,0.3588235294117647,0.29411764705882354,4,3,14,0.4995309999794699,0.10019679990364239,0.39933420007582754,0.7294117647058823,0.3629032258064516,0.27058823529411763,0.34782608695652173,0.0,
lcbench_34539,lcbench,FMP_DREAM,18,200,-99.023193359375,0.3023255813953488,0.2558139534883721,3,2,15,0.4948772999923676,0.09013879962731153,0.4047385003650561,0.7558139534883721,0.2923076923076923,0.2441860465116279,0.3333333333333333,0.0,
lcbench_34539,lcbench,FMP_DREAM,19,200,-99.00543975830078,0.378698224852071,0.25443786982248523,4,4,13,0.46134579996578395,0.09540850040502846,0.3659372995607555,0.7159763313609467,0.4297520661157025,0.28402366863905326,0.25,0.0,
lcbench_3945,lcbench,FMP_DREAM,0,200,-99.59066772460938,0.4186046511627907,0.3081395348837209,1,4,20,0.5078471000306308,0.0944560004863888,0.413391099544242,0.6976744186046512,0.48333333333333334,0.3023255813953488,0.2692307692307692,0.0,
lcbench_3945,lcbench,FMP_DREAM,1,200,-99.57927703857422,0.3764705882352941,0.2411764705882353,3,4,10,0.49632429995108396,0.10163189994636923,0.3946924000047147,0.7411764705882353,0.40476190476190477,0.25882352941176473,0.29545454545454547,0.0,
lcbench_3945,lcbench,FMP_DREAM,2,200,-99.59408569335938,0.2485207100591716,0.25443786982248523,4,4,12,0.42312430002493784,0.08394019957631826,0.3391841004486196,0.7100591715976331,0.26666666666666666,0.28402366863905326,0.1875,0.005917159763313609,1.0
lcbench_3945,lcbench,FMP_DREAM,3,200,-99.62334442138672,0.3391812865497076,0.2573099415204678,4,2,14,0.48414519999641925,0.09400900005130097,0.3901361999451183,0.7309941520467836,0.36,0.2573099415204678,0.29545454545454547,0.011695906432748537,0.0
lcbench_3945,lcbench,FMP_DREAM,4,200,-99.60624694824219,0.38372093023255816,0.26744186046511625,3,2,17,0.4839368999819271,0.09616530040511861,0.3877715995768085,0.7558139534883721,0.3923076923076923,0.2441860465116279,0.35714285714285715,0.0,
lcbench_3945,lcbench,FMP_DREAM,5,200,-99.57889556884766,0.3684210526315789,0.21052631578947367,2,4,19,0.556330599996727,0.1016043993877247,0.45472620060900226,0.7251461988304093,0.3951612903225806,0.26900584795321636,0.30434782608695654,0.005847953216374269,0.0
lcbench_3945,lcbench,FMP_DREAM,6,200,-99.61954498291016,0.32941176470588235,0.2235294117647059,4,3,14,0.4873418000061065,0.09440590045414865,0.39293589955195785,0.7470588235294118,0.3464566929133858,0.2529411764705882,0.27906976744186046,0.0,
lcbench_3945,lcbench,FMP_DREAM,7,200,-99.58383178710938,0.4327485380116959,0.2573099415204678,3,3,13,0.4972212000284344,0.09832949930569157,0.3988917007227428,0.7660818713450293,0.46564885496183206,0.23391812865497075,0.325,0.0,
lcbench_3945,lcbench,FMP_DREAM,8,200,-99.60282897949219,0.38596491228070173,0.25146198830409355,3,3,14,0.5343378999968991,0.1027063000947237,0.43163159990217537,0.783625730994152,0.3880597014925373,0.21637426900584794,0.3783783783783784,0.0,
lcbench_3945,lcbench,FMP_DREAM,9,200,-99.62030792236328,0.4176470588235294,0.2411764705882353,3,4,13,0.4958340000011958,0.10353600041707978,0.39229799958411604,0.7764705882352941,0.4393939393939394,0.2235294117647059,0.34210526315789475,0.0,
lcbench_3945,lcbench,FMP_DREAM,10,200,-99.56977844238281,0.3411764705882353,0.22941176470588234,3,4,12,0.5034098000032827,0.10385720053454861,0.3995525994687341,0.711764705882353,0.3305785123966942,0.2647058823529412,0.4,0.023529411764705882,0.0
lcbench_3945,lcbench,FMP_DREAM,11,200,-99.55990600585938,0.38235294117647056,0.2529411764705882,4,3,12,0.45655950001673773,0.09271369996713474,0.363845800049603,0.7235294117647059,0.4146341463414634,0.27647058823529413,0.2978723404255319,0.0,
lcbench_3945,lcbench,FMP_DREAM,12,200,-99.61004638671875,0.38235294117647056,0.2647058823529412,4,3,13,0.4666391999926418,0.09439130028476939,0.3722478997078724,0.7588235294117647,0.37209302325581395,0.2411764705882353,0.4146341463414634,0.0,
lcbench_3945,lcbench,FMP_DREAM,13,200,-99.5466079711914,0.36257309941520466,0.24561403508771928,2,4,17,0.5985175000387244,0.1076080990023911,0.4909094010363333,0.7134502923976608,0.3770491803278688,0.28654970760233917,0.32653061224489793,0.0,
lcbench_3945,lcbench,FMP_DREAM,14,200,-99.63551330566406,0.36470588235294116,0.25882352941176473,3,4,13,0.463366899988614,0.0867977001471445,0.3765691998414695,0.7941176470588235,0.37037037037037035,0.20588235294117646,0.34285714285714286,0.0,
lcbench_3945,lcbench,FMP_DREAM,15,200,-99.55990600585938,0.37209302325581395,0.2441860465116279,2,3,17,0.5369584000436589,0.09640230011427775,0.44055609992938116,0.813953488372093,0.4,0.18604651162790697,0.25,0.0,
lcbench_3945,lcbench,FMP_DREAM,16,200,-99.58383178710938,0.27647058823529413,0.18235294117647058,3,4,15,0.5609330000006594,0.10026309918612242,0.46066990081453696,0.7411764705882353,0.30158730158730157,0.25882352941176473,0.20454545454545456,0.0,
lcbench_3945,lcbench,FMP_DREAM,17,200,-99.59941101074219,0.37058823529411766,0.27647058823529413,3,4,16,0.5272196999867447,0.1023162001511082,0.42490349983563647,0.7588235294117647,0.3875968992248062,0.23529411764705882,0.3,0.0058823529411764705,1.0
lcbench_3945,lcbench,FMP_DREAM,18,200,-99.6157455444336,0.41420118343195267,0.27218934911242604,4,4,11,0.450259700010065,0.08737169991945848,0.3628880000906065,0.7928994082840237,0.4253731343283582,0.20710059171597633,0.37142857142857144,0.0,
lcbench_3945,lcbench,FMP_DREAM,19,200,-99.5705337524414,0.3254437869822485,0.22485207100591717,5,3,11,0.5354768999968655,0.11694769951282069,0.41852920048404485,0.7159763313609467,0.35537190082644626,0.2781065088757396,0.2553191489361702,0.005917159763313609,0.0
lcbench_7593,lcbench,FMP_DREAM,0,200,-86.79430389404297,0.1791907514450867,0.20809248554913296,3,1,17,0.6198232999886386,0.10194580012466758,0.517877499863971,0.2947976878612717,0.17647058823529413,0.6820809248554913,0.1694915254237288,0.023121387283236993,0.5
lcbench_7593,lcbench,FMP_DREAM,1,200,-85.75792694091797,0.19318181818181818,0.23863636363636365,0,1,24,0.6761933999950998,0.09824920038226992,0.5779441996128298,0.3352272727272727,0.22033898305084745,0.6647727272727273,0.1794871794871795,0.0,
lcbench_7593,lcbench,FMP_DREAM,2,200,-83.04084014892578,0.1744186046511628,0.2441860465116279,4,1,16,0.5546004999778233,0.09571800066623837,0.458882499311585,0.3546511627906977,0.16393442622950818,0.6162790697674418,0.16981132075471697,0.029069767441860465,0.4
lcbench_7593,lcbench,FMP_DREAM,3,200,-82.02862548828125,0.1676300578034682,0.31213872832369943,3,1,19,0.5684875000151806,0.09811419947072864,0.4703733005444519,0.27167630057803466,0.0851063829787234,0.6705202312138728,0.19827586206896552,0.057803468208092484,0.2
lcbench_7593,lcbench,FMP_DREAM,4,200,-82.21940612792969,0.11494252873563218,0.2471264367816092,3,0,19,0.5347630999749526,0.09636030060937628,0.43840279936557636,0.2413793103448276,0.047619047619047616,0.6551724137931034,0.11403508771929824,0.10344827586206896,0.2777777777777778
lcbench_7593,lcbench,FMP_DREAM,5,200,-83.51290130615234,0.19428571428571428,0.3028571428571429,1,1,22,0.640061300015077,0.10332960006780922,0.5367316999472678,0.36,0.19047619047619047,0.6342857142857142,0.1891891891891892,0.005714285714285714,1.0
lcbench_7593,lcbench,FMP_DREAM,6,200,-84.36109161376953,0.20689655172413793,0.26436781609195403,2,1,20,0.5496623999788426,0.10262340062763542,0.44703899935120717,0.3505747126436782,0.18032786885245902,0.632183908045977,0.21818181818181817,0.017241379310344827,0.3333333333333333
lcbench_7593,lcbench,FMP_DREAM,7,200,-85.93214416503906,0.16,0.2571428571428571,2,0,22,0.6538239999790676,0.10326179978437722,0.5505622001946904,0.28,0.20408163265306123,0.6742857142857143,0.1440677966101695,0.045714285714285714,0.125
lcbench_7593,lcbench,FMP_DREAM,8,200,-87.4056625366211,0.16184971098265896,0.26011560693641617,2,2,18,0.6079015000141226,0.10953339980915189,0.4983681002049707,0.3583815028901734,0.20967741935483872,0.6184971098265896,0.1308411214953271,0.023121387283236993,0.25
lcbench_7593,lcbench,FMP_DREAM,9,200,-87.98876190185547,0.1676300578034682,0.30057803468208094,4,0,16,0.5953662999672815,0.10475739982211962,0.4906089001451619,0.42196531791907516,0.1506849315068493,0.5606936416184971,0.17525773195876287,0.017341040462427744,0.3333333333333333
lcbench_7593,lcbench,FMP_DREAM,10,200,-80.13851928710938,0.16184971098265896,0.26011560693641617,2,2,19,0.6161252000019886,0.09841199993388727,0.5177132000681013,0.2658959537572254,0.15217391304347827,0.7225433526011561,0.152,0.011560693641618497,1.0
lcbench_7593,lcbench,FMP_DREAM,11,200,-88.07136535644531,0.18497109826589594,0.26011560693641617,3,1,17,0.5666602000128478,0.09225970029365271,0.47440049971919507,0.3063583815028902,0.16981132075471697,0.6878612716763006,0.18487394957983194,0.005780346820809248,1.0
lcbench_7593,lcbench,FMP_DREAM,12,200,-85.60823059082031,0.1896551724137931,0.27011494252873564,3,0,19,0.5865625999867916,0.10639799962518737,0.48016460036160424,0.28735632183908044,0.14,0.7011494252873564,0.20491803278688525,0.011494252873563218,0.5
lcbench_7593,lcbench,FMP_DREAM,13,200,-88.41708374023438,0.10919540229885058,0.21264367816091953,3,0,18,0.5360896000056528,0.09813860029680654,0.4379509997088462,0.25862068965517243,0.08888888888888889,0.6551724137931034,0.09649122807017543,0.08620689655172414,0.26666666666666666
lcbench_7593,lcbench,FMP_DREAM,14,200,-88.06330871582031,0.20930232558139536,0.23837209302325582,4,1,16,0.5518535999581218,0.09994160023052245,0.4519119997275993,0.29069767441860467,0.36,0.6627906976744186,0.14035087719298245,0.046511627906976744,0.25
lcbench_7593,lcbench,FMP_DREAM,15,200,-85.42684936523438,0.1724137931034483,0.23563218390804597,3,0,19,0.5209769999491982,0.09320919989841059,0.4277678000507876,0.29310344827586204,0.09803921568627451,0.6839080459770115,0.20168067226890757,0.022988505747126436,0.25
lcbench_7593,lcbench,FMP_DREAM,16,200,-88.33380889892578,0.13218390804597702,0.25287356321839083,3,0,18,0.5344318999559619,0.09539939963724464,0.4390325003187172,0.3448275862068966,0.15,0.6494252873563219,0.11504424778761062,0.005747126436781609,1.0
lcbench_7593,lcbench,FMP_DREAM,17,200,-87.60962677001953,0.18023255813953487,0.28488372093023256,3,2,17,0.4695338999736123,0.09060329990461469,0.3789306000689976,0.3546511627906977,0.21311475409836064,0.6104651162790697,0.1523809523809524,0.03488372093023256,0.3333333333333333
lcbench_7593,lcbench,FMP_DREAM,18,200,-82.15388488769531,0.11560693641618497,0.27167630057803466,4,0,15,0.544306299998425,0.0946127005154267,0.44969359948299825,0.35260115606936415,0.11475409836065574,0.5491329479768786,0.11578947368421053,0.09826589595375723,0.11764705882352941
lcbench_7593,lcbench,FMP_DREAM,19,200,-86.70991516113281,0.1839080459770115,0.2471264367816092,2,1,18,0.546671099960804,0.09802340011810884,0.44864769984269515,0.23563218390804597,0.24390243902439024,0.735632183908046,0.1640625,0.028735632183908046,0.2
