task,suite,method,seed,n_evals,best_loss,acceptance_rate,kernel_fraction_dream,n_rescues,n_reseeds,n_bw_refits,time_total,time_objective,time_overhead,frac_exploit,acc_exploit,frac_explore,acc_explore,frac_trapped,acc_trapped
lcbench_126025,lcbench,FMP,0,200,-91.92168426513672,0.1871345029239766,0.0,4,2,11,0.4968263999908231,0.08991539932321757,0.40691100066760555,0.32748538011695905,0.17857142857142858,0.6374269005847953,0.1926605504587156,0.03508771929824561,0.16666666666666666
lcbench_126025,lcbench,FMP,1,200,-91.76752471923828,0.14619883040935672,0.0,3,3,15,0.588657200045418,0.09821509948233142,0.49044210056308657,0.25146198830409355,0.2558139534883721,0.6491228070175439,0.10810810810810811,0.09941520467836257,0.11764705882352941
lcbench_126025,lcbench,FMP,2,200,-98.37860107421875,0.15028901734104047,0.0,2,2,19,0.6609432999975979,0.10379200003808364,0.5571512999595143,0.1907514450867052,0.21212121212121213,0.7976878612716763,0.13043478260869565,0.011560693641618497,0.5
lcbench_126025,lcbench,FMP,3,200,-91.5650634765625,0.18023255813953487,0.0,3,2,15,0.6464118000003509,0.10368729953188449,0.5427245004684664,0.2441860465116279,0.21428571428571427,0.6976744186046512,0.175,0.05813953488372093,0.1
lcbench_126025,lcbench,FMP,4,200,-97.6305160522461,0.16091954022988506,0.0,2,1,18,0.6504764000419527,0.09967760043218732,0.5507987996097654,0.25862068965517243,0.08888888888888889,0.7068965517241379,0.17886178861788618,0.034482758620689655,0.3333333333333333
lcbench_126025,lcbench,FMP,5,200,-96.25962829589844,0.15204678362573099,0.0,4,2,12,0.5471824999549426,0.09467620024224743,0.4525062997126952,0.2807017543859649,0.16666666666666666,0.6257309941520468,0.1588785046728972,0.0935672514619883,0.0625
lcbench_126025,lcbench,FMP,6,200,-98.30207061767578,0.1569767441860465,0.0,3,2,15,0.5807071999879554,0.09749640006339177,0.4832107999245636,0.3023255813953488,0.07692307692307693,0.6744186046511628,0.19827586206896552,0.023255813953488372,0.0
lcbench_126025,lcbench,FMP,7,200,-91.53327941894531,0.2441860465116279,0.0,2,3,16,0.6442424000124447,0.1027814001427032,0.5414609998697415,0.22674418604651161,0.23076923076923078,0.7732558139534884,0.24812030075187969,0.0,
lcbench_126025,lcbench,FMP,8,200,-91.97464752197266,0.15517241379310345,0.0,1,2,20,0.6595802999800071,0.09612370043760166,0.5634565995424055,0.22413793103448276,0.15384615384615385,0.7183908045977011,0.144,0.05747126436781609,0.3
lcbench_126025,lcbench,FMP,9,200,-97.69309997558594,0.1686046511627907,0.0,2,3,14,0.6083481999812648,0.10297440056456253,0.5053737994167022,0.2558139534883721,0.20454545454545456,0.7383720930232558,0.15748031496062992,0.005813953488372093,0.0
lcbench_126025,lcbench,FMP,10,200,-98.56228637695312,0.1676300578034682,0.0,3,1,19,0.6465481999912299,0.0975800002925098,0.5489681996987201,0.28901734104046245,0.1,0.6647398843930635,0.19130434782608696,0.046242774566473986,0.25
lcbench_126025,lcbench,FMP,11,200,-92.0350112915039,0.17341040462427745,0.0,1,3,21,0.6624472999828868,0.09902499982854351,0.5634223001543432,0.3063583815028902,0.24528301886792453,0.6763005780346821,0.13675213675213677,0.017341040462427744,0.3333333333333333
lcbench_126025,lcbench,FMP,12,200,-92.44176483154297,0.1676300578034682,0.0,3,1,17,0.7008598999818787,0.10775589942932129,0.5931040005525574,0.2138728323699422,0.08108108108108109,0.7167630057803468,0.20161290322580644,0.06936416184971098,0.08333333333333333
lcbench_126025,lcbench,FMP,13,200,-92.06275177001953,0.15606936416184972,0.0,3,1,16,0.6084485000465065,0.09571489982772619,0.5127336002187803,0.3063583815028902,0.09433962264150944,0.6184971098265896,0.18691588785046728,0.07514450867052024,0.15384615384615385
lcbench_126025,lcbench,FMP,14,200,-92.15973663330078,0.21965317919075145,0.0,1,3,20,0.6602676999755204,0.09535659989342093,0.5649111000820994,0.35260115606936415,0.21311475409836064,0.6242774566473989,0.23148148148148148,0.023121387283236993,0.0
lcbench_126025,lcbench,FMP,15,200,-92.57198333740234,0.18023255813953487,0.0,3,2,14,0.6332682999782264,0.10439219995168969,0.5288761000265367,0.3023255813953488,0.17307692307692307,0.6627906976744186,0.18421052631578946,0.03488372093023256,0.16666666666666666
lcbench_126025,lcbench,FMP,16,200,-91.92168426513672,0.14450867052023122,0.0,2,2,18,0.5848566999775358,0.09879769961116835,0.4860590003663674,0.31213872832369943,0.16666666666666666,0.6473988439306358,0.14285714285714285,0.04046242774566474,0.0
lcbench_126025,lcbench,FMP,17,200,-98.35646057128906,0.1839080459770115,0.0,1,2,20,0.7454750000033528,0.10093939997022972,0.644535600033123,0.25287356321839083,0.25,0.7471264367816092,0.16153846153846155,0.0,
lcbench_126025,lcbench,FMP,18,200,-92.06275177001953,0.19186046511627908,0.0,3,2,16,0.5638435000437312,0.09284140018280596,0.4710020998609252,0.36046511627906974,0.12903225806451613,0.5930232558139535,0.22549019607843138,0.046511627906976744,0.25
lcbench_126025,lcbench,FMP,19,200,-97.6495132446289,0.13450292397660818,0.0,4,2,15,0.5675749000511132,0.09385690040653571,0.4737179996445775,0.19883040935672514,0.2647058823529412,0.7076023391812866,0.09917355371900827,0.0935672514619883,0.125
lcbench_126026,lcbench,FMP,0,200,-99.1494369506836,0.23121387283236994,0.0,0,4,21,0.7019981000339612,0.10629970021545887,0.5956983998185024,0.23121387283236994,0.35,0.7630057803468208,0.1893939393939394,0.005780346820809248,1.0
lcbench_126026,lcbench,FMP,1,200,-99.61156463623047,0.13529411764705881,0.0,3,4,12,0.5619292000192218,0.09960730007151142,0.46232189994771034,0.4117647058823529,0.15714285714285714,0.5411764705882353,0.13043478260869565,0.047058823529411764,0.0
lcbench_126026,lcbench,FMP,2,200,-99.59294891357422,0.19186046511627908,0.0,3,2,15,0.5654473000322469,0.09773699979996309,0.46771030023228377,0.4186046511627907,0.2361111111111111,0.5348837209302325,0.16304347826086957,0.046511627906976744,0.125
lcbench_126026,lcbench,FMP,3,200,-99.62600708007812,0.28488372093023256,0.0,2,3,18,0.6567846999969333,0.10099429980618879,0.5557904001907445,0.4883720930232558,0.32142857142857145,0.5058139534883721,0.2413793103448276,0.005813953488372093,1.0
lcbench_126026,lcbench,FMP,4,200,-99.60244750976562,0.2573099415204678,0.0,2,4,18,0.6415018999832682,0.09820940007921308,0.5432924999040551,0.4678362573099415,0.2,0.5263157894736842,0.3,0.005847953216374269,1.0
lcbench_126026,lcbench,FMP,5,200,-99.61309051513672,0.2774566473988439,0.0,1,3,22,0.6905454000225291,0.10153150028781965,0.5890138997347094,0.4508670520231214,0.21794871794871795,0.5491329479768786,0.3263157894736842,0.0,
lcbench_126026,lcbench,FMP,6,200,-99.49687957763672,0.23563218390804597,0.0,1,2,20,0.6310739000327885,0.09497560031013563,0.5360982997226529,0.5287356321839081,0.17391304347826086,0.4482758620689655,0.2948717948717949,0.022988505747126436,0.5
lcbench_126026,lcbench,FMP,7,200,-99.6191635131836,0.23391812865497075,0.0,4,2,13,0.5920827999943867,0.09866989986039698,0.49341290013398975,0.4269005847953216,0.2328767123287671,0.5614035087719298,0.22916666666666666,0.011695906432748537,0.5
lcbench_126026,lcbench,FMP,8,200,-99.621826171875,0.1871345029239766,0.0,2,4,14,0.5763603000086732,0.09574649954447523,0.480613800464198,0.42105263157894735,0.16666666666666666,0.5497076023391813,0.20212765957446807,0.029239766081871343,0.2
lcbench_126026,lcbench,FMP,9,200,-99.6484375,0.19298245614035087,0.0,3,3,16,0.5467503999825567,0.0934960997547023,0.4532543002278544,0.47953216374269003,0.14634146341463414,0.4678362573099415,0.25,0.05263157894736842,0.1111111111111111
lcbench_126026,lcbench,FMP,10,200,-99.49384307861328,0.16568047337278108,0.0,4,4,13,0.5131099999998696,0.09186790051171556,0.42124209948815405,0.4437869822485207,0.16,0.4911242603550296,0.1686746987951807,0.0650887573964497,0.18181818181818182
lcbench_126026,lcbench,FMP,11,200,-99.45399475097656,0.2543352601156069,0.0,1,3,20,0.6679037000285462,0.10517549957148731,0.5627282004570588,0.42196531791907516,0.1917808219178082,0.5780346820809249,0.3,0.0,
lcbench_126026,lcbench,FMP,12,200,-98.55138397216797,0.18604651162790697,0.0,2,3,17,0.5729361000121571,0.09089679986936972,0.4820393001427874,0.3313953488372093,0.15789473684210525,0.6104651162790697,0.20952380952380953,0.05813953488372093,0.1
lcbench_126026,lcbench,FMP,13,200,-99.50674438476562,0.23255813953488372,0.0,3,2,15,0.5983478999696672,0.10077819996513426,0.49756970000453293,0.36627906976744184,0.2222222222222222,0.627906976744186,0.23148148148148148,0.005813953488372093,1.0
lcbench_126026,lcbench,FMP,14,200,-99.5374984741211,0.2573099415204678,0.0,3,3,16,0.6354001000290737,0.10739660012768582,0.5280034999013878,0.52046783625731,0.20224719101123595,0.47368421052631576,0.30864197530864196,0.005847953216374269,1.0
lcbench_126026,lcbench,FMP,15,200,-99.67276000976562,0.19186046511627908,0.0,2,3,17,0.6559631999698468,0.10527770000044256,0.5506854999694042,0.5232558139534884,0.2111111111111111,0.4476744186046512,0.18181818181818182,0.029069767441860465,0.0
lcbench_126026,lcbench,FMP,16,200,-99.48094177246094,0.20348837209302326,0.0,2,3,18,0.6213523999904282,0.09388270031195134,0.5274696996784769,0.37790697674418605,0.12307692307692308,0.6104651162790697,0.24761904761904763,0.011627906976744186,0.5
lcbench_126026,lcbench,FMP,17,200,-99.41682434082031,0.16470588235294117,0.0,3,4,13,0.6100514999707229,0.10329939960502088,0.5067521003657021,0.4823529411764706,0.18292682926829268,0.5058823529411764,0.1511627906976744,0.011764705882352941,0.0
lcbench_126026,lcbench,FMP,18,200,-99.6210708618164,0.2222222222222222,0.0,2,4,17,0.6288524999981746,0.10268449981231242,0.5261680001858622,0.43859649122807015,0.21333333333333335,0.52046783625731,0.24719101123595505,0.04093567251461988,0.0
lcbench_126026,lcbench,FMP,19,200,-99.05681610107422,0.26011560693641617,0.0,2,2,20,0.6599114999989979,0.10333279997576028,0.5565787000232376,0.3815028901734104,0.2878787878787879,0.6011560693641619,0.2403846153846154,0.017341040462427744,0.3333333333333333
lcbench_126029,lcbench,FMP,0,200,-95.12256622314453,0.1791907514450867,0.0,2,2,17,0.5958621999598108,0.09898040001280606,0.49688179994700477,0.36416184971098264,0.1746031746031746,0.630057803468208,0.1834862385321101,0.005780346820809248,0.0
lcbench_126029,lcbench,FMP,1,200,-95.36817932128906,0.13372093023255813,0.0,3,2,16,0.564176200015936,0.09291480015963316,0.4712613998563029,0.37209302325581395,0.203125,0.5813953488372093,0.1,0.046511627906976744,0.0
lcbench_126029,lcbench,FMP,2,200,-96.71788024902344,0.11046511627906977,0.0,5,0,13,0.5839433000073768,0.09744270029477775,0.48650059971259907,0.22674418604651161,0.07692307692307693,0.6744186046511628,0.1206896551724138,0.09883720930232558,0.11764705882352941
lcbench_126029,lcbench,FMP,3,200,-95.29290008544922,0.10526315789473684,0.0,3,3,15,0.6212783000082709,0.10352509946096689,0.517753200547304,0.22807017543859648,0.1794871794871795,0.7017543859649122,0.09166666666666666,0.07017543859649122,0.0
lcbench_126029,lcbench,FMP,4,200,-94.9112548828125,0.16279069767441862,0.0,3,2,15,0.5684336999547668,0.09193410002626479,0.476499599928502,0.36627906976744184,0.20634920634920634,0.5813953488372093,0.14,0.05232558139534884,0.1111111111111111
lcbench_126029,lcbench,FMP,5,200,-94.46623992919922,0.22093023255813954,0.0,2,3,18,0.6099973999662325,0.10207040008390322,0.5079269998823293,0.3430232558139535,0.1864406779661017,0.6395348837209303,0.23636363636363636,0.01744186046511628,0.3333333333333333
lcbench_126029,lcbench,FMP,6,200,-96.8711166381836,0.10588235294117647,0.0,5,2,11,0.6023974000127055,0.10315000044647604,0.49924739956622943,0.3058823529411765,0.15384615384615385,0.6588235294117647,0.08035714285714286,0.03529411764705882,0.16666666666666666
lcbench_126029,lcbench,FMP,7,200,-95.38710021972656,0.23121387283236994,0.0,2,2,17,0.6246526999748312,0.09658419986953959,0.5280685001052916,0.3236994219653179,0.3392857142857143,0.6184971098265896,0.19626168224299065,0.057803468208092484,0.0
lcbench_126029,lcbench,FMP,8,200,-95.5673828125,0.14705882352941177,0.0,4,3,11,0.5675333000253886,0.09645109943812713,0.47108220058726147,0.2647058823529412,0.2222222222222222,0.6529411764705882,0.11711711711711711,0.08235294117647059,0.14285714285714285
lcbench_126029,lcbench,FMP,9,200,-95.05220031738281,0.14705882352941177,0.0,3,4,13,0.6348843000014313,0.11116450029658154,0.5237197997048497,0.35294117647058826,0.25,0.6235294117647059,0.09433962264150944,0.023529411764705882,0.0
lcbench_126029,lcbench,FMP,10,200,-94.85550689697266,0.13450292397660818,0.0,3,3,12,0.5482555000344291,0.09698339994065464,0.4512721000937745,0.38596491228070173,0.18181818181818182,0.5789473684210527,0.10101010101010101,0.03508771929824561,0.16666666666666666
lcbench_126029,lcbench,FMP,11,200,-95.50324249267578,0.21965317919075145,0.0,1,3,18,0.6327925000223331,0.09498859971063212,0.537803900311701,0.34104046242774566,0.2033898305084746,0.653179190751445,0.23008849557522124,0.005780346820809248,0.0
lcbench_126029,lcbench,FMP,12,200,-95.11893463134766,0.23391812865497075,0.0,4,2,14,0.5348848000285216,0.0910282003460452,0.44385659968247637,0.4327485380116959,0.24324324324324326,0.5555555555555556,0.22105263157894736,0.011695906432748537,0.5
lcbench_126029,lcbench,FMP,13,200,-94.38987731933594,0.21511627906976744,0.0,4,1,16,0.5627592999953777,0.09448760014493018,0.4682716998504475,0.31976744186046513,0.2,0.6511627906976745,0.22321428571428573,0.029069767441860465,0.2
lcbench_126029,lcbench,FMP,14,200,-94.67042541503906,0.2774566473988439,0.0,2,2,19,0.6407962999655865,0.09734120039502159,0.5434550995705649,0.3872832369942196,0.26865671641791045,0.6011560693641619,0.27884615384615385,0.011560693641618497,0.5
lcbench_126029,lcbench,FMP,15,200,-94.7694320678711,0.16374269005847952,0.0,4,2,13,0.5237518000067212,0.09248430037405342,0.43126749963266775,0.4619883040935672,0.22784810126582278,0.5087719298245614,0.11494252873563218,0.029239766081871343,0.0
lcbench_126029,lcbench,FMP,16,200,-95.55681610107422,0.16374269005847952,0.0,5,1,13,0.539682200003881,0.09219300036784261,0.4474891996360384,0.391812865497076,0.16417910447761194,0.5497076023391813,0.18085106382978725,0.05847953216374269,0.0
lcbench_126029,lcbench,FMP,17,200,-94.72859191894531,0.18604651162790697,0.0,4,1,15,0.6090164000052027,0.09662480058614165,0.5123915994190611,0.36627906976744184,0.19047619047619047,0.5581395348837209,0.1875,0.0755813953488372,0.15384615384615385
lcbench_126029,lcbench,FMP,18,200,-95.2071533203125,0.2558139534883721,0.0,2,3,16,0.5591857999679632,0.08860929979709908,0.47057650017086416,0.42441860465116277,0.2465753424657534,0.5755813953488372,0.26262626262626265,0.0,
lcbench_126029,lcbench,FMP,19,200,-95.55863952636719,0.11560693641618497,0.0,2,2,16,0.675743599946145,0.1053192000836134,0.5704243998625316,0.2947976878612717,0.11764705882352941,0.6589595375722543,0.11403508771929824,0.046242774566473986,0.125
lcbench_146212,lcbench,FMP,0,200,-98.90691375732422,0.35294117647058826,0.0,3,4,14,0.633575199986808,0.10861359990667552,0.5249616000801325,0.6882352941176471,0.3247863247863248,0.31176470588235294,0.41509433962264153,0.0,
lcbench_146212,lcbench,FMP,1,200,-98.91785430908203,0.24260355029585798,0.0,4,4,12,0.5945240000146441,0.10727329977089539,0.4872507002437487,0.7514792899408284,0.29133858267716534,0.22485207100591717,0.10526315789473684,0.023668639053254437,0.0
lcbench_146212,lcbench,FMP,2,200,-98.8759765625,0.27325581395348836,0.0,3,2,14,0.5812939999741502,0.10111789946677163,0.4801761005073786,0.7790697674418605,0.30597014925373134,0.22093023255813954,0.15789473684210525,0.0,
lcbench_146212,lcbench,FMP,3,200,-98.9223861694336,0.22807017543859648,0.0,2,4,16,0.6767333999741822,0.11148439929820597,0.5652490006759763,0.6257309941520468,0.21495327102803738,0.3742690058479532,0.25,0.0,
lcbench_146212,lcbench,FMP,4,200,-98.8371353149414,0.26011560693641617,0.0,1,3,18,0.5898931000265293,0.09255150012904778,0.4973415998974815,0.6936416184971098,0.25833333333333336,0.30057803468208094,0.25,0.005780346820809248,1.0
lcbench_146212,lcbench,FMP,5,200,-99.02281188964844,0.2529411764705882,0.0,4,3,12,0.5183547000051476,0.09108040016144514,0.42727429984370247,0.7352941176470589,0.248,0.2647058823529412,0.26666666666666666,0.0,
lcbench_146212,lcbench,FMP,6,200,-99.06890869140625,0.3546511627906977,0.0,3,2,17,0.5579389000195079,0.09282160038128495,0.4651172996382229,0.7674418604651163,0.36363636363636365,0.22674418604651161,0.3076923076923077,0.005813953488372093,1.0
lcbench_146212,lcbench,FMP,7,200,-98.9431381225586,0.40828402366863903,0.0,4,4,10,0.5898662999970838,0.10996549943229184,0.479900800564792,0.7159763313609467,0.39669421487603307,0.26627218934911245,0.4666666666666667,0.01775147928994083,0.0
lcbench_146212,lcbench,FMP,8,200,-98.89106750488281,0.2573099415204678,0.0,2,4,17,0.6319201000151224,0.10834200028330088,0.5235780997318216,0.7368421052631579,0.2857142857142857,0.2631578947368421,0.17777777777777778,0.0,
lcbench_146212,lcbench,FMP,9,200,-99.00166320800781,0.21764705882352942,0.0,3,4,14,0.5879865000024438,0.10560520004946738,0.4823812999529764,0.7176470588235294,0.27049180327868855,0.2411764705882353,0.07317073170731707,0.041176470588235294,0.14285714285714285
lcbench_146212,lcbench,FMP,10,200,-99.01412200927734,0.21637426900584794,0.0,3,3,16,0.5394687000080012,0.09574330010218546,0.4437253999058157,0.6608187134502924,0.23008849557522124,0.3333333333333333,0.19298245614035087,0.005847953216374269,0.0
lcbench_146212,lcbench,FMP,11,200,-98.97863006591797,0.27325581395348836,0.0,3,2,15,0.5627994000096805,0.09267729986459017,0.47012210014509037,0.7151162790697675,0.3170731707317073,0.28488372093023256,0.16326530612244897,0.0,
lcbench_146212,lcbench,FMP,12,200,-98.82544708251953,0.28654970760233917,0.0,2,4,17,0.6102637000149116,0.098274800053332,0.5119888999615796,0.7660818713450293,0.3511450381679389,0.23391812865497075,0.075,0.0,
lcbench_146212,lcbench,FMP,13,200,-98.8386459350586,0.3313953488372093,0.0,3,2,17,0.5909056999953464,0.09878609975567088,0.4921196002396755,0.7267441860465116,0.376,0.2558139534883721,0.22727272727272727,0.01744186046511628,0.0
lcbench_146212,lcbench,FMP,14,200,-99.05303955078125,0.3216374269005848,0.0,2,4,15,0.5655097999842837,0.09707509964937344,0.4684347003349103,0.7192982456140351,0.35772357723577236,0.2807017543859649,0.22916666666666666,0.0,
lcbench_146212,lcbench,FMP,15,200,-98.8386459350586,0.34705882352941175,0.0,3,4,14,0.6030492999707349,0.10454440006287768,0.4985048999078572,0.6470588235294118,0.35454545454545455,0.3411764705882353,0.3103448275862069,0.011764705882352941,1.0
lcbench_146212,lcbench,FMP,16,200,-99.00997161865234,0.26627218934911245,0.0,5,3,9,0.4998392999987118,0.09295479982392862,0.40688450017478317,0.7159763313609467,0.256198347107438,0.26627218934911245,0.26666666666666666,0.01775147928994083,0.6666666666666666
lcbench_146212,lcbench,FMP,17,200,-98.99864196777344,0.25146198830409355,0.0,4,2,16,0.5862500999937765,0.1047186998766847,0.48153140011709183,0.7426900584795322,0.29133858267716534,0.2222222222222222,0.10526315789473684,0.03508771929824561,0.3333333333333333
lcbench_146212,lcbench,FMP,18,200,-99.04925537109375,0.2807017543859649,0.0,2,4,14,0.5656808000057936,0.09876079956302419,0.4669200004427694,0.6842105263157895,0.24786324786324787,0.3157894736842105,0.35185185185185186,0.0,
lcbench_146212,lcbench,FMP,19,200,-99.05530548095703,0.3216374269005848,0.0,3,3,16,0.5298420999897644,0.09428289957577363,0.43555920041399077,0.7602339181286549,0.33076923076923076,0.23976608187134502,0.2926829268292683,0.0,
lcbench_167104,lcbench,FMP,0,200,-94.2729263305664,0.30057803468208094,0.0,1,3,20,0.5901941999909468,0.09617149946279824,0.49402270052814856,0.7341040462427746,0.33858267716535434,0.24855491329479767,0.18604651162790697,0.017341040462427744,0.3333333333333333
lcbench_167104,lcbench,FMP,1,200,-94.85804748535156,0.2235294117647059,0.0,5,2,11,0.5491936999605969,0.10014590033097193,0.44904779962962493,0.6705882352941176,0.2543859649122807,0.3176470588235294,0.16666666666666666,0.011764705882352941,0.0
lcbench_167104,lcbench,FMP,2,200,-93.894287109375,0.29069767441860467,0.0,2,3,15,0.543673400010448,0.09453369973925874,0.4491397002711892,0.7441860465116279,0.359375,0.2558139534883721,0.09090909090909091,0.0,
lcbench_167104,lcbench,FMP,3,200,-93.43230438232422,0.19883040935672514,0.0,3,3,17,0.5427603000425734,0.09274649957660586,0.4500138004659675,0.6491228070175439,0.27927927927927926,0.3333333333333333,0.03508771929824561,0.017543859649122806,0.3333333333333333
lcbench_167104,lcbench,FMP,4,200,-93.6092529296875,0.19411764705882353,0.0,4,3,9,0.5340886000194587,0.10139100044034421,0.43269759957911447,0.6470588235294118,0.2636363636363636,0.2823529411764706,0.08333333333333333,0.07058823529411765,0.0
lcbench_167104,lcbench,FMP,5,200,-94.84212493896484,0.18604651162790697,0.0,4,1,16,0.564737300039269,0.09566739964066073,0.4690699003986083,0.6627906976744186,0.21052631578947367,0.2441860465116279,0.19047619047619047,0.09302325581395349,0.0
lcbench_167104,lcbench,FMP,6,200,-94.62277221679688,0.17058823529411765,0.0,5,2,10,0.5273685999563895,0.09390870027709752,0.433459899679292,0.6941176470588235,0.22033898305084745,0.2411764705882353,0.04878048780487805,0.06470588235294118,0.09090909090909091
lcbench_167104,lcbench,FMP,7,200,-94.79510498046875,0.19298245614035087,0.0,4,2,13,0.5033131000236608,0.09223430056590587,0.41107879945775494,0.6257309941520468,0.205607476635514,0.3391812865497076,0.1724137931034483,0.03508771929824561,0.16666666666666666
lcbench_167104,lcbench,FMP,8,200,-93.65103912353516,0.18604651162790697,0.0,3,2,15,0.6150096000055782,0.1092596998787485,0.5057499001268297,0.6569767441860465,0.26548672566371684,0.32558139534883723,0.03571428571428571,0.01744186046511628,0.0
lcbench_167104,lcbench,FMP,9,200,-94.53797912597656,0.14035087719298245,0.0,3,3,13,0.5439424000214785,0.09315769997192547,0.45078470004955307,0.6023391812865497,0.1553398058252427,0.30994152046783624,0.1320754716981132,0.08771929824561403,0.06666666666666667
lcbench_167104,lcbench,FMP,10,200,-95.54441833496094,0.19767441860465115,0.0,3,2,13,0.6183651000028476,0.1076377994613722,0.5107273005414754,0.6569767441860465,0.2743362831858407,0.313953488372093,0.05555555555555555,0.029069767441860465,0.0
lcbench_167104,lcbench,FMP,11,200,-93.47615051269531,0.1676300578034682,0.0,2,2,17,0.5807385999942198,0.09536140004638582,0.485377199947834,0.653179190751445,0.21238938053097345,0.28901734104046245,0.08,0.057803468208092484,0.1
lcbench_167104,lcbench,FMP,12,200,-94.23589324951172,0.19767441860465115,0.0,4,1,15,0.5574767000507563,0.09322320006322116,0.4642534999875352,0.6627906976744186,0.2543859649122807,0.27906976744186046,0.10416666666666667,0.05813953488372093,0.0
lcbench_167104,lcbench,FMP,13,200,-94.09795379638672,0.18128654970760233,0.0,3,3,14,0.5507123999996111,0.09920959989540279,0.4515028001042083,0.6842105263157895,0.1794871794871795,0.30994152046783624,0.18867924528301888,0.005847953216374269,0.0
lcbench_167104,lcbench,FMP,14,200,-93.70750427246094,0.23976608187134502,0.0,3,3,15,0.5999862000462599,0.09909420023905113,0.5008919998072088,0.7251461988304093,0.2903225806451613,0.2631578947368421,0.1111111111111111,0.011695906432748537,0.0
lcbench_167104,lcbench,FMP,15,200,-93.71000671386719,0.17058823529411765,0.0,4,3,12,0.5597110000089742,0.1059293998987414,0.45378160011023283,0.6,0.17647058823529413,0.32941176470588235,0.17857142857142858,0.07058823529411765,0.08333333333333333
lcbench_167104,lcbench,FMP,16,200,-94.25638580322266,0.1695906432748538,0.0,3,3,15,0.6452059000148438,0.10414760012645274,0.541058299888391,0.6140350877192983,0.20952380952380953,0.3508771929824561,0.08333333333333333,0.03508771929824561,0.3333333333333333
lcbench_167104,lcbench,FMP,17,200,-93.61853790283203,0.09941520467836257,0.0,4,2,11,0.5043629999854602,0.0935187999275513,0.4108442000579089,0.6023391812865497,0.14563106796116504,0.27485380116959063,0.0425531914893617,0.12280701754385964,0.0
lcbench_167104,lcbench,FMP,18,200,-94.53473663330078,0.1834319526627219,0.0,4,4,10,0.5073516999837011,0.09300869941944256,0.41434300056425855,0.6982248520710059,0.16101694915254236,0.2958579881656805,0.24,0.005917159763313609,0.0
lcbench_167104,lcbench,FMP,19,200,-94.04843139648438,0.2529411764705882,0.0,3,4,12,0.6055354999843985,0.11083890020381659,0.4946965997805819,0.7529411764705882,0.234375,0.24705882352941178,0.30952380952380953,0.0,
lcbench_167149,lcbench,FMP,0,200,-98.73350524902344,0.30409356725146197,0.0,2,4,16,0.5899547000299208,0.09623229975113645,0.49372240027878433,0.7485380116959064,0.359375,0.25146198830409355,0.13953488372093023,0.0,
lcbench_167149,lcbench,FMP,1,200,-97.85124206542969,0.28654970760233917,0.0,2,4,16,0.5546601999667473,0.09677229990484193,0.4578879000619054,0.672514619883041,0.34782608695652173,0.30409356725146197,0.15384615384615385,0.023391812865497075,0.25
lcbench_167149,lcbench,FMP,2,200,-98.76665496826172,0.2631578947368421,0.0,2,4,16,0.5948475999757648,0.10033940029097721,0.49450819968478754,0.7134502923976608,0.3114754098360656,0.2573099415204678,0.1590909090909091,0.029239766081871343,0.0
lcbench_167149,lcbench,FMP,3,200,-97.89193725585938,0.3235294117647059,0.0,3,4,15,0.6028490000171587,0.10152020037639886,0.5013287996407598,0.7176470588235294,0.3524590163934426,0.2823529411764706,0.25,0.0,
lcbench_167149,lcbench,FMP,4,200,-98.93672180175781,0.3546511627906977,0.0,2,3,17,0.5844902999815531,0.09396430070046335,0.49052599928108975,0.7209302325581395,0.3629032258064516,0.27906976744186046,0.3333333333333333,0.0,
lcbench_167149,lcbench,FMP,5,200,-98.93710327148438,0.313953488372093,0.0,1,4,20,0.6751638000132516,0.10520939953858033,0.5699544004746713,0.7790697674418605,0.3582089552238806,0.22093023255813954,0.15789473684210525,0.0,
lcbench_167149,lcbench,FMP,6,200,-98.75008392333984,0.2958579881656805,0.0,4,4,11,0.5687272999784909,0.10292489983839914,0.4658024001400918,0.7869822485207101,0.3533834586466165,0.1952662721893491,0.09090909090909091,0.01775147928994083,0.0
lcbench_167149,lcbench,FMP,7,200,-98.65406799316406,0.31952662721893493,0.0,4,4,11,0.5628992000129074,0.10357370023848489,0.4593254997744225,0.6982248520710059,0.3559322033898305,0.30177514792899407,0.23529411764705882,0.0,
lcbench_167149,lcbench,FMP,8,200,-99.20542907714844,0.20118343195266272,0.0,5,3,12,0.5331786000169814,0.09619320032652467,0.4369853996904567,0.621301775147929,0.2571428571428571,0.3254437869822485,0.10909090909090909,0.05325443786982249,0.1111111111111111
lcbench_167149,lcbench,FMP,9,200,-98.70564270019531,0.21764705882352942,0.0,3,4,16,0.5519725999911316,0.10145410022232682,0.45051849976880476,0.7235294117647059,0.2926829268292683,0.21764705882352942,0.02702702702702703,0.058823529411764705,0.0
lcbench_167149,lcbench,FMP,10,200,-99.0424575805664,0.25443786982248523,0.0,4,4,11,0.5625032999669202,0.10510229977080598,0.4574010001961142,0.7337278106508875,0.3225806451612903,0.21893491124260356,0.05405405405405406,0.047337278106508875,0.125
lcbench_167149,lcbench,FMP,11,200,-97.93862915039062,0.2046783625730994,0.0,3,3,15,0.572914500022307,0.09489200008101761,0.4780224999412894,0.6900584795321637,0.2796610169491525,0.30994152046783624,0.03773584905660377,0.0,
lcbench_167149,lcbench,FMP,12,200,-98.69245910644531,0.2616279069767442,0.0,2,3,18,0.538691200024914,0.08856419986113906,0.45012700016377494,0.6976744186046512,0.30833333333333335,0.29651162790697677,0.13725490196078433,0.005813953488372093,1.0
lcbench_167149,lcbench,FMP,13,200,-98.1694107055664,0.3058823529411765,0.0,3,4,14,0.6714512999751605,0.11420949950115755,0.557241800474003,0.7470588235294118,0.3228346456692913,0.2529411764705882,0.2558139534883721,0.0,
lcbench_167149,lcbench,FMP,14,200,-98.63375091552734,0.2823529411764706,0.0,3,4,15,0.586925000010524,0.09749420004663989,0.48943079996388406,0.7294117647058823,0.3629032258064516,0.2529411764705882,0.06976744186046512,0.01764705882352941,0.0
lcbench_167149,lcbench,FMP,15,200,-98.44354248046875,0.21052631578947367,0.0,3,3,15,0.5069136999663897,0.0907897999859415,0.4161238999804482,0.6608187134502924,0.25663716814159293,0.28654970760233917,0.14285714285714285,0.05263157894736842,0.0
lcbench_167149,lcbench,FMP,16,200,-98.64842224121094,0.2558139534883721,0.0,1,4,21,0.6046641999855638,0.09714569995412603,0.5075185000314377,0.7034883720930233,0.32231404958677684,0.2558139534883721,0.11363636363636363,0.040697674418604654,0.0
lcbench_167149,lcbench,FMP,17,200,-99.14603424072266,0.21893491124260356,0.0,4,4,9,0.5830532999825664,0.10615880001569167,0.4768944999668747,0.7337278106508875,0.25,0.26627218934911245,0.13333333333333333,0.0,
lcbench_167149,lcbench,FMP,18,200,-98.56980895996094,0.21176470588235294,0.0,4,3,13,0.579179699998349,0.12667010026052594,0.452509599737823,0.6705882352941176,0.2719298245614035,0.2647058823529412,0.08888888888888889,0.06470588235294118,0.09090909090909091
lcbench_167149,lcbench,FMP,19,200,-98.17952728271484,0.3216374269005848,0.0,2,4,15,0.586234999995213,0.123862600477878,0.462372399517335,0.7309941520467836,0.376,0.26900584795321636,0.17391304347826086,0.0,
lcbench_167152,lcbench,FMP,0,200,-97.63610076904297,0.42105263157894735,0.0,2,4,16,0.5244214999838732,0.0952815999626182,0.429139900021255,0.7719298245614035,0.44696969696969696,0.17543859649122806,0.23333333333333334,0.05263157894736842,0.6666666666666666
lcbench_167152,lcbench,FMP,1,200,-97.91061401367188,0.378698224852071,0.0,4,4,12,0.52197729999898,0.09101069869939238,0.43096660129958764,0.8047337278106509,0.4485294117647059,0.1952662721893491,0.09090909090909091,0.0,
lcbench_167152,lcbench,FMP,2,200,-97.3062973022461,0.35294117647058826,0.0,3,4,13,0.5244344999664463,0.09722610033350065,0.42720839963294566,0.788235294117647,0.373134328358209,0.21176470588235294,0.2777777777777778,0.0,
lcbench_167152,lcbench,FMP,3,200,-97.27363586425781,0.4327485380116959,0.0,3,3,14,0.6237533999956213,0.10526670020772144,0.5184866997878999,0.7251461988304093,0.4596774193548387,0.2631578947368421,0.37777777777777777,0.011695906432748537,0.0
lcbench_167152,lcbench,FMP,4,200,-98.0227279663086,0.4,0.0,3,4,16,0.5824411999783479,0.10210479970555753,0.48033640027279034,0.8117647058823529,0.47101449275362317,0.18823529411764706,0.09375,0.0,
lcbench_167152,lcbench,FMP,5,200,-97.43890380859375,0.43859649122807015,0.0,2,4,17,0.5852636000490747,0.09275589988101274,0.492507700168062,0.7894736842105263,0.4962962962962963,0.1871345029239766,0.15625,0.023391812865497075,0.75
lcbench_167152,lcbench,FMP,6,200,-97.62567138671875,0.5235294117647059,0.0,4,3,13,0.5743723000050522,0.1023581002955325,0.47201419970951974,0.8411764705882353,0.5524475524475524,0.1411764705882353,0.3333333333333333,0.01764705882352941,0.6666666666666666
lcbench_167152,lcbench,FMP,7,200,-97.81541442871094,0.46153846153846156,0.0,4,4,14,0.5196003000019118,0.09412330080522224,0.4254769991966896,0.7988165680473372,0.48148148148148145,0.1952662721893491,0.3939393939393939,0.005917159763313609,0.0
lcbench_167152,lcbench,FMP,8,200,-97.45488739013672,0.4588235294117647,0.0,3,4,12,0.5057904000277631,0.09309479990042746,0.41269560012733564,0.7941176470588235,0.5111111111111111,0.2,0.2647058823529412,0.0058823529411764705,0.0
lcbench_167152,lcbench,FMP,9,200,-97.3775863647461,0.47337278106508873,0.0,4,4,12,0.5158321000053547,0.09665799973299727,0.41917410027235746,0.8224852071005917,0.5251798561151079,0.14792899408284024,0.24,0.029585798816568046,0.2
lcbench_167152,lcbench,FMP,10,200,-97.43444061279297,0.5263157894736842,0.0,2,4,16,0.5443717999733053,0.09945999993942678,0.44491180003387854,0.8362573099415205,0.5524475524475524,0.16374269005847952,0.39285714285714285,0.0,
lcbench_167152,lcbench,FMP,11,200,-97.39319610595703,0.5294117647058824,0.0,4,3,15,0.5767418000032194,0.10334329988108948,0.4733985001221299,0.8470588235294118,0.5416666666666666,0.15294117647058825,0.46153846153846156,0.0,
lcbench_167152,lcbench,FMP,12,200,-97.37982177734375,0.4,0.0,3,4,13,0.5309606000082567,0.09402759984368458,0.43693300016457215,0.8058823529411765,0.46715328467153283,0.19411764705882353,0.12121212121212122,0.0,
lcbench_167152,lcbench,FMP,13,200,-97.93302154541016,0.4588235294117647,0.0,3,4,15,0.5018130999524146,0.09126530034700409,0.41054779960541055,0.8529411764705882,0.47586206896551725,0.14705882352941177,0.36,0.0,
lcbench_167152,lcbench,FMP,14,200,-97.46306610107422,0.49411764705882355,0.0,3,4,14,0.5891914999810979,0.10580989997833967,0.4833816000027582,0.8176470588235294,0.5251798561151079,0.18235294117647058,0.3548387096774194,0.0,
lcbench_167152,lcbench,FMP,15,200,-97.58099365234375,0.38235294117647056,0.0,3,4,15,0.6251609000028111,0.1072226008400321,0.517938299162779,0.7941176470588235,0.4222222222222222,0.19411764705882353,0.21212121212121213,0.011764705882352941,0.5
lcbench_167152,lcbench,FMP,16,200,-98.1911392211914,0.4378698224852071,0.0,4,4,11,0.518377700005658,0.09581969951977953,0.42255800048587844,0.8047337278106509,0.4852941176470588,0.1952662721893491,0.24242424242424243,0.0,
lcbench_167152,lcbench,FMP,17,200,-97.47161865234375,0.4647058823529412,0.0,3,4,14,0.5439863000065088,0.09470329963369295,0.4492830003728159,0.8235294117647058,0.5142857142857142,0.17647058823529413,0.23333333333333334,0.0,
lcbench_167152,lcbench,FMP,18,200,-97.32040405273438,0.5029585798816568,0.0,4,4,10,0.5558171999873593,0.11651419982081279,0.43930300016654655,0.8106508875739645,0.5255474452554745,0.1893491124260355,0.40625,0.0,
lcbench_167152,lcbench,FMP,19,200,-97.58806610107422,0.41420118343195267,0.0,4,4,12,0.6286531999940053,0.11002140020718798,0.5186317997868173,0.8165680473372781,0.463768115942029,0.1834319526627219,0.1935483870967742,0.0,
lcbench_167168,lcbench,FMP,0,200,-88.52474212646484,0.10982658959537572,0.0,4,0,17,0.5943736000335775,0.096087199926842,0.4982864001067355,0.5144508670520231,0.0898876404494382,0.41040462427745666,0.14084507042253522,0.07514450867052024,0.07692307692307693
lcbench_167168,lcbench,FMP,1,200,-88.27655029296875,0.11176470588235295,0.0,5,2,14,0.5929037000169046,0.1067220993572846,0.48618160065962,0.4470588235294118,0.15789473684210525,0.3941176470588235,0.08955223880597014,0.1588235294117647,0.037037037037037035
lcbench_167168,lcbench,FMP,2,200,-87.80702209472656,0.12280701754385964,0.0,5,1,14,0.5603463999577798,0.09464799996931106,0.46569839998846874,0.5497076023391813,0.14893617021276595,0.40350877192982454,0.10144927536231885,0.04678362573099415,0.0
lcbench_167168,lcbench,FMP,3,200,-87.78559112548828,0.22674418604651161,0.0,2,3,16,0.5456150000100024,0.08939279994228855,0.45622220006771386,0.5755813953488372,0.2727272727272727,0.38953488372093026,0.1791044776119403,0.03488372093023256,0.0
lcbench_167168,lcbench,FMP,4,200,-88.9465103149414,0.19186046511627908,0.0,4,1,13,0.525057699996978,0.09540709963766858,0.42965060035930946,0.5523255813953488,0.15789473684210525,0.4011627906976744,0.2463768115942029,0.046511627906976744,0.125
lcbench_167168,lcbench,FMP,5,200,-86.72711944580078,0.1511627906976744,0.0,4,1,14,0.550647999974899,0.0939466001582332,0.4567013998166658,0.5697674418604651,0.17346938775510204,0.4011627906976744,0.13043478260869565,0.029069767441860465,0.0
lcbench_167168,lcbench,FMP,6,200,-87.69689178466797,0.13872832369942195,0.0,3,1,17,0.6208706999896094,0.09875050012487918,0.5221201998647302,0.5722543352601156,0.1414141414141414,0.32947976878612717,0.12280701754385964,0.09826589595375723,0.17647058823529413
lcbench_167168,lcbench,FMP,7,200,-86.1589584350586,0.18023255813953487,0.0,3,2,14,0.5399298000265844,0.09189829998649657,0.44803150004008785,0.5465116279069767,0.19148936170212766,0.4186046511627907,0.16666666666666666,0.03488372093023256,0.16666666666666666
lcbench_167168,lcbench,FMP,8,200,-88.38875579833984,0.12790697674418605,0.0,3,2,14,0.6021971000009216,0.10670840030070394,0.4954886997002177,0.46511627906976744,0.125,0.5,0.11627906976744186,0.03488372093023256,0.3333333333333333
lcbench_167168,lcbench,FMP,9,200,-86.47439575195312,0.15294117647058825,0.0,4,3,13,0.5522720000008121,0.09467020037118345,0.45760179962962866,0.4823529411764706,0.18292682926829268,0.4647058823529412,0.13924050632911392,0.052941176470588235,0.0
lcbench_167168,lcbench,FMP,10,200,-87.52911376953125,0.15204678362573099,0.0,4,2,13,0.5772394000086933,0.10150809993501753,0.4757313000736758,0.49707602339181284,0.18823529411764706,0.4093567251461988,0.14285714285714285,0.0935672514619883,0.0
lcbench_167168,lcbench,FMP,11,200,-89.03715515136719,0.15517241379310345,0.0,2,1,18,0.6381266000098549,0.09845130011672154,0.5396752998931333,0.46551724137931033,0.1111111111111111,0.5172413793103449,0.2,0.017241379310344827,0.0
lcbench_167168,lcbench,FMP,12,200,-85.7945785522461,0.20689655172413793,0.0,1,2,21,0.5910414999816567,0.0903323000529781,0.5007091999286786,0.5689655172413793,0.25252525252525254,0.42528735632183906,0.14864864864864866,0.005747126436781609,0.0
lcbench_167168,lcbench,FMP,13,200,-87.13467407226562,0.17341040462427745,0.0,3,1,17,0.6123731000116095,0.09998029988491908,0.5123928001266904,0.5375722543352601,0.13978494623655913,0.42196531791907516,0.2191780821917808,0.04046242774566474,0.14285714285714285
lcbench_167168,lcbench,FMP,14,200,-87.81439208984375,0.1791907514450867,0.0,2,2,18,0.5677021000301465,0.08956100064096972,0.4781410993891768,0.4913294797687861,0.24705882352941178,0.45664739884393063,0.12658227848101267,0.05202312138728324,0.0
lcbench_167168,lcbench,FMP,15,200,-85.37374877929688,0.1744186046511628,0.0,3,2,16,0.6882897000177763,0.11208290013018996,0.5762067998875864,0.5465116279069767,0.2127659574468085,0.4418604651162791,0.13157894736842105,0.011627906976744186,0.0
lcbench_167168,lcbench,FMP,16,200,-84.18170928955078,0.12138728323699421,0.0,4,0,17,0.6248824999784119,0.10261399991577491,0.522268500062637,0.5317919075144508,0.17391304347826086,0.41040462427745666,0.04225352112676056,0.057803468208092484,0.2
lcbench_167168,lcbench,FMP,17,200,-86.8115234375,0.12138728323699421,0.0,3,1,16,0.5935103999800049,0.09679470013361424,0.49671569984639063,0.4913294797687861,0.10588235294117647,0.4046242774566474,0.15714285714285714,0.10404624277456648,0.05555555555555555
lcbench_167168,lcbench,FMP,18,200,-87.3243408203125,0.20809248554913296,0.0,2,2,19,0.5238125000032596,0.08781549980631098,0.43599700019694865,0.5895953757225434,0.21568627450980393,0.41040462427745666,0.19718309859154928,0.0,
lcbench_167168,lcbench,FMP,19,200,-88.40426635742188,0.23563218390804597,0.0,2,1,20,0.6609508999972604,0.10691530053736642,0.554035599459894,0.5459770114942529,0.17894736842105263,0.4367816091954023,0.3026315789473684,0.017241379310344827,0.3333333333333333
lcbench_167181,lcbench,FMP,0,200,-93.13907623291016,0.23563218390804597,0.0,1,2,21,0.7342120999819599,0.11006910022115335,0.6241429997608066,0.3793103448275862,0.25757575757575757,0.6206896551724138,0.2222222222222222,0.0,
lcbench_167181,lcbench,FMP,1,200,-93.88211059570312,0.18235294117647058,0.0,4,3,11,0.5814128000056371,0.1070770999067463,0.4743357000988908,0.4764705882352941,0.2222222222222222,0.4764705882352941,0.14814814814814814,0.047058823529411764,0.125
lcbench_167181,lcbench,FMP,2,200,-93.49077606201172,0.20689655172413793,0.0,1,2,23,0.5998175999848172,0.0934209999977611,0.5063965999870561,0.41954022988505746,0.2465753424657534,0.5804597701149425,0.1782178217821782,0.0,
lcbench_167181,lcbench,FMP,3,200,-93.18243408203125,0.20689655172413793,0.0,2,1,18,0.618069700023625,0.09796199953416362,0.5201077004894614,0.3333333333333333,0.20689655172413793,0.6494252873563219,0.21238938053097345,0.017241379310344827,0.0
lcbench_167181,lcbench,FMP,4,200,-92.80534362792969,0.11627906976744186,0.0,3,2,14,0.5672243000008166,0.09686000004876405,0.47036429995205253,0.4011627906976744,0.13043478260869565,0.5406976744186046,0.11827956989247312,0.05813953488372093,0.0
lcbench_167181,lcbench,FMP,5,200,-93.90216827392578,0.15294117647058825,0.0,5,2,11,0.6344167999923229,0.1146963998908177,0.5197204001015052,0.4411764705882353,0.13333333333333333,0.5411764705882353,0.17391304347826086,0.01764705882352941,0.0
lcbench_167181,lcbench,FMP,6,200,-94.03228759765625,0.22988505747126436,0.0,2,1,21,0.6467996999854222,0.09622759959893301,0.5505721003864892,0.4827586206896552,0.2261904761904762,0.4942528735632184,0.22093023255813954,0.022988505747126436,0.5
lcbench_167181,lcbench,FMP,7,200,-93.42375183105469,0.20930232558139536,0.0,3,2,16,0.6150505999685265,0.10510950011666864,0.5099410998518579,0.4011627906976744,0.21739130434782608,0.5465116279069767,0.2127659574468085,0.05232558139534884,0.1111111111111111
lcbench_167181,lcbench,FMP,8,200,-94.04090118408203,0.23699421965317918,0.0,2,2,17,0.6663549999939278,0.10982170002534986,0.5565332999685779,0.3930635838150289,0.23529411764705882,0.5549132947976878,0.2604166666666667,0.05202312138728324,0.0
lcbench_167181,lcbench,FMP,9,200,-93.47294616699219,0.2254335260115607,0.0,2,2,22,0.6872776999953203,0.11101199995027855,0.5762657000450417,0.3699421965317919,0.3125,0.6127167630057804,0.16981132075471697,0.017341040462427744,0.3333333333333333
lcbench_167181,lcbench,FMP,10,200,-94.02404022216797,0.11560693641618497,0.0,3,1,15,0.6108749000122771,0.10901669994927943,0.5018582000629976,0.4508670520231214,0.1794871794871795,0.4624277456647399,0.075,0.08670520231213873,0.0
lcbench_167181,lcbench,FMP,11,200,-94.06600952148438,0.18023255813953487,0.0,3,2,17,0.6743910000077449,0.11298229964450002,0.5614087003632449,0.37790697674418605,0.15384615384615385,0.563953488372093,0.21649484536082475,0.05813953488372093,0.0
lcbench_167181,lcbench,FMP,12,200,-93.98853302001953,0.1791907514450867,0.0,2,2,17,0.6837616999982856,0.11283499974524602,0.5709267002530396,0.35260115606936415,0.13114754098360656,0.6069364161849711,0.2,0.04046242774566474,0.2857142857142857
lcbench_167181,lcbench,FMP,13,200,-94.01830291748047,0.2046783625730994,0.0,4,2,12,0.6331405999953859,0.10909480013651773,0.5240457998588681,0.391812865497076,0.1791044776119403,0.5789473684210527,0.23232323232323232,0.029239766081871343,0.0
lcbench_167181,lcbench,FMP,14,200,-93.61246490478516,0.18497109826589594,0.0,2,2,19,0.7358985999599099,0.11658509989501908,0.6193135000648908,0.36416184971098264,0.1746031746031746,0.5953757225433526,0.20388349514563106,0.04046242774566474,0.0
lcbench_167181,lcbench,FMP,15,200,-93.752197265625,0.17647058823529413,0.0,4,3,13,0.6203711000271142,0.11263790063094348,0.5077331993961707,0.38823529411764707,0.16666666666666666,0.6,0.17647058823529413,0.011764705882352941,0.5
lcbench_167181,lcbench,FMP,16,200,-93.52751159667969,0.19186046511627908,0.0,3,2,16,0.6110174999921583,0.10498550022020936,0.5060319997719489,0.4127906976744186,0.2112676056338028,0.5406976744186046,0.1827956989247312,0.046511627906976744,0.125
lcbench_167181,lcbench,FMP,17,200,-93.44085693359375,0.15028901734104047,0.0,3,1,18,0.5803760000271723,0.10097780008800328,0.479398199939169,0.3468208092485549,0.1,0.6069364161849711,0.18095238095238095,0.046242774566473986,0.125
lcbench_167181,lcbench,FMP,18,200,-93.3304214477539,0.1791907514450867,0.0,3,1,17,0.6079366999911144,0.10441440012073144,0.503522299870383,0.35260115606936415,0.22950819672131148,0.6127167630057804,0.16037735849056603,0.03468208092485549,0.0
lcbench_167181,lcbench,FMP,19,200,-93.81409454345703,0.1511627906976744,0.0,4,1,13,0.5451181000098586,0.09363680012756959,0.451481299882289,0.42441860465116277,0.1643835616438356,0.47093023255813954,0.1728395061728395,0.10465116279069768,0.0
lcbench_167185,lcbench,FMP,0,200,-97.0734634399414,0.40828402366863903,0.0,4,4,15,0.6253742999979295,0.10835399985080585,0.5170203001471236,0.7751479289940828,0.40458015267175573,0.22485207100591717,0.42105263157894735,0.0,
lcbench_167185,lcbench,FMP,1,200,-97.01090240478516,0.38011695906432746,0.0,2,4,17,0.6394154000445269,0.10244720004266128,0.5369682000018656,0.7017543859649122,0.39166666666666666,0.2631578947368421,0.3333333333333333,0.03508771929824561,0.5
lcbench_167185,lcbench,FMP,2,200,-97.07679748535156,0.27647058823529413,0.0,3,4,16,0.5343504999764264,0.09566520032240078,0.4386852996540256,0.711764705882353,0.3140495867768595,0.27058823529411763,0.1956521739130435,0.01764705882352941,0.0
lcbench_167185,lcbench,FMP,3,200,-97.1312484741211,0.3567251461988304,0.0,2,4,17,0.6041872999630868,0.09651090006809682,0.50767639989499,0.7368421052631579,0.36507936507936506,0.23976608187134502,0.34146341463414637,0.023391812865497075,0.25
lcbench_167185,lcbench,FMP,4,200,-97.0072021484375,0.3764705882352941,0.0,4,3,13,0.4789325000019744,0.08892050030408427,0.39001199969789013,0.7529411764705882,0.359375,0.2411764705882353,0.4146341463414634,0.0058823529411764705,1.0
lcbench_167185,lcbench,FMP,5,200,-97.58360290527344,0.35294117647058826,0.0,4,3,14,0.5895139999920502,0.10353500006021932,0.4859789999318309,0.7176470588235294,0.3770491803278688,0.2823529411764706,0.2916666666666667,0.0,
lcbench_167185,lcbench,FMP,6,200,-97.00128173828125,0.3431952662721893,0.0,4,4,12,0.5935994000174105,0.10088390042074025,0.49271549959667027,0.7455621301775148,0.3492063492063492,0.25443786982248523,0.32558139534883723,0.0,
lcbench_167185,lcbench,FMP,7,200,-97.15311431884766,0.32748538011695905,0.0,2,4,17,0.5924035999923944,0.10108760016737506,0.4913159998250194,0.7368421052631579,0.3333333333333333,0.25146198830409355,0.3023255813953488,0.011695906432748537,0.5
lcbench_167185,lcbench,FMP,8,200,-96.98906707763672,0.38011695906432746,0.0,3,3,14,0.4994229000294581,0.08687990013277158,0.4125429998966865,0.7660818713450293,0.44274809160305345,0.23391812865497075,0.175,0.0,
lcbench_167185,lcbench,FMP,9,200,-96.8548583984375,0.4176470588235294,0.0,3,4,12,0.5768798000062816,0.10565509973093867,0.4712247002753429,0.7647058823529411,0.46923076923076923,0.23529411764705882,0.25,0.0,
lcbench_167185,lcbench,FMP,10,200,-97.19203186035156,0.39766081871345027,0.0,2,4,17,0.6611926999757998,0.10251769935712218,0.5586750006186776,0.7251461988304093,0.4435483870967742,0.27485380116959063,0.2765957446808511,0.0,
lcbench_167185,lcbench,FMP,11,200,-96.86779022216797,0.3684210526315789,0.0,2,4,17,0.5883567000273615,0.09641469980124384,0.49194200022611767,0.7368421052631579,0.3968253968253968,0.25146198830409355,0.3023255813953488,0.011695906432748537,0.0
lcbench_167185,lcbench,FMP,12,200,-97.1823959350586,0.35502958579881655,0.0,4,4,13,0.583992300031241,0.09774019953329116,0.48625210049794987,0.7692307692307693,0.3923076923076923,0.23076923076923078,0.23076923076923078,0.0,
lcbench_167185,lcbench,FMP,13,200,-97.60630798339844,0.378698224852071,0.0,4,4,12,0.5740716999862343,0.09846920048585162,0.4756024995003827,0.7692307692307693,0.4461538461538462,0.21893491124260356,0.16216216216216217,0.011834319526627219,0.0
lcbench_167185,lcbench,FMP,14,200,-97.18684387207031,0.39644970414201186,0.0,4,4,11,0.5872948999749497,0.10057229967787862,0.48672260029707104,0.7514792899408284,0.48031496062992124,0.2485207100591716,0.14285714285714285,0.0,
lcbench_167185,lcbench,FMP,15,200,-96.97834014892578,0.45294117647058824,0.0,3,4,15,0.5517148000071757,0.10045809991424903,0.4512567000929266,0.7647058823529411,0.5153846153846153,0.22941176470588234,0.2564102564102564,0.0058823529411764705,0.0
lcbench_167185,lcbench,FMP,16,200,-97.04865264892578,0.3216374269005848,0.0,2,4,19,0.5733092000009492,0.0929574990295805,0.4803517009713687,0.7017543859649122,0.38333333333333336,0.29239766081871343,0.18,0.005847953216374269,0.0
lcbench_167185,lcbench,FMP,17,200,-97.34416198730469,0.27647058823529413,0.0,4,3,13,0.5970270000398159,0.10800529987318441,0.4890217001666315,0.6764705882352942,0.3826086956521739,0.28823529411764703,0.061224489795918366,0.03529411764705882,0.0
lcbench_167185,lcbench,FMP,18,200,-97.35939025878906,0.3588235294117647,0.0,3,4,13,0.5604509999975562,0.0964204995543696,0.4640305004431866,0.7058823529411765,0.425,0.27058823529411763,0.15217391304347827,0.023529411764705882,0.75
lcbench_167185,lcbench,FMP,19,200,-97.21724700927734,0.2982456140350877,0.0,3,3,14,0.5064309999579564,0.09097239992115647,0.4154586000367999,0.7134502923976608,0.36065573770491804,0.28654970760233917,0.14285714285714285,0.0,
lcbench_167190,lcbench,FMP,0,200,-88.71946716308594,0.15606936416184972,0.0,2,2,18,0.5628380999551155,0.08960839995415881,0.47322970000095665,0.35260115606936415,0.18032786885245902,0.5780346820809249,0.16,0.06936416184971098,0.0
lcbench_167190,lcbench,FMP,1,200,-87.56785583496094,0.2023121387283237,0.0,3,1,15,0.6621220000088215,0.11134269973263144,0.55077930027619,0.3236994219653179,0.16071428571428573,0.6069364161849711,0.23809523809523808,0.06936416184971098,0.08333333333333333
lcbench_167190,lcbench,FMP,2,200,-89.58293151855469,0.2138728323699422,0.0,3,1,17,0.6503395999898203,0.09839320002356544,0.5519463999662548,0.4161849710982659,0.3194444444444444,0.5722543352601156,0.13131313131313133,0.011560693641618497,0.5
lcbench_167190,lcbench,FMP,3,200,-89.328369140625,0.19411764705882353,0.0,4,3,11,0.5270546999527141,0.09206230012932792,0.4349923998233862,0.3352941176470588,0.3157894736842105,0.611764705882353,0.1346153846153846,0.052941176470588235,0.1111111111111111
lcbench_167190,lcbench,FMP,4,200,-88.03543090820312,0.1511627906976744,0.0,3,2,15,0.6033923999639228,0.09896610031137243,0.5044262996525504,0.3488372093023256,0.23333333333333334,0.6046511627906976,0.09615384615384616,0.046511627906976744,0.25
lcbench_167190,lcbench,FMP,5,200,-88.94888305664062,0.18497109826589594,0.0,3,1,17,0.6689728999626823,0.10546330030774698,0.5635095996549353,0.2947976878612717,0.21568627450980393,0.6647398843930635,0.1826086956521739,0.04046242774566474,0.0
lcbench_167190,lcbench,FMP,6,200,-90.96450805664062,0.17341040462427745,0.0,3,1,17,0.5822860000189394,0.09914839977864176,0.4831376002402976,0.32947976878612717,0.22807017543859648,0.6416184971098265,0.15315315315315314,0.028901734104046242,0.0
lcbench_167190,lcbench,FMP,7,200,-88.75298309326172,0.20348837209302326,0.0,4,1,14,0.5715926999691874,0.09832419990561903,0.47326850006356835,0.27906976744186046,0.20833333333333334,0.6802325581395349,0.20512820512820512,0.040697674418604654,0.14285714285714285
lcbench_167190,lcbench,FMP,8,200,-87.99413299560547,0.22988505747126436,0.0,1,2,19,0.6627830000361428,0.10067760001402348,0.5621054000221193,0.3045977011494253,0.24528301886792453,0.6781609195402298,0.22033898305084745,0.017241379310344827,0.3333333333333333
lcbench_167190,lcbench,FMP,9,200,-88.2260513305664,0.1569767441860465,0.0,4,1,13,0.6040873999590985,0.09796790004475042,0.5061194999143481,0.38372093023255816,0.13636363636363635,0.5348837209302325,0.1956521739130435,0.08139534883720931,0.0
lcbench_167190,lcbench,FMP,10,200,-89.57781219482422,0.21511627906976744,0.0,2,3,15,0.5979441000381485,0.09937959990929812,0.49856450012885034,0.313953488372093,0.18518518518518517,0.622093023255814,0.2336448598130841,0.06395348837209303,0.18181818181818182
lcbench_167190,lcbench,FMP,11,200,-89.34540557861328,0.1907514450867052,0.0,2,2,19,0.5352701999945566,0.08611289970576763,0.449157300288789,0.3988439306358382,0.2318840579710145,0.5664739884393064,0.16326530612244897,0.03468208092485549,0.16666666666666666
lcbench_167190,lcbench,FMP,12,200,-89.67046356201172,0.14619883040935672,0.0,2,4,16,0.5530627999687567,0.09003400057554245,0.4630287993932143,0.30409356725146197,0.1346153846153846,0.6666666666666666,0.14035087719298245,0.029239766081871343,0.4
lcbench_167190,lcbench,FMP,13,200,-89.5060806274414,0.18497109826589594,0.0,3,1,16,0.647333700035233,0.10565430024871603,0.541679399786517,0.3179190751445087,0.10909090909090909,0.6069364161849711,0.23809523809523808,0.07514450867052024,0.07692307692307693
lcbench_167190,lcbench,FMP,14,200,-88.8681640625,0.1676300578034682,0.0,1,3,19,0.6120513000059873,0.09849830029997975,0.5135529997060075,0.3468208092485549,0.18333333333333332,0.6184971098265896,0.1588785046728972,0.03468208092485549,0.16666666666666666
lcbench_167190,lcbench,FMP,15,200,-88.01494598388672,0.14534883720930233,0.0,3,2,16,0.5705420000012964,0.09554940019734204,0.47499259980395436,0.3313953488372093,0.15789473684210525,0.6569767441860465,0.12389380530973451,0.011627906976744186,1.0
lcbench_167190,lcbench,FMP,16,200,-89.5805435180664,0.1286549707602339,0.0,5,1,13,0.5721642000135034,0.10284250031691045,0.469321699696593,0.3742690058479532,0.171875,0.52046783625731,0.11235955056179775,0.10526315789473684,0.05555555555555555
lcbench_167190,lcbench,FMP,17,200,-88.9953842163086,0.1744186046511628,0.0,1,4,18,0.6208591000176966,0.09640810039127246,0.5244509996264242,0.36627906976744184,0.23809523809523808,0.6104651162790697,0.14285714285714285,0.023255813953488372,0.0
lcbench_167190,lcbench,FMP,18,200,-89.44429779052734,0.21637426900584794,0.0,3,3,12,0.5382799999788404,0.0899979006499052,0.44828209932893515,0.40350877192982454,0.18840579710144928,0.5847953216374269,0.24,0.011695906432748537,0.0
lcbench_167190,lcbench,FMP,19,200,-87.22945404052734,0.11764705882352941,0.0,4,3,11,0.5016670000040904,0.09002730017527938,0.411639699828811,0.3764705882352941,0.1875,0.5235294117647059,0.0898876404494382,0.1,0.0
lcbench_168329,lcbench,FMP,0,200,-36.17793655395508,0.13372093023255813,0.0,5,0,14,0.6309147999854758,0.11051739996764809,0.5203974000178277,0.32558139534883723,0.10714285714285714,0.5755813953488372,0.16161616161616163,0.09883720930232558,0.058823529411764705
lcbench_168329,lcbench,FMP,1,200,-46.770694732666016,0.13372093023255813,0.0,4,1,14,0.6090937000117265,0.1006786996149458,0.5084150003967807,0.37790697674418605,0.18461538461538463,0.5755813953488372,0.10101010101010101,0.046511627906976744,0.125
lcbench_168329,lcbench,FMP,2,200,-49.36381149291992,0.12571428571428572,0.0,2,0,21,0.7094701000023633,0.1071986003080383,0.602271499694325,0.1657142857142857,0.06896551724137931,0.7657142857142857,0.14925373134328357,0.06857142857142857,0.0
lcbench_168329,lcbench,FMP,3,200,-42.37421417236328,0.21264367816091953,0.0,2,1,18,0.684360499959439,0.10854950011707842,0.5758109998423606,0.2988505747126437,0.2692307692307692,0.6494252873563219,0.20353982300884957,0.05172413793103448,0.0
lcbench_168329,lcbench,FMP,4,200,-42.90135955810547,0.1781609195402299,0.0,3,0,18,0.7029036999447271,0.1085100999334827,0.5943936000112444,0.25862068965517243,0.2,0.6781609195402298,0.17796610169491525,0.06321839080459771,0.09090909090909091
lcbench_168329,lcbench,FMP,5,200,-45.144386291503906,0.14942528735632185,0.0,2,1,19,0.6706747999996878,0.1107203004648909,0.5599544995347969,0.22988505747126436,0.075,0.7011494252873564,0.1721311475409836,0.06896551724137931,0.16666666666666666
lcbench_168329,lcbench,FMP,6,200,-44.316246032714844,0.14367816091954022,0.0,3,0,18,0.6539911999716423,0.10171930055366829,0.552271899417974,0.3103448275862069,0.12962962962962962,0.6436781609195402,0.15178571428571427,0.04597701149425287,0.125
lcbench_168329,lcbench,FMP,7,200,-39.65117263793945,0.13872832369942195,0.0,3,1,17,0.6272145999828354,0.10412859998177737,0.523086000001058,0.2832369942196532,0.12244897959183673,0.6647398843930635,0.1565217391304348,0.05202312138728324,0.0
lcbench_168329,lcbench,FMP,8,200,-46.11897277832031,0.10526315789473684,0.0,6,0,12,0.5458194999955595,0.10289619985269383,0.44292330014286563,0.23976608187134502,0.14634146341463414,0.5906432748538012,0.1188118811881188,0.1695906432748538,0.0
lcbench_168329,lcbench,FMP,9,200,-47.20328903198242,0.15606936416184972,0.0,4,0,16,0.5772077000001445,0.09954459988512099,0.47766310011502355,0.3236994219653179,0.16071428571428573,0.630057803468208,0.1651376146788991,0.046242774566473986,0.0
lcbench_168329,lcbench,FMP,10,200,-46.28261184692383,0.12138728323699421,0.0,4,0,19,0.6901375000015832,0.10915730008855462,0.5809801999130286,0.17341040462427745,0.2,0.6878612716763006,0.1092436974789916,0.13872832369942195,0.08333333333333333
lcbench_168329,lcbench,FMP,11,200,-38.40836715698242,0.12209302325581395,0.0,5,0,16,0.6170179999899119,0.10490090039093047,0.5121170995989814,0.3081395348837209,0.11320754716981132,0.6453488372093024,0.12612612612612611,0.046511627906976744,0.125
lcbench_168329,lcbench,FMP,12,200,-49.92026901245117,0.16184971098265896,0.0,4,0,15,0.603398000006564,0.09443159989314154,0.5089664001134224,0.23699421965317918,0.0975609756097561,0.7514450867052023,0.18461538461538463,0.011560693641618497,0.0
lcbench_168329,lcbench,FMP,13,200,-42.85539627075195,0.14285714285714285,0.0,2,0,21,0.6147032000008039,0.0909079005359672,0.5237952994648367,0.3028571428571429,0.09433962264150944,0.6171428571428571,0.17592592592592593,0.08,0.07142857142857142
lcbench_168329,lcbench,FMP,14,200,-45.93251419067383,0.16666666666666666,0.0,3,0,18,0.5712721000309102,0.08896209951490164,0.4823100005160086,0.28735632183908044,0.2,0.6436781609195402,0.15178571428571427,0.06896551724137931,0.16666666666666666
lcbench_168329,lcbench,FMP,15,200,-46.26646041870117,0.20689655172413793,0.0,3,0,18,0.6089331000111997,0.09732620028080419,0.5116068997303955,0.3448275862068966,0.26666666666666666,0.6091954022988506,0.1792452830188679,0.04597701149425287,0.125
lcbench_168329,lcbench,FMP,16,200,-39.42207336425781,0.10526315789473684,0.0,5,1,12,0.558086299977731,0.09707180003169924,0.4610144999460317,0.24561403508771928,0.19047619047619047,0.6549707602339181,0.08035714285714286,0.09941520467836257,0.058823529411764705
lcbench_168329,lcbench,FMP,17,200,-46.678184509277344,0.17714285714285713,0.0,2,0,22,0.7674609000096098,0.10855079971952364,0.6589101002900861,0.26285714285714284,0.10869565217391304,0.72,0.1984126984126984,0.017142857142857144,0.3333333333333333
lcbench_168329,lcbench,FMP,18,200,-45.3653564453125,0.15517241379310345,0.0,3,0,18,0.6445372000453062,0.10056329984217882,0.5439739002031274,0.16091954022988506,0.25,0.7931034482758621,0.13768115942028986,0.04597701149425287,0.125
lcbench_168329,lcbench,FMP,19,200,-38.299076080322266,0.15517241379310345,0.0,3,0,18,0.609449699986726,0.10090149979805574,0.5085482001886703,0.3850574712643678,0.19402985074626866,0.5977011494252874,0.11538461538461539,0.017241379310344827,0.6666666666666666
lcbench_168330,lcbench,FMP,0,200,-74.8587646484375,0.1657142857142857,0.0,2,0,21,0.6820597999612801,0.10040020005544648,0.5816595999058336,0.2,0.02857142857142857,0.76,0.20300751879699247,0.04,0.14285714285714285
lcbench_168330,lcbench,FMP,1,200,-75.169677734375,0.16279069767441862,0.0,4,1,15,0.5523453999776393,0.09096470003714785,0.46138069994049147,0.29069767441860467,0.06,0.6511627906976745,0.20535714285714285,0.05813953488372093,0.2
lcbench_168330,lcbench,FMP,2,200,-74.50948333740234,0.13953488372093023,0.0,4,1,14,0.5992178999586031,0.1010777002084069,0.4981401997501962,0.3372093023255814,0.08620689655172414,0.5348837209302325,0.20652173913043478,0.12790697674418605,0.0
lcbench_168330,lcbench,FMP,3,200,-73.04298400878906,0.1875,0.0,1,0,24,0.7226096999947913,0.10394000000087544,0.6186696999939159,0.17045454545454544,0.16666666666666666,0.7727272727272727,0.19852941176470587,0.056818181818181816,0.1
lcbench_168330,lcbench,FMP,4,200,-73.90821838378906,0.08771929824561403,0.0,5,1,11,0.499876799993217,0.09540720016229898,0.404469599830918,0.30409356725146197,0.057692307692307696,0.5614035087719298,0.125,0.13450292397660818,0.0
lcbench_168330,lcbench,FMP,5,200,-75.65744018554688,0.18857142857142858,0.0,0,2,22,0.6708466000272892,0.09818619966972619,0.572660400357563,0.17142857142857143,0.16666666666666666,0.8114285714285714,0.19014084507042253,0.017142857142857144,0.3333333333333333
lcbench_168330,lcbench,FMP,6,200,-74.2509994506836,0.19428571428571428,0.0,2,0,22,0.6770598000148311,0.09813069965457544,0.5789291003602557,0.2,0.08571428571428572,0.7657142857142857,0.22388059701492538,0.03428571428571429,0.16666666666666666
lcbench_168330,lcbench,FMP,7,200,-75.80520629882812,0.16666666666666666,0.0,3,0,18,0.591312000004109,0.09635110048111528,0.4949608995229937,0.27011494252873564,0.10638297872340426,0.6494252873563219,0.19469026548672566,0.08045977011494253,0.14285714285714285
lcbench_168330,lcbench,FMP,8,200,-74.88861846923828,0.14942528735632185,0.0,1,2,20,0.6558539000106975,0.09773259982466698,0.5581213001860306,0.28160919540229884,0.12244897959183673,0.7126436781609196,0.16129032258064516,0.005747126436781609,0.0
lcbench_168330,lcbench,FMP,9,200,-75.21916198730469,0.1686046511627907,0.0,3,2,15,0.688965699984692,0.11166819976642728,0.5772975002182648,0.28488372093023256,0.16326530612244897,0.686046511627907,0.1694915254237288,0.029069767441860465,0.2
lcbench_168330,lcbench,FMP,10,200,-73.49549102783203,0.18604651162790697,0.0,4,1,15,0.5812202999950387,0.09129480010597035,0.4899254998890683,0.26744186046511625,0.10869565217391304,0.6802325581395349,0.23076923076923078,0.05232558139534884,0.0
lcbench_168330,lcbench,FMP,11,200,-74.98709869384766,0.1896551724137931,0.0,1,2,20,0.5912349999998696,0.09067820012569427,0.5005567998741753,0.26436781609195403,0.1956521739130435,0.7068965517241379,0.1951219512195122,0.028735632183908046,0.0
lcbench_168330,lcbench,FMP,12,200,-75.12152099609375,0.1896551724137931,0.0,1,2,20,0.6719949999824166,0.09744020062498748,0.5745547993574291,0.1839080459770115,0.1875,0.7988505747126436,0.19424460431654678,0.017241379310344827,0.0
lcbench_168330,lcbench,FMP,13,200,-75.86943054199219,0.21264367816091953,0.0,2,1,20,0.579026999999769,0.08646029949886724,0.4925667005009018,0.2413793103448276,0.23809523809523808,0.7126436781609196,0.20967741935483872,0.04597701149425287,0.125
lcbench_168330,lcbench,FMP,14,200,-72.36805725097656,0.1781609195402299,0.0,2,1,20,0.660178399994038,0.10000380023848265,0.5601745997555554,0.28735632183908044,0.2,0.6724137931034483,0.1623931623931624,0.040229885057471264,0.2857142857142857
lcbench_168330,lcbench,FMP,15,200,-74.0850601196289,0.21965317919075145,0.0,2,2,20,0.6246927999891341,0.09911619982449338,0.5255766001646407,0.35260115606936415,0.19672131147540983,0.6069364161849711,0.23809523809523808,0.04046242774566474,0.14285714285714285
lcbench_168330,lcbench,FMP,16,200,-74.54402923583984,0.2023121387283237,0.0,2,2,17,0.6201959000318311,0.10411310015479103,0.5160827998770401,0.27167630057803466,0.1702127659574468,0.6936416184971098,0.225,0.03468208092485549,0.0
lcbench_168330,lcbench,FMP,17,200,-73.05036163330078,0.22285714285714286,0.0,1,1,23,0.6661087999818847,0.09636239951942116,0.5697464004624635,0.32,0.14285714285714285,0.6742857142857143,0.2542372881355932,0.005714285714285714,1.0
lcbench_168330,lcbench,FMP,18,200,-75.87159729003906,0.17714285714285713,0.0,2,0,21,0.6403944999910891,0.10148130013840273,0.5389131998526864,0.22857142857142856,0.1,0.6971428571428572,0.21311475409836064,0.07428571428571429,0.07692307692307693
lcbench_168330,lcbench,FMP,19,200,-72.93272399902344,0.20689655172413793,0.0,1,2,18,0.6002731999615207,0.09215110004879534,0.5081220999127254,0.2988505747126437,0.23076923076923078,0.6666666666666666,0.20689655172413793,0.034482758620689655,0.0
lcbench_168331,lcbench,FMP,0,200,-79.8062973022461,0.13372093023255813,0.0,4,1,16,0.5889953000005335,0.10458920011296868,0.4844060998875648,0.31976744186046513,0.16363636363636364,0.6627906976744186,0.12280701754385964,0.01744186046511628,0.0
lcbench_168331,lcbench,FMP,1,200,-78.03703308105469,0.12790697674418605,0.0,5,0,15,0.5769154000445269,0.09589400049299002,0.4810213995515369,0.3023255813953488,0.1346153846153846,0.5988372093023255,0.1262135922330097,0.09883720930232558,0.11764705882352941
lcbench_168331,lcbench,FMP,2,200,-81.07852935791016,0.1511627906976744,0.0,4,1,17,0.6606856999569573,0.10977720003575087,0.5509084999212064,0.31976744186046513,0.16363636363636364,0.6627906976744186,0.14035087719298245,0.01744186046511628,0.3333333333333333
lcbench_168331,lcbench,FMP,3,200,-76.92585754394531,0.1724137931034483,0.0,1,2,21,0.6779111999785528,0.10261399985756725,0.5752972001209855,0.23563218390804597,0.1951219512195122,0.7528735632183908,0.16030534351145037,0.011494252873563218,0.5
lcbench_168331,lcbench,FMP,4,200,-79.15715026855469,0.11046511627906977,0.0,5,0,13,0.5333013999625109,0.09136510011740029,0.4419362998451106,0.28488372093023256,0.061224489795918366,0.6395348837209303,0.12727272727272726,0.0755813953488372,0.15384615384615385
lcbench_168331,lcbench,FMP,5,200,-77.90274047851562,0.11695906432748537,0.0,6,0,10,0.48789329995634034,0.09071799967205152,0.3971753002842888,0.3157894736842105,0.09259259259259259,0.6081871345029239,0.1346153846153846,0.07602339181286549,0.07692307692307693
lcbench_168331,lcbench,FMP,6,200,-78.66813659667969,0.11627906976744186,0.0,5,0,13,0.6495525999926031,0.11028579960111529,0.5392668003914878,0.3313953488372093,0.17543859649122806,0.6104651162790697,0.0761904761904762,0.05813953488372093,0.2
lcbench_168331,lcbench,FMP,7,200,-78.53350830078125,0.16091954022988506,0.0,3,0,18,0.5651790999691002,0.09496610041242093,0.4702129995566793,0.3390804597701149,0.1864406779661017,0.6091954022988506,0.12264150943396226,0.05172413793103448,0.4444444444444444
lcbench_168331,lcbench,FMP,8,200,-78.89774322509766,0.12138728323699421,0.0,4,0,16,0.6822054000222124,0.1049209994962439,0.5772844005259685,0.2947976878612717,0.09803921568627451,0.653179190751445,0.13274336283185842,0.05202312138728324,0.1111111111111111
lcbench_168331,lcbench,FMP,9,200,-78.38954162597656,0.1329479768786127,0.0,4,0,17,0.6037392999860458,0.09873650001827627,0.5050027999677695,0.24855491329479767,0.16279069767441862,0.6878612716763006,0.1092436974789916,0.06358381502890173,0.2727272727272727
lcbench_168331,lcbench,FMP,10,200,-77.5864486694336,0.15517241379310345,0.0,3,0,21,0.6659889000002295,0.10064440011046827,0.5653444998897612,0.16666666666666666,0.10344827586206896,0.8275862068965517,0.1597222222222222,0.005747126436781609,1.0
lcbench_168331,lcbench,FMP,11,200,-73.5536880493164,0.1744186046511628,0.0,2,3,18,0.6734808000037447,0.10443430038867518,0.5690464996150695,0.36046511627906974,0.27419354838709675,0.6046511627906976,0.11538461538461539,0.03488372093023256,0.16666666666666666
lcbench_168331,lcbench,FMP,12,200,-77.34648895263672,0.16091954022988506,0.0,3,0,19,0.6077675999840721,0.09570839995285496,0.5120592000312172,0.2413793103448276,0.23809523809523808,0.7183908045977011,0.128,0.040229885057471264,0.2857142857142857
lcbench_168331,lcbench,FMP,13,200,-79.25686645507812,0.13872832369942195,0.0,4,0,15,0.5204216000274755,0.08670159959001467,0.43372000043746084,0.2774566473988439,0.08333333333333333,0.6242774566473989,0.14814814814814814,0.09826589595375723,0.23529411764705882
lcbench_168331,lcbench,FMP,14,200,-75.02772521972656,0.1569767441860465,0.0,5,0,16,0.6085807000054047,0.117293200280983,0.49128749972442165,0.36046511627906974,0.11290322580645161,0.5174418604651163,0.20224719101123595,0.12209302325581395,0.09523809523809523
lcbench_168331,lcbench,FMP,15,200,-79.27046966552734,0.2,0.0,2,0,21,0.5882477999548428,0.09061980008846149,0.4976279998663813,0.33714285714285713,0.1864406779661017,0.6057142857142858,0.20754716981132076,0.05714285714285714,0.2
lcbench_168331,lcbench,FMP,16,200,-73.02083587646484,0.14450867052023122,0.0,4,0,16,0.605689899995923,0.09659390017623082,0.5090959998196922,0.34104046242774566,0.1016949152542373,0.6184971098265896,0.16822429906542055,0.04046242774566474,0.14285714285714285
lcbench_168331,lcbench,FMP,17,200,-75.60853576660156,0.15028901734104047,0.0,3,1,19,0.6474782999721356,0.10068610031157732,0.5467921996605583,0.2774566473988439,0.16666666666666666,0.6705202312138728,0.12931034482758622,0.05202312138728324,0.3333333333333333
lcbench_168331,lcbench,FMP,18,200,-82.353759765625,0.13793103448275862,0.0,3,0,18,0.5419026999734342,0.0894347004359588,0.4524679995374754,0.3160919540229885,0.16363636363636364,0.5977011494252874,0.11538461538461539,0.08620689655172414,0.2
lcbench_168331,lcbench,FMP,19,200,-77.15862274169922,0.1896551724137931,0.0,2,1,20,0.7049190999823622,0.1125327997142449,0.5923863002681173,0.3160919540229885,0.2545454545454545,0.6436781609195402,0.16071428571428573,0.040229885057471264,0.14285714285714285
lcbench_168335,lcbench,FMP,0,200,-98.35045623779297,0.12138728323699421,0.0,4,0,17,0.6201849999488331,0.10271059937076643,0.5174744005780667,0.37572254335260113,0.16923076923076924,0.5606936416184971,0.09278350515463918,0.06358381502890173,0.09090909090909091
lcbench_168335,lcbench,FMP,1,200,-98.35533905029297,0.1686046511627907,0.0,2,3,17,0.6449758000089787,0.1096353997127153,0.5353404002962634,0.26744186046511625,0.3695652173913043,0.6627906976744186,0.10526315789473684,0.06976744186046512,0.0
lcbench_168335,lcbench,FMP,2,200,-98.58785247802734,0.23391812865497075,0.0,2,4,16,0.6290031999815255,0.10036829940509051,0.528634900576435,0.42105263157894735,0.25,0.5497076023391813,0.20212765957446807,0.029239766081871343,0.6
lcbench_168335,lcbench,FMP,3,200,-97.99617767333984,0.20930232558139536,0.0,2,3,15,0.6287865999620408,0.09755099937319756,0.5312356005888432,0.29651162790697677,0.3137254901960784,0.6569767441860465,0.1592920353982301,0.046511627906976744,0.25
lcbench_168335,lcbench,FMP,4,200,-98.77532196044922,0.1744186046511628,0.0,3,2,17,0.5942905999836512,0.09287350001977757,0.5014170999638736,0.29069767441860467,0.28,0.6744186046511628,0.12931034482758622,0.03488372093023256,0.16666666666666666
lcbench_168335,lcbench,FMP,5,200,-99.15851593017578,0.16666666666666666,0.0,3,0,18,0.6530599999823608,0.10581099957926199,0.5472490004030988,0.25862068965517243,0.13333333333333333,0.6954022988505747,0.19008264462809918,0.04597701149425287,0.0
lcbench_168335,lcbench,FMP,6,200,-98.73501586914062,0.20114942528735633,0.0,1,2,19,0.6409955000272021,0.10256759915500879,0.5384279008721933,0.3793103448275862,0.16666666666666666,0.5977011494252874,0.22115384615384615,0.022988505747126436,0.25
lcbench_168335,lcbench,FMP,7,200,-94.3949203491211,0.19186046511627908,0.0,2,3,18,0.6761460000416264,0.10763729992322624,0.5685087001184002,0.4011627906976744,0.2463768115942029,0.5465116279069767,0.1595744680851064,0.05232558139534884,0.1111111111111111
lcbench_168335,lcbench,FMP,8,200,-97.33970642089844,0.2046783625730994,0.0,3,3,15,0.6240212999982759,0.10492650041123852,0.5190947995870374,0.4678362573099415,0.2375,0.47953216374269003,0.1951219512195122,0.05263157894736842,0.0
lcbench_168335,lcbench,FMP,9,200,-99.07457733154297,0.1511627906976744,0.0,3,2,15,0.6063007999910042,0.11059529992053285,0.4957055000704713,0.37209302325581395,0.171875,0.622093023255814,0.14018691588785046,0.005813953488372093,0.0
lcbench_168335,lcbench,FMP,10,200,-98.21061706542969,0.09883720930232558,0.0,3,2,16,0.6748438999638893,0.11319769994588569,0.5616462000180036,0.31976744186046513,0.18181818181818182,0.5581395348837209,0.0625,0.12209302325581395,0.047619047619047616
lcbench_168335,lcbench,FMP,11,200,-98.8344955444336,0.1511627906976744,0.0,3,2,16,0.662565500009805,0.11080790020059794,0.551757599809207,0.26744186046511625,0.17391304347826086,0.6453488372093024,0.16216216216216217,0.0872093023255814,0.0
lcbench_168335,lcbench,FMP,12,200,-94.84284973144531,0.16374269005847952,0.0,3,3,13,0.6636715000495315,0.11452549969544634,0.5491460003540851,0.38011695906432746,0.15384615384615385,0.5497076023391813,0.19148936170212766,0.07017543859649122,0.0
lcbench_168335,lcbench,FMP,13,200,-96.08866119384766,0.16184971098265896,0.0,2,2,20,0.6414473000331782,0.10325879993615672,0.5381885000970215,0.2658959537572254,0.15217391304347827,0.6878612716763006,0.15126050420168066,0.046242774566473986,0.375
lcbench_168335,lcbench,FMP,14,200,-97.80534362792969,0.13450292397660818,0.0,4,2,13,0.6420581000274979,0.11327290051849559,0.5287851995090023,0.2807017543859649,0.1875,0.6198830409356725,0.12264150943396226,0.09941520467836257,0.058823529411764705
lcbench_168335,lcbench,FMP,15,200,-95.17446899414062,0.16568047337278108,0.0,5,3,7,0.5596049000159837,0.1029749003937468,0.45662999962223694,0.42011834319526625,0.19718309859154928,0.5088757396449705,0.13953488372093023,0.07100591715976332,0.16666666666666666
lcbench_168335,lcbench,FMP,16,200,-98.66460418701172,0.1588235294117647,0.0,4,3,15,0.6294749999651685,0.11272090004058555,0.516754099924583,0.4,0.14705882352941177,0.5176470588235295,0.19318181818181818,0.08235294117647059,0.0
lcbench_168335,lcbench,FMP,17,200,-97.53782653808594,0.15517241379310345,0.0,2,1,18,0.6392472000443377,0.10317400057101622,0.5360731994733214,0.2988505747126437,0.15384615384615385,0.6839080459770115,0.15966386554621848,0.017241379310344827,0.0
lcbench_168335,lcbench,FMP,18,200,-99.38724517822266,0.14534883720930233,0.0,3,2,19,0.6711889000143856,0.10917840013280511,0.5620104998815805,0.3372093023255814,0.15517241379310345,0.6337209302325582,0.14678899082568808,0.029069767441860465,0.0
lcbench_168335,lcbench,FMP,19,200,-95.80135345458984,0.16279069767441862,0.0,3,2,13,0.5605063000111841,0.10409000015351921,0.45641629985766485,0.4186046511627907,0.19444444444444445,0.5465116279069767,0.14893617021276595,0.03488372093023256,0.0
lcbench_168868,lcbench,FMP,0,200,-99.68645477294922,0.2529411764705882,0.0,3,4,18,0.6159254000522196,0.09600499994121492,0.5199204001110047,0.5,0.3176470588235294,0.4823529411764706,0.1951219512195122,0.01764705882352941,0.0
lcbench_168868,lcbench,FMP,1,200,-99.70280456542969,0.27218934911242604,0.0,4,4,16,0.5411200000089593,0.09010760020464659,0.45101239980431274,0.5857988165680473,0.35353535353535354,0.41420118343195267,0.15714285714285714,0.0,
lcbench_168868,lcbench,FMP,2,200,-99.70318603515625,0.2235294117647059,0.0,3,4,14,0.5571397000458091,0.09487640048610047,0.4622632995597087,0.4411764705882353,0.28,0.5058823529411764,0.1744186046511628,0.052941176470588235,0.2222222222222222
lcbench_168868,lcbench,FMP,3,200,-99.68797302246094,0.2647058823529412,0.0,3,4,15,0.5387264000019059,0.09665799984941259,0.44206840015249327,0.4823529411764706,0.3170731707317073,0.4823529411764706,0.23170731707317074,0.03529411764705882,0.0
lcbench_168868,lcbench,FMP,4,200,-99.69672393798828,0.21893491124260356,0.0,4,4,10,0.5670034000067972,0.10076130036031827,0.4662420996464789,0.5502958579881657,0.24731182795698925,0.4319526627218935,0.1780821917808219,0.01775147928994083,0.3333333333333333
lcbench_168868,lcbench,FMP,5,200,-99.68417358398438,0.27325581395348836,0.0,2,3,18,0.5841828999691643,0.09379219997208565,0.4903906999970786,0.563953488372093,0.29896907216494845,0.436046511627907,0.24,0.0,
lcbench_168868,lcbench,FMP,6,200,-99.69786071777344,0.23529411764705882,0.0,3,4,16,0.6165563000249676,0.10283240000717342,0.5137239000177942,0.4588235294117647,0.2564102564102564,0.5058823529411764,0.22093023255813954,0.03529411764705882,0.16666666666666666
lcbench_168868,lcbench,FMP,7,200,-99.63285064697266,0.27485380116959063,0.0,2,4,16,0.6396487999591045,0.10358949977671728,0.5360593001823872,0.5380116959064327,0.358695652173913,0.4502923976608187,0.18181818181818182,0.011695906432748537,0.0
lcbench_168868,lcbench,FMP,8,200,-99.65679931640625,0.27058823529411763,0.0,3,4,15,0.6682148000109009,0.1300406998489052,0.5381741001619957,0.4647058823529412,0.43037974683544306,0.5294117647058824,0.13333333333333333,0.0058823529411764705,0.0
lcbench_168868,lcbench,FMP,9,200,-99.68911743164062,0.2046783625730994,0.0,2,4,15,0.5735194999724627,0.09683040017262101,0.47668909979984164,0.43859649122807015,0.26666666666666666,0.5555555555555556,0.15789473684210525,0.005847953216374269,0.0
lcbench_168868,lcbench,FMP,10,200,-99.69139862060547,0.22485207100591717,0.0,4,4,10,0.49015650001820177,0.08999470056733117,0.4001617994508706,0.47928994082840237,0.24691358024691357,0.47337278106508873,0.225,0.047337278106508875,0.0
lcbench_168868,lcbench,FMP,11,200,-99.66934204101562,0.20588235294117646,0.0,3,4,13,0.578479600022547,0.10217669943813235,0.4763029005844146,0.6,0.27450980392156865,0.4,0.10294117647058823,0.0,
lcbench_168868,lcbench,FMP,12,200,-99.6875991821289,0.27058823529411763,0.0,3,4,14,0.5741788999876007,0.09812550089554861,0.47605339909205213,0.48823529411764705,0.24096385542168675,0.49411764705882355,0.2976190476190476,0.01764705882352941,0.3333333333333333
lcbench_168868,lcbench,FMP,13,200,-99.69786071777344,0.3058823529411765,0.0,3,4,13,0.5406662999885157,0.09513079962925985,0.4455355003592558,0.6058823529411764,0.34951456310679613,0.38823529411764707,0.24242424242424243,0.0058823529411764705,0.0
lcbench_168868,lcbench,FMP,14,200,-99.69862365722656,0.25443786982248523,0.0,4,4,14,0.5976506999577396,0.10227100003976375,0.4953796999179758,0.5443786982248521,0.32608695652173914,0.4319526627218935,0.1643835616438356,0.023668639053254437,0.25
lcbench_168868,lcbench,FMP,15,200,-99.6723861694336,0.22485207100591717,0.0,4,4,10,0.4709417999838479,0.08723500021733344,0.38370679976651445,0.5562130177514792,0.2978723404255319,0.4319526627218935,0.1232876712328767,0.011834319526627219,0.5
lcbench_168868,lcbench,FMP,16,200,-99.69710540771484,0.2573099415204678,0.0,2,4,16,0.6287344000302255,0.10318040032871068,0.5255539997015148,0.49122807017543857,0.23809523809523808,0.5029239766081871,0.26744186046511625,0.005847953216374269,1.0
lcbench_168868,lcbench,FMP,17,200,-99.70394897460938,0.23529411764705882,0.0,3,4,12,0.512072499957867,0.09917809971375391,0.41289440024411306,0.5823529411764706,0.30303030303030304,0.4,0.1323529411764706,0.01764705882352941,0.3333333333333333
lcbench_168868,lcbench,FMP,18,200,-99.66326141357422,0.21176470588235294,0.0,3,4,14,0.5306650999700651,0.09890739963157102,0.43175770033849403,0.5941176470588235,0.27722772277227725,0.40588235294117647,0.11594202898550725,0.0,
lcbench_168868,lcbench,FMP,19,200,-99.70394897460938,0.1952662721893491,0.0,4,4,14,0.5628130999975838,0.09896039945306256,0.4638527005445212,0.6272189349112426,0.2641509433962264,0.3668639053254438,0.08064516129032258,0.005917159763313609,0.0
lcbench_168908,lcbench,FMP,0,200,-83.474365234375,0.14035087719298245,0.0,4,2,11,0.5893603999866173,0.10466020036255941,0.48470019962405786,0.3216374269005848,0.2727272727272727,0.52046783625731,0.10112359550561797,0.15789473684210525,0.0
lcbench_168908,lcbench,FMP,1,200,-85.62226867675781,0.13953488372093023,0.0,3,2,17,0.6335228999960236,0.10348319972399622,0.5300397002720274,0.16279069767441862,0.35714285714285715,0.7325581395348837,0.09523809523809523,0.10465116279069768,0.1111111111111111
lcbench_168908,lcbench,FMP,2,200,-82.88323211669922,0.1511627906976744,0.0,3,2,15,0.5862130000023171,0.1011451996746473,0.48506780032766983,0.27325581395348836,0.14893617021276595,0.6395348837209303,0.16363636363636364,0.0872093023255814,0.06666666666666667
lcbench_168908,lcbench,FMP,3,200,-85.5608901977539,0.1724137931034483,0.0,1,2,19,0.559976699994877,0.09408269985578954,0.46589400013908744,0.27586206896551724,0.1875,0.7068965517241379,0.17073170731707318,0.017241379310344827,0.0
lcbench_168908,lcbench,FMP,4,200,-90.04271697998047,0.16279069767441862,0.0,3,2,16,0.6629525999887846,0.10501290007960051,0.5579396999091841,0.22674418604651161,0.10256410256410256,0.7674418604651163,0.17424242424242425,0.005813953488372093,1.0
lcbench_168908,lcbench,FMP,5,200,-89.64857482910156,0.1411764705882353,0.0,4,3,14,0.573851499997545,0.09650090016657487,0.47735059983097017,0.3058823529411765,0.21153846153846154,0.6588235294117647,0.10714285714285714,0.03529411764705882,0.16666666666666666
lcbench_168908,lcbench,FMP,6,200,-82.51350402832031,0.19767441860465115,0.0,1,4,15,0.6376491999835707,0.10583900043275207,0.5318101995508187,0.3372093023255814,0.22413793103448276,0.6453488372093024,0.18018018018018017,0.01744186046511628,0.3333333333333333
lcbench_168908,lcbench,FMP,7,200,-85.45063781738281,0.16374269005847952,0.0,3,3,14,0.5695420000120066,0.09189169958699495,0.47765030042501166,0.22807017543859648,0.20512820512820512,0.7017543859649122,0.15833333333333333,0.07017543859649122,0.08333333333333333
lcbench_168908,lcbench,FMP,8,200,-82.88038635253906,0.18604651162790697,0.0,3,2,14,0.6176473999512382,0.10062529961578548,0.5170221003354527,0.32558139534883723,0.35714285714285715,0.5988372093023255,0.11650485436893204,0.0755813953488372,0.0
lcbench_168908,lcbench,FMP,9,200,-86.10704040527344,0.17714285714285713,0.0,2,0,21,0.6802536000031978,0.09782029956113547,0.5824333004420623,0.21714285714285714,0.10526315789473684,0.7142857142857143,0.208,0.06857142857142857,0.08333333333333333
lcbench_168908,lcbench,FMP,10,200,-83.81321716308594,0.12280701754385964,0.0,3,3,13,0.581388299993705,0.09983599989209324,0.48155230010161176,0.3216374269005848,0.2545454545454545,0.6081871345029239,0.0673076923076923,0.07017543859649122,0.0
lcbench_168908,lcbench,FMP,11,200,-86.09915924072266,0.12209302325581395,0.0,3,2,13,0.5286452999571338,0.09046130010392517,0.43818399985320866,0.22093023255813954,0.13157894736842105,0.6918604651162791,0.13445378151260504,0.0872093023255814,0.0
lcbench_168908,lcbench,FMP,12,200,-86.50574493408203,0.19653179190751446,0.0,2,2,17,0.4849648000090383,0.07794090016977862,0.4070238998392597,0.30057803468208094,0.19230769230769232,0.6473988439306358,0.20535714285714285,0.05202312138728324,0.1111111111111111
lcbench_168908,lcbench,FMP,13,200,-85.00296020507812,0.16091954022988506,0.0,1,2,21,0.6403616000316106,0.09577570029068738,0.5445858997409232,0.26436781609195403,0.1956521739130435,0.7068965517241379,0.14634146341463414,0.028735632183908046,0.2
lcbench_168908,lcbench,FMP,14,200,-87.41099548339844,0.11046511627906977,0.0,3,2,14,0.5649381999974139,0.0987434004782699,0.466194799519144,0.3023255813953488,0.25,0.6337209302325582,0.045871559633027525,0.06395348837209303,0.09090909090909091
lcbench_168908,lcbench,FMP,15,200,-86.34419250488281,0.2616279069767442,0.0,2,3,17,0.658853699977044,0.10187480004969984,0.5569788999273442,0.2441860465116279,0.42857142857142855,0.7558139534883721,0.2076923076923077,0.0,
lcbench_168908,lcbench,FMP,16,200,-86.65998840332031,0.1286549707602339,0.0,4,2,11,0.5585396999958903,0.09917269990546629,0.45936700009042397,0.27485380116959063,0.23404255319148937,0.6549707602339181,0.09821428571428571,0.07017543859649122,0.0
lcbench_168908,lcbench,FMP,17,200,-86.45658874511719,0.12280701754385964,0.0,4,2,14,0.5448821000172757,0.09183660056442022,0.45304549945285544,0.22807017543859648,0.1282051282051282,0.6549707602339181,0.13392857142857142,0.11695906432748537,0.05
lcbench_168908,lcbench,FMP,18,200,-84.2835693359375,0.12138728323699421,0.0,3,1,15,0.6362648999784142,0.1016081995330751,0.5346567004453391,0.2774566473988439,0.22916666666666666,0.6127167630057804,0.07547169811320754,0.10982658959537572,0.10526315789473684
lcbench_168908,lcbench,FMP,19,200,-85.0220947265625,0.15606936416184972,0.0,2,2,19,0.6724287999677472,0.09817540016956627,0.5742533997981809,0.2254335260115607,0.23076923076923078,0.7514450867052023,0.13076923076923078,0.023121387283236993,0.25
lcbench_168910,lcbench,FMP,0,200,-79.0922622680664,0.15606936416184972,0.0,3,1,15,0.6721198000013828,0.10655660013435408,0.5655631998670287,0.48554913294797686,0.15476190476190477,0.4508670520231214,0.16666666666666666,0.06358381502890173,0.09090909090909091
lcbench_168910,lcbench,FMP,1,200,-79.98977661132812,0.11046511627906977,0.0,5,0,12,0.5464505999698304,0.09326490014791489,0.4531856998219155,0.4127906976744186,0.028169014084507043,0.46511627906976744,0.2125,0.12209302325581395,0.0
lcbench_168910,lcbench,FMP,2,200,-82.4625244140625,0.15606936416184972,0.0,2,2,19,0.6916415999876335,0.10349659976782277,0.5881450002198108,0.5086705202312138,0.17045454545454544,0.4624277456647399,0.125,0.028901734104046242,0.4
lcbench_168910,lcbench,FMP,3,200,-68.83749389648438,0.18235294117647058,0.0,4,3,12,0.5289602000266314,0.09151039930293337,0.437449800723698,0.6058823529411764,0.2524271844660194,0.32941176470588235,0.08928571428571429,0.06470588235294118,0.0
lcbench_168910,lcbench,FMP,4,200,-79.79685974121094,0.23699421965317918,0.0,2,2,17,0.710918299970217,0.1084102003951557,0.6025080995750614,0.6184971098265896,0.3177570093457944,0.3468208092485549,0.11666666666666667,0.03468208092485549,0.0
lcbench_168910,lcbench,FMP,5,200,-68.9065933227539,0.2222222222222222,0.0,4,2,16,0.6598205000045709,0.10360329976538196,0.556217200239189,0.6374269005847953,0.28440366972477066,0.3508771929824561,0.11666666666666667,0.011695906432748537,0.0
lcbench_168910,lcbench,FMP,6,200,-68.3822250366211,0.22941176470588234,0.0,4,3,14,0.5635669000330381,0.09612309950171039,0.4674438005313277,0.6470588235294118,0.3,0.31176470588235294,0.09433962264150944,0.041176470588235294,0.14285714285714285
lcbench_168910,lcbench,FMP,7,200,-71.03766632080078,0.23121387283236994,0.0,2,2,18,0.6263134000473656,0.09052120009437203,0.5357921999529935,0.6242774566473989,0.3055555555555556,0.3699421965317919,0.109375,0.005780346820809248,0.0
lcbench_168910,lcbench,FMP,8,200,-71.15130615234375,0.19883040935672514,0.0,3,3,16,0.5490193000296131,0.10354420047951862,0.44547509955009446,0.7134502923976608,0.27049180327868855,0.2631578947368421,0.022222222222222223,0.023391812865497075,0.0
lcbench_168910,lcbench,FMP,9,200,-78.99727630615234,0.20809248554913296,0.0,2,2,19,0.6073053000145592,0.09540020057465881,0.5119050994399004,0.5664739884393064,0.2857142857142857,0.3988439306358382,0.10144927536231885,0.03468208092485549,0.16666666666666666
lcbench_168910,lcbench,FMP,10,200,-84.53826904296875,0.1686046511627907,0.0,4,1,16,0.5852253999910317,0.10006579995388165,0.4851596000371501,0.5813953488372093,0.19,0.38372093023255816,0.15151515151515152,0.03488372093023256,0.0
lcbench_168910,lcbench,FMP,11,200,-83.55464935302734,0.22674418604651161,0.0,3,2,16,0.6031730999820866,0.10481320018880069,0.4983598997932859,0.5523255813953488,0.24210526315789474,0.4127906976744186,0.2112676056338028,0.03488372093023256,0.16666666666666666
lcbench_168910,lcbench,FMP,12,200,-79.01506042480469,0.24855491329479767,0.0,1,3,21,0.6437300000106916,0.10395889909705147,0.5397711009136401,0.5202312138728323,0.2777777777777778,0.45664739884393063,0.22784810126582278,0.023121387283236993,0.0
lcbench_168910,lcbench,FMP,13,200,-71.60151672363281,0.25146198830409355,0.0,4,2,14,0.5718739000149071,0.09775020007509738,0.47412369993980974,0.6900584795321637,0.3050847457627119,0.2807017543859649,0.14583333333333334,0.029239766081871343,0.0
lcbench_168910,lcbench,FMP,14,200,-80.83363342285156,0.20809248554913296,0.0,3,1,19,0.5903532999800518,0.09547050012042746,0.49488279985962436,0.630057803468208,0.25688073394495414,0.3699421965317919,0.125,0.0,
lcbench_168910,lcbench,FMP,15,200,-79.47090911865234,0.19883040935672514,0.0,4,2,13,0.4827423999668099,0.08821060031186789,0.394531799654942,0.49122807017543857,0.2619047619047619,0.43859649122807015,0.14666666666666667,0.07017543859649122,0.08333333333333333
lcbench_168910,lcbench,FMP,16,200,-80.71869659423828,0.1511627906976744,0.0,3,2,15,0.594539099955,0.10533030022634193,0.48920879972865805,0.5348837209302325,0.2391304347826087,0.36046511627906974,0.06451612903225806,0.10465116279069768,0.0
lcbench_168910,lcbench,FMP,17,200,-81.20698547363281,0.1569767441860465,0.0,4,1,13,0.48764439998194575,0.08953870018012822,0.39810569980181754,0.5872093023255814,0.15841584158415842,0.3953488372093023,0.14705882352941177,0.01744186046511628,0.3333333333333333
lcbench_168910,lcbench,FMP,18,200,-70.13818359375,0.10982658959537572,0.0,4,0,16,0.5939541999832727,0.10426360025303438,0.4896905997302383,0.5260115606936416,0.16483516483516483,0.41040462427745666,0.056338028169014086,0.06358381502890173,0.0
lcbench_168910,lcbench,FMP,19,200,-82.89904022216797,0.22674418604651161,0.0,3,2,16,0.5921427000430413,0.09927079983754084,0.4928719002055004,0.6686046511627907,0.24347826086956523,0.3313953488372093,0.19298245614035087,0.0,
lcbench_189862,lcbench,FMP,0,200,-90.39754486083984,0.17341040462427745,0.0,2,2,19,0.6383747999789193,0.10320489975856617,0.5351699002203532,0.3352601156069364,0.1724137931034483,0.6127167630057804,0.1792452830188679,0.05202312138728324,0.1111111111111111
lcbench_189862,lcbench,FMP,1,200,-90.22288513183594,0.2023121387283237,0.0,3,1,17,0.665483699995093,0.10194020043127239,0.5635434995638207,0.4277456647398844,0.21621621621621623,0.5202312138728323,0.2111111111111111,0.05202312138728324,0.0
lcbench_189862,lcbench,FMP,2,200,-84.68222045898438,0.16279069767441862,0.0,3,2,14,0.6327770000207238,0.10426329978508875,0.528513700235635,0.45930232558139533,0.25316455696202533,0.4186046511627907,0.08333333333333333,0.12209302325581395,0.09523809523809523
lcbench_189862,lcbench,FMP,3,200,-89.64959716796875,0.1839080459770115,0.0,1,2,20,0.6636813000077382,0.10083849966758862,0.5628428003401496,0.4425287356321839,0.2077922077922078,0.5517241379310345,0.16666666666666666,0.005747126436781609,0.0
lcbench_189862,lcbench,FMP,4,200,-89.49754333496094,0.20930232558139536,0.0,2,3,18,0.5786762000061572,0.09358970005996525,0.4850864999461919,0.3313953488372093,0.3333333333333333,0.6395348837209303,0.15454545454545454,0.029069767441860465,0.0
lcbench_189862,lcbench,FMP,5,200,-93.81909942626953,0.14534883720930233,0.0,4,1,14,0.5419352000462823,0.09145920007722452,0.45047599996905774,0.38372093023255816,0.07575757575757576,0.5232558139534884,0.2111111111111111,0.09302325581395349,0.0625
lcbench_189862,lcbench,FMP,6,200,-93.81587982177734,0.11560693641618497,0.0,4,0,16,0.6284740000264719,0.09905729966703802,0.5294167003594339,0.42196531791907516,0.1506849315068493,0.4913294797687861,0.07058823529411765,0.08670520231213873,0.2
lcbench_189862,lcbench,FMP,7,200,-89.43508911132812,0.1686046511627907,0.0,2,3,17,0.6147936999914236,0.10779139993246645,0.5070023000589572,0.3313953488372093,0.17543859649122806,0.6395348837209303,0.17272727272727273,0.029069767441860465,0.0
lcbench_189862,lcbench,FMP,8,200,-89.57917785644531,0.16279069767441862,0.0,3,2,14,0.6092455000034533,0.10334139969199896,0.5059041003114544,0.43023255813953487,0.16216216216216217,0.5232558139534884,0.15555555555555556,0.046511627906976744,0.25
lcbench_189862,lcbench,FMP,9,200,-93.7328872680664,0.12790697674418605,0.0,5,0,12,0.5076832000049762,0.09167730010813102,0.4160058998968452,0.4186046511627907,0.125,0.4883720930232558,0.15476190476190477,0.09302325581395349,0.0
lcbench_189862,lcbench,FMP,10,200,-94.04556274414062,0.22093023255813954,0.0,4,1,14,0.5614115999778733,0.09832319989800453,0.46308840007986873,0.46511627906976744,0.15,0.5,0.3023255813953488,0.03488372093023256,0.0
lcbench_189862,lcbench,FMP,11,200,-89.44737243652344,0.2023121387283237,0.0,2,2,18,0.6073530999710783,0.09911149990512058,0.5082416000659578,0.4161849710982659,0.19444444444444445,0.5491329479768786,0.21052631578947367,0.03468208092485549,0.16666666666666666
lcbench_189862,lcbench,FMP,12,200,-89.22415161132812,0.1695906432748538,0.0,4,2,15,0.5940985000343062,0.09736439911648631,0.4967341009178199,0.43859649122807015,0.18666666666666668,0.5321637426900585,0.15384615384615385,0.029239766081871343,0.2
lcbench_189862,lcbench,FMP,13,200,-90.55181884765625,0.09941520467836257,0.0,5,1,12,0.5631159999757074,0.09743159991921857,0.4656844000564888,0.4093567251461988,0.1,0.45614035087719296,0.1282051282051282,0.13450292397660818,0.0
lcbench_189862,lcbench,FMP,14,200,-92.03185272216797,0.1871345029239766,0.0,5,1,14,0.552144400018733,0.09801820025313646,0.45412619976559654,0.42105263157894735,0.125,0.52046783625731,0.23595505617977527,0.05847953216374269,0.2
lcbench_189862,lcbench,FMP,15,200,-88.74248504638672,0.24277456647398843,0.0,3,1,17,0.6469725000206381,0.10464799957117066,0.5423245004494675,0.4161849710982659,0.2638888888888889,0.5780346820809249,0.22,0.005780346820809248,1.0
lcbench_189862,lcbench,FMP,16,200,-89.6177978515625,0.18023255813953487,0.0,3,2,14,0.5779964999528602,0.09867820044746622,0.47931829950539395,0.4418604651162791,0.21052631578947367,0.5406976744186046,0.16129032258064516,0.01744186046511628,0.0
lcbench_189862,lcbench,FMP,17,200,-89.08641052246094,0.1329479768786127,0.0,3,1,16,0.5589649999747053,0.09301130013773218,0.4659536998369731,0.3468208092485549,0.1,0.5606936416184971,0.16494845360824742,0.09248554913294797,0.0625
lcbench_189862,lcbench,FMP,18,200,-89.26500701904297,0.12209302325581395,0.0,3,2,16,0.6620540999574587,0.1073385002091527,0.554715599748306,0.3313953488372093,0.14035087719298245,0.5755813953488372,0.13131313131313133,0.09302325581395349,0.0
lcbench_189862,lcbench,FMP,19,200,-89.98812103271484,0.19186046511627908,0.0,3,2,14,0.6175499999662861,0.10719339974457398,0.5103566002217121,0.4476744186046512,0.19480519480519481,0.5290697674418605,0.18681318681318682,0.023255813953488372,0.25
lcbench_189865,lcbench,FMP,0,200,-97.07234954833984,0.29069767441860467,0.0,3,2,19,0.5634264000109397,0.0880591002642177,0.475367299746722,0.7034883720930233,0.3305785123966942,0.27325581395348836,0.2127659574468085,0.023255813953488372,0.0
lcbench_189865,lcbench,FMP,1,200,-96.6894760131836,0.16374269005847952,0.0,4,2,13,0.5884165000170469,0.1046194004593417,0.4837970995577052,0.5672514619883041,0.23711340206185566,0.3684210526315789,0.06349206349206349,0.06432748538011696,0.09090909090909091
lcbench_189865,lcbench,FMP,2,200,-98.10502624511719,0.27325581395348836,0.0,3,2,16,0.5215989000280388,0.08789110026555136,0.4337077997624874,0.7093023255813954,0.30327868852459017,0.2558139534883721,0.22727272727272727,0.03488372093023256,0.0
lcbench_189865,lcbench,FMP,3,200,-98.02123260498047,0.3160919540229885,0.0,1,2,21,0.684585600043647,0.10520380042726174,0.5793817996163853,0.6666666666666666,0.29310344827586204,0.3333333333333333,0.3620689655172414,0.0,
lcbench_189865,lcbench,FMP,4,200,-97.72553253173828,0.19298245614035087,0.0,2,4,19,0.5635609999881126,0.09026069950778037,0.4733003004803322,0.6491228070175439,0.21621621621621623,0.2982456140350877,0.1568627450980392,0.05263157894736842,0.1111111111111111
lcbench_189865,lcbench,FMP,5,200,-97.67521667480469,0.16374269005847952,0.0,3,3,14,0.5866894999635406,0.10306030017090961,0.48362919979263097,0.6608187134502924,0.1592920353982301,0.3333333333333333,0.17543859649122806,0.005847953216374269,0.0
lcbench_189865,lcbench,FMP,6,200,-98.38835906982422,0.19298245614035087,0.0,3,3,14,0.6216401999699883,0.1071431998279877,0.5144970001420006,0.672514619883041,0.21739130434782608,0.30409356725146197,0.1346153846153846,0.023391812865497075,0.25
lcbench_189865,lcbench,FMP,7,200,-95.28962707519531,0.17647058823529413,0.0,3,4,14,0.5341559000080451,0.08851400011917576,0.4456418998888694,0.6823529411764706,0.1810344827586207,0.27647058823529413,0.14893617021276595,0.041176470588235294,0.2857142857142857
lcbench_189865,lcbench,FMP,8,200,-97.78519439697266,0.1588235294117647,0.0,4,3,15,0.5326835999730974,0.09284909995039925,0.4398345000226982,0.6176470588235294,0.18095238095238095,0.31176470588235294,0.11320754716981132,0.07058823529411765,0.16666666666666666
lcbench_189865,lcbench,FMP,9,200,-98.28520202636719,0.21764705882352942,0.0,4,3,10,0.5274697999702767,0.09671429981244728,0.4307555001578294,0.6176470588235294,0.24761904761904763,0.35294117647058826,0.18333333333333332,0.029411764705882353,0.0
lcbench_189865,lcbench,FMP,10,200,-97.61822509765625,0.27058823529411763,0.0,4,3,9,0.48824360000435263,0.09367250005016103,0.3945710999541916,0.711764705882353,0.2892561983471074,0.28823529411764703,0.22448979591836735,0.0,
lcbench_189865,lcbench,FMP,11,200,-96.6470718383789,0.16374269005847952,0.0,2,4,19,0.584138999984134,0.09132630005478859,0.4928126999293454,0.6900584795321637,0.22033898305084745,0.30994152046783624,0.03773584905660377,0.0,
lcbench_189865,lcbench,FMP,12,200,-95.77102661132812,0.1695906432748538,0.0,3,3,16,0.5720472999964841,0.0925886994227767,0.47945860057370737,0.6842105263157895,0.1794871794871795,0.28654970760233917,0.16326530612244897,0.029239766081871343,0.0
lcbench_189865,lcbench,FMP,13,200,-98.06311798095703,0.21052631578947367,0.0,3,3,16,0.6261872000177391,0.10202609986299649,0.5241611001547426,0.7251461988304093,0.25806451612903225,0.24561403508771928,0.07142857142857142,0.029239766081871343,0.2
lcbench_189865,lcbench,FMP,14,200,-96.82788848876953,0.2138728323699422,0.0,3,1,18,0.6029860999551602,0.0924461996764876,0.5105399002786726,0.6878612716763006,0.2184873949579832,0.2774566473988439,0.20833333333333334,0.03468208092485549,0.16666666666666666
lcbench_189865,lcbench,FMP,15,200,-98.54988098144531,0.22807017543859648,0.0,3,3,14,0.661649799963925,0.11226609983714297,0.5493837001267821,0.6023391812865497,0.23300970873786409,0.32748538011695905,0.26785714285714285,0.07017543859649122,0.0
lcbench_189865,lcbench,FMP,16,200,-97.42105865478516,0.2,0.0,3,4,13,0.5720462999888696,0.09893319942057133,0.47311310056829825,0.7,0.226890756302521,0.2823529411764706,0.14583333333333334,0.01764705882352941,0.0
lcbench_189865,lcbench,FMP,17,200,-98.4401626586914,0.17543859649122806,0.0,4,2,14,0.6183828999637626,0.10902060009539127,0.5093622998683713,0.6374269005847953,0.23853211009174313,0.3391812865497076,0.06896551724137931,0.023391812865497075,0.0
lcbench_189865,lcbench,FMP,18,200,-97.69831848144531,0.21176470588235294,0.0,3,4,14,0.6431806000182405,0.1087722999509424,0.5344083000672981,0.6764705882352942,0.2608695652173913,0.3235294117647059,0.10909090909090909,0.0,
lcbench_189865,lcbench,FMP,19,200,-98.30919647216797,0.19186046511627908,0.0,3,2,14,0.6051823000307195,0.09974250040249899,0.5054397996282205,0.6744186046511628,0.25862068965517243,0.26744186046511625,0.06521739130434782,0.05813953488372093,0.0
lcbench_189873,lcbench,FMP,0,200,-91.45475006103516,0.16279069767441862,0.0,4,1,15,0.5966683000442572,0.10404969984665513,0.49261860019760206,0.5058139534883721,0.1839080459770115,0.46511627906976744,0.1375,0.029069767441860465,0.2
lcbench_189873,lcbench,FMP,1,200,-91.36897277832031,0.08092485549132948,0.0,4,0,17,0.5467844000086188,0.09422550001181662,0.4525588999968022,0.5028901734104047,0.09195402298850575,0.4277456647398844,0.05405405405405406,0.06936416184971098,0.16666666666666666
lcbench_189873,lcbench,FMP,2,200,-93.10816955566406,0.14450867052023122,0.0,4,0,15,0.6137389999930747,0.10438790055923164,0.509351099433843,0.45664739884393063,0.13924050632911392,0.4797687861271676,0.1566265060240964,0.06358381502890173,0.09090909090909091
lcbench_189873,lcbench,FMP,3,200,-94.53870391845703,0.15606936416184972,0.0,3,1,18,0.6365246000350453,0.10154930042335764,0.5349752996116877,0.45664739884393063,0.3037974683544304,0.5086705202312138,0.03409090909090909,0.03468208092485549,0.0
lcbench_189873,lcbench,FMP,4,200,-93.73574829101562,0.0935672514619883,0.0,5,1,14,0.5519957999931648,0.09412300074473023,0.4578727992484346,0.47953216374269003,0.08536585365853659,0.4678362573099415,0.1125,0.05263157894736842,0.0
lcbench_189873,lcbench,FMP,5,200,-92.94068145751953,0.11046511627906977,0.0,5,0,12,0.5414438000298105,0.09320579975610599,0.44823800027370453,0.5058139534883721,0.12643678160919541,0.46511627906976744,0.1,0.029069767441860465,0.0
lcbench_189873,lcbench,FMP,6,200,-93.09468078613281,0.22413793103448276,0.0,2,1,19,0.689411100000143,0.11102660041069612,0.5783844995894469,0.45977011494252873,0.2375,0.5229885057471264,0.2087912087912088,0.017241379310344827,0.3333333333333333
lcbench_189873,lcbench,FMP,7,200,-92.534912109375,0.1206896551724138,0.0,3,0,18,0.5808439000393264,0.09408600034657866,0.48675789969274774,0.4942528735632184,0.12790697674418605,0.47701149425287354,0.0963855421686747,0.028735632183908046,0.4
lcbench_189873,lcbench,FMP,8,200,-91.81094360351562,0.1511627906976744,0.0,4,1,14,0.521879700012505,0.09751289995620027,0.4243668000563048,0.4127906976744186,0.16901408450704225,0.5290697674418605,0.15384615384615385,0.05813953488372093,0.0
lcbench_189873,lcbench,FMP,9,200,-93.85955047607422,0.08771929824561403,0.0,6,0,12,0.4995900000212714,0.09312230028444901,0.4064676997368224,0.39766081871345027,0.11764705882352941,0.4678362573099415,0.0625,0.13450292397660818,0.08695652173913043
lcbench_189873,lcbench,FMP,10,200,-93.44441986083984,0.13450292397660818,0.0,5,1,14,0.5994740000460297,0.10162049968494102,0.49785350036108866,0.4853801169590643,0.12048192771084337,0.4269005847953216,0.1506849315068493,0.08771929824561403,0.13333333333333333
lcbench_189873,lcbench,FMP,11,200,-93.81767272949219,0.08187134502923976,0.0,5,1,12,0.5434869999880902,0.09751290018903092,0.44597409979905933,0.4502923976608187,0.09090909090909091,0.4678362573099415,0.0875,0.08187134502923976,0.0
lcbench_189873,lcbench,FMP,12,200,-88.72589874267578,0.12280701754385964,0.0,5,1,11,0.5396119999932125,0.1011632006848231,0.4384487993083894,0.391812865497076,0.22388059701492538,0.5497076023391813,0.06382978723404255,0.05847953216374269,0.0
lcbench_189873,lcbench,FMP,13,200,-93.12238311767578,0.13953488372093023,0.0,5,0,14,0.5779832999687642,0.09669420029968023,0.48128909966908395,0.47674418604651164,0.13414634146341464,0.45930232558139533,0.16455696202531644,0.06395348837209303,0.0
lcbench_189873,lcbench,FMP,14,200,-89.8666763305664,0.1839080459770115,0.0,2,1,19,0.5928342000115663,0.09399090043734759,0.4988432995742187,0.4367816091954023,0.27631578947368424,0.5344827586206896,0.10752688172043011,0.028735632183908046,0.2
lcbench_189873,lcbench,FMP,15,200,-87.58924102783203,0.12716763005780346,0.0,4,0,15,0.5258124000392854,0.09657359984703362,0.4292388001922518,0.4624277456647399,0.1875,0.47398843930635837,0.06097560975609756,0.06358381502890173,0.18181818181818182
lcbench_189873,lcbench,FMP,16,200,-89.8073959350586,0.10465116279069768,0.0,5,0,13,0.6056375000043772,0.10405010025715455,0.5015873997472227,0.3081395348837209,0.1509433962264151,0.5988372093023255,0.08737864077669903,0.09302325581395349,0.0625
lcbench_189873,lcbench,FMP,17,200,-96.09819793701172,0.1791907514450867,0.0,3,1,17,0.5805961000151001,0.09672960016177967,0.4838664998533204,0.3872832369942196,0.208955223880597,0.5144508670520231,0.15730337078651685,0.09826589595375723,0.17647058823529413
lcbench_189873,lcbench,FMP,18,200,-93.65103912353516,0.09941520467836257,0.0,5,1,12,0.5894950999645516,0.10681270027998835,0.4826823996845633,0.4093567251461988,0.14285714285714285,0.52046783625731,0.06741573033707865,0.07017543859649122,0.08333333333333333
lcbench_189873,lcbench,FMP,19,200,-94.82801818847656,0.14367816091954022,0.0,3,0,20,0.7206175000173971,0.10724239982664585,0.6133751001907513,0.5459770114942529,0.21052631578947367,0.41954022988505746,0.0410958904109589,0.034482758620689655,0.3333333333333333
lcbench_189906,lcbench,FMP,0,200,-93.74039459228516,0.14035087719298245,0.0,4,2,14,0.5924442000105046,0.10246190044563264,0.48998229956487194,0.5146198830409356,0.17045454545454544,0.4269005847953216,0.1232876712328767,0.05847953216374269,0.0
lcbench_189906,lcbench,FMP,1,200,-94.03228759765625,0.18604651162790697,0.0,3,2,14,0.5514114999677986,0.09234590054256842,0.4590655994252302,0.5872093023255814,0.22772277227722773,0.38953488372093026,0.11940298507462686,0.023255813953488372,0.25
lcbench_189906,lcbench,FMP,2,200,-92.44176483154297,0.21965317919075145,0.0,2,2,18,0.5218010000535287,0.08646379964193329,0.4353372004115954,0.6358381502890174,0.2,0.31213872832369943,0.2777777777777778,0.05202312138728324,0.1111111111111111
lcbench_189906,lcbench,FMP,3,200,-92.68929290771484,0.25,0.0,3,2,17,0.6576082999818027,0.1083345000515692,0.5492737999302335,0.622093023255814,0.3364485981308411,0.37790697674418605,0.1076923076923077,0.0,
lcbench_189906,lcbench,FMP,4,200,-92.55644226074219,0.18128654970760233,0.0,4,2,14,0.566388699982781,0.10005440015811473,0.46633429982466623,0.6140350877192983,0.24761904761904763,0.3391812865497076,0.06896551724137931,0.04678362573099415,0.125
lcbench_189906,lcbench,FMP,5,200,-94.0165023803711,0.20118343195266272,0.0,4,4,10,0.4872464000363834,0.08905820001382381,0.3981882000225596,0.5325443786982249,0.2,0.44970414201183434,0.21052631578947367,0.01775147928994083,0.0
lcbench_189906,lcbench,FMP,6,200,-93.45867919921875,0.16184971098265896,0.0,3,1,18,0.5658499000128359,0.0958209996460937,0.47002890036674216,0.6647398843930635,0.20869565217391303,0.27167630057803466,0.06382978723404255,0.06358381502890173,0.09090909090909091
lcbench_189906,lcbench,FMP,7,200,-93.39845275878906,0.15606936416184972,0.0,2,2,18,0.6002410000073723,0.09403979952912778,0.5062012004782446,0.5606936416184971,0.18556701030927836,0.42196531791907516,0.1232876712328767,0.017341040462427744,0.0
lcbench_189906,lcbench,FMP,8,200,-91.45161437988281,0.11046511627906977,0.0,3,2,15,0.6463588000042364,0.1091356998658739,0.5372231001383625,0.5755813953488372,0.16161616161616163,0.3488372093023256,0.016666666666666666,0.0755813953488372,0.15384615384615385
lcbench_189906,lcbench,FMP,9,200,-93.81301879882812,0.22674418604651161,0.0,2,3,16,0.6200253000133671,0.12471739912871271,0.4953079008846544,0.5697674418604651,0.22448979591836735,0.4011627906976744,0.2318840579710145,0.029069767441860465,0.2
lcbench_189906,lcbench,FMP,10,200,-94.10728454589844,0.13529411764705881,0.0,5,2,10,0.6256884000031278,0.12365580012556165,0.5020325998775661,0.5823529411764706,0.1414141414141414,0.3058823529411765,0.17307692307692307,0.11176470588235295,0.0
lcbench_189906,lcbench,FMP,11,200,-91.85648345947266,0.1569767441860465,0.0,3,2,17,0.5514752000453882,0.0966289002681151,0.4548462997772731,0.6569767441860465,0.18584070796460178,0.3372093023255814,0.10344827586206896,0.005813953488372093,0.0
lcbench_189906,lcbench,FMP,12,200,-91.4634780883789,0.2138728323699422,0.0,2,2,16,0.6549287000088952,0.11562379979295656,0.5393049002159387,0.6069364161849711,0.29523809523809524,0.3930635838150289,0.08823529411764706,0.0,
lcbench_189906,lcbench,FMP,13,200,-93.81731414794922,0.1896551724137931,0.0,1,2,18,0.6631612000055611,0.11173079954460263,0.5514304004609585,0.6264367816091954,0.1926605504587156,0.3448275862068966,0.2,0.028735632183908046,0.0
lcbench_189906,lcbench,FMP,14,200,-93.72824096679688,0.23255813953488372,0.0,4,1,13,0.5716634000418708,0.09897350007668138,0.4726898999651894,0.6744186046511628,0.25,0.27906976744186046,0.20833333333333334,0.046511627906976744,0.125
lcbench_189906,lcbench,FMP,15,200,-91.48545837402344,0.21511627906976744,0.0,2,3,16,0.6413083999650553,0.11210920003941283,0.5291991999256425,0.6162790697674418,0.2169811320754717,0.38372093023255816,0.21212121212121213,0.0,
lcbench_189906,lcbench,FMP,16,200,-92.1066665649414,0.21176470588235294,0.0,4,3,10,0.6044030000339262,0.11299530055839568,0.49140769947553053,0.6529411764705882,0.2072072072072072,0.3352941176470588,0.21052631578947367,0.011764705882352941,0.5
lcbench_189906,lcbench,FMP,17,200,-93.88103485107422,0.13872832369942195,0.0,4,0,16,0.6348566000233404,0.10860640060855076,0.5262501994147897,0.5317919075144508,0.16304347826086957,0.3583815028901734,0.14516129032258066,0.10982658959537572,0.0
lcbench_189906,lcbench,FMP,18,200,-93.41270446777344,0.1569767441860465,0.0,3,2,14,0.6456047999672592,0.11249130027135834,0.5331134996959008,0.622093023255814,0.21495327102803738,0.3081395348837209,0.07547169811320754,0.06976744186046512,0.0
lcbench_189906,lcbench,FMP,19,200,-93.49576568603516,0.2222222222222222,0.0,4,2,12,0.5664357999921776,0.10868890030542389,0.45774689968675375,0.5497076023391813,0.26595744680851063,0.4093567251461988,0.18571428571428572,0.04093567251461988,0.0
lcbench_189908,lcbench,FMP,0,200,-91.84352111816406,0.19298245614035087,0.0,3,3,15,0.5899940999806859,0.09895050007617101,0.49104359990451485,0.34502923976608185,0.1694915254237288,0.6257309941520468,0.205607476635514,0.029239766081871343,0.2
lcbench_189908,lcbench,FMP,1,200,-93.9372787475586,0.19653179190751446,0.0,2,2,17,0.6381589000229724,0.1011017004493624,0.53705719957361,0.5086705202312138,0.19318181818181818,0.4682080924855491,0.20987654320987653,0.023121387283236993,0.0
lcbench_189908,lcbench,FMP,2,200,-91.61432647705078,0.1676300578034682,0.0,4,0,18,0.6347658000304364,0.10148210008628666,0.5332836999441497,0.4913294797687861,0.18823529411764706,0.4682080924855491,0.14814814814814814,0.04046242774566474,0.14285714285714285
lcbench_189908,lcbench,FMP,3,200,-92.05818939208984,0.21264367816091953,0.0,1,2,21,0.7048716999706812,0.103096800041385,0.6017748999292962,0.47126436781609193,0.15853658536585366,0.5172413793103449,0.25555555555555554,0.011494252873563218,0.5
lcbench_189908,lcbench,FMP,4,200,-91.84561920166016,0.14619883040935672,0.0,4,2,13,0.476875199994538,0.08087409957079217,0.3960011004237458,0.4093567251461988,0.11428571428571428,0.5146198830409356,0.17045454545454544,0.07602339181286549,0.15384615384615385
lcbench_189908,lcbench,FMP,5,200,-91.49732208251953,0.24705882352941178,0.0,3,4,13,0.5392391000059433,0.09342779952567071,0.4458113004802726,0.49411764705882355,0.2261904761904762,0.4588235294117647,0.2948717948717949,0.047058823529411764,0.0
lcbench_189908,lcbench,FMP,6,200,-91.46417236328125,0.17341040462427745,0.0,4,0,16,0.6278252999763936,0.1016217996366322,0.5262035003397614,0.4161849710982659,0.20833333333333334,0.5491329479768786,0.14736842105263157,0.03468208092485549,0.16666666666666666
lcbench_189908,lcbench,FMP,7,200,-91.14339447021484,0.20930232558139536,0.0,3,2,15,0.6342277000076137,0.1003913008607924,0.5338363991468213,0.5232558139534884,0.15555555555555556,0.45930232558139533,0.26582278481012656,0.01744186046511628,0.3333333333333333
lcbench_189908,lcbench,FMP,8,200,-91.3877944946289,0.23529411764705882,0.0,4,3,13,0.5512639000080526,0.0985890002339147,0.4526748997741379,0.40588235294117647,0.2753623188405797,0.5823529411764706,0.1919191919191919,0.011764705882352941,1.0
lcbench_189908,lcbench,FMP,9,200,-91.88907623291016,0.14705882352941177,0.0,4,3,13,0.5583502000081353,0.10121330030960962,0.45713689969852567,0.5176470588235295,0.18181818181818182,0.4235294117647059,0.125,0.058823529411764705,0.0
lcbench_189908,lcbench,FMP,10,200,-91.23383331298828,0.23255813953488372,0.0,3,2,15,0.6650425000116229,0.1139570998493582,0.5510854001622647,0.38953488372093026,0.19402985074626866,0.5755813953488372,0.2727272727272727,0.03488372093023256,0.0
lcbench_189908,lcbench,FMP,11,200,-91.2888412475586,0.3235294117647059,0.0,3,4,11,0.5411684999708086,0.09874970040982589,0.44241879956098273,0.5941176470588235,0.297029702970297,0.40588235294117647,0.36231884057971014,0.0,
lcbench_189908,lcbench,FMP,12,200,-91.36373901367188,0.12138728323699421,0.0,3,1,17,0.6479259000043385,0.10439539869548753,0.5435305013088509,0.3872832369942196,0.11940298507462686,0.5722543352601156,0.1111111111111111,0.04046242774566474,0.2857142857142857
lcbench_189908,lcbench,FMP,13,200,-92.81702423095703,0.12790697674418605,0.0,3,2,17,0.5043925000354648,0.08456630050204694,0.4198261995334178,0.47093023255813954,0.12345679012345678,0.4883720930232558,0.14285714285714285,0.040697674418604654,0.0
lcbench_189908,lcbench,FMP,14,200,-91.597900390625,0.23976608187134502,0.0,2,4,16,0.5886709000333212,0.09892170020611957,0.48974919982720166,0.47953216374269003,0.2682926829268293,0.49707602339181284,0.2235294117647059,0.023391812865497075,0.0
lcbench_189908,lcbench,FMP,15,200,-91.80323791503906,0.19298245614035087,0.0,4,2,14,0.5355171000119299,0.09178300003986806,0.4437340999720618,0.5497076023391813,0.2127659574468085,0.4327485380116959,0.17567567567567569,0.017543859649122806,0.0
lcbench_189908,lcbench,FMP,16,200,-92.0778579711914,0.20930232558139536,0.0,3,2,17,0.6425964999943972,0.10282999975606799,0.5397665002383292,0.42441860465116277,0.1917808219178082,0.5406976744186046,0.22580645161290322,0.03488372093023256,0.16666666666666666
lcbench_189908,lcbench,FMP,17,200,-95.18282318115234,0.2023121387283237,0.0,4,0,17,0.6369855999946594,0.09972150000976399,0.5372640999848954,0.6358381502890174,0.23636363636363636,0.32947976878612717,0.14035087719298245,0.03468208092485549,0.16666666666666666
lcbench_189908,lcbench,FMP,18,200,-92.05362701416016,0.14534883720930233,0.0,3,2,12,0.47838190000038594,0.09095489996252581,0.3874270000378601,0.45930232558139533,0.13924050632911392,0.5116279069767442,0.14772727272727273,0.029069767441860465,0.2
lcbench_189908,lcbench,FMP,19,200,-93.73753356933594,0.1744186046511628,0.0,3,2,15,0.5778919000294991,0.1017046999768354,0.4761872000526637,0.4476744186046512,0.23376623376623376,0.4883720930232558,0.13095238095238096,0.06395348837209303,0.09090909090909091
lcbench_34539,lcbench,FMP,0,200,-99.01715087890625,0.36257309941520466,0.0,3,3,17,0.7075116999913007,0.1317179002217017,0.575793799769599,0.7251461988304093,0.3709677419354839,0.27485380116959063,0.3404255319148936,0.0,
lcbench_34539,lcbench,FMP,1,200,-98.96315002441406,0.26744186046511625,0.0,2,3,17,0.5569607999641448,0.09776540019083768,0.45919539977330714,0.7209302325581395,0.33064516129032256,0.27325581395348836,0.0851063829787234,0.005813953488372093,1.0
lcbench_34539,lcbench,FMP,2,200,-98.97220611572266,0.31176470588235294,0.0,3,4,12,0.5664374000043608,0.10038910014554858,0.46604829985881224,0.6294117647058823,0.3177570093457944,0.37058823529411766,0.30158730158730157,0.0,
lcbench_34539,lcbench,FMP,3,200,-98.9669189453125,0.27485380116959063,0.0,3,3,17,0.6298179000150412,0.10297519993036985,0.5268427000846714,0.7309941520467836,0.312,0.26900584795321636,0.17391304347826086,0.0,
lcbench_34539,lcbench,FMP,4,200,-98.9250259399414,0.3,0.0,3,4,12,0.6089172000065446,0.10223190014949068,0.5066852998570539,0.7352941176470589,0.32,0.2647058823529412,0.24444444444444444,0.0,
lcbench_34539,lcbench,FMP,5,200,-98.88729858398438,0.29411764705882354,0.0,4,3,10,0.5104033999959938,0.09020799997961149,0.42019540001638234,0.7411764705882353,0.2857142857142857,0.24705882352941178,0.30952380952380953,0.011764705882352941,0.5
lcbench_34539,lcbench,FMP,6,200,-99.10822296142578,0.30409356725146197,0.0,3,3,15,0.5877714999951422,0.09978919988498092,0.4879823001101613,0.7309941520467836,0.272,0.26900584795321636,0.391304347826087,0.0,
lcbench_34539,lcbench,FMP,7,200,-99.03868103027344,0.24705882352941178,0.0,3,4,15,0.5417222999967635,0.09368550009094179,0.4480367999058217,0.6352941176470588,0.32407407407407407,0.3235294117647059,0.10909090909090909,0.041176470588235294,0.14285714285714285
lcbench_34539,lcbench,FMP,8,200,-98.85636901855469,0.2616279069767442,0.0,2,3,16,0.5869554000091739,0.0992271002032794,0.4877282998058945,0.627906976744186,0.28703703703703703,0.37209302325581395,0.21875,0.0,
lcbench_34539,lcbench,FMP,9,200,-98.87069702148438,0.20348837209302326,0.0,2,3,18,0.5831964999670163,0.0945154995424673,0.488681000424549,0.6162790697674418,0.2169811320754717,0.3488372093023256,0.2,0.03488372093023256,0.0
lcbench_34539,lcbench,FMP,10,200,-98.9423828125,0.29651162790697677,0.0,2,3,18,0.5721664999728091,0.09154930000659078,0.4806171999662183,0.6046511627906976,0.3269230769230769,0.36627906976744184,0.23809523809523808,0.029069767441860465,0.4
lcbench_34539,lcbench,FMP,11,200,-98.96427917480469,0.34502923976608185,0.0,2,4,17,0.60979200003203,0.10361789999296889,0.5061741000390612,0.7251461988304093,0.3790322580645161,0.27485380116959063,0.2553191489361702,0.0,
lcbench_34539,lcbench,FMP,12,200,-98.95333099365234,0.24260355029585798,0.0,4,4,11,0.5323070000158623,0.09465889993589371,0.43764810007996857,0.7100591715976331,0.31666666666666665,0.25443786982248523,0.06976744186046512,0.03550295857988166,0.0
lcbench_34539,lcbench,FMP,13,200,-99.01487731933594,0.29651162790697677,0.0,2,3,17,0.5822951000300236,0.09286950062960386,0.48942559940041974,0.627906976744186,0.3148148148148148,0.37209302325581395,0.265625,0.0,
lcbench_34539,lcbench,FMP,14,200,-99.02696990966797,0.3430232558139535,0.0,2,3,16,0.5306964999763295,0.08540320012252778,0.4452932998538017,0.7732558139534884,0.40601503759398494,0.22674418604651161,0.1282051282051282,0.0,
lcbench_34539,lcbench,FMP,15,200,-98.98504638671875,0.28994082840236685,0.0,4,4,10,0.5540762000018731,0.09890960017219186,0.4551665998296812,0.6863905325443787,0.3017241379310345,0.3076923076923077,0.2692307692307692,0.005917159763313609,0.0
lcbench_34539,lcbench,FMP,16,200,-99.023193359375,0.27647058823529413,0.0,3,4,11,0.5383576000458561,0.10322999983327463,0.43512760021258146,0.7235294117647059,0.2926829268292683,0.27647058823529413,0.23404255319148937,0.0,
lcbench_34539,lcbench,FMP,17,200,-98.86768341064453,0.3216374269005848,0.0,2,4,18,0.5722443999839015,0.09241120028309524,0.4798331997008063,0.7602339181286549,0.33076923076923076,0.23976608187134502,0.2926829268292683,0.0,
lcbench_34539,lcbench,FMP,18,200,-99.03943634033203,0.3,0.0,3,4,13,0.5396083000232466,0.10022979998029768,0.43937850004294887,0.6588235294117647,0.29464285714285715,0.3352941176470588,0.3157894736842105,0.0058823529411764705,0.0
lcbench_34539,lcbench,FMP,19,200,-98.98014068603516,0.27058823529411763,0.0,4,3,14,0.6000517000211403,0.11216059990692884,0.48789110011421144,0.7,0.3025210084033613,0.3,0.19607843137254902,0.0,
lcbench_3945,lcbench,FMP,0,200,-99.58914947509766,0.3,0.0,3,4,12,0.6059856999781914,0.10510429972782731,0.5008814002503641,0.7,0.3445378151260504,0.29411764705882354,0.18,0.0058823529411764705,1.0
lcbench_3945,lcbench,FMP,1,200,-99.60282897949219,0.3136094674556213,0.0,4,4,11,0.5279810000211,0.09390970005188137,0.43407129996921867,0.7218934911242604,0.36885245901639346,0.2485207100591716,0.19047619047619047,0.029585798816568046,0.0
lcbench_3945,lcbench,FMP,2,200,-99.60016632080078,0.24705882352941178,0.0,3,4,17,0.7180023999535479,0.11591129988664761,0.6020911000669003,0.6647058823529411,0.25663716814159293,0.3352941176470588,0.22807017543859648,0.0,
lcbench_3945,lcbench,FMP,3,200,-99.58839416503906,0.26900584795321636,0.0,2,4,18,0.5317817000322975,0.08827940002083778,0.44350230001145974,0.7192982456140351,0.3333333333333333,0.26900584795321636,0.08695652173913043,0.011695906432748537,0.5
lcbench_3945,lcbench,FMP,4,200,-99.60586547851562,0.30177514792899407,0.0,4,4,9,0.5451813000254333,0.0970535995438695,0.4481277004815638,0.7041420118343196,0.3025210084033613,0.2958579881656805,0.3,0.0,
lcbench_3945,lcbench,FMP,5,200,-99.618408203125,0.37058823529411766,0.0,3,4,12,0.570490800018888,0.10210500011453405,0.4683857999043539,0.7470588235294118,0.36220472440944884,0.2529411764705882,0.3953488372093023,0.0,
lcbench_3945,lcbench,FMP,6,200,-99.6054916381836,0.28402366863905326,0.0,4,4,10,0.5104026999906637,0.0921125000459142,0.4182901999447495,0.7514792899408284,0.31496062992125984,0.2485207100591716,0.19047619047619047,0.0,
lcbench_3945,lcbench,FMP,7,200,-99.60928344726562,0.31952662721893493,0.0,4,4,11,0.537553799978923,0.09070000046631321,0.44685379951260984,0.7455621301775148,0.3253968253968254,0.25443786982248523,0.3023255813953488,0.0,
lcbench_3945,lcbench,FMP,8,200,-99.58345031738281,0.3391812865497076,0.0,2,4,18,0.6189318000106141,0.10098380054114386,0.5179479994694702,0.7426900584795322,0.3937007874015748,0.2573099415204678,0.18181818181818182,0.0,
lcbench_3945,lcbench,FMP,9,200,-99.6054916381836,0.29239766081871343,0.0,3,3,17,0.6438178999815136,0.10748669976601377,0.5363312002154998,0.7251461988304093,0.3709677419354839,0.23976608187134502,0.0975609756097561,0.03508771929824561,0.0
lcbench_3945,lcbench,FMP,10,200,-99.57965087890625,0.36470588235294116,0.0,4,3,10,0.5046874000108801,0.0927379002678208,0.4119494997430593,0.6823529411764706,0.35344827586206895,0.3176470588235294,0.3888888888888889,0.0,
lcbench_3945,lcbench,FMP,11,200,-99.60624694824219,0.31176470588235294,0.0,4,3,15,0.5051650999812409,0.08777230023406446,0.41739279974717647,0.7235294117647059,0.2926829268292683,0.27647058823529413,0.3617021276595745,0.0,
lcbench_3945,lcbench,FMP,12,200,-99.614990234375,0.33136094674556216,0.0,4,4,12,0.5219747999799438,0.09520070033613592,0.42677409964380786,0.7751479289940828,0.366412213740458,0.21301775147928995,0.19444444444444445,0.011834319526627219,0.5
lcbench_3945,lcbench,FMP,13,200,-99.58953094482422,0.3352941176470588,0.0,3,4,14,0.5952230999828316,0.10440650006057695,0.4908165999222547,0.7176470588235294,0.3524590163934426,0.2823529411764706,0.2916666666666667,0.0,
lcbench_3945,lcbench,FMP,14,200,-99.6054916381836,0.27485380116959063,0.0,2,4,17,0.5992324000108056,0.10026669973740354,0.49896570027340204,0.7543859649122807,0.3333333333333333,0.23391812865497075,0.1,0.011695906432748537,0.0
lcbench_3945,lcbench,FMP,15,200,-99.5648422241211,0.3588235294117647,0.0,3,4,14,0.5206036000163294,0.09284869965631515,0.4277549003600143,0.8,0.39705882352941174,0.2,0.20588235294117646,0.0,
lcbench_3945,lcbench,FMP,16,200,-99.5914306640625,0.35502958579881655,0.0,4,4,12,0.5372166999732144,0.10011829948052764,0.4370984004926868,0.7100591715976331,0.38333333333333336,0.28994082840236685,0.2857142857142857,0.0,
lcbench_3945,lcbench,FMP,17,200,-99.58914947509766,0.32941176470588235,0.0,3,4,17,0.5549777999985963,0.0933713000267744,0.4616064999718219,0.7411764705882353,0.373015873015873,0.24705882352941178,0.21428571428571427,0.011764705882352941,0.0
lcbench_3945,lcbench,FMP,18,200,-99.57015991210938,0.3058823529411765,0.0,4,3,14,0.6422029000241309,0.11151209997478873,0.5306908000493422,0.6647058823529411,0.3185840707964602,0.3352941176470588,0.2807017543859649,0.0,
lcbench_3945,lcbench,FMP,19,200,-99.59181213378906,0.38461538461538464,0.0,4,4,10,0.5897801999817602,0.10984800022561103,0.4799321997561492,0.6982248520710059,0.4067796610169492,0.30177514792899407,0.3333333333333333,0.0,
lcbench_7593,lcbench,FMP,0,200,-85.5537109375,0.11494252873563218,0.0,2,1,18,0.6495877000270411,0.09839189948979765,0.5511958005372435,0.3850574712643678,0.14925373134328357,0.5804597701149425,0.0891089108910891,0.034482758620689655,0.16666666666666666
lcbench_7593,lcbench,FMP,1,200,-85.56774139404297,0.12209302325581395,0.0,4,1,12,0.5956422999734059,0.09842500009108335,0.49721729988232255,0.3953488372093023,0.1323529411764706,0.5174418604651163,0.1348314606741573,0.0872093023255814,0.0
lcbench_7593,lcbench,FMP,2,200,-77.52328491210938,0.14534883720930233,0.0,4,1,15,0.6160254999995232,0.09955349989468232,0.5164720001048408,0.36046511627906974,0.16129032258064516,0.5813953488372093,0.15,0.05813953488372093,0.0
lcbench_7593,lcbench,FMP,3,200,-84.5873031616211,0.16091954022988506,0.0,2,1,19,0.6758556999848224,0.10139489942230284,0.5744608005625196,0.367816091954023,0.265625,0.5977011494252874,0.08653846153846154,0.034482758620689655,0.3333333333333333
lcbench_7593,lcbench,FMP,4,200,-86.26485443115234,0.15606936416184972,0.0,3,1,15,0.653975100023672,0.10488220007391647,0.5490928999497555,0.3699421965317919,0.171875,0.5664739884393064,0.15306122448979592,0.06358381502890173,0.09090909090909091
lcbench_7593,lcbench,FMP,5,200,-86.18788146972656,0.1781609195402299,0.0,2,1,20,0.6753412000252865,0.0990631002932787,0.5762780997320078,0.25862068965517243,0.2,0.6839080459770115,0.16806722689075632,0.05747126436781609,0.2
lcbench_7593,lcbench,FMP,6,200,-88.92514038085938,0.16666666666666666,0.0,2,1,21,0.6857268000021577,0.1032742997049354,0.5824525002972223,0.3563218390804598,0.16129032258064516,0.6091954022988506,0.16981132075471697,0.034482758620689655,0.16666666666666666
lcbench_7593,lcbench,FMP,7,200,-85.43173217773438,0.1839080459770115,0.0,2,1,19,0.6243921000277624,0.09946130024036393,0.5249307997873984,0.43103448275862066,0.14666666666666667,0.5574712643678161,0.21649484536082475,0.011494252873563218,0.0
lcbench_7593,lcbench,FMP,8,200,-85.73634338378906,0.16279069767441862,0.0,3,2,16,0.6239326000213623,0.11007690004771575,0.5138556999736466,0.4418604651162791,0.13157894736842105,0.5465116279069767,0.18085106382978725,0.011627906976744186,0.5
lcbench_7593,lcbench,FMP,9,200,-85.80635833740234,0.17341040462427745,0.0,3,1,18,0.5995977999991737,0.10151689988560975,0.498080900113564,0.3063583815028902,0.16981132075471697,0.6358381502890174,0.17272727272727273,0.057803468208092484,0.2
lcbench_7593,lcbench,FMP,10,200,-88.2273941040039,0.09248554913294797,0.0,3,1,17,0.5999370999634266,0.09927019965834916,0.5006669003050774,0.26011560693641617,0.08888888888888889,0.6473988439306358,0.08928571428571429,0.09248554913294797,0.125
lcbench_7593,lcbench,FMP,11,200,-87.01144409179688,0.1907514450867052,0.0,2,2,18,0.6517615000484511,0.10611270001390949,0.5456488000345416,0.41040462427745666,0.22535211267605634,0.5375722543352601,0.1827956989247312,0.05202312138728324,0.0
lcbench_7593,lcbench,FMP,12,200,-82.78653717041016,0.1907514450867052,0.0,2,2,15,0.5646812000195496,0.09075800015125424,0.47392319986829534,0.3179190751445087,0.16363636363636364,0.6473988439306358,0.20535714285714285,0.03468208092485549,0.16666666666666666
lcbench_7593,lcbench,FMP,13,200,-85.92723083496094,0.16184971098265896,0.0,4,0,15,0.6014189000125043,0.09521790011785924,0.5062009998946451,0.3352601156069364,0.06896551724137931,0.6069364161849711,0.21904761904761905,0.057803468208092484,0.1
lcbench_7593,lcbench,FMP,14,200,-86.57605743408203,0.19767441860465115,0.0,4,1,17,0.6638185000047088,0.10818839934654534,0.5556301006581634,0.37790697674418605,0.15384615384615385,0.5581395348837209,0.23958333333333334,0.06395348837209303,0.09090909090909091
lcbench_7593,lcbench,FMP,15,200,-80.36260986328125,0.1781609195402299,0.0,2,1,18,0.5866055000224151,0.09592900006100535,0.4906764999614097,0.42528735632183906,0.24324324324324326,0.5517241379310345,0.13541666666666666,0.022988505747126436,0.0
lcbench_7593,lcbench,FMP,16,200,-80.00350952148438,0.1329479768786127,0.0,3,1,15,0.6175229999935254,0.10153670038562268,0.5159862996079028,0.27167630057803466,0.23404255319148937,0.6647398843930635,0.06956521739130435,0.06358381502890173,0.36363636363636365
lcbench_7593,lcbench,FMP,17,200,-80.24344635009766,0.13372093023255813,0.0,5,0,15,0.5303142000338994,0.09101950033800676,0.43929469969589263,0.37790697674418605,0.13846153846153847,0.5523255813953488,0.1368421052631579,0.06976744186046512,0.08333333333333333
lcbench_7593,lcbench,FMP,18,200,-84.85392761230469,0.14367816091954022,0.0,2,1,20,0.7571020000032149,0.11660280002979562,0.6404991999734193,0.42528735632183906,0.10810810810810811,0.4885057471264368,0.15294117647058825,0.08620689655172414,0.26666666666666666
lcbench_7593,lcbench,FMP,19,200,-87.18587493896484,0.1744186046511628,0.0,4,1,14,0.6242481999797747,0.099745899788104,0.5245023001916707,0.3023255813953488,0.19230769230769232,0.6453488372093024,0.17117117117117117,0.05232558139534884,0.1111111111111111
